Index Name,DATE,pe,pb,divYield,pe*pb
Nifty Midcap 150,2016-04-01,27.45,2.25,1.26,61.762499999999996
Nifty Midcap 150,2016-04-04,27.56,2.26,1.25,62.28559999999999
Nifty Midcap 150,2016-04-05,27.13,2.22,1.27,60.2286
Nifty Midcap 150,2016-04-06,27.26,2.23,1.27,60.7898
Nifty Midcap 150,2016-04-07,27.09,2.22,1.27,60.13980000000001
Nifty Midcap 150,2016-04-08,27.25,2.23,1.27,60.7675
Nifty Midcap 150,2016-04-11,27.49,2.25,1.26,61.8525
Nifty Midcap 150,2016-04-12,27.76,2.27,1.25,63.01520000000001
Nifty Midcap 150,2016-04-13,28.1,2.3,1.23,64.63
Nifty Midcap 150,2016-04-18,28.44,2.33,1.22,66.26520000000001
Nifty Midcap 150,2016-04-20,28.6,2.34,1.21,66.92399999999999
Nifty Midcap 150,2016-04-21,28.36,2.32,1.22,65.7952
Nifty Midcap 150,2016-04-22,28.33,2.32,1.22,65.72559999999999
Nifty Midcap 150,2016-04-25,28.25,2.32,1.23,65.53999999999999
Nifty Midcap 150,2016-04-26,28.49,2.34,1.22,66.66659999999999
Nifty Midcap 150,2016-04-27,28.48,2.34,1.22,66.6432
Nifty Midcap 150,2016-04-28,28.13,2.31,1.23,64.9803
Nifty Midcap 150,2016-04-29,27.88,2.31,1.23,64.4028
Nifty Midcap 150,2016-05-02,27.89,2.32,1.22,64.70479999999999
Nifty Midcap 150,2016-05-03,27.76,2.31,1.23,64.1256
Nifty Midcap 150,2016-05-04,28.46,2.29,1.24,65.1734
Nifty Midcap 150,2016-05-05,27.9,2.28,1.25,63.611999999999995
Nifty Midcap 150,2016-05-06,27.94,2.28,1.24,63.703199999999995
Nifty Midcap 150,2016-05-09,28.14,2.31,1.23,65.0034
Nifty Midcap 150,2016-05-10,28.11,2.31,1.23,64.9341
Nifty Midcap 150,2016-05-11,28.51,2.31,1.23,65.85810000000001
Nifty Midcap 150,2016-05-12,28.73,2.32,1.22,66.6536
Nifty Midcap 150,2016-05-13,28.71,2.32,1.22,66.60719999999999
Nifty Midcap 150,2016-05-16,29.41,2.32,1.22,68.2312
Nifty Midcap 150,2016-05-17,29.59,2.33,1.22,68.9447
Nifty Midcap 150,2016-05-18,30.2,2.34,1.21,70.66799999999999
Nifty Midcap 150,2016-05-19,29.53,2.3,1.23,67.919
Nifty Midcap 150,2016-05-20,29.31,2.29,1.24,67.1199
Nifty Midcap 150,2016-05-23,29.36,2.29,1.24,67.2344
Nifty Midcap 150,2016-05-24,30.61,2.28,1.24,69.79079999999999
Nifty Midcap 150,2016-05-25,30.69,2.3,1.23,70.587
Nifty Midcap 150,2016-05-26,32.45,2.33,1.22,75.6085
Nifty Midcap 150,2016-05-27,32.15,2.37,1.20,76.1955
Nifty Midcap 150,2016-05-30,33.46,2.39,1.19,79.96940000000001
Nifty Midcap 150,2016-05-31,33.37,2.38,1.19,79.4206
Nifty Midcap 150,2016-06-01,34.29,2.38,1.20,81.61019999999999
Nifty Midcap 150,2016-06-02,34.48,2.39,1.19,82.4072
Nifty Midcap 150,2016-06-03,34.23,2.38,1.20,81.46739999999998
Nifty Midcap 150,2016-06-06,34.25,2.39,1.19,81.8575
Nifty Midcap 150,2016-06-07,34.52,2.41,1.19,83.19320000000002
Nifty Midcap 150,2016-06-08,34.74,2.42,1.18,84.0708
Nifty Midcap 150,2016-06-09,34.67,2.42,1.18,83.9014
Nifty Midcap 150,2016-06-10,34.58,2.4,1.12,82.99199999999999
Nifty Midcap 150,2016-06-13,34.35,2.39,1.12,82.0965
Nifty Midcap 150,2016-06-14,34.57,2.4,1.12,82.968
Nifty Midcap 150,2016-06-15,34.77,2.42,1.11,84.1434
Nifty Midcap 150,2016-06-16,34.58,2.4,1.12,82.99199999999999
Nifty Midcap 150,2016-06-17,34.68,2.41,1.12,83.5788
Nifty Midcap 150,2016-06-20,34.83,2.42,1.11,84.28859999999999
Nifty Midcap 150,2016-06-21,34.93,2.43,1.11,84.8799
Nifty Midcap 150,2016-06-22,34.79,2.42,1.11,84.1918
Nifty Midcap 150,2016-06-23,34.81,2.42,1.11,84.2402
Nifty Midcap 150,2016-06-24,34.38,2.39,1.10,82.16820000000001
Nifty Midcap 150,2016-06-27,34.71,2.41,1.09,83.65110000000001
Nifty Midcap 150,2016-06-28,34.95,2.43,1.09,84.92850000000001
Nifty Midcap 150,2016-06-29,35.34,2.46,1.07,86.9364
Nifty Midcap 150,2016-06-30,35.71,2.48,1.06,88.5608
Nifty Midcap 150,2016-07-01,36.01,2.5,1.05,90.02499999999999
Nifty Midcap 150,2016-07-04,36.32,2.52,1.04,91.5264
Nifty Midcap 150,2016-07-05,36.29,2.52,1.05,91.4508
Nifty Midcap 150,2016-07-07,36.23,2.52,1.05,91.2996
Nifty Midcap 150,2016-07-08,36.14,2.51,1.05,90.7114
Nifty Midcap 150,2016-07-11,36.54,2.54,1.04,92.8116
Nifty Midcap 150,2016-07-12,36.63,2.55,1.04,93.4065
Nifty Midcap 150,2016-07-13,36.36,2.53,1.04,91.9908
Nifty Midcap 150,2016-07-14,36.55,2.54,1.04,92.83699999999999
Nifty Midcap 150,2016-07-15,36.28,2.52,1.05,91.4256
Nifty Midcap 150,2016-07-18,36.08,2.51,1.05,90.56079999999999
Nifty Midcap 150,2016-07-19,36.13,2.51,1.05,90.6863
Nifty Midcap 150,2016-07-20,36.55,2.54,1.04,92.83699999999999
Nifty Midcap 150,2016-07-21,36.42,2.53,1.04,92.1426
Nifty Midcap 150,2016-07-22,36.79,2.56,1.03,94.1824
Nifty Midcap 150,2016-07-25,37.16,2.54,1.01,94.3864
Nifty Midcap 150,2016-07-26,36.91,2.58,0.95,95.22779999999999
Nifty Midcap 150,2016-07-27,37.14,2.57,0.96,95.4498
Nifty Midcap 150,2016-07-28,37.07,2.59,0.96,96.01129999999999
Nifty Midcap 150,2016-07-29,37.31,2.58,0.88,96.25980000000001
Nifty Midcap 150,2016-08-01,37.47,2.59,0.88,97.04729999999999
Nifty Midcap 150,2016-08-02,37.25,2.57,0.89,95.73249999999999
Nifty Midcap 150,2016-08-03,36.79,2.54,0.90,93.4466
Nifty Midcap 150,2016-08-04,37.01,2.56,0.89,94.7456
Nifty Midcap 150,2016-08-05,37.59,2.6,0.88,97.73400000000001
Nifty Midcap 150,2016-08-08,37.78,2.61,0.87,98.6058
Nifty Midcap 150,2016-08-09,37.66,2.6,0.88,97.916
Nifty Midcap 150,2016-08-10,37.26,2.57,0.88,95.75819999999999
Nifty Midcap 150,2016-08-11,37.29,2.56,0.88,95.4624
Nifty Midcap 150,2016-08-12,37.41,2.58,0.88,96.5178
Nifty Midcap 150,2016-08-16,37.58,2.59,0.87,97.33219999999999
Nifty Midcap 150,2016-08-17,37.77,2.6,0.87,98.20200000000001
Nifty Midcap 150,2016-08-18,38.11,2.63,0.86,100.2293
Nifty Midcap 150,2016-08-19,38.37,2.64,0.86,101.2968
Nifty Midcap 150,2016-08-22,38.13,2.63,0.86,100.28190000000001
Nifty Midcap 150,2016-08-23,40.32,2.62,0.86,105.6384
Nifty Midcap 150,2016-08-24,40.5,2.64,0.86,106.92
Nifty Midcap 150,2016-08-25,40.42,2.63,0.86,106.3046
Nifty Midcap 150,2016-08-26,41.75,2.61,0.86,108.9675
Nifty Midcap 150,2016-08-29,41.94,2.62,0.85,109.8828
Nifty Midcap 150,2016-08-30,43.09,2.65,0.84,114.1885
Nifty Midcap 150,2016-08-31,43.18,2.65,0.84,114.42699999999999
Nifty Midcap 150,2016-09-01,42.98,2.64,0.84,113.46719999999999
Nifty Midcap 150,2016-09-02,43.2,2.65,0.84,114.48
Nifty Midcap 150,2016-09-06,43.77,2.69,0.83,117.74130000000001
Nifty Midcap 150,2016-09-07,43.93,2.69,0.82,118.1717
Nifty Midcap 150,2016-09-08,44.23,2.7,0.82,119.421
Nifty Midcap 150,2016-09-09,43.96,2.69,0.82,118.2524
Nifty Midcap 150,2016-09-12,43.42,2.62,0.85,113.7604
Nifty Midcap 150,2016-09-14,43.94,2.65,0.84,116.44099999999999
Nifty Midcap 150,2016-09-15,43.98,2.65,0.83,116.54699999999998
Nifty Midcap 150,2016-09-16,43.97,2.64,0.84,116.0808
Nifty Midcap 150,2016-09-19,44.18,2.66,0.84,117.5188
Nifty Midcap 150,2016-09-20,43.93,2.64,0.84,115.9752
Nifty Midcap 150,2016-09-21,43.91,2.65,0.84,116.36149999999999
Nifty Midcap 150,2016-09-22,44.88,2.68,0.83,120.27840000000002
Nifty Midcap 150,2016-09-23,44.99,2.68,0.83,120.57320000000001
Nifty Midcap 150,2016-09-26,44.65,2.67,0.84,119.21549999999999
Nifty Midcap 150,2016-09-27,44.96,2.66,0.84,119.59360000000001
Nifty Midcap 150,2016-09-28,45.11,2.68,0.83,120.8948
Nifty Midcap 150,2016-09-29,44.0,2.59,0.86,113.96
Nifty Midcap 150,2016-09-30,37.34,2.55,0.91,95.217
Nifty Midcap 150,2016-10-03,38.11,2.61,0.89,99.46709999999999
Nifty Midcap 150,2016-10-04,38.24,2.63,0.88,100.5712
Nifty Midcap 150,2016-10-05,38.27,2.65,0.88,101.41550000000001
Nifty Midcap 150,2016-10-06,38.05,2.63,0.88,100.07149999999999
Nifty Midcap 150,2016-10-07,37.99,2.63,0.88,99.9137
Nifty Midcap 150,2016-10-10,38.07,2.63,0.88,100.1241
Nifty Midcap 150,2016-10-13,37.55,2.6,0.89,97.63
Nifty Midcap 150,2016-10-14,37.84,2.62,0.89,99.14080000000001
Nifty Midcap 150,2016-10-17,37.34,2.59,0.89,96.7106
Nifty Midcap 150,2016-10-18,37.99,2.62,0.88,99.53380000000001
Nifty Midcap 150,2016-10-19,38.06,2.63,0.88,100.0978
Nifty Midcap 150,2016-10-20,38.13,2.63,0.88,100.28190000000001
Nifty Midcap 150,2016-10-21,38.14,2.64,0.87,100.68960000000001
Nifty Midcap 150,2016-10-24,38.23,2.64,0.87,100.9272
Nifty Midcap 150,2016-10-25,38.53,2.64,0.87,101.7192
Nifty Midcap 150,2016-10-26,38.32,2.62,0.88,100.39840000000001
Nifty Midcap 150,2016-10-27,38.05,2.6,0.89,98.92999999999999
Nifty Midcap 150,2016-10-28,38.44,2.63,0.89,101.09719999999999
Nifty Midcap 150,2016-10-30,38.7,2.65,0.88,102.555
Nifty Midcap 150,2016-11-01,38.72,2.64,0.89,102.2208
Nifty Midcap 150,2016-11-02,37.57,2.61,0.90,98.0577
Nifty Midcap 150,2016-11-03,37.14,2.58,0.91,95.8212
Nifty Midcap 150,2016-11-04,36.56,2.53,0.93,92.4968
Nifty Midcap 150,2016-11-07,36.8,2.55,0.92,93.83999999999999
Nifty Midcap 150,2016-11-08,34.79,2.56,0.92,89.0624
Nifty Midcap 150,2016-11-09,34.13,2.5,0.94,85.325
Nifty Midcap 150,2016-11-10,34.55,2.55,0.92,88.10249999999999
Nifty Midcap 150,2016-11-11,33.15,2.46,0.96,81.54899999999999
Nifty Midcap 150,2016-11-15,31.66,2.36,0.98,74.71759999999999
Nifty Midcap 150,2016-11-16,31.71,2.37,0.97,75.15270000000001
Nifty Midcap 150,2016-11-17,31.64,2.36,0.98,74.6704
Nifty Midcap 150,2016-11-18,31.74,2.36,0.98,74.90639999999999
Nifty Midcap 150,2016-11-21,30.97,2.3,1.00,71.231
Nifty Midcap 150,2016-11-22,31.51,2.34,0.99,73.7334
Nifty Midcap 150,2016-11-23,31.68,2.36,0.98,74.7648
Nifty Midcap 150,2016-11-24,31.48,2.34,0.98,73.6632
Nifty Midcap 150,2016-11-25,31.6,2.4,0.97,75.84
Nifty Midcap 150,2016-11-28,31.77,2.42,0.96,76.8834
Nifty Midcap 150,2016-11-29,32.02,2.44,0.96,78.12880000000001
Nifty Midcap 150,2016-11-30,32.45,2.47,0.94,80.15150000000001
Nifty Midcap 150,2016-12-01,32.02,2.44,0.95,78.12880000000001
Nifty Midcap 150,2016-12-02,31.39,2.41,0.97,75.6499
Nifty Midcap 150,2016-12-05,31.54,2.42,0.96,76.32679999999999
Nifty Midcap 150,2016-12-06,31.75,2.43,0.96,77.1525
Nifty Midcap 150,2016-12-07,31.55,2.42,0.96,76.351
Nifty Midcap 150,2016-12-08,32.07,2.45,0.95,78.5715
Nifty Midcap 150,2016-12-09,32.21,2.46,0.95,79.2366
Nifty Midcap 150,2016-12-12,32.25,2.44,0.96,78.69
Nifty Midcap 150,2016-12-13,32.14,2.43,0.96,78.1002
Nifty Midcap 150,2016-12-14,31.94,2.41,0.97,76.97540000000001
Nifty Midcap 150,2016-12-15,31.98,2.42,0.96,77.3916
Nifty Midcap 150,2016-12-16,31.96,2.41,0.97,77.0236
Nifty Midcap 150,2016-12-19,31.95,2.4,0.97,76.67999999999999
Nifty Midcap 150,2016-12-20,31.58,2.37,0.98,74.8446
Nifty Midcap 150,2016-12-21,31.66,2.37,0.98,75.0342
Nifty Midcap 150,2016-12-22,31.28,2.34,0.99,73.1952
Nifty Midcap 150,2016-12-23,31.18,2.34,0.99,72.96119999999999
Nifty Midcap 150,2016-12-26,30.55,2.29,1.02,69.9595
Nifty Midcap 150,2016-12-27,31.01,2.32,1.00,71.9432
Nifty Midcap 150,2016-12-28,31.26,2.34,0.99,73.1484
Nifty Midcap 150,2016-12-29,31.72,2.37,0.98,75.1764
Nifty Midcap 150,2016-12-30,31.81,2.38,0.98,75.70779999999999
Nifty Midcap 150,2017-01-02,32.14,2.41,0.97,77.4574
Nifty Midcap 150,2017-01-03,32.34,2.42,0.96,78.26280000000001
Nifty Midcap 150,2017-01-04,32.36,2.43,0.96,78.6348
Nifty Midcap 150,2017-01-05,32.68,2.45,0.95,80.066
Nifty Midcap 150,2017-01-06,32.59,2.44,0.95,79.51960000000001
Nifty Midcap 150,2017-01-09,32.7,2.45,0.95,80.11500000000001
Nifty Midcap 150,2017-01-10,32.9,2.46,0.95,80.934
Nifty Midcap 150,2017-01-11,33.25,2.49,0.93,82.7925
Nifty Midcap 150,2017-01-12,33.27,2.49,0.93,82.84230000000001
Nifty Midcap 150,2017-01-13,33.21,2.49,0.93,82.69290000000001
Nifty Midcap 150,2017-01-16,33.31,2.5,0.93,83.275
Nifty Midcap 150,2017-01-17,33.36,2.51,0.93,83.7336
Nifty Midcap 150,2017-01-18,33.57,2.52,0.92,84.5964
Nifty Midcap 150,2017-01-19,33.73,2.53,0.92,85.33689999999999
Nifty Midcap 150,2017-01-20,33.2,2.5,0.93,83.0
Nifty Midcap 150,2017-01-23,32.98,2.49,0.93,82.1202
Nifty Midcap 150,2017-01-24,32.69,2.52,0.92,82.3788
Nifty Midcap 150,2017-01-25,32.77,2.55,0.91,83.5635
Nifty Midcap 150,2017-01-27,33.49,2.57,0.90,86.0693
Nifty Midcap 150,2017-01-30,33.35,2.56,0.90,85.376
Nifty Midcap 150,2017-01-31,33.08,2.53,0.91,83.69239999999999
Nifty Midcap 150,2017-02-01,33.67,2.58,0.90,86.8686
Nifty Midcap 150,2017-02-02,33.88,2.6,0.89,88.08800000000001
Nifty Midcap 150,2017-02-03,34.19,2.63,0.88,89.91969999999999
Nifty Midcap 150,2017-02-06,34.49,2.65,0.87,91.3985
Nifty Midcap 150,2017-02-07,34.36,2.64,0.87,90.7104
Nifty Midcap 150,2017-02-08,34.41,2.65,0.87,91.18649999999998
Nifty Midcap 150,2017-02-09,34.44,2.66,0.87,91.6104
Nifty Midcap 150,2017-02-10,34.52,2.66,0.88,91.82320000000001
Nifty Midcap 150,2017-02-13,33.2,2.64,0.88,87.64800000000001
Nifty Midcap 150,2017-02-14,33.15,2.64,0.88,87.516
Nifty Midcap 150,2017-02-15,32.44,2.61,0.89,84.66839999999999
Nifty Midcap 150,2017-02-16,32.95,2.64,0.88,86.98800000000001
Nifty Midcap 150,2017-02-17,33.02,2.65,0.88,87.503
Nifty Midcap 150,2017-02-20,33.64,2.67,0.87,89.8188
Nifty Midcap 150,2017-02-21,33.85,2.69,0.87,91.0565
Nifty Midcap 150,2017-02-22,33.64,2.67,0.87,89.8188
Nifty Midcap 150,2017-02-23,33.63,2.69,0.87,90.46470000000001
Nifty Midcap 150,2017-02-27,33.53,2.7,0.87,90.531
Nifty Midcap 150,2017-02-28,33.47,2.71,0.86,90.7037
Nifty Midcap 150,2017-03-01,33.56,2.72,0.86,91.28320000000001
Nifty Midcap 150,2017-03-02,33.21,2.68,0.87,89.00280000000001
Nifty Midcap 150,2017-03-03,33.35,2.69,0.87,89.7115
Nifty Midcap 150,2017-03-06,33.45,2.7,0.87,90.31500000000001
Nifty Midcap 150,2017-03-07,33.45,2.7,0.87,90.31500000000001
Nifty Midcap 150,2017-03-08,33.28,2.69,0.87,89.5232
Nifty Midcap 150,2017-03-09,33.25,2.69,0.87,89.4425
Nifty Midcap 150,2017-03-10,33.23,2.69,0.87,89.38869999999999
Nifty Midcap 150,2017-03-14,33.74,2.72,0.86,91.77280000000002
Nifty Midcap 150,2017-03-15,34.02,2.75,0.85,93.555
Nifty Midcap 150,2017-03-16,34.47,2.78,0.84,95.82659999999998
Nifty Midcap 150,2017-03-17,34.55,2.79,0.84,96.3945
Nifty Midcap 150,2017-03-20,34.66,2.8,0.84,97.04799999999999
Nifty Midcap 150,2017-03-21,34.66,2.8,0.84,97.04799999999999
Nifty Midcap 150,2017-03-22,34.27,2.77,0.85,94.92790000000001
Nifty Midcap 150,2017-03-23,34.54,2.79,0.84,96.3666
Nifty Midcap 150,2017-03-24,34.66,2.8,0.84,97.04799999999999
Nifty Midcap 150,2017-03-27,34.68,2.8,0.84,97.104
Nifty Midcap 150,2017-03-28,34.83,2.81,0.83,97.8723
Nifty Midcap 150,2017-03-29,34.99,2.82,0.83,98.6718
Nifty Midcap 150,2017-03-30,35.19,2.84,0.82,99.93959999999998
Nifty Midcap 150,2017-03-31,40.13,3.0,0.78,120.39000000000001
Nifty Midcap 150,2017-04-03,40.47,3.03,0.77,122.62409999999998
Nifty Midcap 150,2017-04-05,40.77,3.05,0.77,124.3485
Nifty Midcap 150,2017-04-06,40.69,3.04,0.77,123.6976
Nifty Midcap 150,2017-04-07,40.51,3.03,0.77,122.74529999999999
Nifty Midcap 150,2017-04-10,40.69,3.04,0.77,123.6976
Nifty Midcap 150,2017-04-11,41.05,3.07,0.76,126.02349999999998
Nifty Midcap 150,2017-04-12,40.78,3.05,0.77,124.37899999999999
Nifty Midcap 150,2017-04-13,40.67,3.04,0.77,123.63680000000001
Nifty Midcap 150,2017-04-17,40.78,3.05,0.77,124.37899999999999
Nifty Midcap 150,2017-04-18,40.67,3.04,0.77,123.63680000000001
Nifty Midcap 150,2017-04-19,40.92,3.06,0.77,125.21520000000001
Nifty Midcap 150,2017-04-20,41.29,3.09,0.76,127.58609999999999
Nifty Midcap 150,2017-04-21,41.23,3.08,0.76,126.9884
Nifty Midcap 150,2017-04-24,41.51,3.1,0.75,128.681
Nifty Midcap 150,2017-04-25,41.82,3.13,0.75,130.8966
Nifty Midcap 150,2017-04-26,41.7,3.12,0.75,130.104
Nifty Midcap 150,2017-04-27,41.75,3.12,0.75,130.26
Nifty Midcap 150,2017-04-28,42.05,3.14,0.74,132.037
Nifty Midcap 150,2017-05-02,42.2,3.15,0.74,132.93
Nifty Midcap 150,2017-05-03,42.08,3.15,0.74,132.552
Nifty Midcap 150,2017-05-04,42.27,3.16,0.74,133.5732
Nifty Midcap 150,2017-05-05,42.0,3.14,0.74,131.88
Nifty Midcap 150,2017-05-08,42.15,3.15,0.74,132.77249999999998
Nifty Midcap 150,2017-05-09,42.26,3.15,0.74,133.119
Nifty Midcap 150,2017-05-10,42.49,3.17,0.74,134.6933
Nifty Midcap 150,2017-05-11,43.24,3.17,0.74,137.0708
Nifty Midcap 150,2017-05-12,42.88,3.15,0.74,135.072
Nifty Midcap 150,2017-05-15,43.7,3.18,0.74,138.966
Nifty Midcap 150,2017-05-16,44.06,3.19,0.73,140.5514
Nifty Midcap 150,2017-05-17,41.23,3.18,0.74,131.1114
Nifty Midcap 150,2017-05-18,40.24,3.11,0.75,125.1464
Nifty Midcap 150,2017-05-19,39.95,3.09,0.76,123.44550000000001
Nifty Midcap 150,2017-05-22,39.54,3.06,0.77,120.9924
Nifty Midcap 150,2017-05-23,38.79,3.01,0.78,116.75789999999999
Nifty Midcap 150,2017-05-24,38.36,2.97,0.79,113.92920000000001
Nifty Midcap 150,2017-05-25,37.82,3.02,0.77,114.21640000000001
Nifty Midcap 150,2017-05-26,39.58,3.07,0.75,121.51059999999998
Nifty Midcap 150,2017-05-29,37.3,3.02,0.76,112.64599999999999
Nifty Midcap 150,2017-05-30,40.0,3.04,0.76,121.6
Nifty Midcap 150,2017-05-31,40.43,3.07,0.75,124.1201
Nifty Midcap 150,2017-06-01,40.89,3.1,0.74,126.759
Nifty Midcap 150,2017-06-02,41.16,3.12,0.74,128.4192
Nifty Midcap 150,2017-06-05,41.39,3.14,0.73,129.96460000000002
Nifty Midcap 150,2017-06-06,41.27,3.13,0.73,129.17510000000001
Nifty Midcap 150,2017-06-07,41.59,3.15,0.73,131.0085
Nifty Midcap 150,2017-06-08,41.67,3.16,0.73,131.6772
Nifty Midcap 150,2017-06-09,41.69,3.17,0.72,132.1573
Nifty Midcap 150,2017-06-12,40.87,3.15,0.73,128.7405
Nifty Midcap 150,2017-06-13,41.39,3.15,0.73,130.3785
Nifty Midcap 150,2017-06-14,41.64,3.17,0.72,131.9988
Nifty Midcap 150,2017-06-15,41.49,3.17,0.72,131.5233
Nifty Midcap 150,2017-06-16,40.51,3.16,0.71,128.0116
Nifty Midcap 150,2017-06-19,39.96,3.16,0.72,126.2736
Nifty Midcap 150,2017-06-20,40.05,3.16,0.72,126.55799999999999
Nifty Midcap 150,2017-06-21,40.07,3.16,0.71,126.6212
Nifty Midcap 150,2017-06-22,39.88,3.15,0.72,125.622
Nifty Midcap 150,2017-06-23,39.64,3.07,0.73,121.6948
Nifty Midcap 150,2017-06-27,39.16,3.03,0.74,118.65479999999998
Nifty Midcap 150,2017-06-28,39.23,3.04,0.74,119.25919999999999
Nifty Midcap 150,2017-06-29,39.49,3.06,0.73,120.83940000000001
Nifty Midcap 150,2017-06-30,39.86,3.07,0.69,122.3702
Nifty Midcap 150,2017-07-03,40.19,3.1,0.68,124.589
Nifty Midcap 150,2017-07-04,40.1,3.09,0.69,123.90899999999999
Nifty Midcap 150,2017-07-05,40.5,3.12,0.68,126.36
Nifty Midcap 150,2017-07-06,40.57,3.13,0.68,126.9841
Nifty Midcap 150,2017-07-07,40.6,3.13,0.68,127.078
Nifty Midcap 150,2017-07-10,40.89,3.15,0.67,128.80349999999999
Nifty Midcap 150,2017-07-11,40.58,3.13,0.68,127.01539999999999
Nifty Midcap 150,2017-07-12,40.87,3.15,0.67,128.7405
Nifty Midcap 150,2017-07-13,41.06,3.16,0.67,129.74960000000002
Nifty Midcap 150,2017-07-14,41.05,3.16,0.67,129.718
Nifty Midcap 150,2017-07-17,40.99,3.16,0.67,129.5284
Nifty Midcap 150,2017-07-18,40.75,3.09,0.65,125.91749999999999
Nifty Midcap 150,2017-07-19,41.06,3.1,0.64,127.28600000000002
Nifty Midcap 150,2017-07-20,40.99,3.1,0.64,127.06900000000002
Nifty Midcap 150,2017-07-21,40.97,3.09,0.64,126.59729999999999
Nifty Midcap 150,2017-07-24,41.01,3.1,0.64,127.131
Nifty Midcap 150,2017-07-25,41.21,3.11,0.64,128.1631
Nifty Midcap 150,2017-07-26,41.29,3.12,0.64,128.8248
Nifty Midcap 150,2017-07-27,41.26,3.12,0.64,128.7312
Nifty Midcap 150,2017-07-28,41.42,3.13,0.64,129.6446
Nifty Midcap 150,2017-07-31,41.53,3.14,0.64,130.4042
Nifty Midcap 150,2017-08-01,41.45,3.14,0.64,130.15300000000002
Nifty Midcap 150,2017-08-02,41.47,3.14,0.64,130.2158
Nifty Midcap 150,2017-08-03,41.35,3.1,0.64,128.185
Nifty Midcap 150,2017-08-04,41.47,3.09,0.63,128.14229999999998
Nifty Midcap 150,2017-08-07,41.68,3.13,0.62,130.45839999999998
Nifty Midcap 150,2017-08-08,41.33,3.1,0.62,128.123
Nifty Midcap 150,2017-08-09,40.89,3.05,0.63,124.7145
Nifty Midcap 150,2017-08-10,41.89,2.96,0.65,123.9944
Nifty Midcap 150,2017-08-11,39.51,2.95,0.66,116.5545
Nifty Midcap 150,2017-08-14,40.47,3.02,0.64,122.2194
Nifty Midcap 150,2017-08-16,41.03,3.06,0.63,125.5518
Nifty Midcap 150,2017-08-17,41.01,3.06,0.63,125.4906
Nifty Midcap 150,2017-08-18,40.85,3.05,0.63,124.5925
Nifty Midcap 150,2017-08-21,40.42,3.02,0.63,122.06840000000001
Nifty Midcap 150,2017-08-22,42.5,3.0,0.64,127.5
Nifty Midcap 150,2017-08-23,40.77,3.03,0.63,123.5331
Nifty Midcap 150,2017-08-24,41.38,3.04,0.61,125.79520000000001
Nifty Midcap 150,2017-08-28,41.83,3.07,0.60,128.41809999999998
Nifty Midcap 150,2017-08-29,41.47,3.04,0.61,126.0688
Nifty Midcap 150,2017-08-30,41.98,3.08,0.60,129.2984
Nifty Midcap 150,2017-08-31,42.26,3.1,0.60,131.006
Nifty Midcap 150,2017-09-01,45.55,3.13,0.59,142.5715
Nifty Midcap 150,2017-09-04,42.82,3.12,0.59,133.5984
Nifty Midcap 150,2017-09-05,43.88,3.21,0.58,140.8548
Nifty Midcap 150,2017-09-06,46.53,3.22,0.58,149.8266
Nifty Midcap 150,2017-09-07,44.12,3.23,0.58,142.5076
Nifty Midcap 150,2017-09-08,44.09,3.23,0.57,142.41070000000002
Nifty Midcap 150,2017-09-11,44.4,3.25,0.57,144.29999999999998
Nifty Midcap 150,2017-09-12,47.55,3.29,0.56,156.43949999999998
Nifty Midcap 150,2017-09-13,44.63,3.27,0.56,145.9401
Nifty Midcap 150,2017-09-14,44.9,3.29,0.56,147.721
Nifty Midcap 150,2017-09-15,45.1,3.31,0.56,149.281
Nifty Midcap 150,2017-09-18,45.45,3.33,0.55,151.3485
Nifty Midcap 150,2017-09-19,45.51,3.34,0.55,152.0034
Nifty Midcap 150,2017-09-20,45.32,3.32,0.55,150.4624
Nifty Midcap 150,2017-09-21,47.83,3.31,0.56,158.3173
Nifty Midcap 150,2017-09-22,46.59,3.23,0.57,150.4857
Nifty Midcap 150,2017-09-25,45.87,3.18,0.58,145.8666
Nifty Midcap 150,2017-09-26,46.22,3.2,0.58,147.904
Nifty Midcap 150,2017-09-27,45.39,3.14,0.59,142.52460000000002
Nifty Midcap 150,2017-09-28,45.73,3.17,0.58,144.96409999999997
Nifty Midcap 150,2017-09-29,48.37,3.23,0.55,156.2351
Nifty Midcap 150,2017-10-03,48.68,3.25,0.55,158.21
Nifty Midcap 150,2017-10-04,48.92,3.26,0.55,159.4792
Nifty Midcap 150,2017-10-05,48.68,3.28,0.55,159.6704
Nifty Midcap 150,2017-10-06,49.15,3.31,0.53,162.6865
Nifty Midcap 150,2017-10-09,48.98,3.31,0.53,162.1238
Nifty Midcap 150,2017-10-10,49.39,3.34,0.53,164.9626
Nifty Midcap 150,2017-10-11,48.94,3.31,0.53,161.9914
Nifty Midcap 150,2017-10-12,49.52,3.34,0.53,165.3968
Nifty Midcap 150,2017-10-13,49.56,3.35,0.52,166.026
Nifty Midcap 150,2017-10-16,49.85,3.28,0.51,163.50799999999998
Nifty Midcap 150,2017-10-17,50.03,3.29,0.50,164.5987
Nifty Midcap 150,2017-10-18,49.83,3.28,0.51,163.4424
Nifty Midcap 150,2017-10-19,49.66,3.27,0.51,162.38819999999998
Nifty Midcap 150,2017-10-23,49.9,3.29,0.50,164.171
Nifty Midcap 150,2017-10-24,49.11,3.3,0.50,162.063
Nifty Midcap 150,2017-10-25,49.32,3.32,0.50,163.7424
Nifty Midcap 150,2017-10-26,49.56,3.33,0.50,165.03480000000002
Nifty Midcap 150,2017-10-27,49.37,3.33,0.50,164.4021
Nifty Midcap 150,2017-10-30,49.96,3.35,0.50,167.366
Nifty Midcap 150,2017-10-31,50.5,3.35,0.49,169.175
Nifty Midcap 150,2017-11-01,50.74,3.36,0.48,170.4864
Nifty Midcap 150,2017-11-02,51.11,3.38,0.48,172.7518
Nifty Midcap 150,2017-11-03,51.28,3.38,0.48,173.3264
Nifty Midcap 150,2017-11-06,51.27,3.38,0.48,173.2926
Nifty Midcap 150,2017-11-07,50.61,3.34,0.49,169.0374
Nifty Midcap 150,2017-11-08,50.23,3.32,0.49,166.76359999999997
Nifty Midcap 150,2017-11-09,52.37,3.36,0.48,175.96319999999997
Nifty Midcap 150,2017-11-10,52.11,3.41,0.47,177.6951
Nifty Midcap 150,2017-11-13,51.51,3.38,0.48,174.10379999999998
Nifty Midcap 150,2017-11-14,51.36,3.37,0.48,173.0832
Nifty Midcap 150,2017-11-15,50.81,3.34,0.49,169.7054
Nifty Midcap 150,2017-11-16,51.37,3.37,0.48,173.1169
Nifty Midcap 150,2017-11-17,51.81,3.4,0.49,176.154
Nifty Midcap 150,2017-11-20,52.15,3.42,0.48,178.35299999999998
Nifty Midcap 150,2017-11-21,53.25,3.43,0.48,182.6475
Nifty Midcap 150,2017-11-22,53.13,3.43,0.48,182.23590000000002
Nifty Midcap 150,2017-11-23,53.04,3.44,0.48,182.45759999999999
Nifty Midcap 150,2017-11-24,53.37,3.46,0.48,184.6602
Nifty Midcap 150,2017-11-27,53.66,3.48,0.47,186.7368
Nifty Midcap 150,2017-11-28,53.68,3.48,0.47,186.8064
Nifty Midcap 150,2017-11-29,53.54,3.47,0.48,185.7838
Nifty Midcap 150,2017-11-30,53.43,3.41,0.49,182.1963
Nifty Midcap 150,2017-12-01,52.97,3.38,0.49,179.0386
Nifty Midcap 150,2017-12-04,52.97,3.38,0.49,179.0386
Nifty Midcap 150,2017-12-05,53.2,3.39,0.49,180.348
Nifty Midcap 150,2017-12-06,52.79,3.36,0.50,177.37439999999998
Nifty Midcap 150,2017-12-07,53.4,3.4,0.49,181.56
Nifty Midcap 150,2017-12-08,53.86,3.43,0.49,184.7398
Nifty Midcap 150,2017-12-11,54.06,3.45,0.48,186.507
Nifty Midcap 150,2017-12-12,53.71,3.42,0.49,183.6882
Nifty Midcap 150,2017-12-13,53.3,3.39,0.49,180.68699999999998
Nifty Midcap 150,2017-12-14,53.25,3.39,0.49,180.5175
Nifty Midcap 150,2017-12-15,53.91,3.43,0.49,184.91129999999998
Nifty Midcap 150,2017-12-18,54.32,3.47,0.48,188.49040000000002
Nifty Midcap 150,2017-12-19,54.99,3.51,0.47,193.01489999999998
Nifty Midcap 150,2017-12-20,55.29,3.53,0.47,195.1737
Nifty Midcap 150,2017-12-21,55.82,3.56,0.47,198.7192
Nifty Midcap 150,2017-12-22,55.95,3.57,0.47,199.7415
Nifty Midcap 150,2017-12-26,56.18,3.58,0.46,201.1244
Nifty Midcap 150,2017-12-27,56.23,3.59,0.46,201.86569999999998
Nifty Midcap 150,2017-12-28,56.32,3.59,0.46,202.1888
Nifty Midcap 150,2017-12-29,55.74,3.64,0.45,202.89360000000002
Nifty Midcap 150,2018-01-01,55.66,3.64,0.45,202.6024
Nifty Midcap 150,2018-01-02,55.18,3.61,0.46,199.19979999999998
Nifty Midcap 150,2018-01-03,55.49,3.63,0.46,201.4287
Nifty Midcap 150,2018-01-04,55.86,3.65,0.45,203.88899999999998
Nifty Midcap 150,2018-01-05,56.43,3.69,0.45,208.2267
Nifty Midcap 150,2018-01-08,56.92,3.72,0.44,211.7424
Nifty Midcap 150,2018-01-09,56.84,3.72,0.44,211.44480000000001
Nifty Midcap 150,2018-01-10,56.62,3.7,0.45,209.494
Nifty Midcap 150,2018-01-11,56.84,3.72,0.44,211.44480000000001
Nifty Midcap 150,2018-01-12,56.75,3.71,0.45,210.5425
Nifty Midcap 150,2018-01-15,56.84,3.7,0.44,210.30800000000002
Nifty Midcap 150,2018-01-16,55.87,3.64,0.45,203.36679999999998
Nifty Midcap 150,2018-01-17,56.27,3.66,0.45,205.9482
Nifty Midcap 150,2018-01-18,55.33,3.6,0.46,199.188
Nifty Midcap 150,2018-01-19,54.76,3.64,0.45,199.3264
Nifty Midcap 150,2018-01-22,55.1,3.66,0.45,201.66600000000003
Nifty Midcap 150,2018-01-23,55.07,3.69,0.45,203.2083
Nifty Midcap 150,2018-01-24,54.38,3.66,0.45,199.03080000000003
Nifty Midcap 150,2018-01-25,53.84,3.63,0.45,195.4392
Nifty Midcap 150,2018-01-29,53.46,3.61,0.46,192.9906
Nifty Midcap 150,2018-01-30,52.43,3.57,0.46,187.1751
Nifty Midcap 150,2018-01-31,51.2,3.53,0.47,180.736
Nifty Midcap 150,2018-02-01,51.2,3.52,0.47,180.22400000000002
Nifty Midcap 150,2018-02-02,49.19,3.37,0.49,165.7703
Nifty Midcap 150,2018-02-05,49.15,3.41,0.48,167.60150000000002
Nifty Midcap 150,2018-02-06,48.26,3.35,0.49,161.671
Nifty Midcap 150,2018-02-07,48.52,3.36,0.49,163.0272
Nifty Midcap 150,2018-02-08,49.41,3.43,0.48,169.4763
Nifty Midcap 150,2018-02-09,51.01,3.43,0.48,174.9643
Nifty Midcap 150,2018-02-12,51.74,3.48,0.47,180.0552
Nifty Midcap 150,2018-02-14,51.2,3.49,0.47,178.68800000000002
Nifty Midcap 150,2018-02-15,50.63,3.46,0.47,175.1798
Nifty Midcap 150,2018-02-16,49.16,3.43,0.48,168.6188
Nifty Midcap 150,2018-02-19,48.68,3.4,0.48,165.512
Nifty Midcap 150,2018-02-20,48.6,3.39,0.48,164.75400000000002
Nifty Midcap 150,2018-02-21,49.33,3.4,0.48,167.72199999999998
Nifty Midcap 150,2018-02-22,49.03,3.38,0.49,165.7214
Nifty Midcap 150,2018-02-23,51.45,3.43,0.50,176.47350000000003
Nifty Midcap 150,2018-02-26,52.13,3.46,0.50,180.3698
Nifty Midcap 150,2018-02-27,51.82,3.45,0.50,178.779
Nifty Midcap 150,2018-02-28,51.81,3.45,0.50,178.74450000000002
Nifty Midcap 150,2018-03-01,51.6,3.43,0.53,176.988
Nifty Midcap 150,2018-03-05,51.16,3.4,0.54,173.944
Nifty Midcap 150,2018-03-06,50.79,3.37,0.54,171.16230000000002
Nifty Midcap 150,2018-03-07,50.02,3.32,0.55,166.06640000000002
Nifty Midcap 150,2018-03-08,50.39,3.34,0.55,168.30259999999998
Nifty Midcap 150,2018-03-09,50.28,3.34,0.63,167.9352
Nifty Midcap 150,2018-03-12,50.7,3.36,0.63,170.352
Nifty Midcap 150,2018-03-13,50.98,3.39,0.62,172.8222
Nifty Midcap 150,2018-03-14,50.84,3.4,0.62,172.856
Nifty Midcap 150,2018-03-15,51.02,3.41,0.62,173.97820000000002
Nifty Midcap 150,2018-03-16,50.43,3.37,0.62,169.94910000000002
Nifty Midcap 150,2018-03-19,51.22,3.32,0.63,170.0504
Nifty Midcap 150,2018-03-20,51.56,3.33,0.63,171.69480000000001
Nifty Midcap 150,2018-03-21,51.71,3.34,0.63,172.7114
Nifty Midcap 150,2018-03-22,51.34,3.31,0.63,169.93540000000002
Nifty Midcap 150,2018-03-23,50.65,3.27,0.64,165.6255
Nifty Midcap 150,2018-03-26,51.29,3.31,0.63,169.7699
Nifty Midcap 150,2018-03-27,51.89,3.35,0.63,173.8315
Nifty Midcap 150,2018-03-28,51.68,3.34,0.63,172.6112
Nifty Midcap 150,2018-04-02,47.8,3.59,0.63,171.60199999999998
Nifty Midcap 150,2018-04-03,48.17,3.62,0.63,174.3754
Nifty Midcap 150,2018-04-04,47.71,3.58,0.63,170.80180000000001
Nifty Midcap 150,2018-04-05,48.54,3.65,0.62,177.171
Nifty Midcap 150,2018-04-06,48.74,3.66,0.62,178.38840000000002
Nifty Midcap 150,2018-04-09,48.88,3.67,0.62,179.3896
Nifty Midcap 150,2018-04-10,48.96,3.68,0.62,180.17280000000002
Nifty Midcap 150,2018-04-11,49.01,3.68,0.62,180.3568
Nifty Midcap 150,2018-04-12,48.86,3.67,0.62,179.31619999999998
Nifty Midcap 150,2018-04-13,49.08,3.69,0.62,181.1052
Nifty Midcap 150,2018-04-16,49.13,3.71,0.61,182.2723
Nifty Midcap 150,2018-04-17,49.26,3.72,0.61,183.2472
Nifty Midcap 150,2018-04-18,49.18,3.72,0.61,182.9496
Nifty Midcap 150,2018-04-19,49.47,3.74,0.61,185.0178
Nifty Midcap 150,2018-04-20,49.33,3.73,0.61,184.0009
Nifty Midcap 150,2018-04-23,49.27,3.82,0.60,188.2114
Nifty Midcap 150,2018-04-24,49.25,3.82,0.60,188.135
Nifty Midcap 150,2018-04-25,49.08,3.81,0.61,186.9948
Nifty Midcap 150,2018-04-26,49.26,3.82,0.60,188.17319999999998
Nifty Midcap 150,2018-04-27,49.57,3.85,0.60,190.8445
Nifty Midcap 150,2018-04-30,48.94,3.91,0.60,191.3554
Nifty Midcap 150,2018-05-02,48.34,3.87,0.60,187.07580000000002
Nifty Midcap 150,2018-05-03,47.89,3.83,0.61,183.4187
Nifty Midcap 150,2018-05-04,47.74,3.82,0.61,182.3668
Nifty Midcap 150,2018-05-07,48.08,3.83,0.61,184.1464
Nifty Midcap 150,2018-05-08,48.07,3.83,0.61,184.1081
Nifty Midcap 150,2018-05-09,47.8,3.81,0.61,182.118
Nifty Midcap 150,2018-05-10,47.17,3.76,0.62,177.3592
Nifty Midcap 150,2018-05-11,47.34,3.78,0.62,178.9452
Nifty Midcap 150,2018-05-14,46.88,3.74,0.62,175.33120000000002
Nifty Midcap 150,2018-05-15,46.51,3.71,0.63,172.5521
Nifty Midcap 150,2018-05-16,46.45,3.7,0.63,171.865
Nifty Midcap 150,2018-05-17,46.61,3.72,0.63,173.38920000000002
Nifty Midcap 150,2018-05-18,46.07,3.67,0.64,169.0769
Nifty Midcap 150,2018-05-21,45.22,3.61,0.65,163.24419999999998
Nifty Midcap 150,2018-05-22,45.37,3.62,0.65,164.2394
Nifty Midcap 150,2018-05-23,45.14,3.6,0.65,162.50400000000002
Nifty Midcap 150,2018-05-24,44.98,3.59,0.65,161.4782
Nifty Midcap 150,2018-05-25,45.69,3.65,0.64,166.7685
Nifty Midcap 150,2018-05-28,49.56,3.69,0.64,182.87640000000002
Nifty Midcap 150,2018-05-29,49.46,3.68,0.64,182.0128
Nifty Midcap 150,2018-05-30,49.37,3.68,0.64,181.6816
Nifty Midcap 150,2018-05-31,49.23,3.68,0.64,181.1664
Nifty Midcap 150,2018-06-01,48.53,3.63,0.65,176.1639
Nifty Midcap 150,2018-06-04,48.01,3.59,0.66,172.3559
Nifty Midcap 150,2018-06-05,47.4,3.55,0.66,168.26999999999998
Nifty Midcap 150,2018-06-06,48.0,3.59,0.66,172.32
Nifty Midcap 150,2018-06-07,48.66,3.64,0.65,177.1224
Nifty Midcap 150,2018-06-08,48.88,3.66,0.64,178.9008
Nifty Midcap 150,2018-06-11,48.53,3.67,0.64,178.1051
Nifty Midcap 150,2018-06-12,48.89,3.69,0.64,180.4041
Nifty Midcap 150,2018-06-13,48.42,3.68,0.64,178.18560000000002
Nifty Midcap 150,2018-06-14,48.47,3.68,0.64,178.3696
Nifty Midcap 150,2018-06-15,48.24,3.67,0.64,177.0408
Nifty Midcap 150,2018-06-18,48.07,3.65,0.64,175.4555
Nifty Midcap 150,2018-06-19,47.52,3.61,0.65,171.5472
Nifty Midcap 150,2018-06-20,46.68,3.63,0.65,169.4484
Nifty Midcap 150,2018-06-21,46.0,3.61,0.65,166.06
Nifty Midcap 150,2018-06-22,46.13,3.62,0.65,166.9906
Nifty Midcap 150,2018-06-25,45.85,3.6,0.65,165.06
Nifty Midcap 150,2018-06-26,46.9,3.59,0.66,168.37099999999998
Nifty Midcap 150,2018-06-27,44.99,3.54,0.67,159.2646
Nifty Midcap 150,2018-06-28,44.2,3.48,0.68,153.816
Nifty Midcap 150,2018-06-29,44.99,3.51,0.67,157.9149
Nifty Midcap 150,2018-07-02,46.7,3.5,0.68,163.45000000000002
Nifty Midcap 150,2018-07-03,47.09,3.52,0.67,165.75680000000003
Nifty Midcap 150,2018-07-04,52.66,3.53,0.67,185.88979999999998
Nifty Midcap 150,2018-07-05,52.32,3.51,0.67,183.64319999999998
Nifty Midcap 150,2018-07-06,52.58,3.52,0.67,185.0816
Nifty Midcap 150,2018-07-09,52.42,3.59,0.66,188.1878
Nifty Midcap 150,2018-07-10,52.79,3.62,0.65,191.09980000000002
Nifty Midcap 150,2018-07-11,52.6,3.61,0.66,189.886
Nifty Midcap 150,2018-07-12,52.41,3.59,0.66,188.15189999999998
Nifty Midcap 150,2018-07-13,51.91,3.56,0.67,184.7996
Nifty Midcap 150,2018-07-16,50.7,3.48,0.68,176.436
Nifty Midcap 150,2018-07-17,51.69,3.54,0.67,182.9826
Nifty Midcap 150,2018-07-18,51.2,3.51,0.67,179.712
Nifty Midcap 150,2018-07-19,50.84,3.49,0.68,177.43160000000003
Nifty Midcap 150,2018-07-20,51.29,3.43,0.70,175.9247
Nifty Midcap 150,2018-07-23,51.81,3.47,0.69,179.78070000000002
Nifty Midcap 150,2018-07-24,52.53,3.52,0.68,184.9056
Nifty Midcap 150,2018-07-25,52.53,3.52,0.69,184.9056
Nifty Midcap 150,2018-07-26,52.74,3.53,0.68,186.1722
Nifty Midcap 150,2018-07-27,53.2,3.55,0.69,188.86
Nifty Midcap 150,2018-07-30,53.3,3.56,0.69,189.748
Nifty Midcap 150,2018-07-31,53.39,3.57,0.68,190.60229999999999
Nifty Midcap 150,2018-08-01,53.52,3.58,0.68,191.60160000000002
Nifty Midcap 150,2018-08-02,52.73,3.58,0.68,188.77339999999998
Nifty Midcap 150,2018-08-03,53.02,3.61,0.68,191.4022
Nifty Midcap 150,2018-08-06,50.8,3.62,0.67,183.896
Nifty Midcap 150,2018-08-07,50.72,3.62,0.67,183.6064
Nifty Midcap 150,2018-08-08,50.14,3.62,0.67,181.5068
Nifty Midcap 150,2018-08-09,53.09,3.63,0.67,192.7167
Nifty Midcap 150,2018-08-10,52.66,3.62,0.67,190.6292
Nifty Midcap 150,2018-08-13,53.04,3.6,0.68,190.944
Nifty Midcap 150,2018-08-14,53.5,3.64,0.67,194.74
Nifty Midcap 150,2018-08-16,53.58,3.63,0.67,194.4954
Nifty Midcap 150,2018-08-17,54.08,3.67,0.67,198.47359999999998
Nifty Midcap 150,2018-08-20,54.23,3.69,0.66,200.1087
Nifty Midcap 150,2018-08-21,54.18,3.7,0.66,200.466
Nifty Midcap 150,2018-08-23,54.3,3.7,0.66,200.91
Nifty Midcap 150,2018-08-24,53.1,3.69,0.66,195.939
Nifty Midcap 150,2018-08-27,53.3,3.73,0.65,198.809
Nifty Midcap 150,2018-08-28,52.83,3.73,0.65,197.05589999999998
Nifty Midcap 150,2018-08-29,53.22,3.65,0.69,194.253
Nifty Midcap 150,2018-08-30,53.57,3.66,0.69,196.0662
Nifty Midcap 150,2018-08-31,53.58,3.67,0.69,196.6386
Nifty Midcap 150,2018-09-03,53.43,3.66,0.69,195.5538
Nifty Midcap 150,2018-09-04,52.21,3.57,0.70,186.3897
Nifty Midcap 150,2018-09-05,51.6,3.55,0.71,183.18
Nifty Midcap 150,2018-09-06,51.84,3.57,0.71,185.0688
Nifty Midcap 150,2018-09-07,52.09,3.6,0.70,187.52400000000003
Nifty Midcap 150,2018-09-10,51.46,3.55,0.71,182.683
Nifty Midcap 150,2018-09-11,50.83,3.51,0.72,178.4133
Nifty Midcap 150,2018-09-12,51.04,3.51,0.72,179.1504
Nifty Midcap 150,2018-09-14,51.65,3.57,0.71,184.39049999999997
Nifty Midcap 150,2018-09-17,51.35,3.54,0.71,181.779
Nifty Midcap 150,2018-09-18,50.5,3.5,0.72,176.75
Nifty Midcap 150,2018-09-19,50.03,3.47,0.73,173.60410000000002
Nifty Midcap 150,2018-09-21,49.06,3.4,0.74,166.804
Nifty Midcap 150,2018-09-24,47.79,3.31,0.76,158.1849
Nifty Midcap 150,2018-09-25,47.73,3.31,0.76,157.9863
Nifty Midcap 150,2018-09-26,47.91,3.27,0.76,156.6657
Nifty Midcap 150,2018-09-27,46.94,3.2,0.77,150.208
Nifty Midcap 150,2018-09-28,43.35,2.92,0.97,126.58200000000001
Nifty Midcap 150,2018-10-01,43.45,2.93,0.96,127.30850000000001
Nifty Midcap 150,2018-10-03,43.01,2.9,0.97,124.72899999999998
Nifty Midcap 150,2018-10-04,42.14,2.84,0.99,119.6776
Nifty Midcap 150,2018-10-05,41.04,2.77,1.02,113.6808
Nifty Midcap 150,2018-10-08,40.44,2.72,1.04,109.99680000000001
Nifty Midcap 150,2018-10-09,40.3,2.71,1.04,109.213
Nifty Midcap 150,2018-10-10,41.85,2.81,1.00,117.5985
Nifty Midcap 150,2018-10-11,40.97,2.75,1.02,112.66749999999999
Nifty Midcap 150,2018-10-12,42.04,2.82,1.00,118.55279999999999
Nifty Midcap 150,2018-10-15,42.3,2.85,0.99,120.55499999999999
Nifty Midcap 150,2018-10-16,42.91,2.89,0.98,124.0099
Nifty Midcap 150,2018-10-17,42.06,2.83,0.99,119.02980000000001
Nifty Midcap 150,2018-10-19,41.47,2.79,1.01,115.7013
Nifty Midcap 150,2018-10-22,40.94,2.76,1.02,112.99439999999998
Nifty Midcap 150,2018-10-23,40.61,2.73,1.03,110.86529999999999
Nifty Midcap 150,2018-10-24,41.07,2.76,1.02,113.35319999999999
Nifty Midcap 150,2018-10-25,40.77,2.75,1.03,112.1175
Nifty Midcap 150,2018-10-26,40.8,2.74,1.03,111.792
Nifty Midcap 150,2018-10-29,41.58,2.82,1.00,117.25559999999999
Nifty Midcap 150,2018-10-30,41.68,2.84,0.99,118.37119999999999
Nifty Midcap 150,2018-10-31,42.39,2.85,0.99,120.81150000000001
Nifty Midcap 150,2018-11-01,42.73,2.87,0.98,122.6351
Nifty Midcap 150,2018-11-02,42.95,2.88,0.98,123.696
Nifty Midcap 150,2018-11-05,42.66,2.87,0.98,122.43419999999999
Nifty Midcap 150,2018-11-06,42.4,2.86,0.99,121.264
Nifty Midcap 150,2018-11-07,42.74,2.88,0.98,123.0912
Nifty Midcap 150,2018-11-09,43.25,2.91,0.97,125.8575
Nifty Midcap 150,2018-11-12,42.83,2.89,0.98,123.7787
Nifty Midcap 150,2018-11-13,42.92,2.89,0.97,124.03880000000001
Nifty Midcap 150,2018-11-14,43.13,2.9,0.97,125.077
Nifty Midcap 150,2018-11-15,43.33,2.91,0.97,126.0903
Nifty Midcap 150,2018-11-16,43.3,2.91,0.97,126.003
Nifty Midcap 150,2018-11-19,40.9,2.95,0.97,120.655
Nifty Midcap 150,2018-11-20,40.09,2.92,0.98,117.06280000000001
Nifty Midcap 150,2018-11-21,40.47,2.94,0.97,118.98179999999999
Nifty Midcap 150,2018-11-22,40.41,2.91,0.98,117.59309999999999
Nifty Midcap 150,2018-11-26,40.21,2.92,0.98,117.4132
Nifty Midcap 150,2018-11-27,39.81,2.94,0.97,117.04140000000001
Nifty Midcap 150,2018-11-28,39.55,2.91,0.98,115.09049999999999
Nifty Midcap 150,2018-11-29,39.82,2.93,0.97,116.6726
Nifty Midcap 150,2018-11-30,40.06,2.95,0.97,118.17700000000002
Nifty Midcap 150,2018-12-03,40.29,2.96,0.96,119.2584
Nifty Midcap 150,2018-12-04,40.29,2.96,0.96,119.2584
Nifty Midcap 150,2018-12-05,39.81,2.93,0.98,116.64330000000001
Nifty Midcap 150,2018-12-06,39.21,2.88,0.99,112.9248
Nifty Midcap 150,2018-12-07,39.19,2.88,0.99,112.86719999999998
Nifty Midcap 150,2018-12-10,38.39,2.82,1.01,108.2598
Nifty Midcap 150,2018-12-11,38.98,2.87,1.00,111.87259999999999
Nifty Midcap 150,2018-12-12,39.55,2.94,0.97,116.27699999999999
Nifty Midcap 150,2018-12-13,39.87,2.96,0.96,118.0152
Nifty Midcap 150,2018-12-14,39.92,2.97,0.96,118.56240000000001
Nifty Midcap 150,2018-12-17,40.07,2.98,0.96,119.4086
Nifty Midcap 150,2018-12-18,40.17,2.98,0.96,119.70660000000001
Nifty Midcap 150,2018-12-19,40.46,3.02,0.95,122.1892
Nifty Midcap 150,2018-12-20,40.49,3.02,0.94,122.27980000000001
Nifty Midcap 150,2018-12-21,39.81,2.98,0.96,118.63380000000001
Nifty Midcap 150,2018-12-24,39.66,2.96,0.96,117.39359999999999
Nifty Midcap 150,2018-12-26,39.5,2.96,0.97,116.92
Nifty Midcap 150,2018-12-27,39.67,2.97,0.96,117.81990000000002
Nifty Midcap 150,2018-12-28,39.8,2.98,0.97,118.60399999999998
Nifty Midcap 150,2018-12-31,40.02,2.97,0.95,118.85940000000002
Nifty Midcap 150,2019-01-01,40.04,2.97,0.95,118.9188
Nifty Midcap 150,2019-01-02,39.61,2.94,0.96,116.4534
Nifty Midcap 150,2019-01-03,39.35,2.92,0.97,114.902
Nifty Midcap 150,2019-01-04,39.53,2.93,0.96,115.8229
Nifty Midcap 150,2019-01-07,39.54,2.94,0.96,116.24759999999999
Nifty Midcap 150,2019-01-08,39.52,2.93,0.96,115.79360000000001
Nifty Midcap 150,2019-01-09,39.49,2.93,0.96,115.70570000000001
Nifty Midcap 150,2019-01-10,39.67,2.94,0.96,116.6298
Nifty Midcap 150,2019-01-11,39.63,2.94,0.96,116.5122
Nifty Midcap 150,2019-01-14,39.5,2.93,0.96,115.735
Nifty Midcap 150,2019-01-15,39.72,2.95,0.96,117.174
Nifty Midcap 150,2019-01-16,39.61,2.94,0.96,116.4534
Nifty Midcap 150,2019-01-17,39.52,2.94,0.96,116.1888
Nifty Midcap 150,2019-01-18,39.41,2.92,0.97,115.07719999999999
Nifty Midcap 150,2019-01-21,37.42,2.91,0.98,108.89220000000002
Nifty Midcap 150,2019-01-22,37.25,2.91,0.98,108.39750000000001
Nifty Midcap 150,2019-01-23,37.26,2.9,0.98,108.05399999999999
Nifty Midcap 150,2019-01-24,37.13,2.89,0.98,107.30570000000002
Nifty Midcap 150,2019-01-25,36.55,2.85,1.00,104.16749999999999
Nifty Midcap 150,2019-01-28,36.03,2.81,1.01,101.24430000000001
Nifty Midcap 150,2019-01-29,36.39,2.81,1.01,102.2559
Nifty Midcap 150,2019-01-30,36.5,2.83,1.01,103.295
Nifty Midcap 150,2019-01-31,36.79,2.84,1.00,104.4836
Nifty Midcap 150,2019-02-01,37.0,2.86,1.00,105.82
Nifty Midcap 150,2019-02-04,36.62,2.84,1.00,104.00079999999998
Nifty Midcap 150,2019-02-05,36.35,2.82,1.01,102.507
Nifty Midcap 150,2019-02-06,36.37,2.82,1.01,102.56339999999999
Nifty Midcap 150,2019-02-07,36.5,2.84,1.00,103.66
Nifty Midcap 150,2019-02-08,36.08,2.81,1.01,101.3848
Nifty Midcap 150,2019-02-11,35.53,2.77,1.03,98.41810000000001
Nifty Midcap 150,2019-02-12,35.49,2.76,1.03,97.9524
Nifty Midcap 150,2019-02-13,35.62,2.75,1.03,97.955
Nifty Midcap 150,2019-02-14,35.73,2.76,1.03,98.61479999999999
Nifty Midcap 150,2019-02-15,35.44,2.74,1.04,97.1056
Nifty Midcap 150,2019-02-18,35.06,2.71,1.05,95.0126
Nifty Midcap 150,2019-02-19,34.98,2.72,1.04,95.1456
Nifty Midcap 150,2019-02-20,35.16,2.75,1.04,96.69
Nifty Midcap 150,2019-02-21,35.57,2.77,1.03,98.52890000000001
Nifty Midcap 150,2019-02-22,35.71,2.81,1.02,100.3451
Nifty Midcap 150,2019-02-25,35.84,2.83,1.02,101.42720000000001
Nifty Midcap 150,2019-02-26,35.73,2.82,1.02,100.75859999999999
Nifty Midcap 150,2019-02-27,35.88,2.83,1.01,101.5404
Nifty Midcap 150,2019-02-28,36.18,2.85,1.01,103.113
Nifty Midcap 150,2019-03-01,36.67,2.88,1.00,105.6096
Nifty Midcap 150,2019-03-05,37.34,2.94,0.98,109.7796
Nifty Midcap 150,2019-03-06,37.5,2.96,0.97,111.0
Nifty Midcap 150,2019-03-07,37.41,2.95,0.98,110.3595
Nifty Midcap 150,2019-03-08,37.39,2.95,0.98,110.30050000000001
Nifty Midcap 150,2019-03-11,38.06,3.0,0.96,114.18
Nifty Midcap 150,2019-03-12,38.28,3.02,0.95,115.60560000000001
Nifty Midcap 150,2019-03-13,38.1,3.0,0.96,114.30000000000001
Nifty Midcap 150,2019-03-14,38.1,3.0,0.96,114.30000000000001
Nifty Midcap 150,2019-03-15,38.34,3.02,0.95,115.78680000000001
Nifty Midcap 150,2019-03-18,38.22,3.01,0.96,115.0422
Nifty Midcap 150,2019-03-19,38.43,3.03,0.95,116.4429
Nifty Midcap 150,2019-03-20,38.28,3.02,0.95,115.60560000000001
Nifty Midcap 150,2019-03-22,38.12,3.0,0.96,114.35999999999999
Nifty Midcap 150,2019-03-25,37.81,2.98,0.97,112.6738
Nifty Midcap 150,2019-03-26,38.17,3.01,0.96,114.8917
Nifty Midcap 150,2019-03-27,38.38,3.02,0.95,115.9076
Nifty Midcap 150,2019-03-28,38.81,3.06,0.94,118.75860000000002
Nifty Midcap 150,2019-03-29,34.86,2.95,1.01,102.837
Nifty Midcap 150,2019-04-01,34.95,2.96,1.00,103.45200000000001
Nifty Midcap 150,2019-04-02,34.96,2.96,1.00,103.4816
Nifty Midcap 150,2019-04-03,34.63,2.93,1.01,101.46590000000002
Nifty Midcap 150,2019-04-04,34.58,2.93,1.01,101.3194
Nifty Midcap 150,2019-04-05,34.81,2.95,1.01,102.68950000000001
Nifty Midcap 150,2019-04-08,34.57,2.93,1.01,101.29010000000001
Nifty Midcap 150,2019-04-09,34.6,2.93,1.02,101.37800000000001
Nifty Midcap 150,2019-04-10,34.54,2.92,1.02,100.85679999999999
Nifty Midcap 150,2019-04-11,34.55,2.92,1.02,100.886
Nifty Midcap 150,2019-04-12,34.68,2.93,1.01,101.61240000000001
Nifty Midcap 150,2019-04-15,34.85,2.95,1.01,102.8075
Nifty Midcap 150,2019-04-16,34.9,2.95,1.01,102.955
Nifty Midcap 150,2019-04-18,34.6,2.93,1.02,101.37800000000001
Nifty Midcap 150,2019-04-22,34.08,2.88,1.03,98.15039999999999
Nifty Midcap 150,2019-04-23,34.11,2.89,1.03,98.5779
Nifty Midcap 150,2019-04-24,34.2,2.89,1.03,98.83800000000001
Nifty Midcap 150,2019-04-25,34.08,2.88,1.03,98.15039999999999
Nifty Midcap 150,2019-04-26,33.98,2.88,1.04,97.8624
Nifty Midcap 150,2019-04-30,33.71,2.85,1.04,96.07350000000001
Nifty Midcap 150,2019-05-02,32.57,2.86,1.05,93.1502
Nifty Midcap 150,2019-05-03,32.56,2.86,1.05,93.1216
Nifty Midcap 150,2019-05-06,32.32,2.84,1.05,91.7888
Nifty Midcap 150,2019-05-07,32.0,2.81,1.06,89.92
Nifty Midcap 150,2019-05-08,31.62,2.78,1.07,87.9036
Nifty Midcap 150,2019-05-09,31.56,2.78,1.08,87.73679999999999
Nifty Midcap 150,2019-05-10,31.71,2.79,1.07,88.4709
Nifty Midcap 150,2019-05-13,31.02,2.73,1.09,84.6846
Nifty Midcap 150,2019-05-14,31.14,2.74,1.09,85.32360000000001
Nifty Midcap 150,2019-05-15,30.97,2.73,1.09,84.54809999999999
Nifty Midcap 150,2019-05-16,31.03,2.74,1.09,85.02220000000001
Nifty Midcap 150,2019-05-17,31.22,2.76,1.08,86.1672
Nifty Midcap 150,2019-05-20,32.36,2.86,1.04,92.5496
Nifty Midcap 150,2019-05-21,31.94,2.84,1.05,90.7096
Nifty Midcap 150,2019-05-22,31.95,2.84,1.05,90.738
Nifty Midcap 150,2019-05-23,31.23,2.86,1.05,89.31779999999999
Nifty Midcap 150,2019-05-24,32.41,2.91,1.03,94.31309999999999
Nifty Midcap 150,2019-05-27,33.04,2.96,1.02,97.7984
Nifty Midcap 150,2019-05-28,33.22,2.96,1.02,98.3312
Nifty Midcap 150,2019-05-29,33.03,2.95,1.02,97.4385
Nifty Midcap 150,2019-05-30,33.16,2.96,1.02,98.15359999999998
Nifty Midcap 150,2019-05-31,33.06,2.97,1.02,98.18820000000001
Nifty Midcap 150,2019-06-03,33.33,2.99,1.01,99.6567
Nifty Midcap 150,2019-06-04,33.3,2.99,1.01,99.567
Nifty Midcap 150,2019-06-06,32.81,2.94,1.02,96.46140000000001
Nifty Midcap 150,2019-06-07,32.76,2.94,1.03,96.31439999999999
Nifty Midcap 150,2019-06-10,32.93,2.94,1.02,96.8142
Nifty Midcap 150,2019-06-11,33.13,2.96,1.02,98.0648
Nifty Midcap 150,2019-06-12,32.86,2.94,1.03,96.6084
Nifty Midcap 150,2019-06-13,32.76,2.93,1.03,95.9868
Nifty Midcap 150,2019-06-14,32.49,2.87,1.06,93.2463
Nifty Midcap 150,2019-06-17,32.11,2.84,1.07,91.19239999999999
Nifty Midcap 150,2019-06-18,32.07,2.84,1.07,91.0788
Nifty Midcap 150,2019-06-19,31.78,2.81,1.08,89.3018
Nifty Midcap 150,2019-06-20,32.26,2.85,1.07,91.941
Nifty Midcap 150,2019-06-21,32.27,2.85,1.07,91.96950000000001
Nifty Midcap 150,2019-06-24,32.19,2.84,1.07,91.41959999999999
Nifty Midcap 150,2019-06-25,32.39,2.86,1.06,92.6354
Nifty Midcap 150,2019-06-26,32.64,2.88,1.05,94.00319999999999
Nifty Midcap 150,2019-06-27,32.8,2.9,1.05,95.11999999999999
Nifty Midcap 150,2019-06-28,32.84,2.82,1.10,92.6088
Nifty Midcap 150,2019-07-01,32.91,2.82,1.10,92.80619999999999
Nifty Midcap 150,2019-07-02,33.01,2.83,1.10,93.4183
Nifty Midcap 150,2019-07-03,33.06,2.83,1.10,93.55980000000001
Nifty Midcap 150,2019-07-04,33.01,2.83,1.10,93.4183
Nifty Midcap 150,2019-07-05,32.52,2.79,1.11,90.73080000000002
Nifty Midcap 150,2019-07-08,31.72,2.72,1.14,86.2784
Nifty Midcap 150,2019-07-09,31.44,2.73,1.14,85.83120000000001
Nifty Midcap 150,2019-07-10,31.17,2.7,1.15,84.159
Nifty Midcap 150,2019-07-11,31.39,2.72,1.14,85.38080000000001
Nifty Midcap 150,2019-07-12,31.51,2.69,1.15,84.7619
Nifty Midcap 150,2019-07-15,31.34,2.68,1.15,83.9912
Nifty Midcap 150,2019-07-16,31.54,2.69,1.15,84.84259999999999
Nifty Midcap 150,2019-07-17,31.47,2.69,1.15,84.65429999999999
Nifty Midcap 150,2019-07-18,31.01,2.65,1.17,82.1765
Nifty Midcap 150,2019-07-19,30.4,2.6,1.19,79.03999999999999
Nifty Midcap 150,2019-07-22,30.21,2.58,1.20,77.9418
Nifty Midcap 150,2019-07-23,30.09,2.57,1.20,77.3313
Nifty Midcap 150,2019-07-24,31.41,2.54,1.22,79.7814
Nifty Midcap 150,2019-07-25,31.55,2.55,1.21,80.4525
Nifty Midcap 150,2019-07-26,31.69,2.56,1.21,81.1264
Nifty Midcap 150,2019-07-29,31.42,2.54,1.22,79.80680000000001
Nifty Midcap 150,2019-07-30,30.89,2.5,1.24,77.225
Nifty Midcap 150,2019-07-31,31.21,2.48,1.23,77.4008
Nifty Midcap 150,2019-08-01,31.06,2.46,1.24,76.4076
Nifty Midcap 150,2019-08-02,30.98,2.46,1.25,76.2108
Nifty Midcap 150,2019-08-05,30.57,2.42,1.26,73.9794
Nifty Midcap 150,2019-08-06,31.05,2.47,1.24,76.69350000000001
Nifty Midcap 150,2019-08-07,30.89,2.46,1.25,75.9894
Nifty Midcap 150,2019-08-08,31.35,2.47,1.24,77.43450000000001
Nifty Midcap 150,2019-08-09,31.56,2.49,1.23,78.5844
Nifty Midcap 150,2019-08-13,31.05,2.45,1.25,76.0725
Nifty Midcap 150,2019-08-14,31.31,2.47,1.24,77.3357
Nifty Midcap 150,2019-08-16,31.54,2.48,1.24,78.2192
Nifty Midcap 150,2019-08-19,31.64,2.48,1.23,78.4672
Nifty Midcap 150,2019-08-20,31.41,2.47,1.24,77.5827
Nifty Midcap 150,2019-08-21,30.98,2.43,1.26,75.2814
Nifty Midcap 150,2019-08-22,30.46,2.39,1.28,72.7994
Nifty Midcap 150,2019-08-23,30.72,2.41,1.27,74.0352
Nifty Midcap 150,2019-08-26,31.14,2.45,1.25,76.293
Nifty Midcap 150,2019-08-27,31.4,2.47,1.24,77.558
Nifty Midcap 150,2019-08-28,31.03,2.45,1.25,76.02350000000001
Nifty Midcap 150,2019-08-29,30.9,2.44,1.26,75.396
Nifty Midcap 150,2019-08-30,31.19,2.41,1.18,75.1679
Nifty Midcap 150,2019-09-03,31.0,2.37,1.20,73.47
Nifty Midcap 150,2019-09-04,30.8,2.38,1.20,73.304
Nifty Midcap 150,2019-09-05,30.36,2.38,1.19,72.2568
Nifty Midcap 150,2019-09-06,30.56,2.4,1.18,73.344
Nifty Midcap 150,2019-09-09,30.85,2.43,1.17,74.9655
Nifty Midcap 150,2019-09-11,30.93,2.44,1.16,75.4692
Nifty Midcap 150,2019-09-12,30.85,2.44,1.17,75.274
Nifty Midcap 150,2019-09-13,31.03,2.45,1.16,76.02350000000001
Nifty Midcap 150,2019-09-16,31.0,2.45,1.16,75.95
Nifty Midcap 150,2019-09-17,30.44,2.4,1.18,73.056
Nifty Midcap 150,2019-09-18,30.54,2.41,1.18,73.6014
Nifty Midcap 150,2019-09-19,30.09,2.38,1.20,71.6142
Nifty Midcap 150,2019-09-20,31.78,2.51,1.13,79.7678
Nifty Midcap 150,2019-09-23,32.65,2.58,1.10,84.237
Nifty Midcap 150,2019-09-24,32.49,2.57,1.11,83.4993
Nifty Midcap 150,2019-09-25,30.57,2.53,1.13,77.34209999999999
Nifty Midcap 150,2019-09-26,30.81,2.55,1.12,78.56549999999999
Nifty Midcap 150,2019-09-27,27.0,2.75,1.09,74.25
Nifty Midcap 150,2019-09-30,26.65,2.67,1.12,71.15549999999999
Nifty Midcap 150,2019-10-01,26.21,2.62,1.14,68.67020000000001
Nifty Midcap 150,2019-10-03,26.19,2.62,1.14,68.6178
Nifty Midcap 150,2019-10-04,25.98,2.6,1.15,67.548
Nifty Midcap 150,2019-10-07,25.91,2.59,1.15,67.1069
Nifty Midcap 150,2019-10-09,26.21,2.62,1.14,68.67020000000001
Nifty Midcap 150,2019-10-10,25.96,2.6,1.15,67.49600000000001
Nifty Midcap 150,2019-10-11,26.01,2.6,1.15,67.626
Nifty Midcap 150,2019-10-14,26.08,2.61,1.14,68.0688
Nifty Midcap 150,2019-10-15,26.16,2.62,1.14,68.53920000000001
Nifty Midcap 150,2019-10-16,26.11,2.61,1.14,68.1471
Nifty Midcap 150,2019-10-17,26.54,2.64,1.11,70.0656
Nifty Midcap 150,2019-10-18,27.01,2.69,1.09,72.65690000000001
Nifty Midcap 150,2019-10-22,27.04,2.69,1.09,72.7376
Nifty Midcap 150,2019-10-23,27.07,2.69,1.09,72.8183
Nifty Midcap 150,2019-10-24,27.02,2.69,1.09,72.68379999999999
Nifty Midcap 150,2019-10-25,26.98,2.68,1.10,72.30640000000001
Nifty Midcap 150,2019-10-27,27.19,2.7,1.09,73.41300000000001
Nifty Midcap 150,2019-10-29,27.47,2.73,1.08,74.9931
Nifty Midcap 150,2019-10-30,27.6,2.74,1.07,75.62400000000001
Nifty Midcap 150,2019-10-31,27.95,2.78,1.06,77.701
Nifty Midcap 150,2019-11-01,28.05,2.79,1.05,78.2595
Nifty Midcap 150,2019-11-04,28.02,2.79,1.05,78.1758
Nifty Midcap 150,2019-11-05,27.62,2.76,1.06,76.2312
Nifty Midcap 150,2019-11-06,27.59,2.76,1.07,76.1484
Nifty Midcap 150,2019-11-07,27.77,2.78,1.06,77.2006
Nifty Midcap 150,2019-11-08,27.6,2.76,1.07,76.176
Nifty Midcap 150,2019-11-11,27.75,2.77,1.06,76.8675
Nifty Midcap 150,2019-11-13,27.2,2.75,1.07,74.8
Nifty Midcap 150,2019-11-14,27.27,2.76,1.07,75.2652
Nifty Midcap 150,2019-11-15,27.34,2.77,1.06,75.7318
Nifty Midcap 150,2019-11-18,27.52,2.79,1.06,76.7808
Nifty Midcap 150,2019-11-19,27.6,2.79,1.06,77.004
Nifty Midcap 150,2019-11-20,27.62,2.8,1.05,77.336
Nifty Midcap 150,2019-11-21,27.42,2.78,1.06,76.2276
Nifty Midcap 150,2019-11-22,27.44,2.78,1.06,76.2832
Nifty Midcap 150,2019-11-25,27.7,2.81,1.05,77.837
Nifty Midcap 150,2019-11-26,27.5,2.79,1.06,76.725
Nifty Midcap 150,2019-11-27,27.7,2.81,1.05,77.837
Nifty Midcap 150,2019-11-28,27.93,2.83,1.04,79.0419
Nifty Midcap 150,2019-11-29,27.99,2.84,1.04,79.49159999999999
Nifty Midcap 150,2019-12-02,27.7,2.82,1.05,78.11399999999999
Nifty Midcap 150,2019-12-03,27.45,2.8,1.06,76.86
Nifty Midcap 150,2019-12-04,27.61,2.81,1.05,77.5841
Nifty Midcap 150,2019-12-05,27.55,2.81,1.05,77.41550000000001
Nifty Midcap 150,2019-12-06,27.2,2.77,1.07,75.344
Nifty Midcap 150,2019-12-09,27.17,2.77,1.07,75.2609
Nifty Midcap 150,2019-12-10,26.87,2.74,1.08,73.6238
Nifty Midcap 150,2019-12-11,27.02,2.76,1.07,74.5752
Nifty Midcap 150,2019-12-12,27.22,2.78,1.06,75.6716
Nifty Midcap 150,2019-12-13,27.46,2.8,1.05,76.88799999999999
Nifty Midcap 150,2019-12-16,27.56,2.8,1.06,77.16799999999999
Nifty Midcap 150,2019-12-17,27.7,2.81,1.05,77.837
Nifty Midcap 150,2019-12-18,27.63,2.8,1.05,77.36399999999999
Nifty Midcap 150,2019-12-19,27.67,2.81,1.05,77.7527
Nifty Midcap 150,2019-12-20,27.67,2.81,1.05,77.7527
Nifty Midcap 150,2019-12-23,27.62,2.8,1.05,77.336
Nifty Midcap 150,2019-12-24,27.59,2.8,1.06,77.252
Nifty Midcap 150,2019-12-26,27.63,2.8,1.05,77.36399999999999
Nifty Midcap 150,2019-12-27,26.98,2.96,0.99,79.8608
Nifty Midcap 150,2019-12-30,27.09,2.97,0.99,80.4573
Nifty Midcap 150,2019-12-31,27.13,2.98,0.99,80.8474
Nifty Midcap 150,2020-01-01,27.23,2.99,0.99,81.41770000000001
Nifty Midcap 150,2020-01-02,27.56,3.03,0.97,83.50679999999998
Nifty Midcap 150,2020-01-03,27.44,3.01,0.98,82.5944
Nifty Midcap 150,2020-01-06,26.86,2.95,1.00,79.23700000000001
Nifty Midcap 150,2020-01-07,27.05,2.97,0.99,80.33850000000001
Nifty Midcap 150,2020-01-08,27.1,2.98,0.99,80.75800000000001
Nifty Midcap 150,2020-01-09,27.48,3.02,0.98,82.9896
Nifty Midcap 150,2020-01-10,27.56,3.03,0.97,83.50679999999998
Nifty Midcap 150,2020-01-13,27.75,3.05,0.97,84.63749999999999
Nifty Midcap 150,2020-01-14,27.94,3.07,0.96,85.7758
Nifty Midcap 150,2020-01-15,28.2,3.1,0.95,87.42
Nifty Midcap 150,2020-01-16,28.46,3.12,0.94,88.79520000000001
Nifty Midcap 150,2020-01-17,28.59,3.14,0.94,89.7726
Nifty Midcap 150,2020-01-20,28.5,3.12,0.94,88.92
Nifty Midcap 150,2020-01-21,28.37,3.11,0.94,88.2307
Nifty Midcap 150,2020-01-22,28.31,3.05,0.96,86.34549999999999
Nifty Midcap 150,2020-01-23,28.77,3.08,0.95,88.6116
Nifty Midcap 150,2020-01-24,28.92,3.1,0.94,89.652
Nifty Midcap 150,2020-01-27,28.81,3.1,0.94,89.31099999999999
Nifty Midcap 150,2020-01-28,28.75,3.05,0.94,87.6875
Nifty Midcap 150,2020-01-29,28.69,3.05,0.94,87.5045
Nifty Midcap 150,2020-01-30,28.57,3.03,0.95,86.5671
Nifty Midcap 150,2020-01-31,28.44,3.02,0.95,85.8888
Nifty Midcap 150,2020-02-01,27.77,2.94,0.97,81.6438
Nifty Midcap 150,2020-02-03,28.14,2.97,0.97,83.5758
Nifty Midcap 150,2020-02-04,27.97,3.0,0.96,83.91
Nifty Midcap 150,2020-02-05,28.11,3.04,0.95,85.45439999999999
Nifty Midcap 150,2020-02-06,28.28,3.05,0.94,86.254
Nifty Midcap 150,2020-02-07,28.46,3.08,0.93,87.6568
Nifty Midcap 150,2020-02-10,28.18,3.06,0.94,86.2308
Nifty Midcap 150,2020-02-11,28.75,3.05,0.94,87.6875
Nifty Midcap 150,2020-02-12,29.04,3.05,0.94,88.57199999999999
Nifty Midcap 150,2020-02-13,28.95,3.05,0.94,88.2975
Nifty Midcap 150,2020-02-14,29.07,3.03,0.95,88.0821
Nifty Midcap 150,2020-02-17,29.1,3.0,0.96,87.30000000000001
Nifty Midcap 150,2020-02-18,28.94,2.98,0.96,86.2412
Nifty Midcap 150,2020-02-19,29.35,3.03,0.95,88.9305
Nifty Midcap 150,2020-02-20,29.57,3.05,0.94,90.18849999999999
Nifty Midcap 150,2020-02-24,29.05,3.0,0.96,87.15
Nifty Midcap 150,2020-02-25,28.92,2.98,0.96,86.1816
Nifty Midcap 150,2020-02-26,28.58,2.95,0.97,84.311
Nifty Midcap 150,2020-02-27,28.34,2.93,0.98,83.03620000000001
Nifty Midcap 150,2020-02-28,27.5,2.84,1.01,78.1
Nifty Midcap 150,2020-03-02,27.31,2.82,1.02,77.01419999999999
Nifty Midcap 150,2020-03-03,27.79,2.87,1.00,79.7573
Nifty Midcap 150,2020-03-04,27.36,2.83,1.02,77.4288
Nifty Midcap 150,2020-03-05,27.42,2.83,1.01,77.5986
Nifty Midcap 150,2020-03-06,26.88,2.78,1.03,74.7264
Nifty Midcap 150,2020-03-09,25.75,2.66,1.08,68.495
Nifty Midcap 150,2020-03-11,25.56,2.64,1.09,67.4784
Nifty Midcap 150,2020-03-12,23.56,2.43,1.18,57.2508
Nifty Midcap 150,2020-03-13,24.1,2.49,1.15,60.00900000000001
Nifty Midcap 150,2020-03-16,22.69,2.34,1.23,53.0946
Nifty Midcap 150,2020-03-17,22.14,2.29,1.26,50.7006
Nifty Midcap 150,2020-03-18,20.95,2.16,1.33,45.252
Nifty Midcap 150,2020-03-19,20.1,2.08,1.38,41.80800000000001
Nifty Midcap 150,2020-03-20,20.98,2.17,1.32,45.5266
Nifty Midcap 150,2020-03-23,18.24,1.89,1.52,34.4736
Nifty Midcap 150,2020-03-24,18.43,1.91,1.51,35.201299999999996
Nifty Midcap 150,2020-03-25,19.03,1.97,1.46,37.4891
Nifty Midcap 150,2020-03-26,19.73,2.05,1.41,40.4465
Nifty Midcap 150,2020-03-27,19.65,2.04,1.41,40.086
Nifty Midcap 150,2020-03-30,19.19,1.99,1.45,38.188100000000006
Nifty Midcap 150,2020-03-31,19.67,2.04,1.41,40.1268
Nifty Midcap 150,2020-04-01,19.32,2.0,1.44,38.64
Nifty Midcap 150,2020-04-03,19.06,1.97,1.46,37.548199999999994
Nifty Midcap 150,2020-04-07,19.97,2.07,1.39,41.3379
Nifty Midcap 150,2020-04-08,20.3,2.1,1.37,42.63
Nifty Midcap 150,2020-04-09,20.96,2.17,1.33,45.483200000000004
Nifty Midcap 150,2020-04-13,20.72,2.15,1.34,44.547999999999995
Nifty Midcap 150,2020-04-15,21.0,2.17,1.32,45.57
Nifty Midcap 150,2020-04-16,21.32,2.21,1.30,47.1172
Nifty Midcap 150,2020-04-17,21.8,2.25,1.27,49.050000000000004
Nifty Midcap 150,2020-04-20,21.9,2.27,1.27,49.712999999999994
Nifty Midcap 150,2020-04-21,21.26,2.2,1.31,46.772000000000006
Nifty Midcap 150,2020-04-22,21.41,2.21,1.30,47.3161
Nifty Midcap 150,2020-04-23,21.65,2.24,1.28,48.496
Nifty Midcap 150,2020-04-24,21.24,2.2,1.31,46.728
Nifty Midcap 150,2020-04-27,21.59,2.24,1.28,48.3616
Nifty Midcap 150,2020-04-28,21.84,2.26,1.27,49.358399999999996
Nifty Midcap 150,2020-04-29,22.09,2.29,1.25,50.5861
Nifty Midcap 150,2020-04-30,22.49,2.33,1.23,52.4017
Nifty Midcap 150,2020-05-04,21.62,2.24,1.28,48.42880000000001
Nifty Midcap 150,2020-05-05,21.47,2.23,1.29,47.878099999999996
Nifty Midcap 150,2020-05-06,21.56,2.24,1.28,48.2944
Nifty Midcap 150,2020-05-07,21.46,2.23,1.29,47.8558
Nifty Midcap 150,2020-05-08,21.47,2.22,1.30,47.6634
Nifty Midcap 150,2020-05-11,21.55,2.23,1.29,48.0565
Nifty Midcap 150,2020-05-12,21.42,2.21,1.30,47.3382
Nifty Midcap 150,2020-05-13,21.91,2.26,1.27,49.5166
Nifty Midcap 150,2020-05-14,21.81,2.25,1.28,49.0725
Nifty Midcap 150,2020-05-15,21.58,2.24,1.28,48.3392
Nifty Midcap 150,2020-05-18,20.88,2.15,1.34,44.891999999999996
Nifty Midcap 150,2020-05-19,20.99,2.16,1.33,45.3384
Nifty Midcap 150,2020-05-20,21.28,2.19,1.31,46.6032
Nifty Midcap 150,2020-05-21,21.46,2.21,1.30,47.4266
Nifty Midcap 150,2020-05-22,21.35,2.19,1.31,46.7565
Nifty Midcap 150,2020-05-26,21.46,2.22,1.29,47.641200000000005
Nifty Midcap 150,2020-05-27,21.06,2.23,1.29,46.9638
Nifty Midcap 150,2020-05-28,21.56,2.26,1.27,48.72559999999999
Nifty Midcap 150,2020-05-29,21.9,2.29,1.26,50.150999999999996
Nifty Midcap 150,2020-06-01,22.63,2.35,1.22,53.1805
Nifty Midcap 150,2020-06-02,22.94,2.38,1.20,54.5972
Nifty Midcap 150,2020-06-03,23.1,2.4,1.20,55.440000000000005
Nifty Midcap 150,2020-06-04,23.04,2.4,1.20,55.296
Nifty Midcap 150,2020-06-05,23.53,2.44,1.18,57.4132
Nifty Midcap 150,2020-06-08,23.63,2.45,1.17,57.8935
Nifty Midcap 150,2020-06-09,23.5,2.44,1.18,57.339999999999996
Nifty Midcap 150,2020-06-10,23.73,2.46,1.17,58.3758
Nifty Midcap 150,2020-06-11,23.43,2.43,1.18,56.934900000000006
Nifty Midcap 150,2020-06-12,23.92,2.46,1.17,58.8432
Nifty Midcap 150,2020-06-15,23.67,2.43,1.18,57.51810000000001
Nifty Midcap 150,2020-06-16,24.49,2.44,1.18,59.755599999999994
Nifty Midcap 150,2020-06-17,24.75,2.45,1.17,60.6375
Nifty Midcap 150,2020-06-18,25.04,2.48,1.16,62.099199999999996
Nifty Midcap 150,2020-06-19,26.02,2.51,1.14,65.3102
Nifty Midcap 150,2020-06-22,26.67,2.55,1.13,68.0085
Nifty Midcap 150,2020-06-23,27.23,2.59,1.11,70.5257
Nifty Midcap 150,2020-06-24,26.83,2.57,1.12,68.95309999999999
Nifty Midcap 150,2020-06-25,27.02,2.59,1.11,69.98179999999999
Nifty Midcap 150,2020-06-26,65.09,2.33,1.29,151.65970000000002
Nifty Midcap 150,2020-06-29,71.08,2.3,1.31,163.48399999999998
Nifty Midcap 150,2020-06-30,66.98,2.29,1.32,153.38420000000002
Nifty Midcap 150,2020-07-01,68.25,2.3,1.31,156.975
Nifty Midcap 150,2020-07-02,67.99,2.32,1.30,157.7368
Nifty Midcap 150,2020-07-03,82.0,2.34,1.29,191.88
Nifty Midcap 150,2020-07-06,82.9,2.38,1.27,197.302
Nifty Midcap 150,2020-07-07,83.32,2.39,1.26,199.13479999999998
Nifty Midcap 150,2020-07-08,82.96,2.37,1.27,196.6152
Nifty Midcap 150,2020-07-09,83.1,2.38,1.27,197.778
Nifty Midcap 150,2020-07-10,82.54,2.36,1.28,194.7944
Nifty Midcap 150,2020-07-13,82.38,2.36,1.28,194.41679999999997
Nifty Midcap 150,2020-07-14,76.98,2.33,1.29,179.3634
Nifty Midcap 150,2020-07-15,76.72,2.32,1.30,177.9904
Nifty Midcap 150,2020-07-16,76.94,2.33,1.29,179.2702
Nifty Midcap 150,2020-07-17,77.68,2.36,1.28,183.3248
Nifty Midcap 150,2020-07-20,79.37,2.39,1.26,189.69430000000003
Nifty Midcap 150,2020-07-21,79.16,2.39,1.26,189.1924
Nifty Midcap 150,2020-07-22,79.28,2.4,1.26,190.272
Nifty Midcap 150,2020-07-23,79.88,2.41,1.25,192.5108
Nifty Midcap 150,2020-07-24,78.47,2.41,1.25,189.11270000000002
Nifty Midcap 150,2020-07-27,78.18,2.38,1.27,186.0684
Nifty Midcap 150,2020-07-28,78.93,2.35,1.36,185.48550000000003
Nifty Midcap 150,2020-07-29,79.88,2.35,1.37,187.718
Nifty Midcap 150,2020-07-30,80.07,2.33,1.38,186.5631
Nifty Midcap 150,2020-07-31,78.69,2.33,1.38,183.3477
Nifty Midcap 150,2020-08-03,80.12,2.33,1.38,186.67960000000002
Nifty Midcap 150,2020-08-04,81.25,2.36,1.36,191.75
Nifty Midcap 150,2020-08-05,82.12,2.37,1.36,194.6244
Nifty Midcap 150,2020-08-06,83.34,2.4,1.34,200.016
Nifty Midcap 150,2020-08-07,85.69,2.43,1.33,208.22670000000002
Nifty Midcap 150,2020-08-10,196.69,2.46,1.31,483.8574
Nifty Midcap 150,2020-08-11,191.14,2.45,1.32,468.293
Nifty Midcap 150,2020-08-12,184.62,2.45,1.31,452.319
Nifty Midcap 150,2020-08-13,187.5,2.48,1.30,465.0
Nifty Midcap 150,2020-08-14,201.88,2.47,1.31,498.64360000000005
Nifty Midcap 150,2020-08-17,285.21,2.48,1.30,707.3208
Nifty Midcap 150,2020-08-18,288.85,2.51,1.28,725.0135
Nifty Midcap 150,2020-08-19,290.85,2.53,1.27,735.8505
Nifty Midcap 150,2020-08-20,293.16,2.52,1.33,738.7632000000001
Nifty Midcap 150,2020-08-21,295.33,2.53,1.32,747.1848999999999
Nifty Midcap 150,2020-08-24,297.97,2.56,1.30,762.8032000000001
Nifty Midcap 150,2020-08-25,374.25,2.57,1.30,961.8225
Nifty Midcap 150,2020-08-26,358.11,2.58,1.29,923.9238
Nifty Midcap 150,2020-08-27,358.69,2.58,1.29,925.4202
Nifty Midcap 150,2020-08-28,360.85,2.6,1.28,938.21
Nifty Midcap 150,2020-08-31,348.41,2.5,1.33,871.0250000000001
Nifty Midcap 150,2020-09-01,371.27,2.52,1.32,935.6003999999999
Nifty Midcap 150,2020-09-02,381.79,2.56,1.30,977.3824000000001
Nifty Midcap 150,2020-09-03,385.05,2.58,1.34,993.4290000000001
Nifty Midcap 150,2020-09-04,392.86,2.54,1.37,997.8644
Nifty Midcap 150,2020-09-07,389.48,2.52,1.37,981.4896000000001
Nifty Midcap 150,2020-09-08,443.42,2.49,1.39,1104.1158
Nifty Midcap 150,2020-09-09,440.73,2.47,1.40,1088.6031
Nifty Midcap 150,2020-09-10,454.97,2.5,1.38,1137.4250000000002
Nifty Midcap 150,2020-09-11,468.07,2.52,1.37,1179.5364
Nifty Midcap 150,2020-09-14,419.94,2.6,1.34,1091.844
Nifty Midcap 150,2020-09-15,473.77,2.61,1.33,1236.5396999999998
Nifty Midcap 150,2020-09-16,634.25,2.62,1.32,1661.7350000000001
Nifty Midcap 150,2020-09-17,786.36,2.61,1.33,2052.3995999999997
Nifty Midcap 150,2020-09-18,813.45,2.61,1.33,2123.1045
Nifty Midcap 150,2020-09-21,785.73,2.52,1.38,1980.0396
Nifty Midcap 150,2020-09-22,772.73,2.48,1.40,1916.3704
Nifty Midcap 150,2020-09-23,769.86,2.47,1.41,1901.5542000000003
Nifty Midcap 150,2020-09-24,753.63,2.42,1.44,1823.7846
Nifty Midcap 150,2020-09-25,,2.32,1.98,
Nifty Midcap 150,2020-09-28,,2.38,1.93,
Nifty Midcap 150,2020-09-29,,2.38,1.93,
Nifty Midcap 150,2020-09-30,,2.38,1.93,
Nifty Midcap 150,2020-10-01,,2.4,1.92,
Nifty Midcap 150,2020-10-05,,2.39,1.92,
Nifty Midcap 150,2020-10-06,,2.41,1.91,
Nifty Midcap 150,2020-10-07,,2.47,1.92,
Nifty Midcap 150,2020-10-08,,2.47,1.92,
Nifty Midcap 150,2020-10-09,,2.47,1.93,
Nifty Midcap 150,2020-10-12,,2.45,1.94,
Nifty Midcap 150,2020-10-13,,2.44,1.95,
Nifty Midcap 150,2020-10-14,,2.44,1.95,
Nifty Midcap 150,2020-10-15,,2.4,1.98,
Nifty Midcap 150,2020-10-16,,2.43,1.96,
Nifty Midcap 150,2020-10-19,,2.44,1.95,
Nifty Midcap 150,2020-10-20,,2.45,1.94,
Nifty Midcap 150,2020-10-21,,2.46,1.93,
Nifty Midcap 150,2020-10-22,,2.48,1.92,
Nifty Midcap 150,2020-10-23,,2.49,1.91,
Nifty Midcap 150,2020-10-26,,2.45,1.93,
Nifty Midcap 150,2020-10-27,,2.48,1.91,
Nifty Midcap 150,2020-10-28,,2.46,1.93,
Nifty Midcap 150,2020-10-29,,2.45,1.94,
Nifty Midcap 150,2020-10-30,116.29,2.46,1.93,286.0734
Nifty Midcap 150,2020-11-02,116.37,2.47,1.92,287.43390000000005
Nifty Midcap 150,2020-11-03,107.48,2.49,1.91,267.6252
Nifty Midcap 150,2020-11-04,107.85,2.5,1.90,269.625
Nifty Midcap 150,2020-11-05,109.57,2.54,1.87,278.3078
Nifty Midcap 150,2020-11-06,110.42,2.56,1.85,282.6752
Nifty Midcap 150,2020-11-09,114.21,2.58,1.84,294.66179999999997
Nifty Midcap 150,2020-11-10,108.84,2.58,1.84,280.8072
Nifty Midcap 150,2020-11-11,109.9,2.59,1.83,284.641
Nifty Midcap 150,2020-11-12,111.44,2.61,1.82,290.85839999999996
Nifty Midcap 150,2020-11-13,117.24,2.63,1.81,308.34119999999996
Nifty Midcap 150,2020-11-14,117.93,2.64,1.80,311.33520000000004
Nifty Midcap 150,2020-11-17,121.82,2.68,1.77,326.4776
Nifty Midcap 150,2020-11-18,130.94,2.71,1.75,354.8474
Nifty Midcap 150,2020-11-19,130.35,2.7,1.76,351.945
Nifty Midcap 150,2020-11-20,131.51,2.73,1.74,359.0223
Nifty Midcap 150,2020-11-23,133.05,2.76,1.72,367.218
Nifty Midcap 150,2020-11-24,134.16,2.78,1.71,372.96479999999997
Nifty Midcap 150,2020-11-25,133.15,2.75,1.73,366.1625
Nifty Midcap 150,2020-11-26,134.08,2.76,1.72,370.06080000000003
Nifty Midcap 150,2020-11-27,137.35,2.83,1.68,388.7005
Nifty Midcap 150,2020-12-01,138.56,2.86,1.66,396.28159999999997
Nifty Midcap 150,2020-12-02,139.4,2.87,1.65,400.07800000000003
Nifty Midcap 150,2020-12-03,139.97,2.89,1.65,404.5133
Nifty Midcap 150,2020-12-04,140.49,2.9,1.64,407.421
Nifty Midcap 150,2020-12-07,141.97,2.93,1.62,415.9721
Nifty Midcap 150,2020-12-08,142.09,2.93,1.62,416.32370000000003
Nifty Midcap 150,2020-12-09,142.89,2.95,1.61,421.52549999999997
Nifty Midcap 150,2020-12-10,141.84,2.92,1.63,414.1728
Nifty Midcap 150,2020-12-11,142.15,2.93,1.62,416.4995
Nifty Midcap 150,2020-12-14,142.96,2.95,1.61,421.732
Nifty Midcap 150,2020-12-15,143.37,2.96,1.61,424.3752
Nifty Midcap 150,2020-12-16,144.99,2.99,1.59,433.52010000000007
Nifty Midcap 150,2020-12-17,144.7,2.98,1.59,431.20599999999996
Nifty Midcap 150,2020-12-18,144.49,2.98,1.60,430.58020000000005
Nifty Midcap 150,2020-12-21,138.22,2.85,1.67,393.927
Nifty Midcap 150,2020-12-22,139.08,2.86,1.66,397.7688
Nifty Midcap 150,2020-12-23,142.28,2.93,1.62,416.8804
Nifty Midcap 150,2020-12-24,142.68,2.94,1.62,419.4792
Nifty Midcap 150,2020-12-28,144.16,2.97,1.60,428.15520000000004
Nifty Midcap 150,2020-12-29,144.03,2.97,1.60,427.76910000000004
Nifty Midcap 150,2020-12-30,144.52,2.98,1.60,430.6696
Nifty Midcap 150,2020-12-31,145.06,2.99,1.59,433.72940000000006
Nifty Midcap 150,2021-01-01,253.47,3.01,1.56,762.9446999999999
Nifty Midcap 150,2021-01-04,257.12,3.06,1.54,786.7872
Nifty Midcap 150,2021-01-05,259.14,3.08,1.52,798.1512
Nifty Midcap 150,2021-01-06,260.07,3.09,1.52,803.6162999999999
Nifty Midcap 150,2021-01-07,263.37,3.13,1.50,824.3480999999999
Nifty Midcap 150,2021-01-08,266.08,3.16,1.48,840.8128
Nifty Midcap 150,2021-01-11,265.7,3.16,1.49,839.612
Nifty Midcap 150,2021-01-12,266.95,3.17,1.48,846.2315
Nifty Midcap 150,2021-01-13,265.56,3.16,1.49,839.1696000000001
Nifty Midcap 150,2021-01-14,265.78,3.16,1.49,839.8648
Nifty Midcap 150,2021-01-15,262.79,3.13,1.50,822.5327000000001
Nifty Midcap 150,2021-01-18,257.85,3.07,1.53,791.5995
Nifty Midcap 150,2021-01-19,263.44,3.13,1.50,824.5672
Nifty Midcap 150,2021-01-20,263.54,3.16,1.48,832.7864000000001
Nifty Midcap 150,2021-01-21,258.71,3.13,1.50,809.7622999999999
Nifty Midcap 150,2021-01-22,257.53,3.09,1.52,795.7676999999999
Nifty Midcap 150,2021-01-25,216.4,3.07,1.53,664.348
Nifty Midcap 150,2021-01-27,77.03,3.02,1.55,232.63060000000002
Nifty Midcap 150,2021-01-28,76.35,3.0,1.56,229.04999999999998
Nifty Midcap 150,2021-01-29,75.43,3.0,1.57,226.29000000000002
Nifty Midcap 150,2021-02-01,78.21,3.09,1.52,241.66889999999998
Nifty Midcap 150,2021-02-02,72.85,3.13,1.48,228.02049999999997
Nifty Midcap 150,2021-02-03,73.81,3.18,1.46,234.71580000000003
Nifty Midcap 150,2021-02-04,74.5,3.22,1.45,239.89000000000001
Nifty Midcap 150,2021-02-05,73.63,3.19,1.46,234.87969999999999
Nifty Midcap 150,2021-02-08,71.65,3.24,1.44,232.14600000000004
Nifty Midcap 150,2021-02-09,71.0,3.24,1.44,230.04000000000002
Nifty Midcap 150,2021-02-10,70.94,3.26,1.43,231.26439999999997
Nifty Midcap 150,2021-02-11,73.28,3.26,1.42,238.8928
Nifty Midcap 150,2021-02-12,73.12,3.26,1.43,238.3712
Nifty Midcap 150,2021-02-15,72.96,3.3,1.41,240.76799999999997
Nifty Midcap 150,2021-02-16,72.35,3.32,1.40,240.20199999999997
Nifty Midcap 150,2021-02-17,72.61,3.33,1.40,241.7913
Nifty Midcap 150,2021-02-18,72.82,3.34,1.39,243.21879999999996
Nifty Midcap 150,2021-02-19,71.85,3.3,1.41,237.10499999999996
Nifty Midcap 150,2021-02-22,70.96,3.26,1.43,231.32959999999997
Nifty Midcap 150,2021-02-23,71.64,3.29,1.41,235.6956
Nifty Midcap 150,2021-02-24,72.34,3.32,1.40,240.1688
Nifty Midcap 150,2021-02-25,73.32,3.37,1.38,247.08839999999998
Nifty Midcap 150,2021-02-26,72.43,3.32,1.40,240.4676
Nifty Midcap 150,2021-03-01,73.53,3.38,1.38,248.5314
Nifty Midcap 150,2021-03-02,74.68,3.43,1.36,256.15240000000006
Nifty Midcap 150,2021-03-03,75.87,3.48,1.34,264.0276
Nifty Midcap 150,2021-03-04,76.25,3.5,1.33,266.875
Nifty Midcap 150,2021-03-05,74.76,3.43,1.36,256.4268
Nifty Midcap 150,2021-03-08,75.04,3.45,1.35,258.88800000000003
Nifty Midcap 150,2021-03-09,74.76,3.43,1.36,256.4268
Nifty Midcap 150,2021-03-10,75.33,3.46,1.34,260.6418
Nifty Midcap 150,2021-03-12,75.12,3.45,1.35,259.16400000000004
Nifty Midcap 150,2021-03-15,74.61,3.43,1.36,255.91230000000002
Nifty Midcap 150,2021-03-16,74.83,3.44,1.35,257.41519999999997
Nifty Midcap 150,2021-03-17,73.18,3.36,1.38,245.8848
Nifty Midcap 150,2021-03-18,72.16,3.31,1.40,238.84959999999998
Nifty Midcap 150,2021-03-19,72.76,3.34,1.39,243.0184
Nifty Midcap 150,2021-03-22,73.35,3.37,1.38,247.18949999999998
Nifty Midcap 150,2021-03-23,73.87,3.39,1.37,250.41930000000002
Nifty Midcap 150,2021-03-24,72.53,3.33,1.40,241.5249
Nifty Midcap 150,2021-03-25,71.22,3.27,1.42,232.8894
Nifty Midcap 150,2021-03-26,72.31,3.32,1.40,240.0692
Nifty Midcap 150,2021-03-30,73.56,3.38,1.38,248.6328
Nifty Midcap 150,2021-03-31,40.58,3.24,0.91,131.4792
Nifty Midcap 150,2021-04-01,41.21,3.29,0.89,135.5809
Nifty Midcap 150,2021-04-05,40.65,3.24,0.91,131.70600000000002
Nifty Midcap 150,2021-04-06,40.91,3.26,0.91,133.36659999999998
Nifty Midcap 150,2021-04-07,41.4,3.3,0.90,136.61999999999998
Nifty Midcap 150,2021-04-08,41.65,3.32,0.89,138.278
Nifty Midcap 150,2021-04-09,41.71,3.33,0.89,138.89430000000002
Nifty Midcap 150,2021-04-12,39.55,3.15,0.94,124.58249999999998
Nifty Midcap 150,2021-04-13,40.12,3.2,0.93,128.384
Nifty Midcap 150,2021-04-15,40.13,3.2,0.93,128.41600000000003
Nifty Midcap 150,2021-04-16,40.55,3.23,0.92,130.9765
Nifty Midcap 150,2021-04-19,39.77,3.17,0.96,126.07090000000001
Nifty Midcap 150,2021-04-20,39.86,3.18,0.96,126.7548
Nifty Midcap 150,2021-04-22,40.02,3.19,0.97,127.66380000000001
Nifty Midcap 150,2021-04-23,40.1,3.2,0.96,128.32000000000002
Nifty Midcap 150,2021-04-26,40.4,3.23,0.96,130.492
Nifty Midcap 150,2021-04-27,40.99,3.27,0.94,134.03730000000002
Nifty Midcap 150,2021-04-28,41.33,3.31,0.93,136.8023
Nifty Midcap 150,2021-04-29,41.13,3.3,0.94,135.729
Nifty Midcap 150,2021-04-30,40.95,3.29,0.94,134.7255
Nifty Midcap 150,2021-05-03,39.73,3.3,0.94,131.10899999999998
Nifty Midcap 150,2021-05-04,39.37,3.29,0.94,129.5273
Nifty Midcap 150,2021-05-05,39.72,3.32,0.93,131.8704
Nifty Midcap 150,2021-05-06,40.01,3.34,0.89,133.6334
Nifty Midcap 150,2021-05-07,39.59,3.33,0.89,131.83470000000003
Nifty Midcap 150,2021-05-10,39.81,3.35,0.89,133.36350000000002
Nifty Midcap 150,2021-05-11,40.17,3.38,0.88,135.7746
Nifty Midcap 150,2021-05-12,39.86,3.36,0.89,133.9296
Nifty Midcap 150,2021-05-14,39.28,3.31,0.90,130.01680000000002
Nifty Midcap 150,2021-05-17,39.17,3.36,0.92,131.6112
Nifty Midcap 150,2021-05-18,39.52,3.42,0.91,135.1584
Nifty Midcap 150,2021-05-19,39.31,3.42,0.85,134.4402
Nifty Midcap 150,2021-05-20,37.74,3.41,0.85,128.69340000000003
Nifty Midcap 150,2021-05-21,37.86,3.44,0.84,130.23839999999998
Nifty Midcap 150,2021-05-24,36.92,3.46,0.84,127.7432
Nifty Midcap 150,2021-05-25,36.9,3.46,0.84,127.67399999999999
Nifty Midcap 150,2021-05-26,36.89,3.47,0.84,128.00830000000002
Nifty Midcap 150,2021-05-27,37.01,3.48,0.83,128.79479999999998
Nifty Midcap 150,2021-05-28,36.93,3.48,0.86,128.5164
Nifty Midcap 150,2021-05-31,36.98,3.5,0.85,129.42999999999998
Nifty Midcap 150,2021-06-01,36.21,3.49,0.86,126.37290000000002
Nifty Midcap 150,2021-06-02,36.7,3.54,0.84,129.918
Nifty Midcap 150,2021-06-03,36.99,3.57,0.84,132.0543
Nifty Midcap 150,2021-06-04,37.24,3.59,0.84,133.6916
Nifty Midcap 150,2021-06-07,37.67,3.64,0.83,137.11880000000002
Nifty Midcap 150,2021-06-08,37.39,3.66,0.82,136.8474
Nifty Midcap 150,2021-06-09,36.76,3.63,0.83,133.4388
Nifty Midcap 150,2021-06-10,37.26,3.69,0.82,137.4894
Nifty Midcap 150,2021-06-11,36.99,3.7,0.82,136.86300000000003
Nifty Midcap 150,2021-06-14,36.84,3.69,0.83,135.9396
Nifty Midcap 150,2021-06-15,36.56,3.71,0.82,135.63760000000002
Nifty Midcap 150,2021-06-16,36.2,3.67,0.84,132.854
Nifty Midcap 150,2021-06-17,34.68,3.64,0.89,126.2352
Nifty Midcap 150,2021-06-18,34.37,3.56,0.90,122.35719999999999
Nifty Midcap 150,2021-06-21,34.57,3.59,0.90,124.10629999999999
Nifty Midcap 150,2021-06-22,34.45,3.59,0.89,123.6755
Nifty Midcap 150,2021-06-23,34.53,3.59,0.88,123.9627
Nifty Midcap 150,2021-06-24,34.31,3.58,0.89,122.8298
Nifty Midcap 150,2021-06-25,34.62,3.61,0.88,124.97819999999999
Nifty Midcap 150,2021-06-28,34.79,3.63,0.87,126.28769999999999
Nifty Midcap 150,2021-06-29,34.49,3.61,0.85,124.5089
Nifty Midcap 150,2021-06-30,34.55,3.59,0.84,124.03449999999998
Nifty Midcap 150,2021-07-01,34.49,3.58,0.87,123.47420000000001
Nifty Midcap 150,2021-07-02,34.7,3.6,0.84,124.92000000000002
Nifty Midcap 150,2021-07-05,33.86,3.62,0.85,122.5732
Nifty Midcap 150,2021-07-06,33.89,3.62,0.85,122.68180000000001
Nifty Midcap 150,2021-07-07,34.04,3.64,0.84,123.9056
Nifty Midcap 150,2021-07-08,33.91,3.62,0.85,122.7542
Nifty Midcap 150,2021-07-09,34.06,3.64,0.85,123.97840000000001
Nifty Midcap 150,2021-07-12,34.21,3.66,0.85,125.2086
Nifty Midcap 150,2021-07-13,34.31,3.67,0.85,125.91770000000001
Nifty Midcap 150,2021-07-14,34.42,3.68,0.81,126.66560000000001
Nifty Midcap 150,2021-07-15,34.5,3.69,0.83,127.30499999999999
Nifty Midcap 150,2021-07-16,34.58,3.7,0.82,127.946
Nifty Midcap 150,2021-07-19,34.34,3.68,0.83,126.37120000000002
Nifty Midcap 150,2021-07-20,33.87,3.63,0.84,122.94809999999998
Nifty Midcap 150,2021-07-22,34.23,3.67,0.84,125.62409999999998
Nifty Midcap 150,2021-07-23,34.2,3.56,0.84,121.75200000000001
Nifty Midcap 150,2021-07-26,34.12,3.51,0.83,119.76119999999999
Nifty Midcap 150,2021-07-27,33.96,3.49,0.84,118.52040000000001
Nifty Midcap 150,2021-07-28,34.54,3.47,0.85,119.8538
Nifty Midcap 150,2021-07-29,34.55,3.5,0.84,120.92499999999998
Nifty Midcap 150,2021-07-30,34.6,3.53,0.84,122.138
Nifty Midcap 150,2021-08-02,35.01,3.58,0.83,125.33579999999999
Nifty Midcap 150,2021-08-03,35.2,3.58,0.83,126.01600000000002
Nifty Midcap 150,2021-08-04,35.14,3.55,0.84,124.747
Nifty Midcap 150,2021-08-05,35.13,3.55,0.84,124.7115
Nifty Midcap 150,2021-08-06,35.09,3.55,0.84,124.5695
Nifty Midcap 150,2021-08-09,34.56,3.53,0.84,121.99680000000001
Nifty Midcap 150,2021-08-10,32.2,3.48,0.87,112.05600000000001
Nifty Midcap 150,2021-08-11,31.89,3.46,0.89,110.3394
Nifty Midcap 150,2021-08-12,31.56,3.5,0.89,110.46
Nifty Midcap 150,2021-08-13,31.4,3.49,0.90,109.586
Nifty Midcap 150,2021-08-16,30.59,3.48,0.90,106.4532
Nifty Midcap 150,2021-08-17,27.49,3.47,0.89,95.3903
Nifty Midcap 150,2021-08-18,27.54,3.48,0.89,95.83919999999999
Nifty Midcap 150,2021-08-20,27.03,3.42,0.91,92.4426
Nifty Midcap 150,2021-08-23,26.82,3.39,0.92,90.91980000000001
Nifty Midcap 150,2021-08-24,27.15,3.43,0.91,93.1245
Nifty Midcap 150,2021-08-25,27.26,3.45,0.91,94.04700000000001
Nifty Midcap 150,2021-08-26,27.31,3.45,0.90,94.2195
Nifty Midcap 150,2021-08-27,27.57,3.49,0.89,96.2193
Nifty Midcap 150,2021-08-30,28.02,3.53,0.87,98.91059999999999
Nifty Midcap 150,2021-08-31,28.2,3.52,0.89,99.264
Nifty Midcap 150,2021-09-01,28.38,3.53,0.88,100.1814
Nifty Midcap 150,2021-09-02,28.6,3.56,0.89,101.816
Nifty Midcap 150,2021-09-03,28.72,3.57,0.89,102.53039999999999
Nifty Midcap 150,2021-09-06,28.85,3.59,0.88,103.5715
Nifty Midcap 150,2021-09-07,28.79,3.58,0.88,103.0682
Nifty Midcap 150,2021-09-08,28.9,3.59,0.89,103.75099999999999
Nifty Midcap 150,2021-09-09,29.0,3.61,0.88,104.69
Nifty Midcap 150,2021-09-13,29.16,3.63,0.91,105.85079999999999
Nifty Midcap 150,2021-09-14,29.51,3.67,0.90,108.3017
Nifty Midcap 150,2021-09-15,29.8,3.71,0.89,110.558
Nifty Midcap 150,2021-09-16,29.92,3.72,0.91,111.3024
Nifty Midcap 150,2021-09-17,29.53,3.67,0.90,108.3751
Nifty Midcap 150,2021-09-20,28.97,3.6,0.94,104.292
Nifty Midcap 150,2021-09-21,29.11,3.62,0.93,105.3782
Nifty Midcap 150,2021-09-22,29.53,3.67,0.92,108.3751
Nifty Midcap 150,2021-09-23,29.91,3.72,0.90,111.26520000000001
Nifty Midcap 150,2021-09-24,29.71,3.56,0.91,105.7676
Nifty Midcap 150,2021-09-27,29.68,3.55,0.91,105.36399999999999
Nifty Midcap 150,2021-09-28,29.49,3.52,0.92,103.8048
Nifty Midcap 150,2021-09-29,29.74,3.55,0.91,105.57699999999998
Nifty Midcap 150,2021-09-30,33.01,3.89,0.90,128.4089
Nifty Midcap 150,2021-10-01,33.04,3.9,0.90,128.856
Nifty Midcap 150,2021-10-04,33.55,3.96,0.89,132.85799999999998
Nifty Midcap 150,2021-10-05,33.7,3.98,0.89,134.126
Nifty Midcap 150,2021-10-06,33.41,3.94,0.89,131.63539999999998
Nifty Midcap 150,2021-10-07,34.03,4.01,0.88,136.4603
Nifty Midcap 150,2021-10-08,34.2,4.03,0.87,137.82600000000002
Nifty Midcap 150,2021-10-11,34.39,4.06,0.87,139.62339999999998
Nifty Midcap 150,2021-10-12,34.5,4.07,0.86,140.41500000000002
Nifty Midcap 150,2021-10-13,34.93,4.12,0.85,143.9116
Nifty Midcap 150,2021-10-14,35.14,4.15,0.85,145.83100000000002
Nifty Midcap 150,2021-10-18,35.46,4.19,0.84,148.5774
Nifty Midcap 150,2021-10-19,34.77,4.2,0.86,146.03400000000002
Nifty Midcap 150,2021-10-20,34.06,4.11,0.87,139.9866
Nifty Midcap 150,2021-10-21,33.84,4.09,0.88,138.40560000000002
Nifty Midcap 150,2021-10-22,33.58,4.06,0.89,136.33479999999997
Nifty Midcap 150,2021-10-25,33.15,3.99,0.90,132.2685
Nifty Midcap 150,2021-10-26,33.53,4.06,0.89,136.1318
Nifty Midcap 150,2021-10-27,33.46,4.06,0.86,135.8476
Nifty Midcap 150,2021-10-28,32.61,4.0,0.87,130.44
Nifty Midcap 150,2021-10-29,31.61,4.02,0.88,127.07219999999998
Nifty Midcap 150,2021-11-01,31.88,4.09,0.87,130.3892
Nifty Midcap 150,2021-11-02,31.9,4.12,0.87,131.428
Nifty Midcap 150,2021-11-03,31.67,4.11,0.86,130.1637
Nifty Midcap 150,2021-11-04,31.95,4.15,0.85,132.5925
Nifty Midcap 150,2021-11-08,32.06,4.2,0.84,134.65200000000002
Nifty Midcap 150,2021-11-09,32.36,4.24,0.84,137.2064
Nifty Midcap 150,2021-11-10,32.24,4.22,0.85,136.0528
Nifty Midcap 150,2021-11-11,32.04,4.2,0.87,134.568
Nifty Midcap 150,2021-11-12,32.01,4.22,0.86,135.08219999999997
Nifty Midcap 150,2021-11-15,31.79,4.23,0.83,134.4717
Nifty Midcap 150,2021-11-16,31.39,4.22,0.83,132.4658
Nifty Midcap 150,2021-11-17,31.27,4.2,0.87,131.334
Nifty Midcap 150,2021-11-18,30.81,4.14,0.87,127.55339999999998
Nifty Midcap 150,2021-11-22,29.92,4.03,0.90,120.57760000000002
Nifty Midcap 150,2021-11-23,30.38,4.09,0.86,124.2542
Nifty Midcap 150,2021-11-24,30.29,4.08,0.90,123.5832
Nifty Midcap 150,2021-11-25,30.43,4.1,0.89,124.76299999999999
Nifty Midcap 150,2021-11-26,29.53,3.97,0.92,117.23410000000001
Nifty Midcap 150,2021-11-29,29.22,3.93,0.93,114.8346
Nifty Midcap 150,2021-11-30,29.5,3.97,0.92,117.11500000000001
Nifty Midcap 150,2021-12-01,29.74,4.01,0.91,119.25739999999999
Nifty Midcap 150,2021-12-02,30.09,4.05,0.90,121.86449999999999
Nifty Midcap 150,2021-12-03,30.04,4.04,0.90,121.3616
Nifty Midcap 150,2021-12-06,29.65,3.99,0.91,118.3035
Nifty Midcap 150,2021-12-07,30.0,4.04,0.90,121.2
Nifty Midcap 150,2021-12-08,30.45,4.1,0.89,124.84499999999998
Nifty Midcap 150,2021-12-09,30.63,4.12,0.89,126.1956
Nifty Midcap 150,2021-12-10,30.83,4.15,0.88,127.9445
Nifty Midcap 150,2021-12-13,30.82,4.15,0.88,127.903
Nifty Midcap 150,2021-12-14,30.73,4.14,0.91,127.22219999999999
Nifty Midcap 150,2021-12-15,30.56,4.12,0.91,125.9072
Nifty Midcap 150,2021-12-16,30.37,4.09,0.92,124.2133
Nifty Midcap 150,2021-12-17,29.76,4.01,0.93,119.3376
Nifty Midcap 150,2021-12-20,28.75,3.87,0.96,111.2625
Nifty Midcap 150,2021-12-21,29.12,3.92,0.95,114.1504
Nifty Midcap 150,2021-12-22,29.56,3.98,0.94,117.6488
Nifty Midcap 150,2021-12-23,29.81,4.01,0.93,119.53809999999999
Nifty Midcap 150,2021-12-24,29.52,3.97,0.94,117.1944
Nifty Midcap 150,2021-12-27,29.61,3.99,0.93,118.1439
Nifty Midcap 150,2021-12-28,29.95,4.03,0.92,120.69850000000001
Nifty Midcap 150,2021-12-29,29.99,4.04,0.92,121.1596
Nifty Midcap 150,2021-12-30,29.95,4.03,0.92,120.69850000000001
Nifty Midcap 150,2021-12-31,30.54,4.11,0.91,125.5194
Nifty Midcap 150,2022-01-03,30.88,4.16,0.90,128.4608
Nifty Midcap 150,2022-01-04,30.96,4.17,0.89,129.10320000000002
Nifty Midcap 150,2022-01-05,30.97,4.17,0.89,129.1449
Nifty Midcap 150,2022-01-06,30.95,4.17,0.89,129.0615
Nifty Midcap 150,2022-01-07,31.06,4.18,0.89,129.83079999999998
Nifty Midcap 150,2022-01-10,31.27,4.21,0.88,131.6467
Nifty Midcap 150,2022-01-11,31.32,4.22,0.88,132.1704
Nifty Midcap 150,2022-01-12,31.69,4.27,0.87,135.31629999999998
Nifty Midcap 150,2022-01-13,31.85,4.29,0.87,136.6365
Nifty Midcap 150,2022-01-14,31.84,4.29,0.87,136.5936
Nifty Midcap 150,2022-01-17,31.92,4.3,0.87,137.256
Nifty Midcap 150,2022-01-18,31.32,4.22,0.88,132.1704
Nifty Midcap 150,2022-01-19,31.27,4.21,0.88,131.6467
Nifty Midcap 150,2022-01-20,31.16,4.2,0.89,130.872
Nifty Midcap 150,2022-01-21,30.46,4.11,0.90,125.19060000000002
Nifty Midcap 150,2022-01-24,29.31,3.96,0.94,116.0676
Nifty Midcap 150,2022-01-25,29.92,4.0,0.93,119.68
Nifty Midcap 150,2022-01-27,29.65,3.95,0.95,117.11749999999999
Nifty Midcap 150,2022-01-28,29.94,4.0,0.94,119.76
Nifty Midcap 150,2022-01-31,30.24,4.06,0.92,122.77439999999999
Nifty Midcap 150,2022-02-01,30.55,4.11,0.91,125.56050000000002
Nifty Midcap 150,2022-02-02,30.9,4.15,0.89,128.235
Nifty Midcap 150,2022-02-03,30.54,4.11,0.91,125.5194
Nifty Midcap 150,2022-02-04,30.12,4.08,0.90,122.8896
Nifty Midcap 150,2022-02-07,29.77,4.04,0.92,120.2708
Nifty Midcap 150,2022-02-08,29.16,4.01,0.91,116.93159999999999
Nifty Midcap 150,2022-02-09,29.11,4.06,0.90,118.18659999999998
Nifty Midcap 150,2022-02-10,29.24,4.07,0.92,119.0068
Nifty Midcap 150,2022-02-11,28.53,3.99,0.93,113.83470000000001
Nifty Midcap 150,2022-02-14,27.37,3.83,0.97,104.8271
Nifty Midcap 150,2022-02-15,27.82,3.93,0.98,109.3326
Nifty Midcap 150,2022-02-16,27.84,3.93,0.97,109.41120000000001
Nifty Midcap 150,2022-02-17,27.79,3.92,1.00,108.93679999999999
Nifty Midcap 150,2022-02-18,27.55,3.88,1.01,106.894
Nifty Midcap 150,2022-02-21,27.23,3.84,1.04,104.5632
Nifty Midcap 150,2022-02-22,26.97,3.8,1.06,102.48599999999999
Nifty Midcap 150,2022-02-23,27.07,3.82,1.05,103.4074
Nifty Midcap 150,2022-02-24,25.61,3.61,1.11,92.4521
Nifty Midcap 150,2022-02-25,26.61,3.75,1.11,99.7875
Nifty Midcap 150,2022-02-28,26.83,3.78,1.10,101.41739999999999
Nifty Midcap 150,2022-03-02,26.77,3.77,1.10,100.9229
Nifty Midcap 150,2022-03-03,26.7,3.76,1.11,100.392
Nifty Midcap 150,2022-03-04,26.15,3.69,1.13,96.4935
Nifty Midcap 150,2022-03-07,25.58,3.6,1.15,92.088
Nifty Midcap 150,2022-03-08,25.85,3.64,1.13,94.09400000000001
Nifty Midcap 150,2022-03-09,26.37,3.72,1.11,98.0964
Nifty Midcap 150,2022-03-10,26.65,3.76,1.10,100.204
Nifty Midcap 150,2022-03-11,26.79,3.78,1.11,101.2662
Nifty Midcap 150,2022-03-14,26.83,3.78,1.11,101.41739999999999
Nifty Midcap 150,2022-03-15,26.61,3.75,1.12,99.7875
Nifty Midcap 150,2022-03-16,27.13,3.82,1.09,103.63659999999999
Nifty Midcap 150,2022-03-17,27.46,3.87,1.08,106.2702
Nifty Midcap 150,2022-03-21,27.43,3.86,1.00,105.87979999999999
Nifty Midcap 150,2022-03-22,27.47,3.87,0.99,106.3089
Nifty Midcap 150,2022-03-23,27.56,3.88,0.98,106.93279999999999
Nifty Midcap 150,2022-03-24,27.71,3.9,0.98,108.069
Nifty Midcap 150,2022-03-25,27.65,3.9,0.99,107.835
Nifty Midcap 150,2022-03-28,27.6,3.89,0.99,107.364
Nifty Midcap 150,2022-03-29,27.77,3.91,0.98,108.58070000000001
Nifty Midcap 150,2022-03-30,28.02,3.95,0.97,110.679
Nifty Midcap 150,2022-03-31,27.14,3.83,1.00,103.9462
Nifty Midcap 150,2022-04-01,27.48,3.88,0.99,106.6224
Nifty Midcap 150,2022-04-04,27.89,3.94,0.97,109.8866
Nifty Midcap 150,2022-04-05,28.3,4.0,0.95,113.2
Nifty Midcap 150,2022-04-06,28.43,4.02,0.95,114.28859999999999
Nifty Midcap 150,2022-04-07,28.18,3.98,0.95,112.1564
Nifty Midcap 150,2022-04-08,28.44,4.02,0.95,114.32879999999999
Nifty Midcap 150,2022-04-11,28.64,4.05,0.94,115.99199999999999
Nifty Midcap 150,2022-04-12,28.12,3.97,0.98,111.63640000000001
Nifty Midcap 150,2022-04-13,28.1,3.97,0.98,111.55700000000002
Nifty Midcap 150,2022-04-18,27.78,3.93,0.99,109.17540000000001
Nifty Midcap 150,2022-04-19,27.44,3.88,0.99,106.4672
Nifty Midcap 150,2022-04-20,27.62,3.9,0.98,107.718
Nifty Midcap 150,2022-04-21,27.9,3.94,0.97,109.92599999999999
Nifty Midcap 150,2022-04-22,27.66,3.91,0.98,108.15060000000001
Nifty Midcap 150,2022-04-25,27.13,3.84,1.00,104.1792
Nifty Midcap 150,2022-04-26,27.51,3.89,0.98,107.0139
Nifty Midcap 150,2022-04-27,27.28,3.86,0.99,105.3008
Nifty Midcap 150,2022-04-28,27.4,3.88,0.99,106.312
Nifty Midcap 150,2022-04-29,27.11,3.86,0.99,104.6446
Nifty Midcap 150,2022-05-02,26.85,3.84,1.00,103.104
Nifty Midcap 150,2022-05-04,25.39,3.72,1.02,94.4508
Nifty Midcap 150,2022-05-05,25.37,3.72,1.02,94.3764
Nifty Midcap 150,2022-05-06,24.93,3.66,1.04,91.24380000000001
Nifty Midcap 150,2022-05-09,24.44,3.59,1.05,87.7396
Nifty Midcap 150,2022-05-10,23.71,3.53,1.08,83.6963
Nifty Midcap 150,2022-05-11,23.55,3.5,1.08,82.425
Nifty Midcap 150,2022-05-12,23.13,3.43,1.11,79.3359
Nifty Midcap 150,2022-05-13,23.37,3.46,1.12,80.8602
Nifty Midcap 150,2022-05-16,23.65,3.51,1.11,83.01149999999998
Nifty Midcap 150,2022-05-17,24.06,3.59,1.05,86.3754
Nifty Midcap 150,2022-05-18,24.04,3.59,1.05,86.30359999999999
Nifty Midcap 150,2022-05-19,23.4,3.49,1.08,81.666
Nifty Midcap 150,2022-05-20,23.67,3.56,1.06,84.26520000000001
Nifty Midcap 150,2022-05-23,23.74,3.55,1.07,84.27699999999999
Nifty Midcap 150,2022-05-24,23.35,3.53,1.07,82.4255
Nifty Midcap 150,2022-05-25,22.87,3.45,1.10,78.90150000000001
Nifty Midcap 150,2022-05-26,23.1,3.49,1.08,80.61900000000001
Nifty Midcap 150,2022-05-27,23.27,3.53,1.07,82.14309999999999
Nifty Midcap 150,2022-05-30,23.88,3.61,1.05,86.20679999999999
Nifty Midcap 150,2022-05-31,23.74,3.62,1.05,85.9388
Nifty Midcap 150,2022-06-01,23.83,3.63,1.05,86.5029
Nifty Midcap 150,2022-06-02,24.0,3.65,1.05,87.6
Nifty Midcap 150,2022-06-03,23.69,3.59,1.06,85.0471
Nifty Midcap 150,2022-06-06,23.64,3.59,1.07,84.8676
Nifty Midcap 150,2022-06-07,23.49,3.56,1.08,83.6244
Nifty Midcap 150,2022-06-08,23.4,3.55,1.09,83.07
Nifty Midcap 150,2022-06-09,23.49,3.56,1.10,83.6244
Nifty Midcap 150,2022-06-10,23.33,3.54,1.12,82.5882
Nifty Midcap 150,2022-06-13,22.69,3.44,1.15,78.0536
Nifty Midcap 150,2022-06-14,22.71,3.43,1.15,77.8953
Nifty Midcap 150,2022-06-15,22.79,3.44,1.21,78.3976
Nifty Midcap 150,2022-06-16,22.28,3.37,1.24,75.0836
Nifty Midcap 150,2022-06-17,22.03,3.33,1.21,73.35990000000001
Nifty Midcap 150,2022-06-20,21.59,3.26,1.23,70.3834
Nifty Midcap 150,2022-06-21,22.26,3.36,1.20,74.7936
Nifty Midcap 150,2022-06-22,21.93,3.31,1.24,72.5883
Nifty Midcap 150,2022-06-23,22.19,3.35,1.23,74.3365
Nifty Midcap 150,2022-06-24,22.49,3.4,1.20,76.466
Nifty Midcap 150,2022-06-27,22.72,3.43,1.19,77.9296
Nifty Midcap 150,2022-06-28,22.81,3.45,1.19,78.6945
Nifty Midcap 150,2022-06-29,22.76,3.44,1.19,78.29440000000001
Nifty Midcap 150,2022-06-30,22.75,3.44,1.20,78.26
Nifty Midcap 150,2022-07-01,22.83,3.45,1.16,78.7635
Nifty Midcap 150,2022-07-04,22.98,3.47,1.18,79.7406
Nifty Midcap 150,2022-07-05,22.95,3.47,1.20,79.6365
Nifty Midcap 150,2022-07-06,23.36,3.53,1.18,82.46079999999999
Nifty Midcap 150,2022-07-07,23.67,3.57,1.21,84.5019
Nifty Midcap 150,2022-07-08,23.72,3.47,1.11,82.3084
Nifty Midcap 150,2022-07-11,23.96,3.5,1.10,83.86
Nifty Midcap 150,2022-07-12,23.83,3.48,1.13,82.9284
Nifty Midcap 150,2022-07-13,23.85,3.48,1.13,82.998
Nifty Midcap 150,2022-07-14,23.83,3.48,1.15,82.9284
Nifty Midcap 150,2022-07-15,23.98,3.5,1.13,83.93
Nifty Midcap 150,2022-07-18,24.19,3.55,1.11,85.8745
Nifty Midcap 150,2022-07-19,24.37,3.58,1.10,87.2446
Nifty Midcap 150,2022-07-20,24.4,3.58,1.14,87.35199999999999
Nifty Midcap 150,2022-07-21,24.7,3.63,1.13,89.661
Nifty Midcap 150,2022-07-22,24.71,3.63,1.12,89.6973
Nifty Midcap 150,2022-07-25,24.63,3.63,1.13,89.4069
Nifty Midcap 150,2022-07-26,24.32,3.57,1.14,86.8224
Nifty Midcap 150,2022-07-27,24.36,3.6,1.13,87.696
Nifty Midcap 150,2022-07-28,24.44,3.63,1.12,88.7172
Nifty Midcap 150,2022-07-29,24.69,3.68,1.10,90.85920000000002
Nifty Midcap 150,2022-08-01,24.53,3.74,1.09,91.74220000000001
Nifty Midcap 150,2022-08-02,24.35,3.75,1.11,91.3125
Nifty Midcap 150,2022-08-03,24.18,3.73,1.11,90.1914
Nifty Midcap 150,2022-08-04,24.3,3.75,1.12,91.125
Nifty Midcap 150,2022-08-05,24.37,3.77,1.12,91.87490000000001
Nifty Midcap 150,2022-08-08,24.38,3.74,1.14,91.1812
Nifty Midcap 150,2022-08-10,26.04,3.74,1.14,97.3896
Nifty Midcap 150,2022-08-11,25.89,3.72,1.13,96.3108
Nifty Midcap 150,2022-08-12,25.82,3.73,1.12,96.3086
Nifty Midcap 150,2022-08-16,25.93,3.78,1.09,98.0154
Nifty Midcap 150,2022-08-17,26.0,3.77,1.10,98.02
Nifty Midcap 150,2022-08-18,26.04,3.76,1.10,97.9104
Nifty Midcap 150,2022-08-19,25.72,3.71,1.13,95.4212
Nifty Midcap 150,2022-08-22,25.24,3.65,1.20,92.12599999999999
Nifty Midcap 150,2022-08-23,25.48,3.68,1.18,93.7664
Nifty Midcap 150,2022-08-24,25.55,3.7,1.17,94.53500000000001
Nifty Midcap 150,2022-08-25,25.58,3.71,1.17,94.9018
Nifty Midcap 150,2022-08-26,25.68,3.72,1.17,95.5296
Nifty Midcap 150,2022-08-29,25.46,3.69,1.17,93.9474
Nifty Midcap 150,2022-08-30,26.0,3.74,1.15,97.24000000000001
Nifty Midcap 150,2022-09-01,26.06,3.75,1.14,97.725
Nifty Midcap 150,2022-09-02,26.0,3.74,1.14,97.24000000000001
Nifty Midcap 150,2022-09-05,26.14,3.76,1.13,98.2864
Nifty Midcap 150,2022-09-06,26.23,3.78,1.13,99.1494
Nifty Midcap 150,2022-09-07,26.38,3.8,1.12,100.24399999999999
Nifty Midcap 150,2022-09-08,26.47,3.81,1.11,100.8507
Nifty Midcap 150,2022-09-09,26.57,3.82,1.11,101.4974
Nifty Midcap 150,2022-09-12,26.79,3.86,1.10,103.40939999999999
Nifty Midcap 150,2022-09-13,26.83,3.86,1.07,103.56379999999999
Nifty Midcap 150,2022-09-14,26.74,3.85,1.07,102.949
Nifty Midcap 150,2022-09-15,26.82,3.86,1.12,103.5252
Nifty Midcap 150,2022-09-16,26.14,3.76,1.11,98.2864
Nifty Midcap 150,2022-09-19,26.15,3.76,1.13,98.32399999999998
Nifty Midcap 150,2022-09-20,26.53,3.82,1.12,101.3446
Nifty Midcap 150,2022-09-21,26.35,3.79,1.12,99.8665
Nifty Midcap 150,2022-09-22,26.44,3.8,1.12,100.472
Nifty Midcap 150,2022-09-23,25.88,3.72,1.14,96.2736
Nifty Midcap 150,2022-09-26,25.11,3.61,1.17,90.6471
Nifty Midcap 150,2022-09-27,25.13,3.62,1.17,90.9706
Nifty Midcap 150,2022-09-28,25.06,3.61,1.17,90.46659999999999
Nifty Midcap 150,2022-09-29,25.17,3.62,1.17,91.11540000000001
Nifty Midcap 150,2022-09-30,24.69,3.26,1.22,80.4894
Nifty Midcap 150,2022-10-03,24.43,3.23,1.23,78.9089
Nifty Midcap 150,2022-10-04,24.98,3.3,1.21,82.434
Nifty Midcap 150,2022-10-06,25.28,3.34,1.19,84.4352
Nifty Midcap 150,2022-10-07,25.22,3.33,1.19,83.9826
Nifty Midcap 150,2022-10-10,24.99,3.3,1.21,82.46699999999998
Nifty Midcap 150,2022-10-11,24.59,3.25,1.23,79.9175
Nifty Midcap 150,2022-10-12,24.73,3.27,1.22,80.86710000000001
Nifty Midcap 150,2022-10-13,24.57,3.25,1.23,79.8525
Nifty Midcap 150,2022-10-14,24.56,3.24,1.23,79.5744
Nifty Midcap 150,2022-10-17,24.6,3.25,1.22,79.95
Nifty Midcap 150,2022-10-18,24.74,3.28,1.21,81.14719999999998
Nifty Midcap 150,2022-10-19,24.72,3.28,1.21,81.0816
Nifty Midcap 150,2022-10-20,24.62,3.28,1.21,80.75359999999999
Nifty Midcap 150,2022-10-21,24.48,3.26,1.22,79.8048
Nifty Midcap 150,2022-10-24,24.62,3.27,1.21,80.5074
Nifty Midcap 150,2022-10-25,24.23,3.28,1.21,79.4744
Nifty Midcap 150,2022-10-27,24.38,3.3,1.20,80.454
Nifty Midcap 150,2022-10-28,24.23,3.28,1.21,79.4744
Nifty Midcap 150,2022-10-31,24.45,3.32,1.19,81.17399999999999
Nifty Midcap 150,2022-11-01,24.66,3.35,1.19,82.611
Nifty Midcap 150,2022-11-02,24.69,3.35,1.18,82.7115
Nifty Midcap 150,2022-11-03,24.81,3.35,1.18,83.1135
Nifty Midcap 150,2022-11-04,25.66,3.35,1.18,85.961
Nifty Midcap 150,2022-11-07,25.83,3.38,1.21,87.30539999999999
Nifty Midcap 150,2022-11-09,25.67,3.35,1.16,85.9945
Nifty Midcap 150,2022-11-10,25.41,3.32,1.17,84.3612
Nifty Midcap 150,2022-11-11,25.42,3.33,1.15,84.6486
Nifty Midcap 150,2022-11-14,25.88,3.33,1.14,86.18039999999999
Nifty Midcap 150,2022-11-15,26.0,3.33,1.15,86.58
Nifty Midcap 150,2022-11-16,25.85,3.31,1.15,85.5635
Nifty Midcap 150,2022-11-17,25.73,3.29,1.14,84.6517
Nifty Midcap 150,2022-11-18,25.57,3.28,1.15,83.86959999999999
Nifty Midcap 150,2022-11-21,25.56,3.28,1.21,83.8368
Nifty Midcap 150,2022-11-22,25.65,3.29,1.21,84.3885
Nifty Midcap 150,2022-11-23,25.7,3.3,1.22,84.80999999999999
Nifty Midcap 150,2022-11-24,25.8,3.31,1.21,85.39800000000001
Nifty Midcap 150,2022-11-25,26.03,3.34,1.19,86.9402
Nifty Midcap 150,2022-11-28,26.21,3.36,1.19,88.0656
Nifty Midcap 150,2022-11-29,26.07,3.35,1.19,87.3345
Nifty Midcap 150,2022-11-30,26.31,3.38,1.18,88.92779999999999
Nifty Midcap 150,2022-12-01,26.51,3.4,1.17,90.134
Nifty Midcap 150,2022-12-02,26.73,3.43,1.16,91.68390000000001
Nifty Midcap 150,2022-12-05,26.75,3.44,1.16,92.02
Nifty Midcap 150,2022-12-06,26.62,3.42,1.17,91.0404
Nifty Midcap 150,2022-12-07,26.49,3.4,1.17,90.06599999999999
Nifty Midcap 150,2022-12-08,26.62,3.42,1.17,91.0404
Nifty Midcap 150,2022-12-09,26.5,3.4,1.17,90.1
Nifty Midcap 150,2022-12-12,26.58,3.41,1.17,90.6378
Nifty Midcap 150,2022-12-13,26.69,3.43,1.16,91.54670000000002
Nifty Midcap 150,2022-12-14,26.86,3.45,1.13,92.667
Nifty Midcap 150,2022-12-15,26.62,3.42,1.14,91.0404
Nifty Midcap 150,2022-12-16,26.24,3.37,1.16,88.4288
Nifty Midcap 150,2022-12-19,26.36,3.39,1.15,89.3604
Nifty Midcap 150,2022-12-20,26.32,3.38,1.15,88.9616
Nifty Midcap 150,2022-12-21,25.9,3.33,1.17,86.247
Nifty Midcap 150,2022-12-22,25.66,3.3,1.18,84.678
Nifty Midcap 150,2022-12-23,24.76,3.18,1.23,78.7368
Nifty Midcap 150,2022-12-26,25.38,3.26,1.20,82.7388
Nifty Midcap 150,2022-12-27,25.61,3.29,1.18,84.2569
Nifty Midcap 150,2022-12-28,25.7,3.3,1.18,84.80999999999999
Nifty Midcap 150,2022-12-29,25.73,3.31,1.18,85.1663
Nifty Midcap 150,2022-12-30,26.12,3.36,1.16,87.7632
Nifty Midcap 150,2023-01-02,26.31,3.39,1.15,89.1909
Nifty Midcap 150,2023-01-03,26.36,3.39,1.16,89.3604
Nifty Midcap 150,2023-01-04,26.12,3.36,1.17,87.7632
Nifty Midcap 150,2023-01-05,26.22,3.38,1.17,88.6236
Nifty Midcap 150,2023-01-06,26.04,3.35,1.18,87.234
Nifty Midcap 150,2023-01-09,26.26,3.38,1.17,88.75880000000001
Nifty Midcap 150,2023-01-10,26.15,3.37,1.17,88.1255
Nifty Midcap 150,2023-01-11,26.07,3.36,1.18,87.59519999999999
Nifty Midcap 150,2023-01-12,26.01,3.35,1.18,87.13350000000001
Nifty Midcap 150,2023-01-13,26.0,3.35,1.18,87.10000000000001
Nifty Midcap 150,2023-01-16,26.16,3.34,1.18,87.3744
Nifty Midcap 150,2023-01-17,26.03,3.34,1.18,86.9402
Nifty Midcap 150,2023-01-18,26.14,3.35,1.18,87.569
Nifty Midcap 150,2023-01-19,26.1,3.35,1.18,87.435
Nifty Midcap 150,2023-01-20,25.89,3.32,1.19,85.95479999999999
Nifty Midcap 150,2023-01-23,25.84,3.33,1.19,86.0472
Nifty Midcap 150,2023-01-24,25.55,3.32,1.19,84.826
Nifty Midcap 150,2023-01-25,25.26,3.28,1.22,82.8528
Nifty Midcap 150,2023-01-27,24.88,3.24,1.23,80.6112
Nifty Midcap 150,2023-01-30,24.82,3.23,1.25,80.1686
Nifty Midcap 150,2023-01-31,25.21,3.28,1.23,82.6888
Nifty Midcap 150,2023-02-01,25.0,3.25,1.24,81.25
Nifty Midcap 150,2023-02-02,24.78,3.26,1.24,80.7828
Nifty Midcap 150,2023-02-03,24.67,3.25,1.24,80.17750000000001
Nifty Midcap 150,2023-02-06,24.59,3.28,1.24,80.6552
Nifty Midcap 150,2023-02-07,24.67,3.28,1.24,80.91760000000001
Nifty Midcap 150,2023-02-08,24.91,3.31,1.24,82.4521
Nifty Midcap 150,2023-02-09,24.92,3.31,1.26,82.4852
Nifty Midcap 150,2023-02-10,24.91,3.32,1.23,82.7012
Nifty Midcap 150,2023-02-13,24.81,3.28,1.25,81.37679999999999
Nifty Midcap 150,2023-02-14,24.78,3.26,1.26,80.7828
Nifty Midcap 150,2023-02-15,25.04,3.28,1.22,82.13119999999999
Nifty Midcap 150,2023-02-16,25.26,3.3,1.21,83.358
Nifty Midcap 150,2023-02-17,24.42,3.27,1.24,79.85340000000001
Nifty Midcap 150,2023-02-20,24.31,3.27,1.23,79.49369999999999
Nifty Midcap 150,2023-02-21,24.25,3.26,1.23,79.05499999999999
Nifty Midcap 150,2023-02-22,24.0,3.23,1.25,77.52
Nifty Midcap 150,2023-02-23,23.94,3.22,1.26,77.08680000000001
Nifty Midcap 150,2023-02-24,23.87,3.21,1.28,76.62270000000001
Nifty Midcap 150,2023-02-27,23.74,3.19,1.25,75.7306
Nifty Midcap 150,2023-02-28,23.88,3.21,1.24,76.6548
Nifty Midcap 150,2023-03-01,24.22,3.26,1.22,78.95719999999999
Nifty Midcap 150,2023-03-02,24.17,3.25,1.23,78.55250000000001
Nifty Midcap 150,2023-03-03,24.29,3.27,1.22,79.4283
Nifty Midcap 150,2023-03-06,24.46,3.29,1.21,80.4734
Nifty Midcap 150,2023-03-08,24.54,3.3,1.21,80.982
Nifty Midcap 150,2023-03-09,24.41,3.28,1.21,80.06479999999999
Nifty Midcap 150,2023-03-10,24.24,3.26,1.22,79.02239999999999
Nifty Midcap 150,2023-03-13,23.81,3.2,1.23,76.192
Nifty Midcap 150,2023-03-14,23.66,3.18,1.24,75.2388
Nifty Midcap 150,2023-03-15,23.67,3.18,1.24,75.27060000000002
Nifty Midcap 150,2023-03-16,23.66,3.18,1.24,75.2388
Nifty Midcap 150,2023-03-17,23.77,3.2,1.23,76.06400000000001
Nifty Midcap 150,2023-03-20,23.54,3.17,1.24,74.6218
Nifty Midcap 150,2023-03-21,23.67,3.18,1.25,75.27060000000002
Nifty Midcap 150,2023-03-22,23.73,3.19,1.25,75.6987
Nifty Midcap 150,2023-03-23,23.64,3.18,1.25,75.1752
Nifty Midcap 150,2023-03-24,23.37,3.14,1.28,73.38180000000001
Nifty Midcap 150,2023-03-27,23.23,3.13,1.28,72.7099
Nifty Midcap 150,2023-03-28,23.16,3.11,1.26,72.02759999999999
Nifty Midcap 150,2023-03-29,23.54,3.17,1.28,74.6218
Nifty Midcap 150,2023-03-31,23.47,3.06,1.26,71.8182
Nifty Midcap 150,2023-04-03,23.58,3.08,1.26,72.62639999999999
Nifty Midcap 150,2023-04-05,23.61,3.08,1.26,72.7188
Nifty Midcap 150,2023-04-06,23.76,3.1,1.25,73.656
Nifty Midcap 150,2023-04-10,23.85,3.11,1.24,74.1735
Nifty Midcap 150,2023-04-11,23.95,3.12,1.24,74.724
Nifty Midcap 150,2023-04-12,24.09,3.14,1.24,75.6426
Nifty Midcap 150,2023-04-13,24.13,3.15,1.24,76.00949999999999
Nifty Midcap 150,2023-04-17,24.22,3.16,1.23,76.5352
Nifty Midcap 150,2023-04-18,24.37,3.18,1.22,77.4966
Nifty Midcap 150,2023-04-19,24.33,3.17,1.22,77.1261
Nifty Midcap 150,2023-04-20,24.31,3.17,1.22,77.06269999999999
Nifty Midcap 150,2023-04-21,24.22,3.16,1.23,76.5352
Nifty Midcap 150,2023-04-24,24.28,3.17,1.22,76.9676
Nifty Midcap 150,2023-04-25,24.28,3.16,1.23,76.7248
Nifty Midcap 150,2023-04-26,24.3,3.17,1.22,77.031
Nifty Midcap 150,2023-04-27,24.41,3.19,1.22,77.8679
Nifty Midcap 150,2023-04-28,24.71,3.22,1.20,79.56620000000001
Nifty Midcap 150,2023-05-02,24.83,3.25,1.19,80.69749999999999
Nifty Midcap 150,2023-05-03,24.79,3.26,1.19,80.8154
Nifty Midcap 150,2023-05-04,24.95,3.28,1.18,81.836
Nifty Midcap 150,2023-05-05,24.71,3.26,1.19,80.5546
Nifty Midcap 150,2023-05-08,24.94,3.29,1.18,82.0526
Nifty Midcap 150,2023-05-09,24.68,3.29,1.21,81.1972
Nifty Midcap 150,2023-05-10,24.65,3.29,1.21,81.0985
Nifty Midcap 150,2023-05-11,24.67,3.3,1.21,81.411
Nifty Midcap 150,2023-05-12,24.47,3.29,1.21,80.5063
Nifty Midcap 150,2023-05-15,24.6,3.31,1.18,81.426
Nifty Midcap 150,2023-05-16,24.41,3.32,1.18,81.0412
Nifty Midcap 150,2023-05-17,24.38,3.32,1.18,80.9416
Nifty Midcap 150,2023-05-18,24.3,3.3,1.19,80.19
Nifty Midcap 150,2023-05-19,24.15,3.29,1.19,79.45349999999999
Nifty Midcap 150,2023-05-22,24.29,3.31,1.18,80.3999
Nifty Midcap 150,2023-05-23,24.45,3.33,1.17,81.4185
Nifty Midcap 150,2023-05-24,24.48,3.33,1.17,81.5184
Nifty Midcap 150,2023-05-25,24.57,3.34,1.17,82.0638
Nifty Midcap 150,2023-05-26,24.69,3.37,1.16,83.20530000000001
Nifty Midcap 150,2023-05-29,24.79,3.38,1.16,83.7902
Nifty Midcap 150,2023-05-30,24.89,3.39,1.15,84.3771
Nifty Midcap 150,2023-05-31,24.98,3.41,1.14,85.18180000000001
Nifty Midcap 150,2023-06-01,24.89,3.41,1.14,84.87490000000001
Nifty Midcap 150,2023-06-02,25.01,3.43,1.14,85.78430000000002
Nifty Midcap 150,2023-06-05,25.03,3.44,1.14,86.1032
Nifty Midcap 150,2023-06-06,25.05,3.44,1.13,86.172
Nifty Midcap 150,2023-06-07,25.34,3.48,1.11,88.1832
Nifty Midcap 150,2023-06-08,25.2,3.46,1.12,87.192
Nifty Midcap 150,2023-06-09,25.17,3.46,1.12,87.0882
Nifty Midcap 150,2023-06-12,25.31,3.48,1.11,88.0788
Nifty Midcap 150,2023-06-13,25.61,3.52,1.10,90.1472
Nifty Midcap 150,2023-06-14,25.68,3.53,1.10,90.65039999999999
Nifty Midcap 150,2023-06-15,25.73,3.53,1.08,90.8269
Nifty Midcap 150,2023-06-16,25.89,3.56,1.15,92.1684
Nifty Midcap 150,2023-06-19,25.9,3.56,1.15,92.204
Nifty Midcap 150,2023-06-20,26.02,3.57,1.15,92.89139999999999
Nifty Midcap 150,2023-06-21,26.21,3.6,1.15,94.35600000000001
Nifty Midcap 150,2023-06-22,25.99,3.57,1.14,92.78429999999999
Nifty Midcap 150,2023-06-23,25.67,3.52,1.17,90.3584
Nifty Midcap 150,2023-06-26,25.88,3.55,1.17,91.874
Nifty Midcap 150,2023-06-27,26.0,3.57,1.16,92.82
Nifty Midcap 150,2023-06-28,26.13,3.59,1.16,93.80669999999999
Nifty Midcap 150,2023-06-30,26.49,3.6,1.15,95.36399999999999
Nifty Midcap 150,2023-07-03,26.54,3.61,1.14,95.8094
Nifty Midcap 150,2023-07-04,26.5,3.6,1.13,95.4
Nifty Midcap 150,2023-07-05,26.64,3.62,1.13,96.4368
Nifty Midcap 150,2023-07-06,26.86,3.65,1.12,98.039
Nifty Midcap 150,2023-07-07,26.66,3.63,1.13,96.7758
Nifty Midcap 150,2023-07-10,26.55,3.61,1.13,95.8455
Nifty Midcap 150,2023-07-11,26.75,3.64,1.13,97.37
Nifty Midcap 150,2023-07-12,26.88,3.66,1.10,98.3808
Nifty Midcap 150,2023-07-13,26.82,3.7,1.11,99.23400000000001
Nifty Midcap 150,2023-07-14,27.07,3.73,1.11,100.9711
Nifty Midcap 150,2023-07-17,27.09,3.75,1.11,101.5875
Nifty Midcap 150,2023-07-18,27.1,3.74,1.11,101.35400000000001
Nifty Midcap 150,2023-07-19,27.26,3.77,1.08,102.7702
Nifty Midcap 150,2023-07-20,27.29,3.77,1.05,102.88329999999999
Nifty Midcap 150,2023-07-21,27.23,3.77,1.09,102.6571
Nifty Midcap 150,2023-07-24,27.1,3.76,1.09,101.896
Nifty Midcap 150,2023-07-25,27.14,3.62,1.08,98.24680000000001
Nifty Midcap 150,2023-07-26,27.15,3.63,1.09,98.55449999999999
Nifty Midcap 150,2023-07-27,27.2,3.64,1.08,99.008
Nifty Midcap 150,2023-07-28,27.26,3.66,1.08,99.7716
Nifty Midcap 150,2023-07-31,27.41,3.71,1.07,101.6911
Nifty Midcap 150,2023-08-01,27.35,3.71,1.07,101.4685
Nifty Midcap 150,2023-08-02,26.97,3.67,1.06,98.9799
Nifty Midcap 150,2023-08-03,26.97,3.67,1.07,98.9799
Nifty Midcap 150,2023-08-04,24.9,3.69,1.06,91.881
Nifty Midcap 150,2023-08-07,24.63,3.71,1.05,91.37729999999999
Nifty Midcap 150,2023-08-08,24.6,3.72,1.05,91.51200000000001
Nifty Midcap 150,2023-08-09,24.67,3.73,1.05,92.01910000000001
Nifty Midcap 150,2023-08-10,24.83,3.73,1.05,92.6159
Nifty Midcap 150,2023-08-11,24.83,3.72,1.07,92.3676
Nifty Midcap 150,2023-08-14,24.77,3.71,1.09,91.8967
Nifty Midcap 150,2023-08-16,24.74,3.72,1.09,92.0328
Nifty Midcap 150,2023-08-17,24.81,3.73,1.08,92.54129999999999
Nifty Midcap 150,2023-08-18,24.77,3.72,1.10,92.1444
Nifty Midcap 150,2023-08-21,24.96,3.75,1.09,93.60000000000001
Nifty Midcap 150,2023-08-22,25.03,3.72,1.05,93.11160000000001
Nifty Midcap 150,2023-08-23,25.13,3.73,1.04,93.7349
Nifty Midcap 150,2023-08-24,25.2,3.7,1.04,93.24
Nifty Midcap 150,2023-08-25,24.99,3.67,1.06,91.71329999999999
Nifty Midcap 150,2023-08-28,25.02,3.68,1.05,92.0736
Nifty Midcap 150,2023-08-29,25.12,3.68,1.05,92.44160000000001
Nifty Midcap 150,2023-08-30,25.28,3.7,1.04,93.53600000000002
Nifty Midcap 150,2023-08-31,25.32,3.71,1.06,93.9372
Nifty Midcap 150,2023-09-01,25.52,3.74,1.04,95.4448
Nifty Midcap 150,2023-09-04,25.74,3.77,1.03,97.0398
Nifty Midcap 150,2023-09-05,26.02,3.81,1.02,99.1362
Nifty Midcap 150,2023-09-06,26.03,3.81,1.02,99.1743
Nifty Midcap 150,2023-09-07,26.19,3.83,1.01,100.30770000000001
Nifty Midcap 150,2023-09-08,26.44,3.87,1.01,102.3228
Nifty Midcap 150,2023-09-11,26.72,3.91,1.01,104.4752
Nifty Midcap 150,2023-09-12,25.93,3.79,1.04,98.2747
Nifty Midcap 150,2023-09-13,25.96,3.8,1.04,98.648
Nifty Midcap 150,2023-09-14,26.2,3.83,1.03,100.346
Nifty Midcap 150,2023-09-15,26.23,3.84,1.00,100.72319999999999
Nifty Midcap 150,2023-09-18,26.14,3.83,1.01,100.1162
Nifty Midcap 150,2023-09-20,26.06,3.81,0.99,99.2886
Nifty Midcap 150,2023-09-21,25.83,3.78,1.00,97.63739999999999
Nifty Midcap 150,2023-09-22,25.8,3.78,1.01,97.524
Nifty Midcap 150,2023-09-25,25.94,3.8,1.00,98.572
Nifty Midcap 150,2023-09-26,25.93,3.79,1.00,98.2747
Nifty Midcap 150,2023-09-27,26.12,3.77,0.99,98.47240000000001
Nifty Midcap 150,2023-09-28,25.82,3.73,1.00,96.3086
Nifty Midcap 150,2023-09-29,26.77,3.68,0.99,98.5136
Nifty Midcap 150,2023-10-03,26.84,3.69,0.99,99.0396
Nifty Midcap 150,2023-10-04,26.5,3.64,1.00,96.46000000000001
Nifty Midcap 150,2023-10-05,26.48,3.64,1.00,96.3872
Nifty Midcap 150,2023-10-06,26.63,3.66,1.00,97.4658
Nifty Midcap 150,2023-10-09,26.28,3.61,1.01,94.8708
Nifty Midcap 150,2023-10-10,26.6,3.65,1.00,97.09
Nifty Midcap 150,2023-10-11,26.74,3.67,0.99,98.13579999999999
Nifty Midcap 150,2023-10-12,26.8,3.68,0.99,98.62400000000001
Nifty Midcap 150,2023-10-13,26.77,3.68,0.99,98.5136
Nifty Midcap 150,2023-10-16,26.81,3.68,0.99,98.6608
Nifty Midcap 150,2023-10-17,26.92,3.7,0.99,99.60400000000001
Nifty Midcap 150,2023-10-18,26.62,3.67,0.99,97.6954
Nifty Midcap 150,2023-10-19,26.47,3.67,0.99,97.14489999999999
Nifty Midcap 150,2023-10-20,26.21,3.63,1.00,95.1423
Nifty Midcap 150,2023-10-23,25.47,3.53,1.03,89.9091
Nifty Midcap 150,2023-10-25,25.21,3.51,1.04,88.4871
Nifty Midcap 150,2023-10-26,24.93,3.48,1.05,86.7564
Nifty Midcap 150,2023-10-27,25.26,3.53,1.04,89.1678
Nifty Midcap 150,2023-10-30,25.23,3.53,1.04,89.0619
Nifty Midcap 150,2023-10-31,25.08,3.54,1.04,88.7832
Nifty Midcap 150,2023-11-01,24.97,3.53,1.04,88.1441
Nifty Midcap 150,2023-11-02,25.08,3.58,1.03,89.7864
Nifty Midcap 150,2023-11-03,25.25,3.64,1.02,91.91
Nifty Midcap 150,2023-11-06,25.0,3.68,1.01,92.0
Nifty Midcap 150,2023-11-07,24.91,3.69,0.98,91.9179
Nifty Midcap 150,2023-11-08,24.16,3.72,0.97,89.8752
Nifty Midcap 150,2023-11-09,24.02,3.72,0.97,89.3544
Nifty Midcap 150,2023-11-10,24.25,3.73,1.00,90.4525
Nifty Midcap 150,2023-11-12,24.41,3.76,0.99,91.7816
Nifty Midcap 150,2023-11-13,24.12,3.76,1.01,90.6912
Nifty Midcap 150,2023-11-15,23.96,3.79,1.01,90.8084
Nifty Midcap 150,2023-11-16,24.15,3.82,1.01,92.25299999999999
Nifty Midcap 150,2023-11-17,24.27,3.83,1.00,92.9541
Nifty Midcap 150,2023-11-20,24.27,3.83,1.00,92.9541
Nifty Midcap 150,2023-11-21,24.28,3.83,0.96,92.9924
Nifty Midcap 150,2023-11-22,24.33,3.84,0.96,93.42719999999998
Nifty Midcap 150,2023-11-23,24.35,3.84,0.94,93.504
Nifty Midcap 150,2023-11-24,24.4,3.85,0.95,93.94
Nifty Midcap 150,2023-11-28,24.5,3.87,0.94,94.815
Nifty Midcap 150,2023-11-29,24.66,3.89,0.94,95.9274
Nifty Midcap 150,2023-11-30,24.85,3.92,0.93,97.412
Nifty Midcap 150,2023-12-01,25.07,3.96,0.92,99.2772
Nifty Midcap 150,2023-12-04,25.38,4.01,0.91,101.7738
Nifty Midcap 150,2023-12-05,25.48,4.02,0.91,102.4296
Nifty Midcap 150,2023-12-06,25.52,4.03,0.91,102.8456
Nifty Midcap 150,2023-12-07,25.66,4.05,0.90,103.923
Nifty Midcap 150,2023-12-08,25.61,4.04,0.90,103.4644
Nifty Midcap 150,2023-12-11,25.78,4.07,0.90,104.92460000000001
Nifty Midcap 150,2023-12-12,25.67,4.05,0.90,103.9635
Nifty Midcap 150,2023-12-13,25.89,4.09,0.89,105.8901
Nifty Midcap 150,2023-12-14,26.18,4.13,0.89,108.12339999999999
Nifty Midcap 150,2023-12-15,26.23,4.14,0.89,108.59219999999999
Nifty Midcap 150,2023-12-18,26.32,4.15,0.88,109.22800000000001
Nifty Midcap 150,2023-12-19,26.21,4.14,0.89,108.5094
Nifty Midcap 150,2023-12-20,25.42,4.01,0.92,101.9342
Nifty Midcap 150,2023-12-21,25.78,4.07,0.90,104.92460000000001
Nifty Midcap 150,2023-12-22,25.99,4.1,0.90,106.55899999999998
Nifty Midcap 150,2023-12-26,26.14,4.12,0.89,107.69680000000001
Nifty Midcap 150,2023-12-27,26.24,4.14,0.89,108.63359999999999
Nifty Midcap 150,2023-12-28,26.36,4.16,0.88,109.6576
Nifty Midcap 150,2023-12-29,26.51,4.2,0.87,111.34200000000001
Nifty Midcap 150,2024-01-01,26.66,4.22,0.86,112.50519999999999
Nifty Midcap 150,2024-01-02,26.62,4.21,0.86,112.0702
Nifty Midcap 150,2024-01-03,26.68,4.22,0.86,112.58959999999999
Nifty Midcap 150,2024-01-04,27.07,4.29,0.85,116.1303
Nifty Midcap 150,2024-01-05,27.16,4.3,0.85,116.788
Nifty Midcap 150,2024-01-08,26.93,4.26,0.85,114.72179999999999
Nifty Midcap 150,2024-01-09,26.98,4.27,0.85,115.20459999999999
Nifty Midcap 150,2024-01-10,27.05,4.28,0.85,115.77400000000002
Nifty Midcap 150,2024-01-11,27.16,4.3,0.85,116.788
Nifty Midcap 150,2024-01-12,27.26,4.32,0.84,117.76320000000001
Nifty Midcap 150,2024-01-15,27.39,4.34,0.84,118.8726
Nifty Midcap 150,2024-01-16,27.3,4.32,0.84,117.936
Nifty Midcap 150,2024-01-17,27.01,4.28,0.85,115.60280000000002
Nifty Midcap 150,2024-01-18,26.93,4.28,0.85,115.2604
Nifty Midcap 150,2024-01-19,27.31,4.34,0.84,118.52539999999999
Nifty Midcap 150,2024-01-20,27.37,4.36,0.84,119.33320000000002
Nifty Midcap 150,2024-01-23,26.55,4.23,0.86,112.30650000000001
Nifty Midcap 150,2024-01-24,26.88,4.3,0.85,115.58399999999999
Nifty Midcap 150,2024-01-25,26.49,4.28,0.85,113.3772
Nifty Midcap 150,2024-01-29,26.68,4.34,0.83,115.79119999999999
Nifty Midcap 150,2024-01-30,26.28,4.33,0.83,113.7924
Nifty Midcap 150,2024-01-31,27.5,4.39,0.82,120.725
Nifty Midcap 150,2024-02-01,27.36,4.37,0.82,119.5632
Nifty Midcap 150,2024-02-02,27.53,4.39,0.82,120.85669999999999
Nifty Midcap 150,2024-02-05,27.71,4.39,0.83,121.64689999999999
Nifty Midcap 150,2024-02-06,27.83,4.44,0.81,123.5652
Nifty Midcap 150,2024-02-07,27.98,4.47,0.84,125.0706
Nifty Midcap 150,2024-02-08,27.94,4.46,0.85,124.61240000000001
Nifty Midcap 150,2024-02-09,27.62,4.42,0.84,122.0804
Nifty Midcap 150,2024-02-12,26.76,4.32,0.86,115.60320000000002
Nifty Midcap 150,2024-02-13,26.67,4.33,0.86,115.48110000000001
Nifty Midcap 150,2024-02-14,26.87,4.37,0.85,117.42190000000001
Nifty Midcap 150,2024-02-15,27.15,4.41,0.84,119.7315
Nifty Midcap 150,2024-02-16,27.35,4.44,0.86,121.43400000000001
Nifty Midcap 150,2024-02-19,27.48,4.46,0.82,122.5608
Nifty Midcap 150,2024-02-20,27.42,4.46,0.85,122.29320000000001
Nifty Midcap 150,2024-02-21,27.13,4.41,0.86,119.6433
Nifty Midcap 150,2024-02-22,27.34,4.44,0.84,121.38960000000002
Nifty Midcap 150,2024-02-23,27.44,4.46,0.84,122.3824
Nifty Midcap 150,2024-02-26,27.36,4.44,0.81,121.47840000000001
Nifty Midcap 150,2024-02-27,27.32,4.44,0.84,121.30080000000001
Nifty Midcap 150,2024-02-28,26.83,4.36,0.85,116.9788
Nifty Midcap 150,2024-02-29,26.96,4.38,0.85,118.0848
Nifty Midcap 150,2024-03-01,27.17,4.41,0.84,119.81970000000001
Nifty Midcap 150,2024-03-02,27.35,4.44,0.83,121.43400000000001
Nifty Midcap 150,2024-03-04,27.38,4.45,0.83,121.841
Nifty Midcap 150,2024-03-05,27.31,4.44,0.84,121.2564
Nifty Midcap 150,2024-03-06,27.14,4.41,0.84,119.68740000000001
Nifty Midcap 150,2024-03-07,27.21,4.42,0.84,120.26820000000001
Nifty Midcap 150,2024-03-11,27.08,4.4,0.84,119.152
Nifty Midcap 150,2024-03-12,26.74,4.34,0.85,116.0516
Nifty Midcap 150,2024-03-13,25.62,4.16,0.89,106.57920000000001
Nifty Midcap 150,2024-03-14,26.17,4.25,0.87,111.22250000000001
Nifty Midcap 150,2024-03-15,26.09,4.24,0.87,110.6216
Nifty Midcap 150,2024-03-18,26.03,4.23,0.89,110.10690000000001
Nifty Midcap 150,2024-03-19,25.74,4.18,0.90,107.59319999999998
Nifty Midcap 150,2024-03-20,25.72,4.18,0.90,107.50959999999999
Nifty Midcap 150,2024-03-21,26.3,4.27,0.88,112.30099999999999
Nifty Midcap 150,2024-03-22,26.46,4.3,0.89,113.778
Nifty Midcap 150,2024-03-26,26.71,4.34,0.88,115.9214
Nifty Midcap 150,2024-03-27,26.74,4.34,0.87,116.0516
Nifty Midcap 150,2024-03-28,33.63,4.72,0.78,158.7336
Nifty Midcap 150,2024-04-01,34.24,4.81,0.73,164.6944
Nifty Midcap 150,2024-04-02,34.62,4.86,0.72,168.2532
Nifty Midcap 150,2024-04-03,34.78,4.88,0.74,169.7264
Nifty Midcap 150,2024-04-04,34.8,4.88,0.74,169.82399999999998
Nifty Midcap 150,2024-04-05,34.96,4.91,0.74,171.6536
Nifty Midcap 150,2024-04-08,35.04,4.92,0.73,172.39679999999998
Nifty Midcap 150,2024-04-09,34.95,4.91,0.73,171.60450000000003
Nifty Midcap 150,2024-04-10,35.19,4.95,0.73,174.1905
Nifty Midcap 150,2024-04-12,35.02,4.79,.73,167.7458
Nifty Midcap 150,2024-04-15,34.55,4.72,.74,163.07599999999996
Nifty Midcap 150,2024-04-16,34.5,4.72,.74,162.84
Nifty Midcap 150,2024-04-18,34.38,4.7,.73,161.586
Nifty Midcap 150,2024-04-19,34.22,4.68,.74,160.1496
Nifty Midcap 150,2024-04-22,34.43,4.71,.74,162.1653
Nifty Midcap 150,2024-04-23,34.75,4.76,.73,165.41
Nifty Midcap 150,2024-04-24,35.04,4.8,.72,168.19199999999998
Nifty Midcap 150,2024-04-25,35.16,4.81,.72,169.11959999999996
Nifty Midcap 150,2024-04-26,35.45,4.82,.72,170.86900000000003
Nifty Midcap 150,2024-04-29,35.48,4.84,.72,171.7232
Nifty Midcap 150,2024-04-30,35.49,4.85,.71,172.1265
Nifty Midcap 150,2024-05-02,35.95,4.87,.71,175.0765
Nifty Midcap 150,2024-05-03,35.87,4.87,.71,174.68689999999998
Nifty Midcap 150,2024-05-06,35.64,4.84,.72,172.4976
Nifty Midcap 150,2024-05-07,34.93,4.75,.75,165.9175
Nifty Midcap 150,2024-05-08,35.07,4.78,.75,167.6346
Nifty Midcap 150,2024-05-09,34.46,4.69,.74,161.6174
Nifty Midcap 150,2024-05-10,34.67,4.74,.73,164.3358
Nifty Midcap 150,2024-05-13,35.01,4.76,.73,166.64759999999998
Nifty Midcap 150,2024-05-14,35.23,4.81,.72,169.45629999999997
Nifty Midcap 150,2024-05-15,35.84,4.85,.73,173.824
Nifty Midcap 150,2024-05-16,36.18,4.9,.72,177.282
Nifty Midcap 150,2024-05-17,36.61,4.95,.71,181.2195
Nifty Midcap 150,2024-05-18,36.8,4.98,.71,183.264
Nifty Midcap 150,2024-05-21,37.04,4.99,.71,184.8296
Nifty Midcap 150,2024-05-22,37.21,5.01,.7,186.4221
Nifty Midcap 150,2024-05-23,37.39,5.03,.7,188.07170000000002
Nifty Midcap 150,2024-05-24,37.33,5.03,.7,187.7699
Nifty Midcap 150,2024-05-27,37.43,5.05,.69,189.0215
Nifty Midcap 150,2024-05-28,37.06,5.01,.7,185.6706
Nifty Midcap 150,2024-05-29,36.95,5.0,.7,184.75
Nifty Midcap 150,2024-05-30,36.65,4.94,.71,181.05100000000002
Nifty Midcap 150,2024-05-31,39.46,5.1,.72,201.24599999999998
Nifty Midcap 150,2024-06-03,40.47,5.25,.7,212.4675
Nifty Midcap 150,2024-06-04,37.58,4.88,.75,183.3904
Nifty Midcap 150,2024-06-05,39.03,5.07,.72,197.8821
Nifty Midcap 150,2024-06-06,39.88,5.18,.71,206.5784
Nifty Midcap 150,2024-06-07,40.44,5.25,.72,212.31
Nifty Midcap 150,2024-06-10,40.55,5.27,.69,213.69849999999997
Nifty Midcap 150,2024-06-11,40.88,5.31,.69,217.0728
Nifty Midcap 150,2024-06-12,41.29,5.37,.68,221.7273
Nifty Midcap 150,2024-06-13,41.6,5.36,.67,222.97600000000003
Nifty Midcap 150,2024-06-14,42.04,5.41,.67,227.4364
Nifty Midcap 150,2024-06-18,42.27,5.44,.69,229.94880000000003
Nifty Midcap 150,2024-06-19,41.82,5.38,.7,224.9916
Nifty Midcap 150,2024-06-20,42.18,5.42,.69,228.6156
Nifty Midcap 150,2024-06-21,42.11,5.41,.69,227.8151
Nifty Midcap 150,2024-06-24,42.21,5.42,.68,228.7782
Nifty Midcap 150,2024-06-25,42.11,5.41,.69,227.8151
Nifty Midcap 150,2024-06-26,42.0,5.4,.69,226.8
Nifty Midcap 150,2024-06-27,42.09,5.41,.69,227.70690000000002
Nifty Midcap 150,2024-06-28,42.33,5.45,.68,230.6985
Nifty Midcap 150,2024-07-01,42.73,5.51,.67,235.44229999999996
Nifty Midcap 150,2024-07-02,42.49,5.47,.67,232.4203
Nifty Midcap 150,2024-07-03,42.82,5.52,.67,236.36639999999997
Nifty Midcap 150,2024-07-04,43.1,5.55,.67,239.205
Nifty Midcap 150,2024-07-05,43.38,5.59,.68,242.4942
Nifty Midcap 150,2024-07-08,43.25,5.57,.66,240.9025
Nifty Midcap 150,2024-07-09,43.37,5.59,.67,242.43829999999997
Nifty Midcap 150,2024-07-10,43.2,5.57,.68,240.62400000000002
Nifty Midcap 150,2024-07-11,43.29,5.58,.68,241.5582
Nifty Midcap 150,2024-07-12,43.27,5.58,.69,241.44660000000002
Nifty Midcap 150,2024-07-15,43.57,5.59,.66,243.5563
Nifty Midcap 150,2024-07-16,43.58,5.61,.68,244.4838
Nifty Midcap 150,2024-07-18,43.11,5.55,.69,239.26049999999998
Nifty Midcap 150,2024-07-19,42.17,5.44,.74,229.40480000000002
Nifty Midcap 150,2024-07-22,42.61,5.49,.71,233.9289
Nifty Midcap 150,2024-07-23,42.28,5.34,.71,225.7752
Nifty Midcap 150,2024-07-24,42.54,5.39,.71,229.29059999999998
Nifty Midcap 150,2024-07-25,42.42,5.37,.71,227.7954
Nifty Midcap 150,2024-07-26,42.9,5.47,.7,234.66299999999998
Nifty Midcap 150,2024-07-29,43.28,5.52,.67,238.9056
Nifty Midcap 150,2024-07-30,44.97,5.54,.67,249.1338
Nifty Midcap 150,2024-07-31,45.37,5.59,.67,253.61829999999998
Nifty Midcap 150,2024-08-01,44.87,5.55,.68,249.02849999999998
Nifty Midcap 150,2024-08-02,44.12,5.49,.69,242.2188
Nifty Midcap 150,2024-08-05,42.52,5.3,.67,225.35600000000002
Nifty Midcap 150,2024-08-06,42.39,5.27,.68,223.3953
Nifty Midcap 150,2024-08-07,43.43,5.38,.66,233.6534
Nifty Midcap 150,2024-08-08,43.14,5.37,.67,231.6618
Nifty Midcap 150,2024-08-09,43.51,5.4,.7,234.954
Nifty Midcap 150,2024-08-12,43.41,5.42,.68,235.2822
Nifty Midcap 150,2024-08-13,42.89,5.38,.69,230.7482
Nifty Midcap 150,2024-08-14,42.56,5.34,.7,227.2704
Nifty Midcap 150,2024-08-16,43.09,5.44,.7,234.40960000000004
Nifty Midcap 150,2024-08-19,43.16,5.46,.68,235.65359999999998
Nifty Midcap 150,2024-08-20,43.52,5.5,.68,239.36
Nifty Midcap 150,2024-08-21,43.7,5.52,.68,241.224
Nifty Midcap 150,2024-08-22,43.99,5.56,.67,244.5844
Nifty Midcap 150,2024-08-23,43.76,5.53,.69,241.9928
Nifty Midcap 150,2024-08-26,43.99,5.56,.68,244.5844
Nifty Midcap 150,2024-08-27,44.21,5.59,.68,247.1339
Nifty Midcap 150,2024-08-28,44.14,5.58,.7,246.3012
Nifty Midcap 150,2024-08-29,43.95,5.55,.7,243.9225
Nifty Midcap 150,2024-08-30,44.22,5.6,.7,247.63199999999998
Nifty Midcap 150,2024-09-02,44.1,5.59,.69,246.519
Nifty Midcap 150,2024-09-03,44.23,5.6,.69,247.68799999999996
Nifty Midcap 150,2024-09-04,44.2,5.6,.69,247.52
Nifty Midcap 150,2024-09-05,44.36,5.62,.68,249.3032
Nifty Midcap 150,2024-09-06,43.75,5.54,.7,242.375
Nifty Midcap 150,2024-09-09,43.64,5.53,.69,241.32920000000001
Nifty Midcap 150,2024-09-10,44.11,5.52,.68,243.48719999999997
Nifty Midcap 150,2024-09-11,44.0,5.5,.69,242.0
Nifty Midcap 150,2024-09-12,44.5,5.56,.68,247.42
Nifty Midcap 150,2024-09-13,44.79,5.59,.68,250.37609999999998
Nifty Midcap 150,2024-09-16,44.94,5.61,.68,252.1134
Nifty Midcap 150,2024-09-17,44.88,5.57,.68,249.98160000000001
Nifty Midcap 150,2024-09-18,44.57,5.53,.69,246.4721
Nifty Midcap 150,2024-09-19,44.33,5.5,.7,243.815
Nifty Midcap 150,2024-09-20,44.92,5.36,.69,240.77120000000002
Nifty Midcap 150,2024-09-23,45.26,5.37,.68,243.0462
Nifty Midcap 150,2024-09-24,45.4,5.39,.68,244.706
Nifty Midcap 150,2024-09-25,45.13,5.36,.69,241.89680000000004
Nifty Midcap 150,2024-09-26,45.15,5.36,.68,242.00400000000002
Nifty Midcap 150,2024-09-27,45.13,5.36,.69,241.89680000000004
Nifty Midcap 150,2024-09-30,45.66,5.89,.68,268.93739999999997
Nifty Midcap 150,2024-10-01,45.8,5.91,.68,270.678
Nifty Midcap 150,2024-10-03,44.83,5.78,.7,259.1174
Nifty Midcap 150,2024-10-04,44.43,5.73,.7,254.58390000000003
Nifty Midcap 150,2024-10-07,43.52,5.61,.72,244.14720000000003
Nifty Midcap 150,2024-10-08,44.38,5.72,.7,253.8536
Nifty Midcap 150,2024-10-09,44.85,5.78,.7,259.233
Nifty Midcap 150,2024-10-10,44.49,5.71,.7,254.0379
Nifty Midcap 150,2024-10-11,44.69,5.73,.7,256.07370000000003
Nifty Midcap 150,2024-10-14,44.85,5.75,.69,257.8875
Nifty Midcap 150,2024-10-15,44.96,5.77,.69,259.4192
Nifty Midcap 150,2024-10-16,44.88,5.76,.69,258.5088
Nifty Midcap 150,2024-10-17,44.06,5.67,.7,249.8202
Nifty Midcap 150,2024-10-18,44.13,5.68,.7,250.6584
Nifty Midcap 150,2024-10-21,43.56,5.59,.71,243.5004
Nifty Midcap 150,2024-10-22,42.5,5.45,.73,231.625
Nifty Midcap 150,2024-10-23,42.72,5.47,.73,233.67839999999998
Nifty Midcap 150,2024-10-24,42.03,5.46,.73,229.4838
Nifty Midcap 150,2024-10-25,41.11,5.36,.75,220.3496
Nifty Midcap 150,2024-10-28,41.23,5.4,.74,222.642
Nifty Midcap 150,2024-10-29,43.39,5.44,.73,236.04160000000002
Nifty Midcap 150,2024-10-30,43.5,5.46,.73,237.51
Nifty Midcap 150,2024-10-31,42.98,5.44,.74,233.8112
Nifty Midcap 150,2024-11-01,43.28,5.48,.73,237.17440000000002
Nifty Midcap 150,2024-11-04,42.88,5.41,.75,231.98080000000002
Nifty Midcap 150,2024-11-05,43.06,5.44,.75,234.24640000000002
Nifty Midcap 150,2024-11-06,44.0,5.55,.73,244.2
Nifty Midcap 150,2024-11-07,43.45,5.52,.73,239.844
Nifty Midcap 150,2024-11-08,42.87,5.45,.75,233.6415
Nifty Midcap 150,2024-11-11,42.31,5.41,.74,228.89710000000002
Nifty Midcap 150,2024-11-12,41.9,5.36,.75,224.584
Nifty Midcap 150,2024-11-13,40.73,5.21,.78,212.20329999999998
Nifty Midcap 150,2024-11-14,40.9,5.24,.78,214.316
Nifty Midcap 150,2024-11-18,40.64,5.23,.77,212.54720000000003
Nifty Midcap 150,2024-11-19,40.69,5.28,.78,214.8432
Nifty Midcap 150,2024-11-21,40.54,5.26,.77,213.2404
Nifty Midcap 150,2024-11-22,41.0,5.32,.76,218.12
Nifty Midcap 150,2024-11-25,41.63,5.4,.75,224.80200000000002
Nifty Midcap 150,2024-11-26,41.64,5.4,.78,224.85600000000002
Nifty Midcap 150,2024-11-27,41.84,5.37,.78,224.68080000000003
Nifty Midcap 150,2024-11-28,41.85,5.37,.78,224.73450000000003
Nifty Midcap 150,2024-11-29,41.98,5.38,.78,225.8524
Nifty Midcap 150,2024-12-02,42.38,5.44,.77,230.54720000000003
Nifty Midcap 150,2024-12-03,42.75,5.48,.77,234.27
Nifty Midcap 150,2024-12-04,43.14,5.53,.76,238.56420000000003
Nifty Midcap 150,2024-12-05,43.33,5.56,.76,240.91479999999999
Nifty Midcap 150,2024-12-06,43.51,5.58,.75,242.7858
Nifty Midcap 150,2024-12-09,43.67,5.6,.75,244.552
Nifty Midcap 150,2024-12-10,43.79,5.62,.75,246.0998
Nifty Midcap 150,2024-12-11,43.94,5.64,.75,247.82159999999996
Nifty Midcap 150,2024-12-12,43.72,5.61,.75,245.2692
Nifty Midcap 150,2024-12-13,43.67,5.6,.75,244.552
Nifty Midcap 150,2024-12-16,43.97,5.64,.74,247.99079999999998
Nifty Midcap 150,2024-12-17,43.68,5.6,.75,244.60799999999998
Nifty Midcap 150,2024-12-18,43.42,5.57,.75,241.84940000000003
Nifty Midcap 150,2024-12-19,43.32,5.56,.75,240.8592
Nifty Midcap 150,2024-12-20,42.27,5.42,.77,229.10340000000002
Nifty Midcap 150,2024-12-23,42.32,5.43,.77,229.7976
Nifty Midcap 150,2024-12-24,42.33,5.43,.77,229.85189999999997
Nifty Midcap 150,2024-12-26,42.36,5.43,.77,230.01479999999998
Nifty Midcap 150,2024-12-27,42.31,5.43,.77,229.7433
Nifty Midcap 150,2024-12-30,42.39,5.44,.77,230.60160000000002
Nifty Midcap 150,2024-12-31,43.3,5.53,.76,239.44899999999998
Nifty Midcap 150,2025-01-01,43.52,5.56,.76,241.9712
Nifty Midcap 150,2025-01-02,43.98,5.62,.75,247.1676
Nifty Midcap 150,2025-01-03,43.87,5.6,.75,245.67199999999997
Nifty Midcap 150,2025-01-06,42.77,5.46,.77,233.5242
Nifty Midcap 150,2025-01-07,43.14,5.51,.76,237.7014
Nifty Midcap 150,2025-01-08,42.69,5.45,.77,232.66049999999998
Nifty Midcap 150,2025-01-09,42.35,5.41,.78,229.11350000000002
Nifty Midcap 150,2025-01-10,41.48,5.3,.79,219.84399999999997
Nifty Midcap 150,2025-01-13,39.86,5.09,.83,202.88739999999999
Nifty Midcap 150,2025-01-14,40.72,5.2,.81,211.744
Nifty Midcap 150,2025-01-15,40.86,5.22,.81,213.2892
Nifty Midcap 150,2025-01-16,41.27,5.28,.8,217.90560000000002
Nifty Midcap 150,2025-01-17,41.28,5.28,.8,217.9584
Nifty Midcap 150,2025-01-20,41.63,5.33,.79,221.88790000000003
Nifty Midcap 150,2025-01-21,40.75,5.22,.81,212.715
Nifty Midcap 150,2025-01-22,40.15,5.15,.82,206.7725
Nifty Midcap 150,2025-01-23,40.9,5.25,.8,214.725
Nifty Midcap 150,2025-01-24,40.1,5.16,.82,206.91600000000003
Nifty Midcap 150,2025-01-27,38.0,5.01,.84,190.38
Nifty Midcap 150,2025-01-28,37.49,4.98,.85,186.70020000000002
Nifty Midcap 150,2025-01-29,38.45,5.1,.83,196.095
Nifty Midcap 150,2025-01-30,38.26,5.11,.83,195.5086
Nifty Midcap 150,2025-01-31,38.76,5.2,.82,201.552
Nifty Midcap 150,2025-02-01,38.69,5.18,.82,200.41419999999997
Nifty Midcap 150,2025-02-03,36.77,5.12,.83,188.2624
Nifty Midcap 150,2025-02-04,37.29,5.19,.82,193.5351
Nifty Midcap 150,2025-02-05,37.58,5.23,.81,196.54340000000002
Nifty Midcap 150,2025-02-06,37.21,5.18,.83,192.74779999999998
Nifty Midcap 150,2025-02-07,37.22,5.19,.8,193.17180000000002
Nifty Midcap 150,2025-02-10,36.44,5.08,.81,185.1152
Nifty Midcap 150,2025-02-11,35.48,4.93,.83,174.91639999999998
Nifty Midcap 150,2025-02-12,35.33,4.91,.85,173.4703
Nifty Midcap 150,2025-02-13,35.37,4.92,.85,174.0204
Nifty Midcap 150,2025-02-14,34.41,4.8,.89,165.16799999999998
Nifty Midcap 150,2025-02-17,34.52,4.82,.87,166.38640000000004
Nifty Midcap 150,2025-02-18,34.48,4.81,.88,165.84879999999998
Nifty Midcap 150,2025-02-19,35.12,4.88,.86,171.38559999999998
Nifty Midcap 150,2025-02-20,35.58,4.94,.85,175.7652
Nifty Midcap 150,2025-02-21,35.19,4.89,.85,172.07909999999998
Nifty Midcap 150,2025-02-24,34.85,4.84,.85,168.674
Nifty Midcap 150,2025-02-25,34.67,4.82,.86,167.10940000000002
Nifty Midcap 150,2025-02-27,34.24,4.76,.85,162.9824
Nifty Midcap 150,2025-02-28,33.44,4.65,.87,155.496
Nifty Midcap 150,2025-03-03,33.49,4.65,.87,155.72850000000003
Nifty Midcap 150,2025-03-04,33.55,4.66,.87,156.343
Nifty Midcap 150,2025-03-05,34.36,4.77,.85,163.89719999999997
Nifty Midcap 150,2025-03-06,34.55,4.8,.83,165.83999999999997
Nifty Midcap 150,2025-03-07,34.46,4.79,.84,165.0634
Nifty Midcap 150,2025-03-10,33.97,4.72,.85,160.33839999999998
Nifty Midcap 150,2025-03-11,34.11,4.74,.84,161.6814
Nifty Midcap 150,2025-03-12,33.93,4.71,.85,159.81029999999998
Nifty Midcap 150,2025-03-13,33.72,4.69,.86,158.1468
Nifty Midcap 150,2025-03-17,33.98,4.72,.85,160.38559999999998
Nifty Midcap 150,2025-03-18,34.68,4.82,.82,167.1576
Nifty Midcap 150,2025-03-19,35.5,4.93,.8,175.015
Nifty Midcap 150,2025-03-20,35.69,4.96,.8,177.02239999999998
Nifty Midcap 150,2025-03-21,36.17,5.02,.81,181.5734
Nifty Midcap 150,2025-03-24,36.57,5.08,.8,185.7756
Nifty Midcap 150,2025-03-25,36.21,5.03,.81,182.1363
Nifty Midcap 150,2025-03-26,35.98,5.0,.82,179.89999999999998
Nifty Midcap 150,2025-03-27,36.11,5.02,.82,181.27219999999997
Nifty Midcap 150,2025-03-28,33.71,4.83,.85,162.8193
Nifty Midcap 150,2025-04-01,33.38,4.78,.86,159.55640000000002
Nifty Midcap 150,2025-04-02,33.86,4.85,.85,164.22099999999998
Nifty Midcap 150,2025-04-03,33.92,4.86,.82,164.8512
Nifty Midcap 150,2025-04-04,32.93,4.72,.85,155.4296
Nifty Midcap 150,2025-04-07,31.75,4.55,.88,144.4625
Nifty Midcap 150,2025-04-08,32.42,4.64,.86,150.4288
Nifty Midcap 150,2025-04-09,32.22,4.61,.87,148.5342
Nifty Midcap 150,2025-04-11,32.82,4.7,.85,154.25400000000002
Nifty Midcap 150,2025-04-15,33.82,4.84,.83,163.6888
Nifty Midcap 150,2025-04-16,34.07,4.88,.82,166.2616
Nifty Midcap 150,2025-04-17,34.27,4.91,.82,168.2657
Nifty Midcap 150,2025-04-21,35.02,5.01,.8,175.4502
Nifty Midcap 150,2025-04-22,35.32,5.06,.79,178.7192
Nifty Midcap 150,2025-04-23,35.59,5.11,.78,181.86490000000003
Nifty Midcap 150,2025-04-24,35.54,5.1,.79,181.254
Nifty Midcap 150,2025-04-25,34.58,4.97,.81,171.8626
Nifty Midcap 150,2025-04-28,35.08,5.04,.8,176.8032
Nifty Midcap 150,2025-04-29,35.33,5.05,.8,178.41649999999998
Nifty Midcap 150,2025-04-30,34.01,4.93,.81,167.6693
Nifty Midcap 150,2025-05-02,33.78,4.9,.81,165.52200000000002
Nifty Midcap 150,2025-05-05,34.21,4.98,.8,170.3658
Nifty Midcap 150,2025-05-06,33.47,4.88,.82,163.3336
Nifty Midcap 150,2025-05-07,33.95,4.95,.79,168.0525
Nifty Midcap 150,2025-05-08,33.2,4.86,.82,161.35200000000003
Nifty Midcap 150,2025-05-09,33.16,4.86,.83,161.1576
Nifty Midcap 150,2025-05-12,34.4,5.05,.8,173.72
Nifty Midcap 150,2025-05-13,34.18,5.06,.8,172.9508
Nifty Midcap 150,2025-05-14,34.34,5.12,.79,175.82080000000002
Nifty Midcap 150,2025-05-15,34.59,5.15,.77,178.13850000000002
Nifty Midcap 150,2025-05-16,34.87,5.19,.77,180.9753
Nifty Midcap 150,2025-05-19,34.92,5.2,.77,181.584
Nifty Midcap 150,2025-05-20,34.13,5.12,.78,174.74560000000002
Nifty Midcap 150,2025-05-21,34.32,5.16,.78,177.09120000000001
Nifty Midcap 150,2025-05-22,34.11,5.14,.78,175.32539999999997
Nifty Midcap 150,2025-05-23,34.08,5.17,.78,176.19359999999998
Nifty Midcap 150,2025-05-26,34.38,5.2,.78,178.776
Nifty Midcap 150,2025-05-27,34.39,5.21,.78,179.1719
Nifty Midcap 150,2025-05-28,34.14,5.21,.79,177.8694
Nifty Midcap 150,2025-05-29,34.32,5.24,.79,179.8368
Nifty Midcap 150,2025-05-30,34.26,5.23,.79,179.1798
Nifty Midcap 150,2025-06-02,34.45,5.24,.77,180.51800000000003
Nifty Midcap 150,2025-06-03,33.85,5.22,.78,176.697
Nifty Midcap 150,2025-06-04,34.14,5.26,.77,179.5764
Nifty Midcap 150,2025-06-05,34.37,5.29,.77,181.8173
Nifty Midcap 150,2025-06-06,34.7,5.34,.79,185.298
Nifty Midcap 150,2025-06-09,35.05,5.39,.77,188.91949999999997
Nifty Midcap 150,2025-06-10,35.05,5.39,.79,188.91949999999997
Nifty Midcap 150,2025-06-11,34.94,5.37,.8,187.62779999999998
Nifty Midcap 150,2025-06-12,34.4,5.27,.81,181.28799999999998
Nifty Midcap 150,2025-06-13,34.28,5.25,.81,179.97
Nifty Midcap 150,2025-06-16,34.54,5.26,.8,181.6804
Nifty Midcap 150,2025-06-17,34.33,5.23,.81,179.54590000000002
Nifty Midcap 150,2025-06-18,34.16,5.2,.78,177.63199999999998
Nifty Midcap 150,2025-06-19,33.63,5.12,.8,172.18560000000002
Nifty Midcap 150,2025-06-20,34.04,5.18,.81,176.32719999999998
Nifty Midcap 150,2025-06-23,34.18,5.2,.81,177.73600000000002
Nifty Midcap 150,2025-06-24,34.42,5.24,.81,180.3608
Nifty Midcap 150,2025-06-25,34.61,5.26,.79,182.0486
Nifty Midcap 150,2025-06-26,34.79,5.29,.79,184.0391
Nifty Midcap 150,2025-06-27,34.86,5.3,.79,184.75799999999998
Nifty Midcap 150,2025-06-30,35.27,5.35,.77,188.6945
Nifty Midcap 150,2025-07-01,35.21,5.34,.77,188.0214
Nifty Midcap 150,2025-07-02,35.19,5.33,.77,187.56269999999998
Nifty Midcap 150,2025-07-03,35.25,5.34,.77,188.23499999999999
Nifty Midcap 150,2025-07-04,35.24,5.33,.79,187.82920000000001
Nifty Midcap 150,2025-07-07,35.15,5.31,.77,186.64649999999997
Nifty Midcap 150,2025-07-08,35.1,5.3,.78,186.03
Nifty Midcap 150,2025-07-09,35.08,5.27,.79,184.87159999999997
Nifty Midcap 150,2025-07-10,34.99,5.26,.77,184.0474
Nifty Midcap 150,2025-07-11,34.69,5.18,.8,179.69419999999997
Nifty Midcap 150,2025-07-14,34.92,5.16,.79,180.18720000000002
Nifty Midcap 150,2025-07-15,35.25,5.21,.79,183.6525
Nifty Midcap 150,2025-07-16,35.29,5.18,.78,182.8022
Nifty Midcap 150,2025-07-17,35.3,5.19,.78,183.207
Nifty Midcap 150,2025-07-18,35.06,5.11,.81,179.15660000000003
Nifty Midcap 150,2025-07-21,35.24,5.14,.77,181.1336
Nifty Midcap 150,2025-07-22,35.09,5.11,.77,179.30990000000003
Nifty Midcap 150,2025-07-23,35.21,5.1,.77,179.571
Nifty Midcap 150,2025-07-24,34.74,5.07,.77,176.13180000000003
Nifty Midcap 150,2025-07-25,34.11,4.98,.83,169.86780000000002
Nifty Midcap 150,2025-07-28,33.79,4.92,.83,166.2468
Nifty Midcap 150,2025-07-29,34.05,4.95,.83,168.54749999999999
Nifty Midcap 150,2025-07-30,34.12,4.95,.83,168.894
Nifty Midcap 150,2025-07-31,33.8,4.9,.84,165.62
Nifty Midcap 150,2025-08-01,33.37,4.82,.86,160.8434
Nifty Midcap 150,2025-08-04,33.78,4.86,.85,164.1708
Nifty Midcap 150,2025-08-05,33.65,4.83,.85,162.52949999999998
Nifty Midcap 150,2025-08-06,33.33,4.77,.86,158.98409999999998
Nifty Midcap 150,2025-08-07,33.36,4.78,.86,159.4608
Nifty Midcap 150,2025-08-08,32.86,4.7,.87,154.442
Nifty Midcap 150,2025-08-11,32.54,4.73,.83,153.91420000000002
Nifty Midcap 150,2025-08-12,32.5,4.71,.83,153.075
Nifty Midcap 150,2025-08-13,32.72,4.67,.82,152.8024
Nifty Midcap 150,2025-08-14,32.62,4.66,.88,152.0092
Nifty Midcap 150,2025-08-18,32.92,4.68,.85,154.0656
Nifty Midcap 150,2025-08-19,33.27,4.72,.84,157.0344
Nifty Midcap 150,2025-08-20,33.37,4.69,.83,156.5053
Nifty Midcap 150,2025-08-21,33.23,4.67,.84,155.18409999999997
Nifty Midcap 150,2025-08-22,33.17,4.66,.86,154.5722
Nifty Midcap 150,2025-08-25,33.16,4.65,.84,154.194
Nifty Midcap 150,2025-08-26,32.67,4.57,.85,149.30190000000002
Nifty Midcap 150,2025-08-28,32.28,4.49,.84,144.93720000000002
Nifty Midcap 150,2025-08-29,32.1,4.46,.85,143.166
Nifty Midcap 150,2025-09-01,32.66,4.53,.83,147.94979999999998
Nifty Midcap 150,2025-09-02,32.72,4.53,.83,148.2216
Nifty Midcap 150,2025-09-03,32.94,4.53,.82,149.2182
Nifty Midcap 150,2025-09-04,32.73,4.5,.85,147.285
Nifty Midcap 150,2025-09-05,32.75,4.48,.84,146.72000000000003
Nifty Midcap 150,2025-09-08,32.88,4.49,.85,147.6312
Nifty Midcap 150,2025-09-09,32.94,4.5,.84,148.23
Nifty Midcap 150,2025-09-10,33.26,4.54,.84,151.00039999999998
Nifty Midcap 150,2025-09-11,33.27,4.54,.83,151.0458
Nifty Midcap 150,2025-09-12,33.36,4.55,.82,151.78799999999998
Nifty Midcap 150,2025-09-15,33.5,4.55,.82,152.42499999999998
Nifty Midcap 150,2025-09-16,33.71,4.57,.81,154.05470000000003
Nifty Midcap 150,2025-09-17,33.77,4.57,.8,154.32890000000003
Nifty Midcap 150,2025-09-18,33.88,4.59,.8,155.5092
Nifty Midcap 150,2025-09-19,33.88,4.59,.8,155.5092
Nifty Midcap 150,2025-09-22,33.69,4.52,.8,152.27879999999996
Nifty Midcap 150,2025-09-23,33.59,4.51,.8,151.4909
Nifty Midcap 150,2025-09-24,33.3,4.47,.8,148.85099999999997
Nifty Midcap 150,2025-09-25,33.08,4.44,.81,146.8752
Nifty Midcap 150,2025-09-26,32.44,4.35,.83,141.11399999999998
Nifty Midcap 150,2025-09-29,32.52,4.36,.82,141.7872
Nifty Midcap 150,2025-09-30,32.84,4.2,.85,137.92800000000003
Nifty Midcap 150,2025-10-01,33.12,4.23,.84,140.0976
Nifty Midcap 150,2025-10-03,33.4,4.27,.84,142.61799999999997
Nifty Midcap 150,2025-10-06,33.64,4.3,.83,144.652
Nifty Midcap 150,2025-10-07,33.77,4.32,.83,145.8864
Nifty Midcap 150,2025-10-08,33.52,4.29,.84,143.8008
Nifty Midcap 150,2025-10-09,33.8,4.32,.83,146.016
Nifty Midcap 150,2025-10-10,33.94,4.34,.83,147.2996
Nifty Midcap 150,2025-10-13,33.96,4.34,.82,147.3864
Nifty Midcap 150,2025-10-14,33.72,4.31,.83,145.33319999999998
Nifty Midcap 150,2025-10-15,34.07,4.35,.82,148.2045
