Index Name,DATE,pe,pb,divYield,pe*pb
Nifty Bank,2003-09-15,6.57,1.38,3.25,9.0666
Nifty Bank,2003-09-16,6.75,1.42,3.16,9.584999999999999
Nifty Bank,2003-09-17,6.66,1.4,3.20,9.324
Nifty Bank,2003-09-18,6.37,1.34,3.35,8.5358
Nifty Bank,2003-09-19,6.41,1.35,3.33,8.653500000000001
Nifty Bank,2003-09-22,6.3,1.32,3.39,8.316
Nifty Bank,2003-09-23,6.45,1.35,3.31,8.707500000000001
Nifty Bank,2003-09-24,6.62,1.39,3.23,9.201799999999999
Nifty Bank,2003-09-25,6.52,1.37,3.28,8.9324
Nifty Bank,2003-09-26,6.79,1.42,3.15,9.6418
Nifty Bank,2003-09-29,6.92,1.45,3.09,10.033999999999999
Nifty Bank,2003-09-30,7.09,1.49,3.01,10.5641
Nifty Bank,2003-10-01,7.06,1.48,3.02,10.448799999999999
Nifty Bank,2003-10-03,7.22,1.52,2.96,10.9744
Nifty Bank,2003-10-06,7.41,1.55,2.88,11.4855
Nifty Bank,2003-10-07,7.4,1.55,2.89,11.47
Nifty Bank,2003-10-08,7.57,1.59,2.82,12.0363
Nifty Bank,2003-10-09,7.71,1.62,2.77,12.490200000000002
Nifty Bank,2003-10-10,7.62,1.6,2.80,12.192
Nifty Bank,2003-10-13,7.8,1.64,2.74,12.792
Nifty Bank,2003-10-14,7.66,1.61,2.79,12.332600000000001
Nifty Bank,2003-10-15,7.82,1.64,2.73,12.8248
Nifty Bank,2003-10-16,8.12,1.7,2.63,13.803999999999998
Nifty Bank,2003-10-17,8.04,1.69,2.66,13.587599999999998
Nifty Bank,2003-10-20,7.9,1.66,2.70,13.114
Nifty Bank,2003-10-21,7.71,1.62,2.77,12.490200000000002
Nifty Bank,2003-10-22,7.69,1.61,2.78,12.380900000000002
Nifty Bank,2003-10-23,7.64,1.6,2.79,12.224
Nifty Bank,2003-10-24,7.85,1.65,2.72,12.952499999999999
Nifty Bank,2003-10-25,7.94,1.67,2.69,13.2598
Nifty Bank,2003-10-27,7.74,1.63,2.76,12.6162
Nifty Bank,2003-10-28,7.65,1.61,2.79,12.316500000000001
Nifty Bank,2003-10-29,7.76,1.63,2.75,12.6488
Nifty Bank,2003-10-30,7.84,1.65,2.72,12.936
Nifty Bank,2003-10-31,8.01,1.68,2.66,13.4568
Nifty Bank,2003-11-03,7.94,1.67,2.69,13.2598
Nifty Bank,2003-11-04,8.03,1.68,2.66,13.4904
Nifty Bank,2003-11-05,7.88,1.65,2.71,13.001999999999999
Nifty Bank,2003-11-06,7.85,1.65,2.72,12.952499999999999
Nifty Bank,2003-11-07,7.81,1.64,2.73,12.808399999999999
Nifty Bank,2003-11-10,7.76,1.63,2.75,12.6488
Nifty Bank,2003-11-11,7.84,1.64,2.72,12.8576
Nifty Bank,2003-11-12,7.88,1.65,2.71,13.001999999999999
Nifty Bank,2003-11-13,7.75,1.63,2.75,12.632499999999999
Nifty Bank,2003-11-14,7.59,1.59,2.81,12.068100000000001
Nifty Bank,2003-11-15,7.63,1.6,2.80,12.208
Nifty Bank,2003-11-17,7.7,1.62,2.77,12.474000000000002
Nifty Bank,2003-11-18,7.58,1.59,2.81,12.052200000000001
Nifty Bank,2003-11-19,7.43,1.56,2.87,11.5908
Nifty Bank,2003-11-20,7.3,1.53,2.93,11.169
Nifty Bank,2003-11-21,7.31,1.53,2.92,11.1843
Nifty Bank,2003-11-24,7.36,1.55,2.90,11.408000000000001
Nifty Bank,2003-11-25,7.47,1.57,2.86,11.7279
Nifty Bank,2003-11-27,7.62,1.6,2.80,12.192
Nifty Bank,2003-11-28,7.7,1.62,2.77,12.474000000000002
Nifty Bank,2003-12-01,7.74,1.62,2.76,12.538800000000002
Nifty Bank,2003-12-02,7.87,1.65,2.71,12.9855
Nifty Bank,2003-12-03,8.04,1.69,2.65,13.587599999999998
Nifty Bank,2003-12-04,7.93,1.66,2.69,13.163799999999998
Nifty Bank,2003-12-05,7.75,1.63,2.76,12.632499999999999
Nifty Bank,2003-12-08,7.71,1.62,2.77,12.490200000000002
Nifty Bank,2003-12-09,7.84,1.64,2.72,12.8576
Nifty Bank,2003-12-10,7.87,1.65,2.71,12.9855
Nifty Bank,2003-12-11,8.06,1.69,2.65,13.621400000000001
Nifty Bank,2003-12-12,8.12,1.7,2.63,13.803999999999998
Nifty Bank,2003-12-15,8.13,1.71,2.63,13.9023
Nifty Bank,2003-12-16,8.11,1.7,2.63,13.786999999999999
Nifty Bank,2003-12-17,8.05,1.69,2.65,13.604500000000002
Nifty Bank,2003-12-18,8.07,1.69,2.64,13.6383
Nifty Bank,2003-12-19,8.19,1.72,2.61,14.086799999999998
Nifty Bank,2003-12-22,8.48,1.78,2.52,15.0944
Nifty Bank,2003-12-23,8.48,1.78,2.52,15.0944
Nifty Bank,2003-12-24,8.58,1.8,2.49,15.444
Nifty Bank,2003-12-26,8.77,1.84,2.44,16.1368
Nifty Bank,2003-12-29,9.07,1.9,2.35,17.233
Nifty Bank,2003-12-30,8.97,1.88,2.38,16.8636
Nifty Bank,2003-12-31,9.05,1.9,2.36,17.195
Nifty Bank,2004-01-01,9.32,1.96,2.29,18.2672
Nifty Bank,2004-01-02,9.38,1.97,2.28,18.4786
Nifty Bank,2004-01-05,9.6,2.01,2.22,19.295999999999996
Nifty Bank,2004-01-06,9.54,2.0,2.24,19.08
Nifty Bank,2004-01-07,9.39,1.97,2.27,18.4983
Nifty Bank,2004-01-08,9.69,2.03,2.20,19.670699999999997
Nifty Bank,2004-01-09,9.93,2.08,2.15,20.6544
Nifty Bank,2004-01-12,10.04,2.11,2.13,21.184399999999997
Nifty Bank,2004-01-13,10.16,2.13,2.10,21.6408
Nifty Bank,2004-01-14,10.39,2.18,2.05,22.6502
Nifty Bank,2004-01-15,10.25,2.15,2.08,22.037499999999998
Nifty Bank,2004-01-16,9.82,2.06,2.17,20.229200000000002
Nifty Bank,2004-01-19,10.07,2.11,2.12,21.2477
Nifty Bank,2004-01-20,9.73,2.04,2.19,19.8492
Nifty Bank,2004-01-21,9.23,1.94,2.31,17.906200000000002
Nifty Bank,2004-01-22,9.12,1.91,2.34,17.419199999999996
Nifty Bank,2004-01-23,9.59,2.01,2.23,19.275899999999996
Nifty Bank,2004-01-27,9.96,2.09,2.14,20.8164
Nifty Bank,2004-01-28,9.71,2.04,2.20,19.808400000000002
Nifty Bank,2004-01-29,9.55,2.01,2.23,19.1955
Nifty Bank,2004-01-30,9.23,1.94,2.31,17.906200000000002
Nifty Bank,2004-02-03,8.8,1.85,2.43,16.28
Nifty Bank,2004-02-04,9.12,1.91,2.34,17.419199999999996
Nifty Bank,2004-02-05,9.15,1.92,2.33,17.568
Nifty Bank,2004-02-06,9.45,1.98,2.26,18.711
Nifty Bank,2004-02-09,9.87,2.07,2.16,20.430899999999998
Nifty Bank,2004-02-10,9.9,2.08,2.16,20.592000000000002
Nifty Bank,2004-02-11,9.9,2.08,2.16,20.592000000000002
Nifty Bank,2004-02-12,9.78,2.05,2.18,20.048999999999996
Nifty Bank,2004-02-13,9.85,2.07,2.17,20.389499999999998
Nifty Bank,2004-02-16,9.82,2.06,2.17,20.229200000000002
Nifty Bank,2004-02-17,9.93,2.08,2.15,20.6544
Nifty Bank,2004-02-18,9.87,2.07,2.16,20.430899999999998
Nifty Bank,2004-02-19,9.57,2.01,2.23,19.235699999999998
Nifty Bank,2004-02-20,9.42,1.98,2.27,18.6516
Nifty Bank,2004-02-23,9.14,1.92,2.34,17.5488
Nifty Bank,2004-02-24,9.26,1.94,2.31,17.964399999999998
Nifty Bank,2004-02-25,9.12,1.91,2.34,17.419199999999996
Nifty Bank,2004-02-26,8.96,1.88,2.38,16.8448
Nifty Bank,2004-02-27,9.11,1.91,2.34,17.4001
Nifty Bank,2004-03-01,9.36,1.97,2.28,18.4392
Nifty Bank,2004-03-03,9.37,1.97,2.28,18.4589
Nifty Bank,2004-03-04,9.44,1.98,2.26,18.6912
Nifty Bank,2004-03-05,9.55,2.0,2.24,19.1
Nifty Bank,2004-03-08,9.82,2.06,2.17,20.229200000000002
Nifty Bank,2004-03-09,9.82,2.06,2.17,20.229200000000002
Nifty Bank,2004-03-10,9.55,2.0,2.24,19.1
Nifty Bank,2004-03-11,9.34,1.96,2.28,18.3064
Nifty Bank,2004-03-12,9.34,1.96,2.29,18.3064
Nifty Bank,2004-03-15,9.09,1.91,2.35,17.3619
Nifty Bank,2004-03-16,9.04,1.9,2.36,17.176
Nifty Bank,2004-03-17,9.22,1.93,2.32,17.7946
Nifty Bank,2004-03-18,9.03,1.9,2.36,17.156999999999996
Nifty Bank,2004-03-19,9.09,1.91,2.35,17.3619
Nifty Bank,2004-03-22,8.86,1.86,2.41,16.4796
Nifty Bank,2004-03-23,8.82,1.85,2.42,16.317
Nifty Bank,2004-03-24,8.85,1.86,2.41,16.461
Nifty Bank,2004-03-25,9.04,1.9,2.36,17.176
Nifty Bank,2004-03-26,9.53,2.0,2.24,19.06
Nifty Bank,2004-03-29,9.79,2.06,2.18,20.167399999999997
Nifty Bank,2004-03-30,9.73,2.04,2.19,19.8492
Nifty Bank,2004-03-31,9.84,2.07,2.17,20.368799999999997
Nifty Bank,2004-04-01,10.04,2.11,2.13,21.184399999999997
Nifty Bank,2004-04-02,10.18,2.14,2.10,21.7852
Nifty Bank,2004-04-05,10.08,2.12,2.12,21.369600000000002
Nifty Bank,2004-04-06,10.12,2.12,2.11,21.4544
Nifty Bank,2004-04-07,10.12,2.13,2.11,21.5556
Nifty Bank,2004-04-08,10.18,2.14,2.10,21.7852
Nifty Bank,2004-04-12,10.12,2.12,2.11,21.4544
Nifty Bank,2004-04-13,10.38,2.18,2.06,22.628400000000003
Nifty Bank,2004-04-15,10.46,2.19,2.04,22.907400000000003
Nifty Bank,2004-04-16,10.58,2.22,2.02,23.4876
Nifty Bank,2004-04-17,10.65,2.24,2.00,23.856
Nifty Bank,2004-04-19,10.59,2.22,2.02,23.509800000000002
Nifty Bank,2004-04-20,10.58,2.22,2.02,23.4876
Nifty Bank,2004-04-21,10.7,2.25,2.00,24.075
Nifty Bank,2004-04-22,10.92,2.29,1.95,25.006800000000002
Nifty Bank,2004-04-23,11.43,2.4,1.87,27.432
Nifty Bank,2004-04-27,10.92,2.29,1.95,25.006800000000002
Nifty Bank,2004-04-28,11.08,2.32,1.93,25.705599999999997
Nifty Bank,2004-04-29,11.08,2.33,1.93,25.8164
Nifty Bank,2004-04-30,10.99,2.31,1.94,25.3869
Nifty Bank,2004-05-03,10.72,2.25,1.99,24.12
Nifty Bank,2004-05-04,10.97,2.3,1.95,25.230999999999998
Nifty Bank,2004-05-05,10.92,2.29,1.96,25.006800000000002
Nifty Bank,2004-05-06,11.18,2.35,1.91,26.273
Nifty Bank,2004-05-07,11.08,2.33,1.93,25.8164
Nifty Bank,2004-05-10,10.85,2.28,1.97,24.737999999999996
Nifty Bank,2004-05-11,10.35,2.17,2.06,22.4595
Nifty Bank,2004-05-12,10.34,2.17,2.06,22.4378
Nifty Bank,2004-05-13,10.13,2.13,2.11,21.576900000000002
Nifty Bank,2004-05-14,8.82,1.85,2.42,16.317
Nifty Bank,2004-05-17,7.58,1.59,2.82,12.052200000000001
Nifty Bank,2004-05-18,8.5,1.78,2.51,15.13
Nifty Bank,2004-05-19,9.13,1.92,2.34,17.529600000000002
Nifty Bank,2004-05-20,9.06,1.9,2.36,17.214
Nifty Bank,2004-05-21,9.05,1.9,2.36,17.195
Nifty Bank,2004-05-24,9.16,1.92,2.33,17.5872
Nifty Bank,2004-05-25,9.13,1.92,2.34,17.529600000000002
Nifty Bank,2004-05-26,9.12,1.92,2.34,17.510399999999997
Nifty Bank,2004-05-27,9.1,1.91,2.35,17.381
Nifty Bank,2004-05-28,8.48,1.78,2.52,15.0944
Nifty Bank,2004-05-31,8.08,1.7,2.64,13.735999999999999
Nifty Bank,2004-06-01,8.21,1.72,2.60,14.121200000000002
Nifty Bank,2004-06-02,8.56,1.8,2.49,15.408000000000001
Nifty Bank,2004-06-03,7.73,1.67,2.70,12.9091
Nifty Bank,2004-06-04,7.91,1.71,2.64,13.5261
Nifty Bank,2004-06-07,7.98,1.73,2.61,13.8054
Nifty Bank,2004-06-08,7.98,1.73,2.61,13.8054
Nifty Bank,2004-06-09,8.0,1.73,2.61,13.84
Nifty Bank,2004-06-10,7.89,1.71,2.64,13.4919
Nifty Bank,2004-06-11,7.61,1.65,2.74,12.5565
Nifty Bank,2004-06-14,7.32,1.58,2.85,11.565600000000002
Nifty Bank,2004-06-15,7.46,1.62,2.80,12.0852
Nifty Bank,2004-06-16,7.47,1.62,2.79,12.1014
Nifty Bank,2004-06-17,7.62,1.65,2.74,12.572999999999999
Nifty Bank,2004-06-18,7.53,1.63,2.77,12.2739
Nifty Bank,2004-06-21,7.36,1.59,2.84,11.7024
Nifty Bank,2004-06-22,7.31,1.58,2.86,11.5498
Nifty Bank,2004-06-23,7.18,1.55,2.91,11.129
Nifty Bank,2004-06-24,7.34,1.59,2.84,11.6706
Nifty Bank,2004-06-25,7.26,1.57,2.88,11.398200000000001
Nifty Bank,2004-06-28,7.43,1.61,2.81,11.9623
Nifty Bank,2004-06-29,7.39,1.6,2.82,11.824
Nifty Bank,2004-06-30,7.36,1.59,2.84,11.7024
Nifty Bank,2004-07-01,7.52,1.63,2.77,12.257599999999998
Nifty Bank,2004-07-02,7.45,1.61,2.80,11.9945
Nifty Bank,2004-07-05,7.22,1.56,2.89,11.2632
Nifty Bank,2004-07-06,7.35,1.59,2.84,11.6865
Nifty Bank,2004-07-07,7.35,1.59,2.84,11.6865
Nifty Bank,2004-07-08,7.05,1.53,2.96,10.7865
Nifty Bank,2004-07-09,7.18,1.55,2.91,11.129
Nifty Bank,2004-07-12,7.24,1.57,2.88,11.366800000000001
Nifty Bank,2004-07-13,7.18,1.56,2.90,11.2008
Nifty Bank,2004-07-14,7.2,1.56,2.90,11.232000000000001
Nifty Bank,2004-07-15,7.23,1.57,2.88,11.3511
Nifty Bank,2004-07-16,7.39,1.6,2.82,11.824
Nifty Bank,2004-07-19,7.48,1.62,2.79,12.117600000000001
Nifty Bank,2004-07-20,7.51,1.62,2.78,12.1662
Nifty Bank,2004-07-21,7.59,1.64,2.75,12.4476
Nifty Bank,2004-07-22,7.81,1.69,2.67,13.198899999999998
Nifty Bank,2004-07-23,7.82,1.69,2.67,13.2158
Nifty Bank,2004-07-26,7.86,1.7,2.65,13.362
Nifty Bank,2004-07-27,7.6,1.64,2.75,12.463999999999999
Nifty Bank,2004-07-28,7.47,1.62,2.79,12.1014
Nifty Bank,2004-07-29,7.64,1.65,2.73,12.605999999999998
Nifty Bank,2004-07-30,7.61,1.65,2.74,12.5565
Nifty Bank,2004-08-02,6.9,1.48,2.79,10.212
Nifty Bank,2004-08-03,6.86,1.47,2.80,10.084200000000001
Nifty Bank,2004-08-04,6.81,1.46,2.82,9.942599999999999
Nifty Bank,2004-08-05,7.0,1.5,2.75,10.5
Nifty Bank,2004-08-06,6.9,1.48,2.79,10.212
Nifty Bank,2004-08-09,7.02,1.5,2.74,10.53
Nifty Bank,2004-08-10,7.02,1.5,2.74,10.53
Nifty Bank,2004-08-11,6.92,1.48,2.78,10.2416
Nifty Bank,2004-08-12,6.86,1.47,2.80,10.084200000000001
Nifty Bank,2004-08-13,6.83,1.46,2.82,9.9718
Nifty Bank,2004-08-16,6.79,1.45,2.83,9.8455
Nifty Bank,2004-08-17,6.81,1.46,2.83,9.942599999999999
Nifty Bank,2004-08-18,6.74,1.44,2.85,9.7056
Nifty Bank,2004-08-19,6.73,1.44,2.86,9.6912
Nifty Bank,2004-08-20,6.65,1.42,2.89,9.443
Nifty Bank,2004-08-23,6.55,1.4,2.94,9.17
Nifty Bank,2004-08-24,6.57,1.41,2.93,9.2637
Nifty Bank,2004-08-25,6.67,1.43,2.88,9.5381
Nifty Bank,2004-08-26,6.81,1.46,2.82,9.942599999999999
Nifty Bank,2004-08-27,6.78,1.45,2.84,9.831
Nifty Bank,2004-08-30,6.91,1.48,2.79,10.2268
Nifty Bank,2004-08-31,6.9,1.47,2.79,10.143
Nifty Bank,2004-09-01,7.0,1.5,2.75,10.5
Nifty Bank,2004-09-02,6.95,1.49,2.77,10.355500000000001
Nifty Bank,2004-09-03,7.07,1.51,2.72,10.6757
Nifty Bank,2004-09-06,7.1,1.52,2.71,10.792
Nifty Bank,2004-09-07,7.16,1.53,2.69,10.9548
Nifty Bank,2004-09-08,7.19,1.54,2.68,11.072600000000001
Nifty Bank,2004-09-09,7.1,1.52,2.71,10.792
Nifty Bank,2004-09-10,7.16,1.53,2.69,10.9548
Nifty Bank,2004-09-13,7.06,1.51,2.72,10.660599999999999
Nifty Bank,2004-09-14,7.09,1.52,2.71,10.7768
Nifty Bank,2004-09-15,7.07,1.51,2.72,10.6757
Nifty Bank,2004-09-16,7.17,1.53,2.68,10.9701
Nifty Bank,2004-09-17,7.35,1.57,2.62,11.5395
Nifty Bank,2004-09-20,7.36,1.57,2.61,11.555200000000001
Nifty Bank,2004-09-21,7.47,1.6,2.57,11.952
Nifty Bank,2004-09-22,7.68,1.64,2.50,12.595199999999998
Nifty Bank,2004-09-23,7.52,1.61,2.56,12.1072
Nifty Bank,2004-09-24,7.49,1.6,2.57,11.984000000000002
Nifty Bank,2004-09-27,7.42,1.59,2.59,11.7978
Nifty Bank,2004-09-28,7.36,1.57,2.61,11.555200000000001
Nifty Bank,2004-09-29,7.38,1.58,2.60,11.660400000000001
Nifty Bank,2004-09-30,7.37,1.58,2.61,11.6446
Nifty Bank,2004-10-01,7.48,1.6,2.88,11.968000000000002
Nifty Bank,2004-10-04,7.53,1.61,2.86,12.1233
Nifty Bank,2004-10-05,7.72,1.65,2.79,12.738
Nifty Bank,2004-10-06,7.59,1.62,2.83,12.2958
Nifty Bank,2004-10-07,7.62,1.63,2.82,12.420599999999999
Nifty Bank,2004-10-08,7.63,1.63,2.82,12.4369
Nifty Bank,2004-10-09,7.59,1.62,2.84,12.2958
Nifty Bank,2004-10-11,7.52,1.61,2.86,12.1072
Nifty Bank,2004-10-12,7.4,1.58,2.91,11.692000000000002
Nifty Bank,2004-10-14,7.35,1.57,2.93,11.5395
Nifty Bank,2004-10-15,7.33,1.57,2.94,11.5081
Nifty Bank,2004-10-18,7.34,1.57,2.93,11.5238
Nifty Bank,2004-10-19,7.39,1.58,2.91,11.6762
Nifty Bank,2004-10-20,7.31,1.56,2.94,11.403599999999999
Nifty Bank,2004-10-21,7.31,1.56,2.95,11.403599999999999
Nifty Bank,2004-10-25,7.11,1.52,3.03,10.8072
Nifty Bank,2004-10-26,7.22,1.54,2.98,11.1188
Nifty Bank,2004-10-27,7.22,1.54,2.98,11.1188
Nifty Bank,2004-10-28,7.21,1.54,2.99,11.1034
Nifty Bank,2004-10-29,7.26,1.55,2.97,11.253
Nifty Bank,2004-11-01,7.37,1.58,2.92,11.6446
Nifty Bank,2004-11-02,7.43,1.59,2.90,11.8137
Nifty Bank,2004-11-03,7.69,1.65,2.80,12.6885
Nifty Bank,2004-11-04,7.69,1.64,2.80,12.6116
Nifty Bank,2004-11-05,7.86,1.68,2.74,13.2048
Nifty Bank,2004-11-08,7.85,1.68,2.74,13.187999999999999
Nifty Bank,2004-11-09,7.8,1.67,2.76,13.026
Nifty Bank,2004-11-10,7.86,1.68,2.74,13.2048
Nifty Bank,2004-11-11,7.82,1.67,2.75,13.0594
Nifty Bank,2004-11-12,7.82,1.67,2.75,13.0594
Nifty Bank,2004-11-16,8.05,1.72,2.67,13.846000000000002
Nifty Bank,2004-11-17,8.32,1.78,2.59,14.809600000000001
Nifty Bank,2004-11-18,8.45,1.81,2.55,15.2945
Nifty Bank,2004-11-19,8.38,1.79,2.57,15.000200000000001
Nifty Bank,2004-11-22,8.37,1.79,2.57,14.982299999999999
Nifty Bank,2004-11-23,8.44,1.8,2.55,15.192
Nifty Bank,2004-11-24,8.47,1.81,2.54,15.330700000000002
Nifty Bank,2004-11-25,8.49,1.82,2.53,15.4518
Nifty Bank,2004-11-29,8.71,1.86,2.47,16.2006
Nifty Bank,2004-11-30,8.82,1.89,2.44,16.6698
Nifty Bank,2004-12-01,8.98,1.92,2.14,17.241600000000002
Nifty Bank,2004-12-02,9.43,2.02,2.04,19.0486
Nifty Bank,2004-12-03,9.48,2.03,2.03,19.2444
Nifty Bank,2004-12-06,9.44,2.02,2.04,19.0688
Nifty Bank,2004-12-07,9.42,2.01,2.04,18.934199999999997
Nifty Bank,2004-12-08,9.45,2.02,2.03,19.089
Nifty Bank,2004-12-09,9.58,2.05,2.01,19.639
Nifty Bank,2004-12-10,9.43,2.02,2.04,19.0486
Nifty Bank,2004-12-13,9.44,2.02,2.04,19.0688
Nifty Bank,2004-12-14,9.55,2.04,2.01,19.482000000000003
Nifty Bank,2004-12-15,9.54,2.04,2.02,19.461599999999997
Nifty Bank,2004-12-16,9.51,2.03,2.02,19.3053
Nifty Bank,2004-12-17,9.4,2.01,2.05,18.894
Nifty Bank,2004-12-20,9.51,2.03,2.02,19.3053
Nifty Bank,2004-12-21,9.7,2.07,1.98,20.078999999999997
Nifty Bank,2004-12-22,9.65,2.06,1.99,19.879
Nifty Bank,2004-12-23,9.93,2.12,1.94,21.0516
Nifty Bank,2004-12-24,9.92,2.12,1.94,21.0304
Nifty Bank,2004-12-27,9.98,2.13,1.93,21.2574
Nifty Bank,2004-12-28,10.05,2.15,1.91,21.6075
Nifty Bank,2004-12-29,10.05,2.15,1.91,21.6075
Nifty Bank,2004-12-30,10.05,2.15,1.91,21.6075
Nifty Bank,2004-12-31,10.32,2.21,1.86,22.8072
Nifty Bank,2005-01-03,10.42,2.23,1.85,23.2366
Nifty Bank,2005-01-04,10.5,2.25,1.83,23.625
Nifty Bank,2005-01-05,10.03,2.14,1.92,21.464199999999998
Nifty Bank,2005-01-06,9.77,2.09,1.97,20.419299999999996
Nifty Bank,2005-01-07,9.85,2.11,1.95,20.783499999999997
Nifty Bank,2005-01-10,9.63,2.06,2.00,19.8378
Nifty Bank,2005-01-11,9.41,2.01,2.04,18.914099999999998
Nifty Bank,2005-01-12,9.1,1.95,2.11,17.744999999999997
Nifty Bank,2005-01-13,9.55,2.04,2.01,19.482000000000003
Nifty Bank,2005-01-14,9.44,2.02,2.04,19.0688
Nifty Bank,2005-01-17,9.62,2.06,2.00,19.8172
Nifty Bank,2005-01-18,9.57,2.05,2.01,19.618499999999997
Nifty Bank,2005-01-19,9.5,2.03,2.02,19.284999999999997
Nifty Bank,2005-01-20,9.39,2.01,2.05,18.8739
Nifty Bank,2005-01-24,9.19,1.97,2.09,18.1043
Nifty Bank,2005-01-25,9.43,2.02,2.04,19.0486
Nifty Bank,2005-01-27,9.44,2.02,2.04,19.0688
Nifty Bank,2005-01-28,9.81,2.1,1.96,20.601000000000003
Nifty Bank,2005-01-31,10.12,2.16,1.90,21.8592
Nifty Bank,2005-02-01,10.06,2.15,1.91,21.629
Nifty Bank,2005-02-02,10.16,2.17,1.89,22.0472
Nifty Bank,2005-02-03,10.32,2.21,1.86,22.8072
Nifty Bank,2005-02-04,10.2,2.18,1.89,22.236
Nifty Bank,2005-02-07,10.09,2.16,1.91,21.7944
Nifty Bank,2005-02-08,10.08,2.16,1.91,21.7728
Nifty Bank,2005-02-09,10.3,2.2,1.87,22.660000000000004
Nifty Bank,2005-02-10,10.33,2.21,1.86,22.8293
Nifty Bank,2005-02-11,10.34,2.21,1.86,22.851399999999998
Nifty Bank,2005-02-14,10.41,2.23,1.85,23.2143
Nifty Bank,2005-02-15,10.36,2.22,1.86,22.999200000000002
Nifty Bank,2005-02-16,10.29,2.2,1.87,22.638
Nifty Bank,2005-02-17,10.26,2.2,1.87,22.572000000000003
Nifty Bank,2005-02-18,10.28,2.2,1.87,22.616
Nifty Bank,2005-02-21,10.22,2.19,1.88,22.381800000000002
Nifty Bank,2005-02-22,10.43,2.23,1.84,23.2589
Nifty Bank,2005-02-23,10.4,2.22,1.85,23.088000000000005
Nifty Bank,2005-02-24,10.45,2.24,1.84,23.408
Nifty Bank,2005-02-25,10.41,2.23,1.85,23.2143
Nifty Bank,2005-02-28,10.85,2.32,1.77,25.171999999999997
Nifty Bank,2005-03-01,10.7,2.29,1.80,24.503
Nifty Bank,2005-03-02,10.94,2.34,1.76,25.5996
Nifty Bank,2005-03-03,11.04,2.36,1.74,26.054399999999998
Nifty Bank,2005-03-04,11.12,2.38,1.73,26.4656
Nifty Bank,2005-03-07,11.5,2.46,1.67,28.29
Nifty Bank,2005-03-08,11.56,2.47,1.66,28.553200000000004
Nifty Bank,2005-03-09,11.45,2.45,1.68,28.052500000000002
Nifty Bank,2005-03-10,11.6,2.48,1.66,28.768
Nifty Bank,2005-03-11,11.54,2.47,1.67,28.503800000000002
Nifty Bank,2005-03-14,11.43,2.44,1.68,27.8892
Nifty Bank,2005-03-15,11.31,2.42,1.70,27.3702
Nifty Bank,2005-03-16,11.39,2.44,1.69,27.791600000000003
Nifty Bank,2005-03-17,11.2,2.39,1.72,26.768
Nifty Bank,2005-03-18,11.21,2.4,1.72,26.904
Nifty Bank,2005-03-21,11.16,2.39,1.72,26.672400000000003
Nifty Bank,2005-03-22,10.75,2.3,1.79,24.724999999999998
Nifty Bank,2005-03-23,10.34,2.21,1.86,22.851399999999998
Nifty Bank,2005-03-24,10.33,2.21,1.86,22.8293
Nifty Bank,2005-03-28,10.73,2.3,1.79,24.679
Nifty Bank,2005-03-29,10.43,2.23,1.84,23.2589
Nifty Bank,2005-03-30,10.66,2.28,1.80,24.304799999999997
Nifty Bank,2005-03-31,10.79,2.31,1.78,24.924899999999997
Nifty Bank,2005-04-01,11.02,2.36,1.75,26.007199999999997
Nifty Bank,2005-04-04,11.06,2.37,1.74,26.212200000000003
Nifty Bank,2005-04-05,10.78,2.31,1.78,24.901799999999998
Nifty Bank,2005-04-06,10.81,2.31,1.78,24.971100000000003
Nifty Bank,2005-04-07,10.78,2.31,1.78,24.901799999999998
Nifty Bank,2005-04-08,10.65,2.28,1.81,24.282
Nifty Bank,2005-04-11,10.55,2.26,1.82,23.843
Nifty Bank,2005-04-12,10.69,2.29,1.80,24.4801
Nifty Bank,2005-04-13,10.7,2.29,1.80,24.503
Nifty Bank,2005-04-15,10.37,2.22,1.85,23.0214
Nifty Bank,2005-04-18,10.2,2.18,1.89,22.236
Nifty Bank,2005-04-19,10.09,2.16,1.91,21.7944
Nifty Bank,2005-04-20,10.11,2.16,1.90,21.837600000000002
Nifty Bank,2005-04-21,10.25,2.19,1.88,22.447499999999998
Nifty Bank,2005-04-22,10.25,2.19,1.88,22.447499999999998
Nifty Bank,2005-04-25,10.35,2.21,1.86,22.8735
Nifty Bank,2005-04-26,10.33,2.21,1.86,22.8293
Nifty Bank,2005-04-27,10.16,2.17,1.89,22.0472
Nifty Bank,2005-04-28,9.91,2.12,1.94,21.0092
Nifty Bank,2005-04-29,9.57,2.05,2.01,19.618499999999997
Nifty Bank,2005-05-02,9.62,2.06,2.00,19.8172
Nifty Bank,2005-05-03,9.71,2.08,1.98,20.196800000000003
Nifty Bank,2005-05-04,9.88,2.11,1.95,20.8468
Nifty Bank,2005-05-05,10.16,2.17,1.89,22.0472
Nifty Bank,2005-05-06,10.11,2.16,1.90,21.837600000000002
Nifty Bank,2005-05-09,10.22,2.19,1.88,22.381800000000002
Nifty Bank,2005-05-10,10.29,2.2,1.87,22.638
Nifty Bank,2005-05-11,10.19,2.18,1.89,22.2142
Nifty Bank,2005-05-12,10.2,2.18,1.89,22.236
Nifty Bank,2005-05-13,10.21,2.18,1.88,22.257800000000003
Nifty Bank,2005-05-16,10.49,2.24,1.83,23.497600000000002
Nifty Bank,2005-05-17,10.39,2.22,1.85,23.065800000000003
Nifty Bank,2005-05-18,10.4,2.22,1.85,23.088000000000005
Nifty Bank,2005-05-19,10.47,2.24,1.84,23.452800000000003
Nifty Bank,2005-05-20,10.49,2.24,1.83,23.497600000000002
Nifty Bank,2005-05-23,10.59,2.27,1.82,24.0393
Nifty Bank,2005-05-24,10.65,2.28,1.81,24.282
Nifty Bank,2005-05-25,10.69,2.29,1.80,24.4801
Nifty Bank,2005-05-26,10.7,2.29,1.80,24.503
Nifty Bank,2005-05-27,10.67,2.28,1.80,24.327599999999997
Nifty Bank,2005-05-30,10.54,2.25,1.82,23.714999999999996
Nifty Bank,2005-05-31,10.63,2.27,1.81,24.130100000000002
Nifty Bank,2005-06-01,10.59,2.27,1.82,24.0393
Nifty Bank,2005-06-02,10.5,2.25,1.83,23.625
Nifty Bank,2005-06-03,10.63,2.27,1.81,24.130100000000002
Nifty Bank,2005-06-04,10.64,2.28,1.81,24.2592
Nifty Bank,2005-06-06,11.17,2.23,1.74,24.9091
Nifty Bank,2005-06-07,11.48,2.3,1.69,26.404
Nifty Bank,2005-06-08,11.61,2.32,1.67,26.9352
Nifty Bank,2005-06-09,11.53,2.31,1.68,26.6343
Nifty Bank,2005-06-10,11.4,2.28,1.70,25.991999999999997
Nifty Bank,2005-06-13,11.56,2.31,1.68,26.7036
Nifty Bank,2005-06-14,11.7,2.34,1.66,27.377999999999997
Nifty Bank,2005-06-15,11.69,2.34,1.66,27.354599999999998
Nifty Bank,2005-06-16,11.48,2.3,1.69,26.404
Nifty Bank,2005-06-17,11.41,2.28,1.70,26.014799999999997
Nifty Bank,2005-06-20,11.2,2.24,1.73,25.088
Nifty Bank,2005-06-21,11.35,2.27,1.71,25.764499999999998
Nifty Bank,2005-06-22,11.3,2.26,1.72,25.538
Nifty Bank,2005-06-23,11.45,2.29,1.69,26.220499999999998
Nifty Bank,2005-06-24,11.42,2.28,1.70,26.037599999999998
Nifty Bank,2005-06-27,11.41,2.28,1.70,26.014799999999997
Nifty Bank,2005-06-28,11.29,2.26,1.72,25.515399999999996
Nifty Bank,2005-06-29,11.38,2.28,1.71,25.9464
Nifty Bank,2005-06-30,11.54,2.31,1.68,26.6574
Nifty Bank,2005-07-01,11.34,2.06,1.72,23.360400000000002
Nifty Bank,2005-07-04,11.47,2.09,1.70,23.9723
Nifty Bank,2005-07-05,11.41,2.08,1.71,23.7328
Nifty Bank,2005-07-06,11.59,2.11,1.69,24.4549
Nifty Bank,2005-07-07,11.47,2.09,1.70,23.9723
Nifty Bank,2005-07-08,11.63,2.12,1.68,24.655600000000003
Nifty Bank,2005-07-11,11.85,2.16,1.65,25.596
Nifty Bank,2005-07-12,12.0,2.18,1.63,26.160000000000004
Nifty Bank,2005-07-13,12.02,2.19,1.63,26.3238
Nifty Bank,2005-07-14,11.84,2.16,1.65,25.5744
Nifty Bank,2005-07-15,11.82,2.15,1.65,25.413
Nifty Bank,2005-07-18,11.87,2.16,1.65,25.6392
Nifty Bank,2005-07-19,11.95,2.18,1.63,26.051000000000002
Nifty Bank,2005-07-20,12.0,2.18,1.63,26.160000000000004
Nifty Bank,2005-07-21,11.86,2.16,1.65,25.6176
Nifty Bank,2005-07-22,12.18,2.22,1.60,27.0396
Nifty Bank,2005-07-25,12.66,2.3,1.54,29.118
Nifty Bank,2005-07-26,12.92,2.35,1.51,30.362000000000002
Nifty Bank,2005-07-27,13.25,2.41,1.47,31.9325
Nifty Bank,2005-07-29,13.47,2.45,1.45,33.00150000000001
Nifty Bank,2005-08-01,13.4,2.44,1.46,32.696
Nifty Bank,2005-08-02,13.35,2.43,1.46,32.4405
Nifty Bank,2005-08-03,13.33,2.43,1.47,32.3919
Nifty Bank,2005-08-04,13.28,2.42,1.47,32.1376
Nifty Bank,2005-08-05,13.22,2.41,1.48,31.860200000000003
Nifty Bank,2005-08-08,12.43,2.21,1.58,27.470299999999998
Nifty Bank,2005-08-09,12.41,2.21,1.58,27.426099999999998
Nifty Bank,2005-08-10,12.72,2.26,1.54,28.7472
Nifty Bank,2005-08-11,12.87,2.29,1.52,29.472299999999997
Nifty Bank,2005-08-12,12.87,2.29,1.52,29.472299999999997
Nifty Bank,2005-08-16,12.72,2.26,1.54,28.7472
Nifty Bank,2005-08-17,12.75,2.27,1.54,28.9425
Nifty Bank,2005-08-18,12.75,2.27,1.54,28.9425
Nifty Bank,2005-08-19,12.6,2.24,1.56,28.224
Nifty Bank,2005-08-22,12.42,2.21,1.58,27.4482
Nifty Bank,2005-08-23,12.18,2.17,1.61,26.4306
Nifty Bank,2005-08-24,12.12,2.15,1.62,26.057999999999996
Nifty Bank,2005-08-25,12.19,2.17,1.61,26.452299999999997
Nifty Bank,2005-08-26,12.2,2.17,1.61,26.473999999999997
Nifty Bank,2005-08-29,12.02,2.14,1.63,25.7228
Nifty Bank,2005-08-30,12.21,2.17,1.60,26.4957
Nifty Bank,2005-08-31,12.26,2.18,1.60,26.7268
Nifty Bank,2005-09-01,12.27,2.18,1.60,26.7486
Nifty Bank,2005-09-02,12.34,2.19,1.59,27.0246
Nifty Bank,2005-09-05,12.47,2.22,1.57,27.683400000000002
Nifty Bank,2005-09-06,12.59,2.24,1.56,28.201600000000003
Nifty Bank,2005-09-08,12.75,2.27,1.54,28.9425
Nifty Bank,2005-09-09,13.02,2.32,1.51,30.2064
Nifty Bank,2005-09-12,13.17,2.34,1.49,30.8178
Nifty Bank,2005-09-13,13.31,2.37,1.47,31.544700000000002
Nifty Bank,2005-09-14,12.99,2.23,1.52,28.9677
Nifty Bank,2005-09-15,13.07,2.25,1.51,29.4075
Nifty Bank,2005-09-16,13.17,2.26,1.50,29.764199999999995
Nifty Bank,2005-09-19,13.32,2.29,1.48,30.5028
Nifty Bank,2005-09-20,13.54,2.33,1.46,31.548199999999998
Nifty Bank,2005-09-21,13.41,2.31,1.47,30.9771
Nifty Bank,2005-09-22,12.98,2.23,1.52,28.9454
Nifty Bank,2005-09-23,12.91,2.22,1.53,28.660200000000003
Nifty Bank,2005-09-26,13.17,2.27,1.50,29.8959
Nifty Bank,2005-09-27,13.35,2.3,1.48,30.705
Nifty Bank,2005-09-28,13.51,2.32,1.46,31.343199999999996
Nifty Bank,2005-09-29,13.5,2.32,1.46,31.319999999999997
Nifty Bank,2005-09-30,13.57,2.33,1.45,31.618100000000002
Nifty Bank,2005-10-03,13.57,2.33,1.45,31.618100000000002
Nifty Bank,2005-10-04,13.78,2.37,1.43,32.6586
Nifty Bank,2005-10-05,13.51,2.32,1.46,31.343199999999996
Nifty Bank,2005-10-06,13.11,2.25,1.51,29.4975
Nifty Bank,2005-10-07,12.96,2.23,1.52,28.9008
Nifty Bank,2005-10-10,12.83,2.21,1.54,28.3543
Nifty Bank,2005-10-11,13.18,2.27,1.50,29.918599999999998
Nifty Bank,2005-10-13,12.89,2.22,1.53,28.615800000000004
Nifty Bank,2005-10-14,12.55,2.16,1.57,27.108000000000004
Nifty Bank,2005-10-17,12.54,2.16,1.57,27.0864
Nifty Bank,2005-10-18,12.43,2.14,1.59,26.6002
Nifty Bank,2005-10-19,12.19,2.1,1.62,25.599
Nifty Bank,2005-10-20,11.97,2.06,1.65,24.6582
Nifty Bank,2005-10-21,12.13,2.09,1.63,25.3517
Nifty Bank,2005-10-24,11.89,2.04,1.66,24.2556
Nifty Bank,2005-10-25,12.1,2.08,1.63,25.168
Nifty Bank,2005-10-26,12.12,2.08,1.63,25.2096
Nifty Bank,2005-10-27,11.58,1.99,1.70,23.0442
Nifty Bank,2005-10-28,11.38,1.96,1.73,22.3048
Nifty Bank,2005-10-31,11.75,2.02,1.68,23.735
Nifty Bank,2005-11-01,11.82,2.03,1.67,23.9946
Nifty Bank,2005-11-02,11.79,2.03,1.67,23.933699999999995
Nifty Bank,2005-11-07,11.84,2.04,1.67,24.1536
Nifty Bank,2005-11-08,11.97,2.06,1.65,24.6582
Nifty Bank,2005-11-09,12.02,2.07,1.64,24.881399999999996
Nifty Bank,2005-11-10,11.98,2.06,1.65,24.678800000000003
Nifty Bank,2005-11-11,12.23,2.1,1.61,25.683000000000003
Nifty Bank,2005-11-14,12.51,2.15,1.58,26.8965
Nifty Bank,2005-11-16,12.68,2.18,1.56,27.642400000000002
Nifty Bank,2005-11-17,12.86,2.21,1.53,28.420599999999997
Nifty Bank,2005-11-18,12.76,2.19,1.55,27.944399999999998
Nifty Bank,2005-11-21,12.48,2.15,1.58,26.832
Nifty Bank,2005-11-22,12.31,2.12,1.60,26.0972
Nifty Bank,2005-11-23,12.51,2.15,1.58,26.8965
Nifty Bank,2005-11-24,12.68,2.18,1.56,27.642400000000002
Nifty Bank,2005-11-25,12.82,2.21,1.54,28.3322
Nifty Bank,2005-11-26,12.85,2.21,1.54,28.3985
Nifty Bank,2005-11-28,12.94,2.23,1.52,28.856199999999998
Nifty Bank,2005-11-29,12.77,2.2,1.55,28.094
Nifty Bank,2005-11-30,12.62,2.17,1.56,27.385399999999997
Nifty Bank,2005-12-01,12.73,2.19,1.55,27.8787
Nifty Bank,2005-12-02,12.75,2.19,1.55,27.9225
Nifty Bank,2005-12-05,12.54,2.16,1.57,27.0864
Nifty Bank,2005-12-06,12.42,2.14,1.59,26.5788
Nifty Bank,2005-12-07,12.56,2.16,1.57,27.129600000000003
Nifty Bank,2005-12-08,12.53,2.15,1.57,26.9395
Nifty Bank,2005-12-09,12.67,2.18,1.56,27.620600000000003
Nifty Bank,2005-12-12,12.82,2.21,1.54,28.3322
Nifty Bank,2005-12-13,13.01,2.24,1.52,29.142400000000002
Nifty Bank,2005-12-14,13.27,2.28,1.49,30.255599999999998
Nifty Bank,2005-12-15,12.94,2.23,1.53,28.856199999999998
Nifty Bank,2005-12-16,13.27,2.28,1.49,30.255599999999998
Nifty Bank,2005-12-19,14.09,2.42,1.40,34.0978
Nifty Bank,2005-12-20,14.04,2.41,1.41,33.8364
Nifty Bank,2005-12-21,13.84,2.38,1.43,32.9392
Nifty Bank,2005-12-22,13.87,2.39,1.42,33.1493
Nifty Bank,2005-12-23,13.71,2.36,1.44,32.3556
Nifty Bank,2005-12-26,13.3,2.29,1.48,30.457
Nifty Bank,2005-12-27,13.65,2.35,1.45,32.0775
Nifty Bank,2005-12-28,13.66,2.35,1.44,32.101
Nifty Bank,2005-12-29,13.62,2.34,1.45,31.870799999999996
Nifty Bank,2005-12-30,13.91,2.39,1.42,33.2449
Nifty Bank,2006-01-02,13.97,2.4,1.41,33.528
Nifty Bank,2006-01-03,14.11,2.43,1.40,34.2873
Nifty Bank,2006-01-04,14.4,2.48,1.37,35.712
Nifty Bank,2006-01-05,14.6,2.51,1.35,36.645999999999994
Nifty Bank,2006-01-06,14.59,2.51,1.35,36.6209
Nifty Bank,2006-01-09,14.4,2.48,1.37,35.712
Nifty Bank,2006-01-10,14.2,2.44,1.39,34.647999999999996
Nifty Bank,2006-01-12,14.22,2.45,1.39,34.839000000000006
Nifty Bank,2006-01-13,14.12,2.43,1.40,34.3116
Nifty Bank,2006-01-16,13.98,2.4,1.41,33.552
Nifty Bank,2006-01-17,13.81,2.38,1.43,32.8678
Nifty Bank,2006-01-18,13.62,2.34,1.45,31.870799999999996
Nifty Bank,2006-01-19,13.77,2.37,1.43,32.6349
Nifty Bank,2006-01-20,13.83,2.38,1.43,32.9154
Nifty Bank,2006-01-23,13.78,2.37,1.43,32.6586
Nifty Bank,2006-01-24,13.78,2.37,1.43,32.6586
Nifty Bank,2006-01-25,13.85,2.38,1.42,32.963
Nifty Bank,2006-01-27,14.38,2.47,1.37,35.518600000000006
Nifty Bank,2006-01-30,14.18,2.44,1.39,34.599199999999996
Nifty Bank,2006-01-31,14.23,2.45,1.39,34.8635
Nifty Bank,2006-02-01,13.82,2.38,1.43,32.8916
Nifty Bank,2006-02-02,13.68,2.35,1.44,32.148
Nifty Bank,2006-02-03,13.55,2.33,1.46,31.571500000000004
Nifty Bank,2006-02-06,14.0,2.41,1.41,33.74
Nifty Bank,2006-02-07,14.3,2.46,1.38,35.178000000000004
Nifty Bank,2006-02-08,14.25,2.45,1.38,34.9125
Nifty Bank,2006-02-10,14.31,2.46,1.38,35.202600000000004
Nifty Bank,2006-02-13,14.4,2.48,1.37,35.712
Nifty Bank,2006-02-14,14.18,2.44,1.39,34.599199999999996
Nifty Bank,2006-02-15,14.1,2.43,1.40,34.263
Nifty Bank,2006-02-16,14.2,2.44,1.39,34.647999999999996
Nifty Bank,2006-02-17,13.9,2.39,1.42,33.221000000000004
Nifty Bank,2006-02-20,13.9,2.39,1.42,33.221000000000004
Nifty Bank,2006-02-21,13.95,2.4,1.41,33.48
Nifty Bank,2006-02-22,13.9,2.39,1.42,33.221000000000004
Nifty Bank,2006-02-23,13.73,2.36,1.44,32.4028
Nifty Bank,2006-02-24,14.05,2.42,1.40,34.001
Nifty Bank,2006-02-27,14.24,2.45,1.39,34.888000000000005
Nifty Bank,2006-02-28,14.3,2.46,1.38,35.178000000000004
Nifty Bank,2006-03-01,14.28,2.46,1.38,35.1288
Nifty Bank,2006-03-02,14.54,2.5,1.36,36.349999999999994
Nifty Bank,2006-03-03,14.44,2.48,1.37,35.8112
Nifty Bank,2006-03-06,14.48,2.49,1.36,36.055200000000006
Nifty Bank,2006-03-07,14.44,2.48,1.37,35.8112
Nifty Bank,2006-03-08,14.23,2.45,1.39,34.8635
Nifty Bank,2006-03-09,14.37,2.47,1.37,35.493900000000004
Nifty Bank,2006-03-10,14.59,2.51,1.35,36.6209
Nifty Bank,2006-03-13,14.62,2.51,1.35,36.6962
Nifty Bank,2006-03-14,14.69,2.53,1.34,37.165699999999994
Nifty Bank,2006-03-16,15.47,2.6,1.28,40.222
Nifty Bank,2006-03-17,15.44,2.6,1.28,40.144
Nifty Bank,2006-03-20,15.46,2.6,1.28,40.196000000000005
Nifty Bank,2006-03-21,15.31,2.58,1.29,39.4998
Nifty Bank,2006-03-22,15.13,2.55,1.31,38.5815
Nifty Bank,2006-03-23,15.19,2.56,1.30,38.8864
Nifty Bank,2006-03-24,15.31,2.58,1.29,39.4998
Nifty Bank,2006-03-27,15.44,2.6,1.28,40.144
Nifty Bank,2006-03-28,15.31,2.58,1.29,39.4998
Nifty Bank,2006-03-29,15.37,2.59,1.29,39.808299999999996
Nifty Bank,2006-03-30,15.23,2.56,1.30,38.988800000000005
Nifty Bank,2006-03-31,15.31,2.58,1.29,39.4998
Nifty Bank,2006-04-03,13.91,2.61,1.27,36.305099999999996
Nifty Bank,2006-04-04,14.21,2.67,1.25,37.9407
Nifty Bank,2006-04-05,14.35,2.69,1.23,38.6015
Nifty Bank,2006-04-07,13.9,2.61,1.28,36.278999999999996
Nifty Bank,2006-04-10,13.81,2.59,1.28,35.7679
Nifty Bank,2006-04-12,13.48,2.53,1.32,34.1044
Nifty Bank,2006-04-13,13.16,2.47,1.35,32.5052
Nifty Bank,2006-04-17,13.35,2.52,1.32,33.641999999999996
Nifty Bank,2006-04-18,13.56,2.56,1.30,34.7136
Nifty Bank,2006-04-19,13.52,2.56,1.30,34.6112
Nifty Bank,2006-04-20,13.53,2.56,1.30,34.6368
Nifty Bank,2006-04-21,13.45,2.54,1.31,34.163
Nifty Bank,2006-04-24,12.89,2.5,1.33,32.225
Nifty Bank,2006-04-25,12.7,2.46,1.35,31.241999999999997
Nifty Bank,2006-04-26,12.83,2.49,1.34,31.946700000000003
Nifty Bank,2006-04-27,12.65,2.45,1.36,30.992500000000003
Nifty Bank,2006-04-28,12.4,2.45,1.36,30.380000000000003
Nifty Bank,2006-04-29,12.79,2.52,1.32,32.230799999999995
Nifty Bank,2006-05-02,13.18,2.61,1.27,34.3998
Nifty Bank,2006-05-03,13.6,2.7,1.23,36.72
Nifty Bank,2006-05-04,13.75,2.69,1.23,36.9875
Nifty Bank,2006-05-05,13.59,2.66,1.24,36.1494
Nifty Bank,2006-05-08,13.58,2.66,1.24,36.122800000000005
Nifty Bank,2006-05-09,13.69,2.68,1.23,36.6892
Nifty Bank,2006-05-10,14.06,2.76,1.20,38.8056
Nifty Bank,2006-05-11,13.91,2.73,1.21,37.9743
Nifty Bank,2006-05-12,13.57,2.66,1.24,36.0962
Nifty Bank,2006-05-15,13.13,2.57,1.28,33.7441
Nifty Bank,2006-05-16,13.29,2.56,1.29,34.0224
Nifty Bank,2006-05-17,13.76,2.65,1.25,36.464
Nifty Bank,2006-05-18,12.93,2.48,1.33,32.0664
Nifty Bank,2006-05-19,12.51,2.36,1.40,29.5236
Nifty Bank,2006-05-22,12.22,2.36,1.40,28.8392
Nifty Bank,2006-05-23,12.5,2.36,1.40,29.5
Nifty Bank,2006-05-24,12.42,2.35,1.41,29.187
Nifty Bank,2006-05-25,12.35,2.33,1.42,28.7755
Nifty Bank,2006-05-26,12.5,2.36,1.40,29.5
Nifty Bank,2006-05-29,12.54,2.37,1.40,29.7198
Nifty Bank,2006-05-30,12.36,2.34,1.42,28.922399999999996
Nifty Bank,2006-05-31,11.92,2.25,1.47,26.82
Nifty Bank,2006-06-01,11.0,2.0,1.00,22.0
Nifty Bank,2006-06-02,12.07,2.14,1.58,25.829800000000002
Nifty Bank,2006-06-05,11.76,2.09,1.63,24.5784
Nifty Bank,2006-06-06,11.79,2.09,1.62,24.641099999999998
Nifty Bank,2006-06-07,11.45,2.03,1.67,23.243499999999997
Nifty Bank,2006-06-08,10.71,1.9,1.79,20.349
Nifty Bank,2006-06-09,11.07,1.97,1.73,21.8079
Nifty Bank,2006-06-12,10.62,1.89,1.80,20.071799999999996
Nifty Bank,2006-06-13,10.24,1.82,1.87,18.6368
Nifty Bank,2006-06-14,10.05,1.71,1.95,17.1855
Nifty Bank,2006-06-15,10.59,1.8,1.85,19.062
Nifty Bank,2006-06-16,10.9,1.85,1.79,20.165000000000003
Nifty Bank,2006-06-19,10.85,1.84,1.80,19.964
Nifty Bank,2006-06-20,10.58,1.8,1.85,19.044
Nifty Bank,2006-06-21,10.66,1.81,1.84,19.2946
Nifty Bank,2006-06-22,11.08,1.88,1.77,20.830399999999997
Nifty Bank,2006-06-23,11.0,1.87,1.78,20.57
Nifty Bank,2006-06-25,10.96,1.86,1.78,20.385600000000004
Nifty Bank,2006-06-26,10.65,1.81,1.84,19.276500000000002
Nifty Bank,2006-06-27,10.64,1.81,1.84,19.2584
Nifty Bank,2006-06-28,10.44,1.77,1.87,18.4788
Nifty Bank,2006-06-29,10.4,1.77,1.88,18.408
Nifty Bank,2006-06-30,10.73,1.82,1.82,19.5286
Nifty Bank,2006-07-03,10.76,1.83,1.82,19.6908
Nifty Bank,2006-07-04,10.93,1.86,1.79,20.329800000000002
Nifty Bank,2006-07-05,11.06,1.88,1.77,20.7928
Nifty Bank,2006-07-06,10.88,1.85,1.80,20.128000000000004
Nifty Bank,2006-07-07,10.72,1.82,1.82,19.5104
Nifty Bank,2006-07-10,10.73,1.82,1.82,19.5286
Nifty Bank,2006-07-11,10.66,1.81,1.84,19.2946
Nifty Bank,2006-07-12,10.66,1.81,1.83,19.2946
Nifty Bank,2006-07-13,10.62,1.71,1.90,18.1602
Nifty Bank,2006-07-14,10.44,1.69,1.92,17.6436
Nifty Bank,2006-07-17,10.12,1.64,1.98,16.596799999999998
Nifty Bank,2006-07-18,9.99,1.61,2.01,16.0839
Nifty Bank,2006-07-19,9.86,1.59,2.04,15.6774
Nifty Bank,2006-07-20,10.41,1.67,1.94,17.3847
Nifty Bank,2006-07-21,10.24,1.65,1.97,16.896
Nifty Bank,2006-07-24,10.67,1.73,1.88,18.4591
Nifty Bank,2006-07-25,11.12,1.8,1.80,20.016
Nifty Bank,2006-07-26,11.17,1.81,1.79,20.2177
Nifty Bank,2006-07-27,11.62,1.66,1.84,19.289199999999997
Nifty Bank,2006-07-28,11.85,1.69,1.81,20.0265
Nifty Bank,2006-07-31,11.99,1.72,1.78,20.6228
Nifty Bank,2006-08-01,11.91,1.7,1.80,20.247
Nifty Bank,2006-08-02,12.04,1.72,1.78,20.708799999999997
Nifty Bank,2006-08-03,12.21,1.75,1.75,21.3675
Nifty Bank,2006-08-04,11.96,1.71,1.79,20.451600000000003
Nifty Bank,2006-08-07,12.15,1.74,1.76,21.141000000000002
Nifty Bank,2006-08-08,12.54,1.8,1.71,22.572
Nifty Bank,2006-08-09,12.73,1.82,1.68,23.1686
Nifty Bank,2006-08-10,12.85,1.84,1.66,23.644000000000002
Nifty Bank,2006-08-11,12.71,1.82,1.68,23.1322
Nifty Bank,2006-08-14,12.73,1.82,1.68,23.1686
Nifty Bank,2006-08-16,13.03,1.87,1.64,24.3661
Nifty Bank,2006-08-17,12.96,1.86,1.65,24.105600000000003
Nifty Bank,2006-08-18,12.84,1.84,1.67,23.625600000000002
Nifty Bank,2006-08-21,13.07,1.87,1.64,24.440900000000003
Nifty Bank,2006-08-22,13.08,1.87,1.63,24.459600000000002
Nifty Bank,2006-08-23,12.92,1.85,1.66,23.902
Nifty Bank,2006-08-24,13.02,1.86,1.64,24.217200000000002
Nifty Bank,2006-08-25,13.22,1.89,1.62,24.9858
Nifty Bank,2006-08-28,13.31,1.91,1.61,25.4221
Nifty Bank,2006-08-29,13.41,1.92,1.59,25.7472
Nifty Bank,2006-08-30,13.51,1.93,1.58,26.074299999999997
Nifty Bank,2006-08-31,13.51,1.93,1.58,26.074299999999997
Nifty Bank,2006-09-01,13.67,1.96,1.56,26.7932
Nifty Bank,2006-09-04,13.81,1.98,1.55,27.3438
Nifty Bank,2006-09-05,13.84,1.98,1.55,27.4032
Nifty Bank,2006-09-06,13.79,1.97,1.55,27.1663
Nifty Bank,2006-09-07,13.66,1.96,1.57,26.7736
Nifty Bank,2006-09-08,13.7,1.96,1.56,26.851999999999997
Nifty Bank,2006-09-11,13.32,1.91,1.61,25.4412
Nifty Bank,2006-09-12,13.62,1.95,1.57,26.558999999999997
Nifty Bank,2006-09-13,14.18,2.03,1.51,28.785399999999996
Nifty Bank,2006-09-14,14.4,2.06,1.49,29.664
Nifty Bank,2006-09-15,14.43,2.07,1.48,29.870099999999997
Nifty Bank,2006-09-18,14.48,2.07,1.48,29.973599999999998
Nifty Bank,2006-09-19,14.38,2.06,1.49,29.6228
Nifty Bank,2006-09-20,14.41,2.06,1.48,29.6846
Nifty Bank,2006-09-21,14.62,2.09,1.46,30.555799999999998
Nifty Bank,2006-09-22,14.51,2.08,1.47,30.1808
Nifty Bank,2006-09-25,14.55,2.08,1.47,30.264000000000003
Nifty Bank,2006-09-26,14.88,2.13,1.44,31.6944
Nifty Bank,2006-09-27,15.07,2.16,1.42,32.5512
Nifty Bank,2006-09-28,15.67,2.24,1.37,35.10080000000001
Nifty Bank,2006-09-29,15.52,2.22,1.38,34.4544
Nifty Bank,2006-10-03,15.48,2.22,1.38,34.3656
Nifty Bank,2006-10-04,15.3,2.19,1.40,33.507
Nifty Bank,2006-10-05,15.69,2.25,1.36,35.3025
Nifty Bank,2006-10-06,15.62,2.24,1.37,34.988800000000005
Nifty Bank,2006-10-09,15.57,2.23,1.37,34.7211
Nifty Bank,2006-10-10,15.5,2.22,1.38,34.410000000000004
Nifty Bank,2006-10-11,15.31,2.19,1.40,33.5289
Nifty Bank,2006-10-12,15.5,2.22,1.38,34.410000000000004
Nifty Bank,2006-10-13,15.56,2.23,1.37,34.6988
Nifty Bank,2006-10-16,15.84,2.27,1.35,35.9568
Nifty Bank,2006-10-17,15.75,2.27,1.35,35.7525
Nifty Bank,2006-10-18,15.65,2.28,1.35,35.681999999999995
Nifty Bank,2006-10-19,15.39,2.25,1.36,34.6275
Nifty Bank,2006-10-20,15.39,2.25,1.36,34.6275
Nifty Bank,2006-10-21,15.36,2.24,1.37,34.406400000000005
Nifty Bank,2006-10-23,15.14,2.21,1.39,33.4594
Nifty Bank,2006-10-26,15.55,2.3,1.33,35.765
Nifty Bank,2006-10-27,15.71,2.33,1.31,36.6043
Nifty Bank,2006-10-30,15.77,2.37,1.29,37.374900000000004
Nifty Bank,2006-10-31,15.63,2.35,1.30,36.730500000000006
Nifty Bank,2006-11-01,15.73,2.37,1.29,37.280100000000004
Nifty Bank,2006-11-02,15.83,2.38,1.28,37.675399999999996
Nifty Bank,2006-11-03,15.7,2.36,1.30,37.052
Nifty Bank,2006-11-06,15.56,2.34,1.31,36.410399999999996
Nifty Bank,2006-11-07,15.49,2.33,1.31,36.0917
Nifty Bank,2006-11-08,15.64,2.35,1.30,36.754000000000005
Nifty Bank,2006-11-09,15.82,2.38,1.29,37.6516
Nifty Bank,2006-11-10,16.11,2.42,1.26,38.9862
Nifty Bank,2006-11-13,16.23,2.44,1.25,39.6012
Nifty Bank,2006-11-14,16.33,2.46,1.25,40.1718
Nifty Bank,2006-11-15,16.85,2.54,1.21,42.79900000000001
Nifty Bank,2006-11-16,17.27,2.6,1.18,44.902
Nifty Bank,2006-11-17,17.12,2.58,1.19,44.1696
Nifty Bank,2006-11-20,16.8,2.53,1.21,42.504
Nifty Bank,2006-11-21,17.02,2.56,1.19,43.5712
Nifty Bank,2006-11-22,17.12,2.58,1.19,44.1696
Nifty Bank,2006-11-23,17.23,2.59,1.18,44.6257
Nifty Bank,2006-11-24,17.22,2.59,1.18,44.599799999999995
Nifty Bank,2006-11-27,17.34,2.61,1.17,45.2574
Nifty Bank,2006-11-28,17.13,2.58,1.19,44.1954
Nifty Bank,2006-11-29,17.14,2.58,1.19,44.2212
Nifty Bank,2006-11-30,17.34,2.61,1.17,45.2574
Nifty Bank,2006-12-01,17.71,2.67,1.15,47.2857
Nifty Bank,2006-12-04,17.61,2.65,1.16,46.6665
Nifty Bank,2006-12-05,17.45,2.63,1.17,45.893499999999996
Nifty Bank,2006-12-06,17.39,2.62,1.18,45.561800000000005
Nifty Bank,2006-12-07,17.51,2.64,1.17,46.226400000000005
Nifty Bank,2006-12-08,17.45,2.63,1.17,45.893499999999996
Nifty Bank,2006-12-11,16.2,2.44,1.26,39.528
Nifty Bank,2006-12-12,15.49,2.33,1.32,36.0917
Nifty Bank,2006-12-13,16.01,2.41,1.28,38.58410000000001
Nifty Bank,2006-12-14,16.37,2.46,1.25,40.2702
Nifty Bank,2006-12-15,16.67,2.51,1.23,41.8417
Nifty Bank,2006-12-18,16.83,2.53,1.22,42.579899999999995
Nifty Bank,2006-12-19,16.42,2.47,1.25,40.55740000000001
Nifty Bank,2006-12-20,16.22,2.44,1.26,39.5768
Nifty Bank,2006-12-21,16.17,2.43,1.27,39.29310000000001
Nifty Bank,2006-12-22,16.21,2.44,1.26,39.5524
Nifty Bank,2006-12-26,16.52,2.49,1.24,41.134800000000006
Nifty Bank,2006-12-27,16.82,2.53,1.22,42.5546
Nifty Bank,2006-12-28,16.87,2.54,1.21,42.8498
Nifty Bank,2006-12-29,16.82,2.53,1.22,42.5546
Nifty Bank,2007-01-02,16.9,2.54,1.21,42.925999999999995
Nifty Bank,2007-01-03,16.99,2.56,1.20,43.4944
Nifty Bank,2007-01-04,16.82,2.53,1.22,42.5546
Nifty Bank,2007-01-05,16.93,2.55,1.21,43.171499999999995
Nifty Bank,2007-01-08,16.7,2.51,1.23,41.916999999999994
Nifty Bank,2007-01-09,16.44,2.48,1.24,40.7712
Nifty Bank,2007-01-10,16.02,2.41,1.28,38.608200000000004
Nifty Bank,2007-01-11,16.02,2.42,1.27,38.7684
Nifty Bank,2007-01-12,17.1,2.59,1.19,44.289
Nifty Bank,2007-01-15,17.12,2.6,1.19,44.51200000000001
Nifty Bank,2007-01-16,17.1,2.59,1.19,44.289
Nifty Bank,2007-01-17,17.26,2.62,1.18,45.2212
Nifty Bank,2007-01-18,17.19,2.61,1.18,44.8659
Nifty Bank,2007-01-19,17.17,2.61,1.18,44.813700000000004
Nifty Bank,2007-01-22,16.73,2.6,1.18,43.498000000000005
Nifty Bank,2007-01-23,16.34,2.53,1.22,41.340199999999996
Nifty Bank,2007-01-24,16.26,2.55,1.21,41.463
Nifty Bank,2007-01-25,16.37,2.57,1.20,42.0709
Nifty Bank,2007-01-29,15.98,2.52,1.22,40.269600000000004
Nifty Bank,2007-01-31,15.92,2.51,1.23,39.959199999999996
Nifty Bank,2007-02-01,16.29,2.58,1.20,42.0282
Nifty Bank,2007-02-02,16.18,2.56,1.20,41.4208
Nifty Bank,2007-02-05,16.22,2.57,1.20,41.685399999999994
Nifty Bank,2007-02-06,16.23,2.57,1.20,41.7111
Nifty Bank,2007-02-07,16.4,2.59,1.19,42.47599999999999
Nifty Bank,2007-02-08,16.54,2.62,1.18,43.3348
Nifty Bank,2007-02-09,16.47,2.61,1.18,42.98669999999999
Nifty Bank,2007-02-12,16.07,2.54,1.21,40.8178
Nifty Bank,2007-02-13,15.84,2.51,1.23,39.758399999999995
Nifty Bank,2007-02-14,15.11,2.39,1.29,36.1129
Nifty Bank,2007-02-15,15.56,2.46,1.25,38.2776
Nifty Bank,2007-02-19,15.76,2.49,1.24,39.2424
Nifty Bank,2007-02-20,15.56,2.46,1.25,38.2776
Nifty Bank,2007-02-21,15.5,2.45,1.26,37.975
Nifty Bank,2007-02-22,15.05,2.38,1.29,35.819
Nifty Bank,2007-02-23,14.58,2.31,1.34,33.6798
Nifty Bank,2007-02-26,14.74,2.33,1.32,34.3442
Nifty Bank,2007-02-27,14.56,2.3,1.34,33.488
Nifty Bank,2007-02-28,13.96,2.21,1.39,30.8516
Nifty Bank,2007-03-01,14.36,2.27,1.36,32.5972
Nifty Bank,2007-03-02,13.91,2.2,1.40,30.602000000000004
Nifty Bank,2007-03-05,13.43,2.12,1.45,28.471600000000002
Nifty Bank,2007-03-06,13.62,2.15,1.43,29.282999999999998
Nifty Bank,2007-03-07,13.31,2.11,1.46,28.0841
Nifty Bank,2007-03-08,13.9,2.2,1.40,30.580000000000002
Nifty Bank,2007-03-09,13.82,2.19,1.41,30.2658
Nifty Bank,2007-03-12,13.8,2.18,1.41,30.084000000000003
Nifty Bank,2007-03-13,13.99,2.21,1.39,30.9179
Nifty Bank,2007-03-14,13.43,2.12,1.45,28.471600000000002
Nifty Bank,2007-03-15,13.23,2.09,1.47,27.6507
Nifty Bank,2007-03-16,13.04,2.06,1.49,26.862399999999997
Nifty Bank,2007-03-19,13.27,2.1,1.47,27.867
Nifty Bank,2007-03-20,13.55,2.14,1.44,28.997000000000003
Nifty Bank,2007-03-21,14.09,2.23,1.38,31.4207
Nifty Bank,2007-03-22,14.8,2.34,1.32,34.632
Nifty Bank,2007-03-23,14.71,2.33,1.32,34.274300000000004
Nifty Bank,2007-03-26,14.46,2.29,1.35,33.113400000000006
Nifty Bank,2007-03-28,14.1,2.23,1.38,31.442999999999998
Nifty Bank,2007-03-29,14.06,2.22,1.39,31.213200000000004
Nifty Bank,2007-03-30,14.15,2.24,1.38,31.696000000000005
Nifty Bank,2007-04-02,13.22,2.09,1.47,27.6298
Nifty Bank,2007-04-03,13.33,2.11,1.46,28.126299999999997
Nifty Bank,2007-04-04,14.63,2.28,1.32,33.3564
Nifty Bank,2007-04-05,14.91,2.33,1.30,34.740300000000005
Nifty Bank,2007-04-09,15.49,2.42,1.25,37.4858
Nifty Bank,2007-04-10,15.5,2.42,1.25,37.51
Nifty Bank,2007-04-11,15.36,2.4,1.26,36.864
Nifty Bank,2007-04-12,15.18,2.37,1.28,35.9766
Nifty Bank,2007-04-13,15.61,2.44,1.24,38.0884
Nifty Bank,2007-04-16,15.82,2.47,1.22,39.0754
Nifty Bank,2007-04-17,15.82,2.48,1.22,39.2336
Nifty Bank,2007-04-18,15.99,2.51,1.21,40.134899999999995
Nifty Bank,2007-04-19,16.07,2.52,1.20,40.4964
Nifty Bank,2007-04-20,16.23,2.54,1.19,41.2242
Nifty Bank,2007-04-23,15.9,2.52,1.20,40.068
Nifty Bank,2007-04-24,16.64,2.64,1.15,43.9296
Nifty Bank,2007-04-25,16.83,2.67,1.13,44.936099999999996
Nifty Bank,2007-04-26,16.85,2.67,1.13,44.9895
Nifty Bank,2007-04-27,16.48,2.62,1.16,43.177600000000005
Nifty Bank,2007-04-30,16.16,2.56,1.18,41.3696
Nifty Bank,2007-05-03,16.36,2.59,1.17,42.3724
Nifty Bank,2007-05-04,16.25,2.57,1.18,41.762499999999996
Nifty Bank,2007-05-07,16.04,2.55,1.19,40.901999999999994
Nifty Bank,2007-05-08,15.83,2.52,1.20,39.891600000000004
Nifty Bank,2007-05-09,16.11,2.56,1.18,41.2416
Nifty Bank,2007-05-10,16.13,2.57,1.18,41.4541
Nifty Bank,2007-05-11,16.24,2.58,1.17,41.8992
Nifty Bank,2007-05-14,16.07,2.66,1.14,42.7462
Nifty Bank,2007-05-15,16.35,2.71,1.12,44.3085
Nifty Bank,2007-05-16,16.87,2.79,1.08,47.0673
Nifty Bank,2007-05-17,17.23,2.85,1.06,49.1055
Nifty Bank,2007-05-18,17.2,2.86,1.06,49.19199999999999
Nifty Bank,2007-05-21,17.48,2.91,1.04,50.866800000000005
Nifty Bank,2007-05-22,17.38,2.89,1.05,50.2282
Nifty Bank,2007-05-23,17.31,2.87,1.05,49.6797
Nifty Bank,2007-05-24,17.03,2.82,1.07,48.0246
Nifty Bank,2007-05-25,17.01,2.82,1.07,47.9682
Nifty Bank,2007-05-28,17.24,2.86,1.06,49.3064
Nifty Bank,2007-05-29,17.29,2.87,1.06,49.6223
Nifty Bank,2007-05-30,17.13,2.84,1.07,48.64919999999999
Nifty Bank,2007-05-31,17.35,2.88,1.05,49.968
Nifty Bank,2007-06-01,17.57,2.91,1.04,51.1287
Nifty Bank,2007-06-04,17.69,2.8,1.08,49.532000000000004
Nifty Bank,2007-06-05,17.92,2.84,1.07,50.8928
Nifty Bank,2007-06-06,17.35,2.75,1.10,47.712500000000006
Nifty Bank,2007-06-07,17.11,2.71,1.12,46.3681
Nifty Bank,2007-06-08,16.95,2.68,1.13,45.426
Nifty Bank,2007-06-11,16.9,2.68,1.13,45.292
Nifty Bank,2007-06-12,16.87,2.67,1.14,45.0429
Nifty Bank,2007-06-13,16.64,2.64,1.15,43.9296
Nifty Bank,2007-06-14,16.82,2.66,1.14,44.741200000000006
Nifty Bank,2007-06-15,16.96,2.69,1.13,45.6224
Nifty Bank,2007-06-18,16.96,2.69,1.13,45.6224
Nifty Bank,2007-06-19,17.49,2.77,1.10,48.4473
Nifty Bank,2007-06-20,17.85,2.83,1.07,50.5155
Nifty Bank,2007-06-21,17.95,2.84,1.07,50.977999999999994
Nifty Bank,2007-06-22,17.97,2.71,1.14,48.698699999999995
Nifty Bank,2007-06-25,17.98,2.71,1.14,48.7258
Nifty Bank,2007-06-26,17.9,2.69,1.15,48.150999999999996
Nifty Bank,2007-06-27,17.81,2.68,1.15,47.7308
Nifty Bank,2007-06-28,17.92,2.7,1.14,48.38400000000001
Nifty Bank,2007-06-29,18.52,2.79,1.11,51.6708
Nifty Bank,2007-07-02,18.46,2.78,1.11,51.318799999999996
Nifty Bank,2007-07-03,18.84,2.84,1.09,53.505599999999994
Nifty Bank,2007-07-04,18.78,2.83,1.09,53.147400000000005
Nifty Bank,2007-07-05,18.73,2.82,1.09,52.818599999999996
Nifty Bank,2007-07-06,19.61,2.95,1.05,57.8495
Nifty Bank,2007-07-09,19.83,2.98,1.03,59.093399999999995
Nifty Bank,2007-07-10,19.58,2.96,1.04,57.956799999999994
Nifty Bank,2007-07-11,19.52,2.95,1.05,57.584
Nifty Bank,2007-07-12,19.87,3.01,1.03,59.8087
Nifty Bank,2007-07-13,19.99,3.03,1.02,60.56969999999999
Nifty Bank,2007-07-16,20.4,3.1,1.00,63.239999999999995
Nifty Bank,2007-07-17,20.22,3.08,1.00,62.2776
Nifty Bank,2007-07-18,20.3,3.09,1.00,62.727
Nifty Bank,2007-07-19,20.5,3.12,0.99,63.96
Nifty Bank,2007-07-20,20.35,3.01,1.05,61.2535
Nifty Bank,2007-07-23,20.07,3.01,1.05,60.4107
Nifty Bank,2007-07-24,20.04,3.01,1.05,60.32039999999999
Nifty Bank,2007-07-25,19.59,2.98,1.06,58.3782
Nifty Bank,2007-07-26,19.39,2.95,1.07,57.200500000000005
Nifty Bank,2007-07-27,18.74,2.85,1.11,53.409
Nifty Bank,2007-07-30,18.22,2.91,1.09,53.0202
Nifty Bank,2007-07-31,18.58,2.96,1.07,54.99679999999999
Nifty Bank,2007-08-01,17.8,2.84,1.12,50.552
Nifty Bank,2007-08-02,18.26,2.91,1.09,53.13660000000001
Nifty Bank,2007-08-03,18.52,2.95,1.07,54.634
Nifty Bank,2007-08-06,18.43,2.94,1.08,54.1842
Nifty Bank,2007-08-07,18.43,2.94,1.08,54.1842
Nifty Bank,2007-08-08,18.82,3.0,1.06,56.46
Nifty Bank,2007-08-09,18.54,2.96,1.07,54.8784
Nifty Bank,2007-08-10,18.02,2.87,1.10,51.7174
Nifty Bank,2007-08-13,18.11,2.89,1.10,52.3379
Nifty Bank,2007-08-14,18.31,2.92,1.09,53.465199999999996
Nifty Bank,2007-08-16,17.23,2.75,1.15,47.3825
Nifty Bank,2007-08-17,17.16,2.74,1.16,47.01840000000001
Nifty Bank,2007-08-20,17.83,2.84,1.11,50.63719999999999
Nifty Bank,2007-08-21,17.06,2.72,1.17,46.4032
Nifty Bank,2007-08-22,17.11,2.73,1.16,46.7103
Nifty Bank,2007-08-23,16.73,2.67,1.19,44.6691
Nifty Bank,2007-08-24,16.97,2.71,1.17,45.988699999999994
Nifty Bank,2007-08-27,17.78,2.84,1.12,50.495200000000004
Nifty Bank,2007-08-28,17.82,2.84,1.12,50.608799999999995
Nifty Bank,2007-08-29,17.88,2.85,1.11,50.958
Nifty Bank,2007-08-30,18.06,2.88,1.10,52.01279999999999
Nifty Bank,2007-08-31,18.34,2.92,1.08,53.5528
Nifty Bank,2007-09-03,18.61,2.97,1.07,55.2717
Nifty Bank,2007-09-04,18.69,2.98,1.06,55.696200000000005
Nifty Bank,2007-09-05,18.62,2.97,1.07,55.30140000000001
Nifty Bank,2007-09-06,18.87,3.01,1.05,56.7987
Nifty Bank,2007-09-07,18.8,3.0,1.06,56.400000000000006
Nifty Bank,2007-09-10,18.88,3.01,1.05,56.828799999999994
Nifty Bank,2007-09-11,18.73,2.99,1.06,56.002700000000004
Nifty Bank,2007-09-12,18.64,2.97,1.07,55.360800000000005
Nifty Bank,2007-09-13,18.97,3.03,1.05,57.479099999999995
Nifty Bank,2007-09-14,18.99,3.03,1.05,57.53969999999999
Nifty Bank,2007-09-17,18.95,3.02,1.05,57.229
Nifty Bank,2007-09-18,19.4,3.09,1.02,59.94599999999999
Nifty Bank,2007-09-19,20.34,3.24,0.98,65.9016
Nifty Bank,2007-09-20,20.31,3.24,0.98,65.8044
Nifty Bank,2007-09-21,20.51,3.27,0.97,67.0677
Nifty Bank,2007-09-24,21.02,3.35,0.95,70.417
Nifty Bank,2007-09-25,20.96,3.34,0.95,70.0064
Nifty Bank,2007-09-26,21.31,3.4,0.93,72.454
Nifty Bank,2007-09-27,21.53,3.43,0.92,73.84790000000001
Nifty Bank,2007-09-28,22.1,3.52,0.90,77.792
Nifty Bank,2007-10-01,21.95,3.5,0.91,76.825
Nifty Bank,2007-10-03,22.25,3.55,0.89,78.9875
Nifty Bank,2007-10-04,22.08,3.52,0.90,77.7216
Nifty Bank,2007-10-05,21.56,3.44,0.92,74.1664
Nifty Bank,2007-10-08,20.96,3.34,0.95,70.0064
Nifty Bank,2007-10-09,21.7,3.46,0.92,75.082
Nifty Bank,2007-10-10,22.07,3.52,0.90,77.6864
Nifty Bank,2007-10-11,22.42,3.58,0.89,80.26360000000001
Nifty Bank,2007-10-12,21.68,3.48,0.91,75.4464
Nifty Bank,2007-10-15,22.54,3.63,0.87,81.8202
Nifty Bank,2007-10-16,23.08,3.72,0.85,85.8576
Nifty Bank,2007-10-17,22.12,3.56,0.89,78.7472
Nifty Bank,2007-10-18,20.78,3.35,0.95,69.613
Nifty Bank,2007-10-19,20.27,3.27,0.97,66.2829
Nifty Bank,2007-10-22,20.39,3.33,0.95,67.8987
Nifty Bank,2007-10-23,21.83,3.57,0.89,77.9331
Nifty Bank,2007-10-24,22.08,3.62,0.88,79.9296
Nifty Bank,2007-10-25,22.61,3.71,0.85,83.8831
Nifty Bank,2007-10-26,23.42,3.85,0.82,90.167
Nifty Bank,2007-10-29,23.22,3.96,0.80,91.9512
Nifty Bank,2007-10-30,23.06,3.93,0.81,90.6258
Nifty Bank,2007-10-31,23.17,3.97,0.80,91.98490000000001
Nifty Bank,2007-11-01,23.65,4.05,0.78,95.78249999999998
Nifty Bank,2007-11-02,24.58,4.21,0.75,103.48179999999999
Nifty Bank,2007-11-05,24.16,4.14,0.77,100.02239999999999
Nifty Bank,2007-11-06,23.69,4.06,0.78,96.1814
Nifty Bank,2007-11-07,23.37,4.0,0.79,93.48
Nifty Bank,2007-11-08,22.82,3.91,0.81,89.2262
Nifty Bank,2007-11-09,22.52,3.86,0.82,86.9272
Nifty Bank,2007-11-12,22.52,3.86,0.82,86.9272
Nifty Bank,2007-11-13,23.29,3.99,0.79,92.9271
Nifty Bank,2007-11-14,24.71,4.23,0.75,104.52330000000002
Nifty Bank,2007-11-15,24.31,4.16,0.76,101.1296
Nifty Bank,2007-11-16,24.36,4.17,0.76,101.5812
Nifty Bank,2007-11-19,24.16,4.14,0.77,100.02239999999999
Nifty Bank,2007-11-20,23.85,4.08,0.78,97.308
Nifty Bank,2007-11-21,22.7,3.89,0.82,88.303
Nifty Bank,2007-11-22,23.14,3.96,0.80,91.6344
Nifty Bank,2007-11-23,23.08,3.95,0.80,91.166
Nifty Bank,2007-11-26,23.45,4.02,0.79,94.26899999999999
Nifty Bank,2007-11-27,23.32,3.99,0.79,93.0468
Nifty Bank,2007-11-28,23.07,3.95,0.80,91.12650000000001
Nifty Bank,2007-11-29,23.46,4.02,0.79,94.30919999999999
Nifty Bank,2007-11-30,24.11,4.13,0.77,99.5743
Nifty Bank,2007-12-03,24.16,4.14,0.77,100.02239999999999
Nifty Bank,2007-12-04,24.08,4.12,0.77,99.2096
Nifty Bank,2007-12-05,24.64,4.22,0.75,103.9808
Nifty Bank,2007-12-06,24.74,4.23,0.75,104.6502
Nifty Bank,2007-12-07,25.19,4.31,0.74,108.5689
Nifty Bank,2007-12-10,25.36,4.34,0.73,110.0624
Nifty Bank,2007-12-11,25.95,4.44,0.71,115.218
Nifty Bank,2007-12-12,25.86,4.43,0.72,114.5598
Nifty Bank,2007-12-13,25.51,4.37,0.73,111.4787
Nifty Bank,2007-12-14,25.21,4.32,0.73,108.90720000000002
Nifty Bank,2007-12-17,24.24,4.15,0.76,100.596
Nifty Bank,2007-12-18,23.86,4.08,0.78,97.3488
Nifty Bank,2007-12-19,23.76,4.07,0.78,96.70320000000001
Nifty Bank,2007-12-20,23.77,4.07,0.78,96.74390000000001
Nifty Bank,2007-12-24,24.59,4.21,0.75,103.5239
Nifty Bank,2007-12-26,25.09,4.3,0.74,107.887
Nifty Bank,2007-12-27,25.17,4.31,0.74,108.4827
Nifty Bank,2007-12-28,25.28,4.33,0.73,109.4624
Nifty Bank,2007-12-31,25.37,4.34,0.73,110.1058
Nifty Bank,2008-01-01,25.48,4.36,0.73,111.09280000000001
Nifty Bank,2008-01-02,26.36,4.51,0.70,118.88359999999999
Nifty Bank,2008-01-03,25.98,4.45,0.71,115.611
Nifty Bank,2008-01-04,26.32,4.51,0.70,118.7032
Nifty Bank,2008-01-07,26.73,4.58,0.69,122.4234
Nifty Bank,2008-01-08,26.63,4.56,0.70,121.43279999999999
Nifty Bank,2008-01-09,26.34,4.54,0.70,119.5836
Nifty Bank,2008-01-10,26.24,4.52,0.70,118.60479999999998
Nifty Bank,2008-01-11,27.09,4.67,0.68,126.5103
Nifty Bank,2008-01-14,27.44,4.73,0.67,129.79120000000003
Nifty Bank,2008-01-15,26.85,4.63,0.69,124.3155
Nifty Bank,2008-01-16,26.54,4.57,0.69,121.2878
Nifty Bank,2008-01-17,26.32,4.53,0.70,119.2296
Nifty Bank,2008-01-18,24.98,4.3,0.74,107.414
Nifty Bank,2008-01-21,22.75,3.99,0.79,90.77250000000001
Nifty Bank,2008-01-22,21.39,3.84,0.83,82.1376
Nifty Bank,2008-01-23,22.58,4.09,0.77,92.3522
Nifty Bank,2008-01-24,22.16,4.04,0.79,89.5264
Nifty Bank,2008-01-25,22.84,4.31,0.74,98.4404
Nifty Bank,2008-01-28,23.98,4.53,0.70,108.6294
Nifty Bank,2008-01-29,23.17,4.37,0.72,101.25290000000001
Nifty Bank,2008-01-30,22.57,4.3,0.74,97.051
Nifty Bank,2008-01-31,22.15,4.22,0.75,93.47299999999998
Nifty Bank,2008-02-01,22.39,4.26,0.74,95.3814
Nifty Bank,2008-02-04,22.95,4.37,0.73,100.2915
Nifty Bank,2008-02-05,22.56,4.3,0.74,97.008
Nifty Bank,2008-02-06,22.05,4.2,0.76,92.61000000000001
Nifty Bank,2008-02-07,21.51,4.1,0.77,88.191
Nifty Bank,2008-02-08,21.16,4.03,0.79,85.2748
Nifty Bank,2008-02-11,20.21,3.85,0.82,77.80850000000001
Nifty Bank,2008-02-12,20.5,3.9,0.81,79.95
Nifty Bank,2008-02-13,21.07,4.01,0.79,84.49069999999999
Nifty Bank,2008-02-14,21.98,4.18,0.76,91.87639999999999
Nifty Bank,2008-02-15,22.59,4.3,0.74,97.137
Nifty Bank,2008-02-18,22.65,4.31,0.73,97.62149999999998
Nifty Bank,2008-02-19,22.7,4.32,0.73,98.06400000000001
Nifty Bank,2008-02-20,21.99,4.19,0.76,92.13810000000001
Nifty Bank,2008-02-21,21.55,4.1,0.77,88.35499999999999
Nifty Bank,2008-02-22,20.92,3.98,0.80,83.2616
Nifty Bank,2008-02-25,20.87,3.97,0.80,82.85390000000001
Nifty Bank,2008-02-26,21.06,4.01,0.79,84.4506
Nifty Bank,2008-02-27,21.0,4.0,0.79,84.0
Nifty Bank,2008-02-28,20.73,3.95,0.80,81.88350000000001
Nifty Bank,2008-02-29,20.93,3.98,0.80,83.3014
Nifty Bank,2008-03-03,19.38,3.69,0.86,71.51219999999999
Nifty Bank,2008-03-04,18.63,3.55,0.89,66.1365
Nifty Bank,2008-03-05,18.28,3.48,0.91,63.6144
Nifty Bank,2008-03-07,17.51,3.33,0.95,58.30830000000001
Nifty Bank,2008-03-10,17.52,3.34,0.95,58.516799999999996
Nifty Bank,2008-03-11,17.72,3.37,0.94,59.7164
Nifty Bank,2008-03-12,17.68,3.37,0.94,59.5816
Nifty Bank,2008-03-13,16.66,3.07,1.00,51.1462
Nifty Bank,2008-03-14,17.25,3.07,0.96,52.957499999999996
Nifty Bank,2008-03-17,15.92,2.83,1.04,45.0536
Nifty Bank,2008-03-18,15.71,2.8,1.05,43.988
Nifty Bank,2008-03-19,15.68,2.79,1.05,43.7472
Nifty Bank,2008-03-24,16.11,2.87,1.03,46.2357
Nifty Bank,2008-03-25,17.35,3.09,0.95,53.6115
Nifty Bank,2008-03-26,17.29,3.08,0.96,53.2532
Nifty Bank,2008-03-27,16.92,3.01,0.98,50.9292
Nifty Bank,2008-03-28,17.09,3.04,0.97,51.9536
Nifty Bank,2008-03-31,16.16,2.88,1.02,46.5408
Nifty Bank,2008-04-01,16.04,2.86,1.03,45.874399999999994
Nifty Bank,2008-04-02,16.44,2.93,1.00,48.169200000000004
Nifty Bank,2008-04-03,16.38,2.92,1.01,47.8296
Nifty Bank,2008-04-04,15.89,2.83,1.04,44.968700000000005
Nifty Bank,2008-04-07,16.59,2.95,1.00,48.9405
Nifty Bank,2008-04-08,16.66,2.97,0.99,49.4802
Nifty Bank,2008-04-09,17.14,3.05,0.96,52.277
Nifty Bank,2008-04-10,16.69,2.97,0.99,49.569300000000005
Nifty Bank,2008-04-11,16.6,2.96,0.99,49.136
Nifty Bank,2008-04-15,16.79,2.99,0.98,50.2021
Nifty Bank,2008-04-16,16.88,3.0,0.98,50.64
Nifty Bank,2008-04-17,17.4,3.1,0.95,53.94
Nifty Bank,2008-04-21,17.91,3.21,0.92,57.4911
Nifty Bank,2008-04-22,18.14,3.25,0.90,58.955
Nifty Bank,2008-04-23,17.67,3.19,0.92,56.36730000000001
Nifty Bank,2008-04-24,17.6,3.19,0.92,56.144000000000005
Nifty Bank,2008-04-25,18.14,3.29,0.89,59.680600000000005
Nifty Bank,2008-04-28,17.82,3.28,0.90,58.4496
Nifty Bank,2008-04-29,18.17,3.34,0.88,60.6878
Nifty Bank,2008-04-30,17.67,3.3,0.89,58.311
Nifty Bank,2008-05-02,18.23,3.4,0.86,61.982
Nifty Bank,2008-05-05,17.88,3.39,0.87,60.6132
Nifty Bank,2008-05-06,17.79,3.38,0.87,60.130199999999995
Nifty Bank,2008-05-07,17.41,3.35,0.88,58.3235
Nifty Bank,2008-05-08,16.91,3.25,0.90,54.9575
Nifty Bank,2008-05-09,16.39,3.15,0.93,51.6285
Nifty Bank,2008-05-12,16.46,3.17,0.93,52.178200000000004
Nifty Bank,2008-05-13,16.48,3.17,0.93,52.2416
Nifty Bank,2008-05-14,16.45,3.17,0.93,52.146499999999996
Nifty Bank,2008-05-15,16.64,3.25,0.91,54.08
Nifty Bank,2008-05-16,16.94,3.3,0.89,55.902
Nifty Bank,2008-05-20,16.51,3.22,0.91,53.162200000000006
Nifty Bank,2008-05-21,16.32,3.19,0.92,52.0608
Nifty Bank,2008-05-22,15.82,3.09,0.95,48.8838
Nifty Bank,2008-05-23,15.52,3.03,0.97,47.0256
Nifty Bank,2008-05-26,14.98,2.56,1.08,38.348800000000004
Nifty Bank,2008-05-27,14.62,2.5,1.10,36.55
Nifty Bank,2008-05-28,15.03,2.57,1.07,38.6271
Nifty Bank,2008-05-29,14.58,2.49,1.11,36.3042
Nifty Bank,2008-05-30,14.6,2.49,1.10,36.354
Nifty Bank,2008-06-02,14.07,2.4,1.15,33.768
Nifty Bank,2008-06-03,13.97,2.39,1.15,33.3883
Nifty Bank,2008-06-04,13.56,2.32,1.19,31.4592
Nifty Bank,2008-06-05,13.77,2.35,1.17,32.3595
Nifty Bank,2008-06-06,13.62,2.33,1.18,31.7346
Nifty Bank,2008-06-09,13.19,2.25,1.22,29.6775
Nifty Bank,2008-06-10,12.89,1.93,1.47,24.8777
Nifty Bank,2008-06-11,13.24,1.98,1.43,26.2152
Nifty Bank,2008-06-12,13.3,1.99,1.42,26.467000000000002
Nifty Bank,2008-06-13,13.29,1.99,1.42,26.4471
Nifty Bank,2008-06-16,13.59,2.03,1.39,27.587699999999998
Nifty Bank,2008-06-17,14.25,2.13,1.33,30.3525
Nifty Bank,2008-06-18,13.75,2.06,1.38,28.325
Nifty Bank,2008-06-19,13.21,1.98,1.43,26.155800000000003
Nifty Bank,2008-06-20,12.77,1.91,1.48,24.3907
Nifty Bank,2008-06-23,12.41,1.86,1.52,23.082600000000003
Nifty Bank,2008-06-24,12.18,1.82,1.55,22.1676
Nifty Bank,2008-06-25,12.16,1.82,1.56,22.1312
Nifty Bank,2008-06-26,12.22,1.83,1.55,22.3626
Nifty Bank,2008-06-27,11.56,1.73,1.64,19.9988
Nifty Bank,2008-06-30,11.15,1.67,1.70,18.6205
Nifty Bank,2008-07-01,10.5,1.57,1.80,16.485
Nifty Bank,2008-07-02,11.15,1.67,1.70,18.6205
Nifty Bank,2008-07-03,10.76,1.61,1.76,17.3236
Nifty Bank,2008-07-04,11.37,1.47,1.80,16.7139
Nifty Bank,2008-07-07,11.56,1.5,1.77,17.34
Nifty Bank,2008-07-08,11.63,1.51,1.76,17.561300000000003
Nifty Bank,2008-07-09,12.17,1.58,1.68,19.2286
Nifty Bank,2008-07-10,12.16,1.58,1.68,19.2128
Nifty Bank,2008-07-11,11.94,1.55,1.71,18.507
Nifty Bank,2008-07-14,11.78,1.54,1.72,18.141199999999998
Nifty Bank,2008-07-15,10.95,1.43,1.86,15.658499999999998
Nifty Bank,2008-07-16,10.69,1.39,1.90,14.859099999999998
Nifty Bank,2008-07-17,11.39,1.49,1.78,16.9711
Nifty Bank,2008-07-18,12.19,1.59,1.67,19.3821
Nifty Bank,2008-07-21,12.74,1.65,1.60,21.021
Nifty Bank,2008-07-22,13.17,1.71,1.55,22.520699999999998
Nifty Bank,2008-07-23,14.42,1.85,1.44,26.677
Nifty Bank,2008-07-24,14.13,1.81,1.47,25.575300000000002
Nifty Bank,2008-07-25,13.4,1.72,1.54,23.048000000000002
Nifty Bank,2008-07-28,13.1,1.72,1.54,22.532
Nifty Bank,2008-07-29,11.98,1.58,1.69,18.9284
Nifty Bank,2008-07-30,12.59,1.67,1.60,21.025299999999998
Nifty Bank,2008-07-31,12.62,1.67,1.59,21.0754
Nifty Bank,2008-08-01,13.13,1.74,1.53,22.8462
Nifty Bank,2008-08-04,13.19,1.75,1.52,23.0825
Nifty Bank,2008-08-05,14.03,1.86,1.43,26.0958
Nifty Bank,2008-08-06,13.93,1.84,1.44,25.6312
Nifty Bank,2008-08-07,14.01,1.85,1.44,25.9185
Nifty Bank,2008-08-08,14.2,1.88,1.42,26.695999999999998
Nifty Bank,2008-08-11,14.8,1.96,1.36,29.008
Nifty Bank,2008-08-12,14.29,1.89,1.41,27.008099999999995
Nifty Bank,2008-08-13,14.03,1.86,1.43,26.0958
Nifty Bank,2008-08-14,13.28,1.76,1.52,23.372799999999998
Nifty Bank,2008-08-18,13.24,1.75,1.52,23.17
Nifty Bank,2008-08-19,13.19,1.75,1.52,23.0825
Nifty Bank,2008-08-20,13.27,1.76,1.52,23.3552
Nifty Bank,2008-08-21,12.58,1.66,1.60,20.8828
Nifty Bank,2008-08-22,12.72,1.68,1.58,21.369600000000002
Nifty Bank,2008-08-25,12.91,1.71,1.56,22.0761
Nifty Bank,2008-08-26,13.09,1.73,1.54,22.645699999999998
Nifty Bank,2008-08-27,12.82,1.7,1.57,21.794
Nifty Bank,2008-08-28,12.6,1.67,1.60,21.041999999999998
Nifty Bank,2008-08-29,13.44,1.78,1.50,23.923199999999998
Nifty Bank,2008-09-01,13.5,1.79,1.49,24.165
Nifty Bank,2008-09-02,14.33,1.9,1.40,27.227
Nifty Bank,2008-09-04,14.3,1.89,1.41,27.027
Nifty Bank,2008-09-05,13.85,1.83,1.45,25.3455
Nifty Bank,2008-09-08,14.4,1.9,1.40,27.36
Nifty Bank,2008-09-09,14.19,1.88,1.42,26.6772
Nifty Bank,2008-09-10,14.15,1.87,1.42,26.460500000000003
Nifty Bank,2008-09-11,13.94,1.84,1.44,25.6496
Nifty Bank,2008-09-12,13.64,1.8,1.48,24.552000000000003
Nifty Bank,2008-09-15,13.21,1.75,1.52,23.1175
Nifty Bank,2008-09-16,13.51,1.79,1.49,24.1829
Nifty Bank,2008-09-17,13.02,1.72,1.55,22.394399999999997
Nifty Bank,2008-09-18,13.38,1.77,1.50,23.6826
Nifty Bank,2008-09-19,13.9,1.84,1.45,25.576
Nifty Bank,2008-09-22,13.88,1.84,1.45,25.5392
Nifty Bank,2008-09-23,13.29,1.76,1.51,23.3904
Nifty Bank,2008-09-24,13.46,1.78,1.50,23.958800000000004
Nifty Bank,2008-09-25,13.39,1.77,1.50,23.700300000000002
Nifty Bank,2008-09-26,12.84,1.7,1.57,21.828
Nifty Bank,2008-09-29,12.2,1.61,1.65,19.642
Nifty Bank,2008-09-30,12.78,1.69,1.57,21.5982
Nifty Bank,2008-10-01,13.18,1.74,1.53,22.9332
Nifty Bank,2008-10-03,12.76,1.69,1.58,21.5644
Nifty Bank,2008-10-06,12.25,1.62,1.64,19.845000000000002
Nifty Bank,2008-10-07,12.02,1.59,1.67,19.1118
Nifty Bank,2008-10-08,11.5,1.52,1.75,17.48
Nifty Bank,2008-10-10,10.88,1.44,1.85,15.667200000000001
Nifty Bank,2008-10-13,12.02,1.6,1.66,19.232
Nifty Bank,2008-10-14,12.2,1.63,1.64,19.886
Nifty Bank,2008-10-15,11.86,1.58,1.68,18.7388
Nifty Bank,2008-10-16,11.99,1.6,1.67,19.184
Nifty Bank,2008-10-17,11.26,1.51,1.76,17.0026
Nifty Bank,2008-10-20,11.42,1.54,1.73,17.5868
Nifty Bank,2008-10-21,11.71,1.58,1.69,18.501800000000003
Nifty Bank,2008-10-22,10.87,1.48,1.79,16.0876
Nifty Bank,2008-10-23,10.52,1.44,1.85,15.1488
Nifty Bank,2008-10-24,9.19,1.26,2.12,11.5794
Nifty Bank,2008-10-27,8.46,1.19,2.23,10.067400000000001
Nifty Bank,2008-10-28,8.92,1.26,2.12,11.2392
Nifty Bank,2008-10-29,8.85,1.25,2.13,11.0625
Nifty Bank,2008-10-31,9.29,1.32,2.02,12.262799999999999
Nifty Bank,2008-11-03,10.02,1.42,1.87,14.228399999999999
Nifty Bank,2008-11-04,10.73,1.52,1.75,16.3096
Nifty Bank,2008-11-05,10.53,1.49,1.78,15.689699999999998
Nifty Bank,2008-11-06,10.15,1.44,1.85,14.616
Nifty Bank,2008-11-07,10.37,1.47,1.81,15.243899999999998
Nifty Bank,2008-11-10,10.81,1.53,1.74,16.5393
Nifty Bank,2008-11-11,10.17,1.44,1.85,14.6448
Nifty Bank,2008-11-12,9.76,1.38,1.92,13.468799999999998
Nifty Bank,2008-11-14,9.7,1.37,1.94,13.289
Nifty Bank,2008-11-17,9.34,1.32,2.01,12.328800000000001
Nifty Bank,2008-11-18,8.93,1.27,2.10,11.341099999999999
Nifty Bank,2008-11-19,8.7,1.23,2.16,10.700999999999999
Nifty Bank,2008-11-20,8.4,1.19,2.24,9.996
Nifty Bank,2008-11-21,8.84,1.25,2.12,11.05
Nifty Bank,2008-11-24,8.56,1.21,2.19,10.3576
Nifty Bank,2008-11-25,8.33,1.18,2.25,9.8294
Nifty Bank,2008-11-26,8.77,1.24,2.14,10.874799999999999
Nifty Bank,2008-11-28,8.82,1.25,2.13,11.025
Nifty Bank,2008-12-01,8.48,1.2,2.22,10.176
Nifty Bank,2008-12-02,8.43,1.19,2.23,10.031699999999999
Nifty Bank,2008-12-03,8.67,1.23,2.16,10.6641
Nifty Bank,2008-12-04,9.14,1.3,2.05,11.882000000000001
Nifty Bank,2008-12-05,8.96,1.27,2.10,11.3792
Nifty Bank,2008-12-08,9.1,1.29,2.06,11.738999999999999
Nifty Bank,2008-12-10,9.35,1.33,2.01,12.4355
Nifty Bank,2008-12-11,9.45,1.34,1.99,12.663
Nifty Bank,2008-12-12,9.57,1.36,1.96,13.015200000000002
Nifty Bank,2008-12-15,9.68,1.37,1.94,13.261600000000001
Nifty Bank,2008-12-16,9.91,1.4,1.90,13.873999999999999
Nifty Bank,2008-12-17,9.84,1.4,1.91,13.776
Nifty Bank,2008-12-18,10.53,1.49,1.78,15.689699999999998
Nifty Bank,2008-12-19,10.57,1.5,1.78,15.855
Nifty Bank,2008-12-22,10.35,1.47,1.81,15.2145
Nifty Bank,2008-12-23,9.99,1.42,1.88,14.1858
Nifty Bank,2008-12-24,10.13,1.44,1.85,14.587200000000001
Nifty Bank,2008-12-26,9.84,1.4,1.91,13.776
Nifty Bank,2008-12-29,10.18,1.44,1.84,14.659199999999998
Nifty Bank,2008-12-30,10.4,1.47,1.80,15.288
Nifty Bank,2008-12-31,10.28,1.46,1.83,15.008799999999999
Nifty Bank,2009-01-01,10.52,1.49,1.79,15.6748
Nifty Bank,2009-01-02,10.68,1.51,1.76,16.1268
Nifty Bank,2009-01-05,11.02,1.56,1.70,17.1912
Nifty Bank,2009-01-06,11.09,1.57,1.69,17.4113
Nifty Bank,2009-01-07,10.25,1.45,1.83,14.862499999999999
Nifty Bank,2009-01-09,10.01,1.43,1.86,14.3143
Nifty Bank,2009-01-12,9.59,1.37,1.94,13.138300000000001
Nifty Bank,2009-01-13,9.51,1.36,1.96,12.9336
Nifty Bank,2009-01-14,9.69,1.38,1.92,13.372199999999998
Nifty Bank,2009-01-15,9.08,1.31,2.04,11.8948
Nifty Bank,2009-01-16,9.28,1.33,1.99,12.3424
Nifty Bank,2009-01-19,9.2,1.32,2.01,12.144
Nifty Bank,2009-01-20,8.92,1.28,2.08,11.4176
Nifty Bank,2009-01-21,8.61,1.24,2.15,10.6764
Nifty Bank,2009-01-22,8.58,1.25,2.13,10.725
Nifty Bank,2009-01-23,7.99,1.19,2.24,9.5081
Nifty Bank,2009-01-27,8.02,1.22,2.18,9.7844
Nifty Bank,2009-01-28,8.29,1.26,2.10,10.4454
Nifty Bank,2009-01-29,8.27,1.27,2.09,10.5029
Nifty Bank,2009-01-30,8.3,1.3,2.05,10.790000000000001
Nifty Bank,2009-02-02,7.89,1.23,2.16,9.704699999999999
Nifty Bank,2009-02-03,7.92,1.24,2.15,9.8208
Nifty Bank,2009-02-04,7.91,1.24,2.15,9.8084
Nifty Bank,2009-02-05,7.88,1.23,2.16,9.6924
Nifty Bank,2009-02-06,8.07,1.26,2.11,10.1682
Nifty Bank,2009-02-09,8.3,1.3,2.05,10.790000000000001
Nifty Bank,2009-02-10,8.41,1.32,2.02,11.1012
Nifty Bank,2009-02-11,8.39,1.31,2.03,10.990900000000002
Nifty Bank,2009-02-12,8.32,1.3,2.04,10.816
Nifty Bank,2009-02-13,8.5,1.33,2.00,11.305
Nifty Bank,2009-02-16,8.1,1.27,2.10,10.286999999999999
Nifty Bank,2009-02-17,7.75,1.21,2.19,9.3775
Nifty Bank,2009-02-18,7.59,1.19,2.24,9.0321
Nifty Bank,2009-02-19,7.56,1.18,2.25,8.9208
Nifty Bank,2009-02-20,7.32,1.15,2.32,8.418
Nifty Bank,2009-02-24,7.22,1.13,2.36,8.158599999999998
Nifty Bank,2009-02-25,7.28,1.14,2.34,8.299199999999999
Nifty Bank,2009-02-26,7.14,1.12,2.38,7.9968
Nifty Bank,2009-02-27,7.25,1.13,2.35,8.192499999999999
Nifty Bank,2009-03-02,6.92,1.08,2.46,7.4736
Nifty Bank,2009-03-03,6.77,1.06,2.51,7.1762
Nifty Bank,2009-03-04,6.68,1.05,2.55,7.014
Nifty Bank,2009-03-05,6.42,1.0,2.65,6.42
Nifty Bank,2009-03-06,6.43,1.01,2.64,6.4943
Nifty Bank,2009-03-09,6.22,0.97,2.74,6.033399999999999
Nifty Bank,2009-03-12,6.41,1.0,2.65,6.41
Nifty Bank,2009-03-13,6.76,1.06,2.51,7.1656
Nifty Bank,2009-03-16,6.96,1.09,2.44,7.5864
Nifty Bank,2009-03-17,6.79,1.06,2.51,7.1974
Nifty Bank,2009-03-18,6.94,1.09,2.45,7.564600000000001
Nifty Bank,2009-03-19,7.01,1.1,2.43,7.711
Nifty Bank,2009-03-20,6.87,1.08,2.47,7.419600000000001
Nifty Bank,2009-03-23,7.34,1.15,2.32,8.440999999999999
Nifty Bank,2009-03-24,7.46,1.17,2.28,8.7282
Nifty Bank,2009-03-25,7.68,1.2,2.21,9.216
Nifty Bank,2009-03-26,7.98,1.25,2.13,9.975000000000001
Nifty Bank,2009-03-27,8.2,1.28,2.07,10.495999999999999
Nifty Bank,2009-03-30,7.51,1.18,2.26,8.861799999999999
Nifty Bank,2009-03-31,7.69,1.2,2.21,9.228
Nifty Bank,2009-04-01,7.84,1.23,2.17,9.6432
Nifty Bank,2009-04-02,8.24,1.29,2.06,10.6296
Nifty Bank,2009-04-06,8.35,1.31,2.04,10.9385
Nifty Bank,2009-04-08,8.34,1.31,2.04,10.9254
Nifty Bank,2009-04-09,8.54,1.34,1.99,11.4436
Nifty Bank,2009-04-13,8.97,1.4,1.90,12.558
Nifty Bank,2009-04-15,9.4,1.47,1.81,13.818
Nifty Bank,2009-04-16,9.15,1.43,1.86,13.0845
Nifty Bank,2009-04-17,9.41,1.47,1.81,13.832699999999999
Nifty Bank,2009-04-20,9.33,1.46,1.82,13.6218
Nifty Bank,2009-04-21,8.97,1.41,1.88,12.6477
Nifty Bank,2009-04-22,8.89,1.4,1.90,12.446
Nifty Bank,2009-04-23,9.18,1.45,1.84,13.311
Nifty Bank,2009-04-24,9.4,1.49,1.78,14.006
Nifty Bank,2009-04-27,9.48,1.51,1.76,14.3148
Nifty Bank,2009-04-28,9.02,1.44,1.85,12.9888
Nifty Bank,2009-04-29,9.29,1.5,1.78,13.934999999999999
Nifty Bank,2009-05-04,9.97,1.6,1.66,15.952000000000002
Nifty Bank,2009-05-05,10.13,1.63,1.63,16.5119
Nifty Bank,2009-05-06,9.86,1.59,1.68,15.6774
Nifty Bank,2009-05-07,10.12,1.63,1.64,16.495599999999996
Nifty Bank,2009-05-08,9.81,1.58,1.69,15.499800000000002
Nifty Bank,2009-05-11,9.42,1.56,1.71,14.6952
Nifty Bank,2009-05-12,9.84,1.63,1.64,16.039199999999997
Nifty Bank,2009-05-13,9.73,1.61,1.65,15.665300000000002
Nifty Bank,2009-05-14,9.68,1.6,1.66,15.488
Nifty Bank,2009-05-15,10.03,1.66,1.60,16.6498
Nifty Bank,2009-05-18,11.92,1.97,1.35,23.4824
Nifty Bank,2009-05-19,12.8,2.12,1.26,27.136000000000003
Nifty Bank,2009-05-20,12.59,2.08,1.28,26.1872
Nifty Bank,2009-05-21,12.09,2.02,1.32,24.4218
Nifty Bank,2009-05-22,12.27,2.05,1.30,25.153499999999998
Nifty Bank,2009-05-25,12.32,2.06,1.29,25.3792
Nifty Bank,2009-05-26,11.94,1.97,1.39,23.5218
Nifty Bank,2009-05-27,12.58,2.07,1.32,26.040599999999998
Nifty Bank,2009-05-28,12.8,2.11,1.30,27.008
Nifty Bank,2009-05-29,12.93,2.13,1.29,27.540899999999997
Nifty Bank,2009-06-01,12.84,2.11,1.30,27.092399999999998
Nifty Bank,2009-06-02,12.8,2.11,1.30,27.008
Nifty Bank,2009-06-03,12.66,2.08,1.31,26.332800000000002
Nifty Bank,2009-06-04,12.82,2.11,1.30,27.0502
Nifty Bank,2009-06-05,12.8,2.11,1.30,27.008
Nifty Bank,2009-06-08,12.16,2.0,1.37,24.32
Nifty Bank,2009-06-09,12.53,2.06,1.33,25.811799999999998
Nifty Bank,2009-06-10,12.8,2.11,1.30,27.008
Nifty Bank,2009-06-11,12.64,2.08,1.32,26.291200000000003
Nifty Bank,2009-06-12,12.35,2.0,1.35,24.7
Nifty Bank,2009-06-15,12.35,2.0,1.35,24.7
Nifty Bank,2009-06-16,12.69,2.06,1.31,26.1414
Nifty Bank,2009-06-17,12.35,2.0,1.35,24.7
Nifty Bank,2009-06-18,12.35,2.0,1.35,24.7
Nifty Bank,2009-06-19,12.6,2.04,1.32,25.704
Nifty Bank,2009-06-22,12.61,2.04,1.32,25.7244
Nifty Bank,2009-06-23,12.37,2.0,1.34,24.74
Nifty Bank,2009-06-24,12.4,2.01,1.34,24.924
Nifty Bank,2009-06-25,12.42,2.01,1.34,24.964199999999998
Nifty Bank,2009-06-26,12.91,2.09,1.29,26.9819
Nifty Bank,2009-06-29,13.1,2.12,1.27,27.772000000000002
Nifty Bank,2009-06-30,12.8,2.07,1.30,26.496
Nifty Bank,2009-07-01,13.0,2.11,1.28,27.43
Nifty Bank,2009-07-02,12.91,2.09,1.29,26.9819
Nifty Bank,2009-07-03,13.2,2.14,1.26,28.248
Nifty Bank,2009-07-06,12.12,1.77,1.70,21.452399999999997
Nifty Bank,2009-07-07,12.13,1.77,1.69,21.470100000000002
Nifty Bank,2009-07-08,11.62,1.69,1.77,19.6378
Nifty Bank,2009-07-09,11.64,1.7,1.76,19.788
Nifty Bank,2009-07-10,11.37,1.66,1.81,18.8742
Nifty Bank,2009-07-13,11.31,1.66,1.80,18.7746
Nifty Bank,2009-07-14,11.65,1.72,1.74,20.038
Nifty Bank,2009-07-15,11.96,1.75,1.70,20.93
Nifty Bank,2009-07-16,11.91,1.74,1.70,20.7234
Nifty Bank,2009-07-17,12.46,1.82,1.63,22.677200000000003
Nifty Bank,2009-07-20,12.98,1.9,1.56,24.662
Nifty Bank,2009-07-21,12.79,1.87,1.58,23.9173
Nifty Bank,2009-07-22,12.44,1.85,1.61,23.014
Nifty Bank,2009-07-23,12.6,1.88,1.58,23.688
Nifty Bank,2009-07-24,12.46,1.86,1.59,23.175600000000003
Nifty Bank,2009-07-27,12.29,1.86,1.59,22.8594
Nifty Bank,2009-07-28,12.14,1.84,1.61,22.337600000000002
Nifty Bank,2009-07-29,11.99,1.82,1.63,21.8218
Nifty Bank,2009-07-30,11.9,1.86,1.59,22.134
Nifty Bank,2009-07-31,12.15,1.9,1.56,23.085
Nifty Bank,2009-08-03,12.32,1.93,1.54,23.7776
Nifty Bank,2009-08-04,12.26,1.92,1.55,23.539199999999997
Nifty Bank,2009-08-05,12.25,1.92,1.55,23.52
Nifty Bank,2009-08-06,12.03,1.88,1.58,22.6164
Nifty Bank,2009-08-07,11.67,1.83,1.62,21.3561
Nifty Bank,2009-08-10,11.53,1.8,1.64,20.753999999999998
Nifty Bank,2009-08-11,11.62,1.82,1.63,21.1484
Nifty Bank,2009-08-12,11.55,1.81,1.64,20.905500000000004
Nifty Bank,2009-08-13,12.03,1.88,1.58,22.6164
Nifty Bank,2009-08-14,11.94,1.87,1.59,22.3278
Nifty Bank,2009-08-17,11.44,1.79,1.66,20.4776
Nifty Bank,2009-08-18,11.6,1.82,1.63,21.112
Nifty Bank,2009-08-19,11.44,1.79,1.66,20.4776
Nifty Bank,2009-08-20,11.69,1.83,1.62,21.3927
Nifty Bank,2009-08-21,11.88,1.86,1.60,22.0968
Nifty Bank,2009-08-24,12.09,1.89,1.57,22.850099999999998
Nifty Bank,2009-08-25,11.95,1.87,1.59,22.3465
Nifty Bank,2009-08-26,11.94,1.87,1.59,22.3278
Nifty Bank,2009-08-27,11.89,1.86,1.59,22.1154
Nifty Bank,2009-08-28,12.05,1.89,1.57,22.7745
Nifty Bank,2009-08-31,11.96,1.87,1.58,22.3652
Nifty Bank,2009-09-01,11.88,1.86,1.60,22.0968
Nifty Bank,2009-09-02,11.82,1.85,1.60,21.867
Nifty Bank,2009-09-03,11.83,1.85,1.60,21.8855
Nifty Bank,2009-09-04,11.98,1.88,1.58,22.5224
Nifty Bank,2009-09-07,12.32,1.93,1.54,23.7776
Nifty Bank,2009-09-08,12.43,1.95,1.53,24.2385
Nifty Bank,2009-09-09,12.52,1.96,1.51,24.539199999999997
Nifty Bank,2009-09-10,12.61,1.97,1.50,24.8417
Nifty Bank,2009-09-11,12.75,1.99,1.49,25.3725
Nifty Bank,2009-09-14,12.86,2.01,1.47,25.848599999999998
Nifty Bank,2009-09-15,13.22,2.07,1.43,27.365399999999998
Nifty Bank,2009-09-16,13.47,2.11,1.41,28.4217
Nifty Bank,2009-09-17,13.58,2.13,1.40,28.9254
Nifty Bank,2009-09-18,13.49,2.11,1.40,28.4639
Nifty Bank,2009-09-22,13.61,2.13,1.39,28.989299999999997
Nifty Bank,2009-09-23,13.56,2.12,1.40,28.747200000000003
Nifty Bank,2009-09-24,13.76,2.15,1.38,29.584
Nifty Bank,2009-09-25,13.62,2.13,1.39,29.010599999999997
Nifty Bank,2009-09-29,13.67,2.14,1.39,29.253800000000002
Nifty Bank,2009-09-30,14.19,2.22,1.34,31.501800000000003
Nifty Bank,2009-10-01,14.27,2.23,1.33,31.8221
Nifty Bank,2009-10-05,13.95,2.18,1.36,30.411
Nifty Bank,2009-10-06,14.28,2.23,1.33,31.844399999999997
Nifty Bank,2009-10-07,14.19,2.22,1.34,31.501800000000003
Nifty Bank,2009-10-08,14.34,2.24,1.32,32.1216
Nifty Bank,2009-10-09,14.12,2.21,1.34,31.205199999999998
Nifty Bank,2009-10-12,14.55,2.28,1.30,33.174
Nifty Bank,2009-10-14,14.73,2.32,1.28,34.1736
Nifty Bank,2009-10-15,14.96,2.36,1.26,35.3056
Nifty Bank,2009-10-16,15.33,2.42,1.23,37.0986
Nifty Bank,2009-10-17,15.31,2.42,1.23,37.0502
Nifty Bank,2009-10-20,15.25,2.41,1.23,36.752500000000005
Nifty Bank,2009-10-21,14.92,2.36,1.26,35.2112
Nifty Bank,2009-10-22,14.63,2.31,1.28,33.795300000000005
Nifty Bank,2009-10-23,14.79,2.33,1.27,34.460699999999996
Nifty Bank,2009-10-26,14.3,2.29,1.29,32.747
Nifty Bank,2009-10-27,13.77,2.21,1.34,30.4317
Nifty Bank,2009-10-28,13.63,2.19,1.36,29.849700000000002
Nifty Bank,2009-10-29,13.33,2.14,1.39,28.526200000000003
Nifty Bank,2009-10-30,13.28,2.14,1.38,28.4192
Nifty Bank,2009-11-03,12.99,2.1,1.41,27.279
Nifty Bank,2009-11-04,13.39,2.16,1.37,28.922400000000003
Nifty Bank,2009-11-05,13.43,2.17,1.37,29.143099999999997
Nifty Bank,2009-11-06,13.64,2.22,1.34,30.280800000000003
Nifty Bank,2009-11-09,14.28,2.32,1.28,33.129599999999996
Nifty Bank,2009-11-10,14.35,2.33,1.27,33.4355
Nifty Bank,2009-11-11,14.61,2.37,1.25,34.6257
Nifty Bank,2009-11-12,14.22,2.31,1.28,32.848200000000006
Nifty Bank,2009-11-13,14.33,2.33,1.27,33.3889
Nifty Bank,2009-11-16,14.5,2.36,1.26,34.22
Nifty Bank,2009-11-17,14.55,2.36,1.25,34.338
Nifty Bank,2009-11-18,14.43,2.35,1.26,33.9105
Nifty Bank,2009-11-19,14.15,2.3,1.29,32.545
Nifty Bank,2009-11-20,14.43,2.34,1.27,33.7662
Nifty Bank,2009-11-23,14.51,2.36,1.26,34.2436
Nifty Bank,2009-11-24,14.47,2.35,1.26,34.0045
Nifty Bank,2009-11-25,14.56,2.37,1.25,34.507200000000005
Nifty Bank,2009-11-26,14.19,2.31,1.29,32.7789
Nifty Bank,2009-11-27,14.0,2.27,1.30,31.78
Nifty Bank,2009-11-30,14.16,2.3,1.29,32.568
Nifty Bank,2009-12-01,14.48,2.35,1.26,34.028000000000006
Nifty Bank,2009-12-02,14.6,2.37,1.25,34.602000000000004
Nifty Bank,2009-12-03,14.62,2.38,1.25,34.79559999999999
Nifty Bank,2009-12-04,14.47,2.35,1.26,34.0045
Nifty Bank,2009-12-07,14.36,2.33,1.27,33.4588
Nifty Bank,2009-12-08,14.54,2.36,1.26,34.3144
Nifty Bank,2009-12-09,14.32,2.33,1.28,33.3656
Nifty Bank,2009-12-10,14.41,2.34,1.27,33.7194
Nifty Bank,2009-12-11,14.24,2.31,1.28,32.894400000000005
Nifty Bank,2009-12-14,14.08,2.29,1.30,32.2432
Nifty Bank,2009-12-15,13.67,2.22,1.34,30.347400000000004
Nifty Bank,2009-12-16,13.57,2.2,1.35,29.854000000000003
Nifty Bank,2009-12-17,13.62,2.21,1.34,30.100199999999997
Nifty Bank,2009-12-18,13.46,2.19,1.36,29.4774
Nifty Bank,2009-12-21,13.48,2.19,1.35,29.5212
Nifty Bank,2009-12-22,13.64,2.22,1.34,30.280800000000003
Nifty Bank,2009-12-23,13.96,2.27,1.31,31.689200000000003
Nifty Bank,2009-12-24,14.04,2.28,1.30,32.011199999999995
Nifty Bank,2009-12-29,14.08,2.29,1.30,32.2432
Nifty Bank,2009-12-30,14.08,2.29,1.30,32.2432
Nifty Bank,2009-12-31,14.14,2.3,1.29,32.522
Nifty Bank,2010-01-04,14.27,2.32,1.28,33.106399999999994
Nifty Bank,2010-01-05,14.52,2.36,1.26,34.267199999999995
Nifty Bank,2010-01-06,14.57,2.37,1.25,34.5309
Nifty Bank,2010-01-07,14.52,2.36,1.26,34.267199999999995
Nifty Bank,2010-01-08,14.48,2.35,1.26,34.028000000000006
Nifty Bank,2010-01-11,14.5,2.36,1.26,34.22
Nifty Bank,2010-01-12,14.2,2.31,1.29,32.802
Nifty Bank,2010-01-13,14.11,2.29,1.29,32.3119
Nifty Bank,2010-01-14,14.08,2.29,1.30,32.2432
Nifty Bank,2010-01-15,14.08,2.29,1.30,32.2432
Nifty Bank,2010-01-18,14.37,2.34,1.27,33.6258
Nifty Bank,2010-01-19,14.44,2.35,1.26,33.934
Nifty Bank,2010-01-20,14.25,2.34,1.27,33.345
Nifty Bank,2010-01-21,13.93,2.29,1.30,31.8997
Nifty Bank,2010-01-22,13.7,2.25,1.32,30.825
Nifty Bank,2010-01-25,13.62,2.23,1.33,30.3726
Nifty Bank,2010-01-27,13.05,2.14,1.39,27.927000000000003
Nifty Bank,2010-01-28,13.19,2.16,1.37,28.4904
Nifty Bank,2010-01-29,13.58,2.22,1.34,30.147600000000004
Nifty Bank,2010-02-01,13.58,2.22,1.34,30.147600000000004
Nifty Bank,2010-02-02,13.3,2.17,1.36,28.861
Nifty Bank,2010-02-03,13.55,2.22,1.34,30.081000000000003
Nifty Bank,2010-02-04,13.3,2.18,1.36,28.994000000000003
Nifty Bank,2010-02-05,12.92,2.11,1.40,27.2612
Nifty Bank,2010-02-06,13.0,2.13,1.40,27.689999999999998
Nifty Bank,2010-02-08,13.1,2.14,1.38,28.034000000000002
Nifty Bank,2010-02-09,13.18,2.16,1.38,28.4688
Nifty Bank,2010-02-10,13.02,2.13,1.39,27.732599999999998
Nifty Bank,2010-02-11,13.17,2.15,1.38,28.3155
Nifty Bank,2010-02-15,13.06,2.14,1.39,27.948400000000003
Nifty Bank,2010-02-16,13.19,2.16,1.37,28.4904
Nifty Bank,2010-02-17,13.43,2.2,1.35,29.546000000000003
Nifty Bank,2010-02-18,13.47,2.2,1.35,29.634000000000004
Nifty Bank,2010-02-19,13.33,2.18,1.36,29.059400000000004
Nifty Bank,2010-02-22,13.34,2.18,1.36,29.081200000000003
Nifty Bank,2010-02-23,13.37,2.19,1.36,29.280299999999997
Nifty Bank,2010-02-24,13.36,2.19,1.36,29.258399999999998
Nifty Bank,2010-02-25,13.41,2.19,1.35,29.3679
Nifty Bank,2010-02-26,16.33,2.34,1.22,38.212199999999996
Nifty Bank,2010-03-02,16.7,2.4,1.19,40.08
Nifty Bank,2010-03-03,16.92,2.43,1.17,41.11560000000001
Nifty Bank,2010-03-04,16.87,2.42,1.18,40.8254
Nifty Bank,2010-03-05,16.92,2.43,1.17,41.11560000000001
Nifty Bank,2010-03-08,17.13,2.46,1.16,42.139799999999994
Nifty Bank,2010-03-09,17.12,2.46,1.16,42.1152
Nifty Bank,2010-03-10,17.08,2.45,1.16,41.846
Nifty Bank,2010-03-11,17.21,2.47,1.15,42.508700000000005
Nifty Bank,2010-03-12,17.18,2.47,1.16,42.4346
Nifty Bank,2010-03-15,17.02,2.44,1.17,41.5288
Nifty Bank,2010-03-16,17.05,2.45,1.17,41.77250000000001
Nifty Bank,2010-03-17,17.21,2.47,1.15,42.508700000000005
Nifty Bank,2010-03-18,17.33,2.49,1.15,43.1517
Nifty Bank,2010-03-19,17.36,2.49,1.14,43.226400000000005
Nifty Bank,2010-03-22,17.21,2.47,1.15,42.508700000000005
Nifty Bank,2010-03-23,17.27,2.48,1.15,42.8296
Nifty Bank,2010-03-25,17.45,2.51,1.14,43.799499999999995
Nifty Bank,2010-03-26,17.71,2.54,1.12,44.9834
Nifty Bank,2010-03-29,17.83,2.56,1.11,45.6448
Nifty Bank,2010-03-30,17.74,2.55,1.12,45.236999999999995
Nifty Bank,2010-03-31,17.72,2.54,1.12,45.0088
Nifty Bank,2010-04-01,17.81,2.56,1.12,45.593599999999995
Nifty Bank,2010-04-05,18.17,2.61,1.09,47.423700000000004
Nifty Bank,2010-04-06,18.22,2.62,1.09,47.736399999999996
Nifty Bank,2010-04-07,18.13,2.6,1.10,47.138
Nifty Bank,2010-04-08,17.84,2.56,1.11,45.6704
Nifty Bank,2010-04-09,18.1,2.6,1.10,47.06
Nifty Bank,2010-04-12,17.94,2.58,1.11,46.2852
Nifty Bank,2010-04-13,17.77,2.55,1.12,45.3135
Nifty Bank,2010-04-15,17.51,2.51,1.13,43.9501
Nifty Bank,2010-04-16,17.53,2.52,1.13,44.1756
Nifty Bank,2010-04-19,17.43,2.5,1.14,43.575
Nifty Bank,2010-04-20,17.7,2.54,1.12,44.958
Nifty Bank,2010-04-21,17.91,2.57,1.11,46.0287
Nifty Bank,2010-04-22,18.03,2.59,1.10,46.6977
Nifty Bank,2010-04-23,18.39,2.64,1.08,48.549600000000005
Nifty Bank,2010-04-26,18.44,2.65,1.08,48.866
Nifty Bank,2010-04-27,17.76,2.62,1.09,46.531200000000005
Nifty Bank,2010-04-28,17.54,2.59,1.10,45.428599999999996
Nifty Bank,2010-04-29,17.84,2.64,1.08,47.0976
Nifty Bank,2010-04-30,17.89,2.66,1.07,47.5874
Nifty Bank,2010-05-03,17.72,2.63,1.08,46.60359999999999
Nifty Bank,2010-05-04,17.45,2.59,1.10,45.195499999999996
Nifty Bank,2010-05-05,17.37,2.58,1.11,44.814600000000006
Nifty Bank,2010-05-06,17.37,2.58,1.11,44.814600000000006
Nifty Bank,2010-05-07,16.82,2.5,1.14,42.05
Nifty Bank,2010-05-10,17.54,2.6,1.09,45.604
Nifty Bank,2010-05-11,17.49,2.6,1.10,45.474
Nifty Bank,2010-05-12,17.66,2.62,1.09,46.269200000000005
Nifty Bank,2010-05-13,17.76,2.64,1.08,46.88640000000001
Nifty Bank,2010-05-14,17.68,2.59,1.10,45.791199999999996
Nifty Bank,2010-05-17,17.56,2.57,1.11,45.1292
Nifty Bank,2010-05-18,17.5,2.56,1.11,44.800000000000004
Nifty Bank,2010-05-19,16.79,2.46,1.16,41.303399999999996
Nifty Bank,2010-05-20,16.92,2.47,1.15,41.79240000000001
Nifty Bank,2010-05-21,16.84,2.46,1.16,41.4264
Nifty Bank,2010-05-24,16.75,2.45,1.16,41.0375
Nifty Bank,2010-05-25,16.32,2.39,1.19,39.0048
Nifty Bank,2010-05-26,16.64,2.43,1.17,40.4352
Nifty Bank,2010-05-27,17.07,2.5,1.14,42.675
Nifty Bank,2010-05-28,17.17,2.51,1.14,43.0967
Nifty Bank,2010-05-31,17.26,2.53,1.13,43.6678
Nifty Bank,2010-06-01,16.81,2.46,1.16,41.352599999999995
Nifty Bank,2010-06-02,16.95,2.48,1.15,42.036
Nifty Bank,2010-06-03,17.31,2.53,1.13,43.79429999999999
Nifty Bank,2010-06-04,17.43,2.55,1.12,44.44649999999999
Nifty Bank,2010-06-07,17.15,2.51,1.14,43.046499999999995
Nifty Bank,2010-06-08,16.95,2.48,1.15,42.036
Nifty Bank,2010-06-09,17.05,2.49,1.14,42.4545
Nifty Bank,2010-06-10,17.25,2.52,1.13,43.47
Nifty Bank,2010-06-11,17.44,2.55,1.12,44.472
Nifty Bank,2010-06-14,17.59,2.57,1.11,45.2063
Nifty Bank,2010-06-15,17.63,2.58,1.11,45.4854
Nifty Bank,2010-06-16,17.69,2.59,1.10,45.8171
Nifty Bank,2010-06-17,17.74,2.59,1.10,45.9466
Nifty Bank,2010-06-18,17.67,2.58,1.10,45.58860000000001
Nifty Bank,2010-06-21,18.01,2.63,1.08,47.3663
Nifty Bank,2010-06-22,17.85,2.61,1.09,46.5885
Nifty Bank,2010-06-23,17.93,2.62,1.09,46.9766
Nifty Bank,2010-06-24,17.85,2.61,1.09,46.5885
Nifty Bank,2010-06-25,17.44,2.55,1.12,44.472
Nifty Bank,2010-06-28,17.61,2.58,1.11,45.4338
Nifty Bank,2010-06-29,17.31,2.53,1.13,43.79429999999999
Nifty Bank,2010-06-30,17.46,2.55,1.12,44.522999999999996
Nifty Bank,2010-07-01,17.25,2.52,1.13,43.47
Nifty Bank,2010-07-02,17.27,2.53,1.13,43.693099999999994
Nifty Bank,2010-07-05,17.32,2.53,1.13,43.819599999999994
Nifty Bank,2010-07-06,17.62,2.58,1.11,45.4596
Nifty Bank,2010-07-07,17.44,2.55,1.12,44.472
Nifty Bank,2010-07-08,17.65,2.58,1.10,45.537
Nifty Bank,2010-07-09,17.92,2.62,1.09,46.95040000000001
Nifty Bank,2010-07-12,18.19,2.66,1.07,48.385400000000004
Nifty Bank,2010-07-13,18.34,2.68,1.06,49.1512
Nifty Bank,2010-07-14,18.39,2.69,1.06,49.4691
Nifty Bank,2010-07-15,18.34,2.68,1.06,49.1512
Nifty Bank,2010-07-16,18.49,2.7,1.05,49.923
Nifty Bank,2010-07-19,18.53,2.71,1.05,50.216300000000004
Nifty Bank,2010-07-20,18.42,2.69,1.06,49.549800000000005
Nifty Bank,2010-07-21,18.45,2.7,1.06,49.815000000000005
Nifty Bank,2010-07-22,18.46,2.72,1.05,50.211200000000005
Nifty Bank,2010-07-23,18.53,2.73,1.05,50.5869
Nifty Bank,2010-07-26,17.94,2.71,1.05,48.6174
Nifty Bank,2010-07-27,18.06,2.73,1.05,49.303799999999995
Nifty Bank,2010-07-28,18.02,2.72,1.05,49.0144
Nifty Bank,2010-07-29,18.22,2.63,1.10,47.9186
Nifty Bank,2010-07-30,18.19,2.63,1.10,47.8397
Nifty Bank,2010-08-02,18.44,2.69,1.07,49.6036
Nifty Bank,2010-08-03,18.6,2.6,1.08,48.36000000000001
Nifty Bank,2010-08-04,18.58,2.6,1.08,48.308
Nifty Bank,2010-08-05,18.52,2.59,1.09,47.9668
Nifty Bank,2010-08-06,18.39,2.44,1.15,44.8716
Nifty Bank,2010-08-09,18.46,2.48,1.14,45.7808
Nifty Bank,2010-08-10,18.45,2.48,1.14,45.756
Nifty Bank,2010-08-11,18.29,2.46,1.15,44.993399999999994
Nifty Bank,2010-08-12,18.57,2.49,1.13,46.23930000000001
Nifty Bank,2010-08-13,18.84,2.53,1.12,47.6652
Nifty Bank,2010-08-16,18.51,2.51,1.13,46.4601
Nifty Bank,2010-08-17,18.66,2.53,1.12,47.209799999999994
Nifty Bank,2010-08-18,18.88,2.56,1.10,48.3328
Nifty Bank,2010-08-19,19.25,2.61,1.08,50.2425
Nifty Bank,2010-08-20,19.12,2.59,1.09,49.5208
Nifty Bank,2010-08-23,19.23,2.61,1.08,50.1903
Nifty Bank,2010-08-24,19.14,2.59,1.09,49.5726
Nifty Bank,2010-08-25,18.95,2.57,1.10,48.701499999999996
Nifty Bank,2010-08-26,19.03,2.58,1.10,49.09740000000001
Nifty Bank,2010-08-27,18.59,2.52,1.12,46.8468
Nifty Bank,2010-08-30,18.62,2.52,1.12,46.9224
Nifty Bank,2010-08-31,18.62,2.52,1.12,46.9224
Nifty Bank,2010-09-01,18.85,2.55,1.11,48.0675
Nifty Bank,2010-09-02,19.03,2.57,1.10,48.9071
Nifty Bank,2010-09-03,19.05,2.57,1.10,48.9585
Nifty Bank,2010-09-06,19.44,2.63,1.08,51.1272
Nifty Bank,2010-09-07,19.4,2.62,1.08,50.827999999999996
Nifty Bank,2010-09-08,19.39,2.62,1.08,50.8018
Nifty Bank,2010-09-09,19.84,2.68,1.06,53.171200000000006
Nifty Bank,2010-09-13,20.89,2.82,1.00,58.9098
Nifty Bank,2010-09-14,20.99,2.84,1.00,59.611599999999996
Nifty Bank,2010-09-15,21.1,2.85,0.99,60.135000000000005
Nifty Bank,2010-09-16,21.17,2.86,0.99,60.5462
Nifty Bank,2010-09-17,21.3,2.88,0.98,61.344
Nifty Bank,2010-09-20,21.56,2.91,0.97,62.739599999999996
Nifty Bank,2010-09-21,21.55,2.91,0.97,62.7105
Nifty Bank,2010-09-22,21.66,2.93,0.97,63.463800000000006
Nifty Bank,2010-09-23,21.38,2.89,0.98,61.788199999999996
Nifty Bank,2010-09-24,21.58,2.92,0.97,63.0136
Nifty Bank,2010-09-27,21.56,2.92,0.97,62.9552
Nifty Bank,2010-09-28,21.6,2.92,0.97,63.072
Nifty Bank,2010-09-29,21.54,2.91,0.97,62.681400000000004
Nifty Bank,2010-09-30,21.76,2.94,0.96,63.9744
Nifty Bank,2010-10-01,22.1,2.99,0.95,66.07900000000001
Nifty Bank,2010-10-04,22.27,3.01,0.94,67.03269999999999
Nifty Bank,2010-10-05,22.17,3.0,0.94,66.51
Nifty Bank,2010-10-06,22.23,3.01,0.94,66.9123
Nifty Bank,2010-10-07,22.07,2.98,0.95,65.7686
Nifty Bank,2010-10-08,21.96,2.97,0.95,65.22120000000001
Nifty Bank,2010-10-11,22.03,2.98,0.95,65.6494
Nifty Bank,2010-10-12,21.94,2.97,0.95,65.16180000000001
Nifty Bank,2010-10-13,22.43,3.03,0.93,67.96289999999999
Nifty Bank,2010-10-14,22.18,3.0,0.94,66.53999999999999
Nifty Bank,2010-10-15,21.73,2.94,0.96,63.8862
Nifty Bank,2010-10-18,21.57,2.93,0.97,63.200100000000006
Nifty Bank,2010-10-19,21.42,2.91,0.97,62.33220000000001
Nifty Bank,2010-10-20,21.3,2.9,0.98,61.77
Nifty Bank,2010-10-21,21.75,2.96,0.96,64.38
Nifty Bank,2010-10-22,21.66,2.95,0.96,63.897000000000006
Nifty Bank,2010-10-25,21.73,2.96,0.96,64.3208
Nifty Bank,2010-10-26,21.21,2.93,0.96,62.145300000000006
Nifty Bank,2010-10-27,20.95,2.9,0.98,60.754999999999995
Nifty Bank,2010-10-28,20.81,2.88,0.98,59.93279999999999
Nifty Bank,2010-10-29,21.2,2.93,0.97,62.116
Nifty Bank,2010-11-01,21.9,3.03,0.93,66.35699999999999
Nifty Bank,2010-11-02,21.96,3.04,0.93,66.75840000000001
Nifty Bank,2010-11-03,22.17,3.07,0.92,68.06190000000001
Nifty Bank,2010-11-04,22.12,3.14,0.90,69.4568
Nifty Bank,2010-11-05,22.27,3.16,0.90,70.3732
Nifty Bank,2010-11-08,21.99,3.12,0.91,68.6088
Nifty Bank,2010-11-09,22.02,3.12,0.91,68.7024
Nifty Bank,2010-11-10,21.83,3.1,0.91,67.673
Nifty Bank,2010-11-11,21.52,3.05,0.93,65.636
Nifty Bank,2010-11-12,20.91,2.96,0.96,61.8936
Nifty Bank,2010-11-15,21.47,3.05,0.93,65.48349999999999
Nifty Bank,2010-11-16,21.07,2.99,0.95,62.999300000000005
Nifty Bank,2010-11-18,20.72,2.94,0.97,60.916799999999995
Nifty Bank,2010-11-19,20.3,2.88,0.99,58.464
Nifty Bank,2010-11-22,20.85,2.96,0.96,61.716
Nifty Bank,2010-11-23,20.54,2.92,0.97,59.9768
Nifty Bank,2010-11-24,19.93,2.83,1.00,56.4019
Nifty Bank,2010-11-25,19.61,2.78,1.02,54.51579999999999
Nifty Bank,2010-11-26,19.64,2.79,1.02,54.7956
Nifty Bank,2010-11-29,19.9,2.83,1.00,56.317
Nifty Bank,2010-11-30,20.11,2.86,0.99,57.514599999999994
Nifty Bank,2010-12-01,20.72,2.94,0.97,60.916799999999995
Nifty Bank,2010-12-02,20.99,2.98,0.95,62.5502
Nifty Bank,2010-12-03,20.78,2.95,0.96,61.30100000000001
Nifty Bank,2010-12-06,20.28,2.88,0.99,58.4064
Nifty Bank,2010-12-07,19.68,2.79,1.02,54.9072
Nifty Bank,2010-12-08,19.28,2.74,1.04,52.827200000000005
Nifty Bank,2010-12-09,18.7,2.66,1.07,49.742
Nifty Bank,2010-12-10,19.26,2.73,1.04,52.579800000000006
Nifty Bank,2010-12-13,19.39,2.75,1.03,53.322500000000005
Nifty Bank,2010-12-14,19.46,2.76,1.03,53.709599999999995
Nifty Bank,2010-12-15,18.85,2.68,1.06,50.51800000000001
Nifty Bank,2010-12-16,19.23,2.73,1.04,52.4979
Nifty Bank,2010-12-20,18.97,2.69,1.05,51.0293
Nifty Bank,2010-12-21,19.42,2.76,1.03,53.5992
Nifty Bank,2010-12-22,19.3,2.74,1.04,52.882000000000005
Nifty Bank,2010-12-23,19.31,2.74,1.04,52.9094
Nifty Bank,2010-12-24,19.32,2.74,1.04,52.936800000000005
Nifty Bank,2010-12-27,19.31,2.74,1.04,52.9094
Nifty Bank,2010-12-28,19.24,2.73,1.04,52.5252
Nifty Bank,2010-12-29,19.55,2.78,1.02,54.349
Nifty Bank,2010-12-30,19.58,2.78,1.02,54.432399999999994
Nifty Bank,2010-12-31,19.85,2.82,1.01,55.977000000000004
Nifty Bank,2011-01-03,19.96,2.83,1.00,56.4868
Nifty Bank,2011-01-04,19.47,2.76,1.03,53.737199999999994
Nifty Bank,2011-01-05,19.03,2.7,1.05,51.38100000000001
Nifty Bank,2011-01-06,18.83,2.67,1.06,50.27609999999999
Nifty Bank,2011-01-07,18.61,2.64,1.07,49.1304
Nifty Bank,2011-01-10,18.03,2.56,1.11,46.156800000000004
Nifty Bank,2011-01-11,18.25,2.59,1.10,47.2675
Nifty Bank,2011-01-12,18.75,2.66,1.07,49.875
Nifty Bank,2011-01-13,18.06,2.56,1.11,46.233599999999996
Nifty Bank,2011-01-14,17.58,2.5,1.14,43.949999999999996
Nifty Bank,2011-01-17,17.64,2.5,1.13,44.1
Nifty Bank,2011-01-18,17.76,2.54,1.12,45.110400000000006
Nifty Bank,2011-01-19,17.76,2.54,1.12,45.110400000000006
Nifty Bank,2011-01-20,18.06,2.58,1.10,46.5948
Nifty Bank,2011-01-21,18.09,2.6,1.09,47.034
Nifty Bank,2011-01-24,18.09,2.67,1.06,48.3003
Nifty Bank,2011-01-25,17.64,2.6,1.09,45.864000000000004
Nifty Bank,2011-01-27,17.27,2.55,1.11,44.0385
Nifty Bank,2011-01-28,16.95,2.53,1.12,42.8835
Nifty Bank,2011-01-31,16.9,2.55,1.12,43.09499999999999
Nifty Bank,2011-02-01,16.65,2.51,1.13,41.79149999999999
Nifty Bank,2011-02-02,16.63,2.5,1.13,41.574999999999996
Nifty Bank,2011-02-03,16.95,2.55,1.11,43.2225
Nifty Bank,2011-02-04,16.57,2.5,1.14,41.425
Nifty Bank,2011-02-07,16.49,2.48,1.14,40.895199999999996
Nifty Bank,2011-02-08,16.12,2.43,1.17,39.171600000000005
Nifty Bank,2011-02-09,16.07,2.42,1.17,38.8894
Nifty Bank,2011-02-10,16.0,2.41,1.18,38.56
Nifty Bank,2011-02-11,16.6,2.5,1.14,41.5
Nifty Bank,2011-02-14,17.17,2.59,1.10,44.4703
Nifty Bank,2011-02-15,17.42,2.62,1.08,45.64040000000001
Nifty Bank,2011-02-16,17.42,2.62,1.08,45.64040000000001
Nifty Bank,2011-02-17,17.7,2.67,1.07,47.259
Nifty Bank,2011-02-18,17.4,2.62,1.08,45.588
Nifty Bank,2011-02-21,17.56,2.64,1.07,46.358399999999996
Nifty Bank,2011-02-22,17.22,2.59,1.09,44.599799999999995
Nifty Bank,2011-02-23,16.92,2.55,1.11,43.146
Nifty Bank,2011-02-24,16.23,2.44,1.16,39.6012
Nifty Bank,2011-02-25,16.59,2.5,1.14,41.475
Nifty Bank,2011-02-28,16.59,2.5,1.14,41.475
Nifty Bank,2011-03-01,17.3,2.61,1.09,45.153
Nifty Bank,2011-03-03,17.35,2.61,1.09,45.283500000000004
Nifty Bank,2011-03-04,17.42,2.62,1.08,45.64040000000001
Nifty Bank,2011-03-07,17.14,2.58,1.10,44.2212
Nifty Bank,2011-03-08,17.37,2.62,1.09,45.50940000000001
Nifty Bank,2011-03-09,17.44,2.63,1.08,45.867200000000004
Nifty Bank,2011-03-10,17.24,2.6,1.09,44.824
Nifty Bank,2011-03-11,17.07,2.57,1.10,43.8699
Nifty Bank,2011-03-14,17.32,2.61,1.09,45.2052
Nifty Bank,2011-03-15,17.05,2.57,1.11,43.8185
Nifty Bank,2011-03-16,17.42,2.62,1.08,45.64040000000001
Nifty Bank,2011-03-17,17.25,2.6,1.09,44.85
Nifty Bank,2011-03-18,17.04,2.57,1.11,43.79279999999999
Nifty Bank,2011-03-21,17.05,2.57,1.11,43.8185
Nifty Bank,2011-03-22,17.12,2.58,1.10,44.1696
Nifty Bank,2011-03-23,17.42,2.62,1.08,45.64040000000001
Nifty Bank,2011-03-24,17.6,2.65,1.07,46.64
Nifty Bank,2011-03-25,18.03,2.73,1.04,49.221900000000005
Nifty Bank,2011-03-28,18.25,2.76,1.03,50.37
Nifty Bank,2011-03-29,18.34,2.77,1.02,50.8018
Nifty Bank,2011-03-30,18.63,2.82,1.01,52.53659999999999
Nifty Bank,2011-03-31,18.54,2.8,1.01,51.91199999999999
Nifty Bank,2011-04-01,18.36,2.77,1.02,50.8572
Nifty Bank,2011-04-04,18.69,2.83,1.00,52.892700000000005
Nifty Bank,2011-04-05,18.69,2.82,1.01,52.7058
Nifty Bank,2011-04-06,18.58,2.81,1.01,52.209799999999994
Nifty Bank,2011-04-07,18.61,2.81,1.01,52.2941
Nifty Bank,2011-04-08,18.49,2.79,1.02,51.5871
Nifty Bank,2011-04-11,18.39,2.78,1.02,51.124199999999995
Nifty Bank,2011-04-13,18.77,2.84,1.00,53.306799999999996
Nifty Bank,2011-04-15,18.61,2.81,1.01,52.2941
Nifty Bank,2011-04-18,18.4,2.77,1.02,50.967999999999996
Nifty Bank,2011-04-19,18.3,2.79,1.02,51.057
Nifty Bank,2011-04-20,18.57,2.84,1.00,52.7388
Nifty Bank,2011-04-21,18.81,2.87,0.99,53.9847
Nifty Bank,2011-04-25,18.65,2.87,0.99,53.5255
Nifty Bank,2011-04-26,18.63,2.87,0.99,53.4681
Nifty Bank,2011-04-27,18.5,2.84,1.00,52.54
Nifty Bank,2011-04-28,18.35,2.82,1.00,51.747
Nifty Bank,2011-04-29,17.54,2.77,1.02,48.5858
Nifty Bank,2011-05-02,17.17,2.71,1.04,46.5307
Nifty Bank,2011-05-03,16.62,2.63,1.08,43.7106
Nifty Bank,2011-05-04,16.65,2.63,1.08,43.7895
Nifty Bank,2011-05-05,16.35,2.59,1.09,42.3465
Nifty Bank,2011-05-06,16.87,2.69,1.05,45.3803
Nifty Bank,2011-05-09,16.76,2.67,1.06,44.7492
Nifty Bank,2011-05-10,16.66,2.66,1.07,44.3156
Nifty Bank,2011-05-11,16.74,2.67,1.06,44.69579999999999
Nifty Bank,2011-05-12,16.48,2.63,1.08,43.3424
Nifty Bank,2011-05-13,16.68,2.66,1.07,44.3688
Nifty Bank,2011-05-16,16.56,2.64,1.07,43.718399999999995
Nifty Bank,2011-05-17,16.19,2.58,1.10,41.7702
Nifty Bank,2011-05-18,16.63,2.56,1.11,42.5728
Nifty Bank,2011-05-19,16.57,2.55,1.11,42.253499999999995
Nifty Bank,2011-05-20,16.74,2.58,1.10,43.1892
Nifty Bank,2011-05-23,16.27,2.51,1.13,40.8377
Nifty Bank,2011-05-24,16.36,2.52,1.12,41.227199999999996
Nifty Bank,2011-05-25,16.25,2.51,1.13,40.787499999999994
Nifty Bank,2011-05-26,16.43,2.53,1.12,41.567899999999995
Nifty Bank,2011-05-27,16.83,2.59,1.09,43.58969999999999
Nifty Bank,2011-05-30,16.92,2.61,1.09,44.1612
Nifty Bank,2011-05-31,17.3,2.67,1.06,46.191
Nifty Bank,2011-06-01,17.32,2.67,1.06,46.2444
Nifty Bank,2011-06-02,17.01,2.62,1.08,44.56620000000001
Nifty Bank,2011-06-03,16.92,2.61,1.09,44.1612
Nifty Bank,2011-06-06,17.04,2.63,1.08,44.8152
Nifty Bank,2011-06-07,17.06,2.63,1.08,44.867799999999995
Nifty Bank,2011-06-08,16.94,2.61,1.09,44.2134
Nifty Bank,2011-06-09,16.93,2.61,1.09,44.1873
Nifty Bank,2011-06-10,16.81,2.59,1.09,43.53789999999999
Nifty Bank,2011-06-13,16.83,2.59,1.09,43.58969999999999
Nifty Bank,2011-06-14,16.96,2.62,1.08,44.4352
Nifty Bank,2011-06-15,16.68,2.57,1.10,42.867599999999996
Nifty Bank,2011-06-16,16.6,2.56,1.11,42.496
Nifty Bank,2011-06-17,16.64,2.57,1.10,42.7648
Nifty Bank,2011-06-20,16.46,2.54,1.12,41.808400000000006
Nifty Bank,2011-06-21,16.42,2.53,1.12,41.5426
Nifty Bank,2011-06-22,16.45,2.54,1.12,41.783
Nifty Bank,2011-06-23,16.53,2.55,1.11,42.1515
Nifty Bank,2011-06-24,17.04,2.63,1.08,44.8152
Nifty Bank,2011-06-27,17.32,2.67,1.06,46.2444
Nifty Bank,2011-06-28,17.36,2.68,1.06,46.5248
Nifty Bank,2011-06-29,17.51,2.7,1.05,47.27700000000001
Nifty Bank,2011-06-30,17.65,2.72,1.04,48.008
Nifty Bank,2011-07-01,17.67,2.72,1.04,48.06240000000001
Nifty Bank,2011-07-04,17.87,2.75,1.03,49.142500000000005
Nifty Bank,2011-07-05,17.91,2.76,1.03,49.431599999999996
Nifty Bank,2011-07-06,17.72,2.73,1.04,48.3756
Nifty Bank,2011-07-07,17.94,2.77,1.02,49.6938
Nifty Bank,2011-07-08,17.72,2.73,1.04,48.3756
Nifty Bank,2011-07-11,17.48,2.7,1.05,47.196000000000005
Nifty Bank,2011-07-12,17.31,2.67,1.06,46.217699999999994
Nifty Bank,2011-07-13,17.49,2.7,1.05,47.223
Nifty Bank,2011-07-14,17.68,2.73,1.04,48.2664
Nifty Bank,2011-07-15,17.64,2.72,1.04,47.9808
Nifty Bank,2011-07-18,17.64,2.72,1.04,47.9808
Nifty Bank,2011-07-19,17.77,2.74,1.03,48.689800000000005
Nifty Bank,2011-07-20,17.37,2.7,1.05,46.89900000000001
Nifty Bank,2011-07-21,17.2,2.68,1.06,46.096000000000004
Nifty Bank,2011-07-22,17.55,2.74,1.04,48.087
Nifty Bank,2011-07-25,17.65,2.76,1.03,48.71399999999999
Nifty Bank,2011-07-26,17.28,2.69,1.05,46.483200000000004
Nifty Bank,2011-07-27,17.1,2.66,1.06,45.486000000000004
Nifty Bank,2011-07-28,16.85,2.62,1.08,44.147000000000006
Nifty Bank,2011-07-29,16.94,2.64,1.07,44.7216
Nifty Bank,2011-08-01,16.75,2.65,1.07,44.387499999999996
Nifty Bank,2011-08-02,16.45,2.6,1.09,42.77
Nifty Bank,2011-08-03,16.29,2.46,0.87,40.0734
Nifty Bank,2011-08-04,16.14,2.44,0.88,39.3816
Nifty Bank,2011-08-05,15.86,2.4,0.89,38.064
Nifty Bank,2011-08-08,15.69,2.37,0.90,37.1853
Nifty Bank,2011-08-09,15.64,2.36,0.90,36.9104
Nifty Bank,2011-08-10,16.04,2.43,0.88,38.9772
Nifty Bank,2011-08-11,15.85,2.4,0.89,38.04
Nifty Bank,2011-08-12,15.61,2.36,0.91,36.8396
Nifty Bank,2011-08-16,15.42,2.33,0.92,35.9286
Nifty Bank,2011-08-17,15.64,2.31,0.93,36.1284
Nifty Bank,2011-08-18,15.08,2.1,1.34,31.668000000000003
Nifty Bank,2011-08-19,14.78,2.06,1.36,30.4468
Nifty Bank,2011-08-22,14.78,2.06,1.36,30.4468
Nifty Bank,2011-08-23,14.91,2.08,1.35,31.012800000000002
Nifty Bank,2011-08-24,14.66,2.05,1.37,30.052999999999997
Nifty Bank,2011-08-25,14.42,2.01,1.40,28.984199999999998
Nifty Bank,2011-08-26,14.1,1.97,1.43,27.776999999999997
Nifty Bank,2011-08-29,14.68,2.05,1.37,30.093999999999998
Nifty Bank,2011-08-30,14.98,2.09,1.34,31.3082
Nifty Bank,2011-09-02,15.05,2.1,1.34,31.605000000000004
Nifty Bank,2011-09-05,15.1,2.11,1.33,31.860999999999997
Nifty Bank,2011-09-06,15.17,2.12,1.33,32.1604
Nifty Bank,2011-09-07,15.49,2.16,1.30,33.458400000000005
Nifty Bank,2011-09-08,15.58,2.17,1.29,33.8086
Nifty Bank,2011-09-09,15.21,2.12,1.32,32.245200000000004
Nifty Bank,2011-09-12,14.76,2.06,1.36,30.4056
Nifty Bank,2011-09-13,14.68,2.05,1.37,30.093999999999998
Nifty Bank,2011-09-14,14.89,2.08,1.35,30.971200000000003
Nifty Bank,2011-09-15,15.18,2.12,1.33,32.1816
Nifty Bank,2011-09-16,15.28,2.13,1.32,32.5464
Nifty Bank,2011-09-19,15.06,2.1,1.34,31.626
Nifty Bank,2011-09-20,15.42,2.15,1.31,33.153
Nifty Bank,2011-09-21,15.6,2.18,1.29,34.008
Nifty Bank,2011-09-22,14.96,2.09,1.35,31.2664
Nifty Bank,2011-09-23,14.73,2.06,1.37,30.3438
Nifty Bank,2011-09-26,14.75,2.06,1.37,30.385
Nifty Bank,2011-09-27,15.12,2.11,1.33,31.9032
Nifty Bank,2011-09-28,14.95,2.09,1.35,31.245499999999996
Nifty Bank,2011-09-29,15.17,2.12,1.33,32.1604
Nifty Bank,2011-09-30,14.88,2.08,1.35,30.950400000000002
Nifty Bank,2011-10-03,14.44,2.01,1.39,29.024399999999996
Nifty Bank,2011-10-04,14.01,1.95,1.44,27.319499999999998
Nifty Bank,2011-10-05,13.67,1.91,1.47,26.1097
Nifty Bank,2011-10-07,14.2,1.98,1.42,28.116
Nifty Bank,2011-10-10,14.74,2.06,1.36,30.3644
Nifty Bank,2011-10-11,14.76,2.07,1.36,30.553199999999997
Nifty Bank,2011-10-12,15.25,2.13,1.31,32.4825
Nifty Bank,2011-10-13,15.42,2.16,1.30,33.3072
Nifty Bank,2011-10-14,15.53,2.17,1.29,33.7001
Nifty Bank,2011-10-17,15.63,2.19,1.28,34.2297
Nifty Bank,2011-10-18,15.41,2.16,1.30,33.2856
Nifty Bank,2011-10-19,15.79,2.22,1.26,35.0538
Nifty Bank,2011-10-20,15.48,2.19,1.28,33.9012
Nifty Bank,2011-10-21,15.4,2.18,1.28,33.572
Nifty Bank,2011-10-24,15.22,2.17,1.29,33.0274
Nifty Bank,2011-10-25,15.0,2.14,1.31,32.1
Nifty Bank,2011-10-26,15.05,2.15,1.30,32.3575
Nifty Bank,2011-10-28,15.61,2.23,1.25,34.8103
Nifty Bank,2011-10-31,15.73,2.25,1.25,35.3925
Nifty Bank,2011-11-01,15.23,2.21,1.27,33.6583
Nifty Bank,2011-11-02,15.17,2.2,1.27,33.374
Nifty Bank,2011-11-03,15.17,2.2,1.27,33.374
Nifty Bank,2011-11-04,15.26,2.21,1.27,33.7246
Nifty Bank,2011-11-08,15.28,2.22,1.26,33.921600000000005
Nifty Bank,2011-11-09,14.91,2.16,1.30,32.205600000000004
Nifty Bank,2011-11-11,14.36,2.09,1.34,30.012399999999996
Nifty Bank,2011-11-14,14.33,2.09,1.34,29.949699999999996
Nifty Bank,2011-11-15,14.04,2.05,1.37,28.781999999999996
Nifty Bank,2011-11-16,14.0,2.04,1.37,28.560000000000002
Nifty Bank,2011-11-17,13.8,2.01,1.39,27.738
Nifty Bank,2011-11-18,13.68,1.99,1.41,27.2232
Nifty Bank,2011-11-21,13.22,1.93,1.45,25.5146
Nifty Bank,2011-11-22,13.31,1.94,1.45,25.8214
Nifty Bank,2011-11-23,12.98,1.89,1.48,24.5322
Nifty Bank,2011-11-24,13.1,1.91,1.47,25.020999999999997
Nifty Bank,2011-11-25,13.12,1.91,1.47,25.059199999999997
Nifty Bank,2011-11-28,13.59,1.98,1.42,26.9082
Nifty Bank,2011-11-29,13.33,1.94,1.44,25.8602
Nifty Bank,2011-11-30,13.24,1.93,1.45,25.5532
Nifty Bank,2011-12-01,13.75,2.0,1.40,27.5
Nifty Bank,2011-12-02,14.18,2.07,1.36,29.3526
Nifty Bank,2011-12-05,14.18,2.07,1.36,29.3526
Nifty Bank,2011-12-07,14.18,2.07,1.36,29.3526
Nifty Bank,2011-12-08,13.78,2.01,1.40,27.697799999999997
Nifty Bank,2011-12-09,13.62,1.98,1.41,26.967599999999997
Nifty Bank,2011-12-12,13.21,1.92,1.46,25.3632
Nifty Bank,2011-12-13,13.25,1.93,1.45,25.572499999999998
Nifty Bank,2011-12-14,13.19,1.92,1.46,25.3248
Nifty Bank,2011-12-15,13.05,1.9,1.47,24.795
Nifty Bank,2011-12-16,12.63,1.84,1.52,23.239200000000004
Nifty Bank,2011-12-19,12.24,1.78,1.57,21.787200000000002
Nifty Bank,2011-12-20,12.06,1.76,1.60,21.2256
Nifty Bank,2011-12-21,12.66,1.84,1.52,23.2944
Nifty Bank,2011-12-22,12.96,1.89,1.48,24.4944
Nifty Bank,2011-12-23,12.82,1.87,1.50,23.9734
Nifty Bank,2011-12-26,12.95,1.89,1.49,24.475499999999997
Nifty Bank,2011-12-27,12.79,1.86,1.50,23.7894
Nifty Bank,2011-12-28,12.54,1.83,1.53,22.9482
Nifty Bank,2011-12-29,12.41,1.81,1.55,22.4621
Nifty Bank,2011-12-30,12.32,1.79,1.56,22.0528
Nifty Bank,2012-01-02,12.36,1.8,1.56,22.248
Nifty Bank,2012-01-03,12.89,1.88,1.49,24.2332
Nifty Bank,2012-01-04,13.0,1.89,1.48,24.57
Nifty Bank,2012-01-05,13.07,1.9,1.49,24.833
Nifty Bank,2012-01-06,13.12,1.91,1.49,25.059199999999997
Nifty Bank,2012-01-07,13.07,1.9,1.49,24.833
Nifty Bank,2012-01-09,13.11,1.91,1.49,25.0401
Nifty Bank,2012-01-10,13.51,1.96,1.44,26.479599999999998
Nifty Bank,2012-01-11,13.67,1.99,1.43,27.2033
Nifty Bank,2012-01-12,13.81,2.01,1.41,27.7581
Nifty Bank,2012-01-13,13.85,2.02,1.41,27.977
Nifty Bank,2012-01-16,13.8,2.01,1.41,27.738
Nifty Bank,2012-01-17,13.98,2.04,1.39,28.5192
Nifty Bank,2012-01-18,13.93,2.03,1.40,28.277899999999995
Nifty Bank,2012-01-19,14.2,2.07,1.37,29.393999999999995
Nifty Bank,2012-01-20,14.69,2.14,1.33,31.436600000000002
Nifty Bank,2012-01-23,14.69,2.14,1.33,31.436600000000002
Nifty Bank,2012-01-24,14.89,2.21,1.28,32.9069
Nifty Bank,2012-01-25,14.93,2.22,1.28,33.144600000000004
Nifty Bank,2012-01-27,14.86,2.21,1.29,32.840599999999995
Nifty Bank,2012-01-30,14.44,2.14,1.32,30.901600000000002
Nifty Bank,2012-01-31,15.02,2.23,1.27,33.4946
Nifty Bank,2012-02-01,15.07,2.24,1.27,33.756800000000005
Nifty Bank,2012-02-02,15.02,2.25,1.26,33.795
Nifty Bank,2012-02-03,15.23,2.28,1.24,34.724399999999996
Nifty Bank,2012-02-06,15.43,2.31,1.23,35.6433
Nifty Bank,2012-02-07,15.52,2.32,1.22,36.0064
Nifty Bank,2012-02-08,15.51,2.27,1.30,35.2077
Nifty Bank,2012-02-09,15.79,2.32,1.28,36.632799999999996
Nifty Bank,2012-02-10,15.69,2.3,1.28,36.086999999999996
Nifty Bank,2012-02-13,15.75,2.31,1.28,36.3825
Nifty Bank,2012-02-14,15.75,2.33,1.27,36.6975
Nifty Bank,2012-02-15,16.31,2.41,1.23,39.3071
Nifty Bank,2012-02-16,16.3,2.41,1.23,39.283
Nifty Bank,2012-02-17,16.53,2.44,1.21,40.333200000000005
Nifty Bank,2012-02-21,16.67,2.49,1.20,41.508300000000006
Nifty Bank,2012-02-22,16.04,2.4,1.25,38.495999999999995
Nifty Bank,2012-02-23,15.99,2.39,1.25,38.216100000000004
Nifty Bank,2012-02-24,15.68,2.34,1.27,36.691199999999995
Nifty Bank,2012-02-27,15.08,2.28,1.33,34.3824
Nifty Bank,2012-02-28,15.64,2.37,1.28,37.0668
Nifty Bank,2012-02-29,15.54,2.36,1.29,36.6744
Nifty Bank,2012-03-01,15.35,2.33,1.30,35.7655
Nifty Bank,2012-03-02,15.57,2.37,1.28,36.9009
Nifty Bank,2012-03-03,15.59,2.37,1.28,36.9483
Nifty Bank,2012-03-05,15.19,2.31,1.32,35.0889
Nifty Bank,2012-03-06,15.01,2.28,1.33,34.2228
Nifty Bank,2012-03-07,15.12,2.3,1.32,34.775999999999996
Nifty Bank,2012-03-09,15.68,2.38,1.28,37.3184
Nifty Bank,2012-03-12,15.86,2.41,1.26,38.2226
Nifty Bank,2012-03-13,15.95,2.43,1.25,38.7585
Nifty Bank,2012-03-14,16.26,2.47,1.23,40.162200000000006
Nifty Bank,2012-03-15,15.82,2.4,1.26,37.967999999999996
Nifty Bank,2012-03-16,15.51,2.36,1.29,36.6036
Nifty Bank,2012-03-19,15.21,2.31,1.31,35.1351
Nifty Bank,2012-03-20,15.35,2.33,1.30,35.7655
Nifty Bank,2012-03-21,15.71,2.39,1.27,37.5469
Nifty Bank,2012-03-22,15.19,2.31,1.32,35.0889
Nifty Bank,2012-03-23,15.37,2.34,1.30,35.965799999999994
Nifty Bank,2012-03-26,14.99,2.28,1.33,34.1772
Nifty Bank,2012-03-27,15.15,2.3,1.32,34.845
Nifty Bank,2012-03-28,14.87,2.26,1.34,33.606199999999994
Nifty Bank,2012-03-29,14.82,2.25,1.35,33.345
Nifty Bank,2012-03-30,15.25,2.32,1.31,35.379999999999995
Nifty Bank,2012-04-02,15.38,2.34,1.30,35.9892
Nifty Bank,2012-04-03,15.57,2.37,1.28,36.9009
Nifty Bank,2012-04-04,15.44,2.35,1.29,36.284
Nifty Bank,2012-04-09,15.13,2.3,1.32,34.799
Nifty Bank,2012-04-10,15.22,2.31,1.31,35.1582
Nifty Bank,2012-04-11,15.25,2.32,1.31,35.379999999999995
Nifty Bank,2012-04-12,15.53,2.36,1.29,36.6508
Nifty Bank,2012-04-13,15.39,2.34,1.30,36.0126
Nifty Bank,2012-04-16,15.69,2.39,1.27,37.4991
Nifty Bank,2012-04-17,15.82,2.41,1.26,38.126200000000004
Nifty Bank,2012-04-18,15.81,2.41,1.26,38.1021
Nifty Bank,2012-04-19,15.72,2.42,1.26,38.0424
Nifty Bank,2012-04-20,15.53,2.4,1.27,37.272
Nifty Bank,2012-04-23,15.21,2.35,1.30,35.743500000000004
Nifty Bank,2012-04-24,15.11,2.34,1.30,35.3574
Nifty Bank,2012-04-25,15.03,2.33,1.31,35.0199
Nifty Bank,2012-04-26,14.98,2.32,1.31,34.7536
Nifty Bank,2012-04-27,15.23,2.39,1.27,36.3997
Nifty Bank,2012-04-28,15.33,2.4,1.26,36.792
Nifty Bank,2012-04-30,15.43,2.42,1.26,37.340599999999995
Nifty Bank,2012-05-02,15.08,2.43,1.25,36.644400000000005
Nifty Bank,2012-05-03,14.82,2.38,1.28,35.2716
Nifty Bank,2012-05-04,14.29,2.31,1.32,33.0099
Nifty Bank,2012-05-07,14.42,2.33,1.31,33.5986
Nifty Bank,2012-05-08,13.91,2.26,1.34,31.4366
Nifty Bank,2012-05-09,13.63,2.22,1.37,30.258600000000005
Nifty Bank,2012-05-10,13.64,2.22,1.37,30.280800000000003
Nifty Bank,2012-05-11,13.54,2.22,1.37,30.0588
Nifty Bank,2012-05-14,13.44,2.19,1.38,29.4336
Nifty Bank,2012-05-15,13.53,2.21,1.37,29.9013
Nifty Bank,2012-05-16,13.3,2.17,1.40,28.861
Nifty Bank,2012-05-17,13.29,2.17,1.40,28.839299999999998
Nifty Bank,2012-05-18,13.51,2.21,1.38,29.8571
Nifty Bank,2012-05-21,12.86,2.23,1.36,28.677799999999998
Nifty Bank,2012-05-22,12.66,2.2,1.38,27.852000000000004
Nifty Bank,2012-05-23,12.58,2.18,1.39,27.424400000000002
Nifty Bank,2012-05-24,12.89,2.24,1.36,28.873600000000003
Nifty Bank,2012-05-25,12.92,2.24,1.35,28.940800000000003
Nifty Bank,2012-05-28,13.25,2.3,1.32,30.474999999999998
Nifty Bank,2012-05-29,13.26,2.3,1.32,30.497999999999998
Nifty Bank,2012-05-30,13.02,2.24,1.35,29.164800000000003
Nifty Bank,2012-05-31,12.9,2.22,1.36,28.638
Nifty Bank,2012-06-01,12.66,2.18,1.38,27.5988
Nifty Bank,2012-06-04,12.79,2.2,1.37,28.138
Nifty Bank,2012-06-05,12.92,2.22,1.36,28.6824
Nifty Bank,2012-06-06,13.31,2.29,1.32,30.4799
Nifty Bank,2012-06-07,13.59,2.34,1.29,31.8006
Nifty Bank,2012-06-08,13.66,2.35,1.28,32.101
Nifty Bank,2012-06-11,13.62,2.34,1.29,31.870799999999996
Nifty Bank,2012-06-12,13.86,2.38,1.26,32.986799999999995
Nifty Bank,2012-06-13,13.84,2.38,1.27,32.9392
Nifty Bank,2012-06-14,13.44,2.31,1.30,31.0464
Nifty Bank,2012-06-15,13.75,2.37,1.27,32.5875
Nifty Bank,2012-06-18,13.32,2.29,1.32,30.5028
Nifty Bank,2012-06-19,13.37,2.3,1.31,30.750999999999994
Nifty Bank,2012-06-20,13.44,2.31,1.30,31.0464
Nifty Bank,2012-06-21,13.71,2.36,1.28,32.3556
Nifty Bank,2012-06-22,13.72,2.36,1.28,32.3792
Nifty Bank,2012-06-25,13.56,2.33,1.29,31.594800000000003
Nifty Bank,2012-06-26,13.63,2.34,1.29,31.8942
Nifty Bank,2012-06-27,13.69,2.36,1.28,32.3084
Nifty Bank,2012-06-28,13.67,2.35,1.28,32.1245
Nifty Bank,2012-06-29,14.13,2.43,1.24,34.3359
Nifty Bank,2012-07-02,14.23,2.45,1.23,34.8635
Nifty Bank,2012-07-03,14.32,2.46,1.22,35.2272
Nifty Bank,2012-07-04,14.39,2.48,1.22,35.687200000000004
Nifty Bank,2012-07-05,14.54,2.5,1.21,36.349999999999994
Nifty Bank,2012-07-06,14.56,2.51,1.20,36.5456
Nifty Bank,2012-07-09,14.48,2.49,1.21,36.055200000000006
Nifty Bank,2012-07-10,14.71,2.53,1.19,37.2163
Nifty Bank,2012-07-11,14.63,2.52,1.20,36.8676
Nifty Bank,2012-07-12,14.5,2.5,1.21,36.25
Nifty Bank,2012-07-13,14.47,2.49,1.21,36.030300000000004
Nifty Bank,2012-07-16,14.29,2.49,1.21,35.582100000000004
Nifty Bank,2012-07-17,14.28,2.48,1.21,35.4144
Nifty Bank,2012-07-18,14.35,2.5,1.21,35.875
Nifty Bank,2012-07-19,14.29,2.5,1.21,35.724999999999994
Nifty Bank,2012-07-20,14.1,2.47,1.22,34.827000000000005
Nifty Bank,2012-07-23,13.82,2.42,1.25,33.4444
Nifty Bank,2012-07-24,13.85,2.42,1.24,33.516999999999996
Nifty Bank,2012-07-25,13.81,2.31,1.31,31.901100000000003
Nifty Bank,2012-07-26,13.53,2.27,1.33,30.713099999999997
Nifty Bank,2012-07-27,13.27,2.28,1.32,30.255599999999998
Nifty Bank,2012-07-30,13.62,2.34,1.29,31.870799999999996
Nifty Bank,2012-07-31,13.56,2.34,1.29,31.7304
Nifty Bank,2012-08-01,13.61,2.35,1.29,31.9835
Nifty Bank,2012-08-02,13.56,2.34,1.29,31.7304
Nifty Bank,2012-08-03,13.47,2.32,1.30,31.2504
Nifty Bank,2012-08-06,13.67,2.36,1.28,32.261199999999995
Nifty Bank,2012-08-07,13.84,2.38,1.27,32.9392
Nifty Bank,2012-08-08,13.75,2.37,1.27,32.5875
Nifty Bank,2012-08-09,13.64,2.35,1.28,32.054
Nifty Bank,2012-08-10,13.53,2.33,1.29,31.5249
Nifty Bank,2012-08-13,13.67,2.35,1.28,32.1245
Nifty Bank,2012-08-14,13.41,2.38,1.27,31.915799999999997
Nifty Bank,2012-08-16,13.3,2.27,1.31,30.191000000000003
Nifty Bank,2012-08-17,13.28,2.1,1.44,27.887999999999998
Nifty Bank,2012-08-21,13.35,2.11,1.43,28.168499999999998
Nifty Bank,2012-08-22,13.35,2.11,1.43,28.168499999999998
Nifty Bank,2012-08-23,13.33,2.11,1.43,28.126299999999997
Nifty Bank,2012-08-24,13.18,2.08,1.45,27.4144
Nifty Bank,2012-08-27,12.94,2.05,1.47,26.526999999999997
Nifty Bank,2012-08-28,12.83,2.03,1.49,26.0449
Nifty Bank,2012-08-29,12.77,2.02,1.49,25.7954
Nifty Bank,2012-08-30,12.86,2.03,1.48,26.105799999999995
Nifty Bank,2012-08-31,12.74,2.02,1.50,25.7348
Nifty Bank,2012-09-03,12.7,2.01,1.50,25.526999999999997
Nifty Bank,2012-09-04,12.78,2.02,1.49,25.8156
Nifty Bank,2012-09-05,12.53,1.98,1.52,24.8094
Nifty Bank,2012-09-06,12.61,2.0,1.51,25.22
Nifty Bank,2012-09-07,12.91,2.04,1.48,26.3364
Nifty Bank,2012-09-08,12.94,2.05,1.47,26.526999999999997
Nifty Bank,2012-09-10,12.84,2.03,1.49,26.065199999999997
Nifty Bank,2012-09-11,12.93,2.05,1.48,26.506499999999996
Nifty Bank,2012-09-12,12.99,2.06,1.47,26.7594
Nifty Bank,2012-09-13,13.02,2.06,1.47,26.8212
Nifty Bank,2012-09-14,13.58,2.15,1.41,29.197
Nifty Bank,2012-09-17,14.01,2.22,1.36,31.102200000000003
Nifty Bank,2012-09-18,14.09,2.23,1.35,31.4207
Nifty Bank,2012-09-20,13.93,2.2,1.37,30.646
Nifty Bank,2012-09-21,14.49,2.29,1.32,33.1821
Nifty Bank,2012-09-24,14.57,2.3,1.31,33.510999999999996
Nifty Bank,2012-09-25,14.57,2.3,1.31,33.510999999999996
Nifty Bank,2012-09-26,14.58,2.3,1.31,33.534
Nifty Bank,2012-09-27,14.57,2.3,1.31,33.510999999999996
Nifty Bank,2012-09-28,14.61,2.31,1.31,33.7491
Nifty Bank,2012-10-01,14.57,2.3,1.31,33.510999999999996
Nifty Bank,2012-10-03,14.56,2.3,1.31,33.488
Nifty Bank,2012-10-04,14.84,2.34,1.29,34.7256
Nifty Bank,2012-10-05,14.68,2.32,1.30,34.057599999999994
Nifty Bank,2012-10-08,14.49,2.29,1.32,33.1821
Nifty Bank,2012-10-09,14.6,2.3,1.31,33.58
Nifty Bank,2012-10-10,14.4,2.27,1.33,32.688
Nifty Bank,2012-10-11,14.56,2.3,1.31,33.488
Nifty Bank,2012-10-12,14.51,2.29,1.31,33.2279
Nifty Bank,2012-10-15,14.57,2.3,1.31,33.510999999999996
Nifty Bank,2012-10-16,14.25,2.28,1.32,32.489999999999995
Nifty Bank,2012-10-17,14.26,2.29,1.32,32.6554
Nifty Bank,2012-10-18,14.55,2.33,1.29,33.901500000000006
Nifty Bank,2012-10-19,14.43,2.31,1.30,33.3333
Nifty Bank,2012-10-22,14.55,2.34,1.29,34.047
Nifty Bank,2012-10-23,14.48,2.33,1.29,33.7384
Nifty Bank,2012-10-25,14.52,2.33,1.29,33.8316
Nifty Bank,2012-10-26,14.2,2.31,1.30,32.802
Nifty Bank,2012-10-29,14.18,2.3,1.31,32.614
Nifty Bank,2012-10-30,13.85,2.25,1.34,31.162499999999998
Nifty Bank,2012-10-31,13.93,2.26,1.33,31.481799999999996
Nifty Bank,2012-11-01,13.99,2.27,1.32,31.7573
Nifty Bank,2012-11-02,14.13,2.3,1.31,32.499
Nifty Bank,2012-11-05,14.14,2.3,1.31,32.522
Nifty Bank,2012-11-06,14.22,2.31,1.30,32.848200000000006
Nifty Bank,2012-11-07,14.41,2.34,1.28,33.7194
Nifty Bank,2012-11-08,14.34,2.33,1.29,33.4122
Nifty Bank,2012-11-09,14.02,2.3,1.31,32.245999999999995
Nifty Bank,2012-11-12,14.19,2.33,1.29,33.0627
Nifty Bank,2012-11-13,14.13,2.32,1.30,32.7816
Nifty Bank,2012-11-15,14.11,2.32,1.30,32.7352
Nifty Bank,2012-11-16,13.88,2.28,1.32,31.6464
Nifty Bank,2012-11-19,13.85,2.27,1.32,31.4395
Nifty Bank,2012-11-20,13.86,2.28,1.32,31.600799999999996
Nifty Bank,2012-11-21,14.04,2.31,1.30,32.4324
Nifty Bank,2012-11-22,14.1,2.32,1.30,32.711999999999996
Nifty Bank,2012-11-23,14.06,2.31,1.30,32.4786
Nifty Bank,2012-11-26,14.0,2.3,1.31,32.199999999999996
Nifty Bank,2012-11-27,14.28,2.35,1.28,33.558
Nifty Bank,2012-11-29,14.69,2.41,1.25,35.4029
Nifty Bank,2012-11-30,14.89,2.45,1.23,36.480500000000006
Nifty Bank,2012-12-03,14.83,2.44,1.23,36.1852
Nifty Bank,2012-12-04,14.94,2.45,1.23,36.603
Nifty Bank,2012-12-05,15.04,2.47,1.22,37.1488
Nifty Bank,2012-12-06,15.22,2.5,1.20,38.050000000000004
Nifty Bank,2012-12-07,15.14,2.49,1.21,37.698600000000006
Nifty Bank,2012-12-10,15.17,2.49,1.21,37.773300000000006
Nifty Bank,2012-12-11,15.13,2.48,1.21,37.522400000000005
Nifty Bank,2012-12-12,15.07,2.48,1.21,37.3736
Nifty Bank,2012-12-13,15.03,2.47,1.22,37.1241
Nifty Bank,2012-12-14,15.22,2.5,1.20,38.050000000000004
Nifty Bank,2012-12-17,15.29,2.51,1.20,38.3779
Nifty Bank,2012-12-18,15.35,2.52,1.19,38.682
Nifty Bank,2012-12-19,15.39,2.53,1.19,38.9367
Nifty Bank,2012-12-20,15.36,2.52,1.19,38.7072
Nifty Bank,2012-12-21,15.15,2.49,1.21,37.7235
Nifty Bank,2012-12-24,15.16,2.49,1.21,37.748400000000004
Nifty Bank,2012-12-26,15.35,2.52,1.19,38.682
Nifty Bank,2012-12-27,15.33,2.52,1.19,38.6316
Nifty Bank,2012-12-28,15.33,2.52,1.19,38.6316
Nifty Bank,2012-12-31,15.35,2.52,1.19,38.682
Nifty Bank,2013-01-01,15.57,2.56,1.18,39.8592
Nifty Bank,2013-01-02,15.73,2.58,1.16,40.583400000000005
Nifty Bank,2013-01-03,15.72,2.58,1.16,40.5576
Nifty Bank,2013-01-04,15.73,2.58,1.16,40.583400000000005
Nifty Bank,2013-01-07,15.64,2.57,1.17,40.1948
Nifty Bank,2013-01-08,15.66,2.57,1.17,40.246199999999995
Nifty Bank,2013-01-09,15.62,2.57,1.17,40.14339999999999
Nifty Bank,2013-01-10,15.73,2.59,1.16,40.7407
Nifty Bank,2013-01-11,15.5,2.55,1.18,39.525
Nifty Bank,2013-01-14,15.68,2.58,1.16,40.4544
Nifty Bank,2013-01-15,15.72,2.6,1.16,40.872
Nifty Bank,2013-01-16,15.42,2.56,1.18,39.4752
Nifty Bank,2013-01-17,15.43,2.56,1.18,39.5008
Nifty Bank,2013-01-18,15.3,2.56,1.17,39.168
Nifty Bank,2013-01-21,15.26,2.56,1.17,39.0656
Nifty Bank,2013-01-22,15.17,2.54,1.18,38.5318
Nifty Bank,2013-01-23,15.24,2.56,1.18,39.0144
Nifty Bank,2013-01-24,15.13,2.54,1.18,38.4302
Nifty Bank,2013-01-25,15.29,2.57,1.17,39.2953
Nifty Bank,2013-01-28,15.38,2.58,1.16,39.680400000000006
Nifty Bank,2013-01-29,15.31,2.57,1.17,39.3467
Nifty Bank,2013-01-30,15.37,2.58,1.16,39.6546
Nifty Bank,2013-01-31,14.98,2.57,1.17,38.498599999999996
Nifty Bank,2013-02-01,14.86,2.55,1.18,37.892999999999994
Nifty Bank,2013-02-04,14.85,2.54,1.18,37.719
Nifty Bank,2013-02-05,14.76,2.52,1.19,37.1952
Nifty Bank,2013-02-06,14.7,2.51,1.20,36.897
Nifty Bank,2013-02-07,14.62,2.5,1.20,36.55
Nifty Bank,2013-02-08,14.53,2.48,1.21,36.0344
Nifty Bank,2013-02-11,14.64,2.5,1.20,36.6
Nifty Bank,2013-02-12,14.72,2.51,1.20,36.947199999999995
Nifty Bank,2013-02-13,14.7,2.51,1.20,36.897
Nifty Bank,2013-02-14,14.61,2.49,1.21,36.3789
Nifty Bank,2013-02-15,14.62,2.5,1.20,36.55
Nifty Bank,2013-02-18,14.75,2.52,1.19,37.17
Nifty Bank,2013-02-19,14.82,2.54,1.19,37.6428
Nifty Bank,2013-02-20,14.76,2.53,1.19,37.3428
Nifty Bank,2013-02-21,14.4,2.46,1.22,35.424
Nifty Bank,2013-02-22,14.41,2.47,1.22,35.5927
Nifty Bank,2013-02-25,14.38,2.46,1.22,35.3748
Nifty Bank,2013-02-26,14.15,2.42,1.24,34.243
Nifty Bank,2013-02-27,14.25,2.44,1.23,34.769999999999996
Nifty Bank,2013-02-28,13.72,2.35,1.28,32.242000000000004
Nifty Bank,2013-03-01,13.78,2.36,1.28,32.520799999999994
Nifty Bank,2013-03-04,13.82,2.37,1.27,32.7534
Nifty Bank,2013-03-05,14.08,2.41,1.25,33.9328
Nifty Bank,2013-03-06,14.18,2.43,1.24,34.4574
Nifty Bank,2013-03-07,14.29,2.45,1.23,35.0105
Nifty Bank,2013-03-08,14.57,2.49,1.21,36.279300000000006
Nifty Bank,2013-03-11,14.54,2.49,1.21,36.2046
Nifty Bank,2013-03-12,14.4,2.46,1.22,35.424
Nifty Bank,2013-03-13,14.07,2.41,1.25,33.9087
Nifty Bank,2013-03-14,14.36,2.46,1.22,35.3256
Nifty Bank,2013-03-15,14.12,2.42,1.24,34.170399999999994
Nifty Bank,2013-03-18,14.02,2.4,1.25,33.647999999999996
Nifty Bank,2013-03-19,13.75,2.35,1.28,32.3125
Nifty Bank,2013-03-20,13.45,2.3,1.31,30.934999999999995
Nifty Bank,2013-03-21,13.43,2.3,1.31,30.888999999999996
Nifty Bank,2013-03-22,13.39,2.29,1.31,30.6631
Nifty Bank,2013-03-25,13.29,2.27,1.32,30.1683
Nifty Bank,2013-03-26,13.34,2.28,1.32,30.4152
Nifty Bank,2013-03-28,13.58,2.32,1.29,31.505599999999998
Nifty Bank,2013-04-01,13.66,2.34,1.29,31.964399999999998
Nifty Bank,2013-04-02,13.78,2.36,1.28,32.520799999999994
Nifty Bank,2013-04-03,13.57,2.32,1.30,31.4824
Nifty Bank,2013-04-04,13.31,2.28,1.32,30.346799999999998
Nifty Bank,2013-04-05,13.27,2.27,1.32,30.122899999999998
Nifty Bank,2013-04-08,13.17,2.25,1.33,29.6325
Nifty Bank,2013-04-09,13.07,2.24,1.34,29.276800000000005
Nifty Bank,2013-04-10,13.3,2.28,1.32,30.323999999999998
Nifty Bank,2013-04-11,13.52,2.31,1.30,31.2312
Nifty Bank,2013-04-12,13.65,2.34,1.29,31.941
Nifty Bank,2013-04-15,13.78,2.36,1.27,32.520799999999994
Nifty Bank,2013-04-16,14.2,2.43,1.24,34.506
Nifty Bank,2013-04-17,14.33,2.45,1.23,35.1085
Nifty Bank,2013-04-18,14.7,2.51,1.20,36.897
Nifty Bank,2013-04-22,15.04,2.57,1.17,38.65279999999999
Nifty Bank,2013-04-23,15.0,2.57,1.17,38.55
Nifty Bank,2013-04-25,15.19,2.6,1.15,39.494
Nifty Bank,2013-04-26,14.8,2.56,1.17,37.888000000000005
Nifty Bank,2013-04-29,14.8,2.58,1.16,38.184000000000005
Nifty Bank,2013-04-30,14.75,2.57,1.17,37.9075
Nifty Bank,2013-05-02,14.92,2.6,1.16,38.792
Nifty Bank,2013-05-03,14.55,2.54,1.19,36.957
Nifty Bank,2013-05-06,14.55,2.54,1.18,36.957
Nifty Bank,2013-05-07,14.83,2.59,1.16,38.4097
Nifty Bank,2013-05-08,14.84,2.59,1.16,38.4356
Nifty Bank,2013-05-09,14.72,2.58,1.17,37.9776
Nifty Bank,2013-05-10,14.92,2.61,1.15,38.941199999999995
Nifty Bank,2013-05-11,14.95,2.62,1.15,39.169
Nifty Bank,2013-05-13,14.71,2.57,1.17,37.8047
Nifty Bank,2013-05-14,14.7,2.57,1.17,37.778999999999996
Nifty Bank,2013-05-15,15.28,2.67,1.12,40.797599999999996
Nifty Bank,2013-05-16,15.27,2.71,1.11,41.381699999999995
Nifty Bank,2013-05-17,15.36,2.72,1.10,41.7792
Nifty Bank,2013-05-20,15.21,2.7,1.12,41.06700000000001
Nifty Bank,2013-05-21,15.07,2.67,1.13,40.2369
Nifty Bank,2013-05-22,15.09,2.66,1.13,40.1394
Nifty Bank,2013-05-23,14.66,2.58,1.16,37.8228
Nifty Bank,2013-05-24,14.82,2.61,1.15,38.6802
Nifty Bank,2013-05-27,15.04,2.65,1.13,39.855999999999995
Nifty Bank,2013-05-28,15.03,2.65,1.14,39.829499999999996
Nifty Bank,2013-05-29,15.05,2.63,1.14,39.5815
Nifty Bank,2013-05-30,14.99,2.62,1.15,39.2738
Nifty Bank,2013-05-31,14.6,2.55,1.18,37.23
Nifty Bank,2013-06-03,14.52,2.54,1.19,36.8808
Nifty Bank,2013-06-04,14.37,2.51,1.20,36.06869999999999
Nifty Bank,2013-06-05,14.39,2.51,1.20,36.1189
Nifty Bank,2013-06-06,14.51,2.54,1.19,36.8554
Nifty Bank,2013-06-07,14.32,2.5,1.20,35.8
Nifty Bank,2013-06-10,14.18,2.48,1.21,35.166399999999996
Nifty Bank,2013-06-11,13.86,2.42,1.24,33.541199999999996
Nifty Bank,2013-06-12,13.86,2.42,1.24,33.541199999999996
Nifty Bank,2013-06-13,13.71,2.39,1.26,32.76690000000001
Nifty Bank,2013-06-14,13.98,2.44,1.23,34.111200000000004
Nifty Bank,2013-06-17,14.04,2.45,1.23,34.398
Nifty Bank,2013-06-18,13.86,2.42,1.24,33.541199999999996
Nifty Bank,2013-06-19,13.9,2.43,1.24,33.777
Nifty Bank,2013-06-20,13.34,2.33,1.29,31.0822
Nifty Bank,2013-06-21,13.3,2.32,1.29,30.855999999999998
Nifty Bank,2013-06-24,13.11,2.29,1.31,30.0219
Nifty Bank,2013-06-25,13.11,2.29,1.31,30.0219
Nifty Bank,2013-06-26,12.98,2.27,1.33,29.4646
Nifty Bank,2013-06-27,13.25,2.25,1.35,29.8125
Nifty Bank,2013-06-28,13.7,2.26,1.34,30.961999999999996
Nifty Bank,2013-07-01,13.84,2.28,1.33,31.555199999999996
Nifty Bank,2013-07-02,13.72,2.26,1.34,31.007199999999997
Nifty Bank,2013-07-03,13.41,2.2,1.39,29.502000000000002
Nifty Bank,2013-07-04,13.44,2.15,1.44,28.895999999999997
Nifty Bank,2013-07-05,13.5,2.16,1.43,29.160000000000004
Nifty Bank,2013-07-08,13.34,2.13,1.45,28.414199999999997
Nifty Bank,2013-07-09,13.53,2.16,1.43,29.224800000000002
Nifty Bank,2013-07-10,13.43,2.15,1.44,28.874499999999998
Nifty Bank,2013-07-11,13.78,2.2,1.40,30.316000000000003
Nifty Bank,2013-07-12,13.86,2.21,1.40,30.630599999999998
Nifty Bank,2013-07-15,13.9,2.23,1.39,30.997
Nifty Bank,2013-07-16,13.24,2.12,1.46,28.068800000000003
Nifty Bank,2013-07-17,12.94,2.07,1.49,26.7858
Nifty Bank,2013-07-18,13.06,2.11,1.46,27.5566
Nifty Bank,2013-07-19,12.81,2.07,1.49,26.5167
Nifty Bank,2013-07-22,12.94,2.09,1.48,27.044599999999996
Nifty Bank,2013-07-23,13.02,2.12,1.46,27.6024
Nifty Bank,2013-07-24,12.42,2.03,1.53,25.2126
Nifty Bank,2013-07-25,12.3,2.01,1.54,24.723
Nifty Bank,2013-07-26,12.13,1.98,1.56,24.017400000000002
Nifty Bank,2013-07-29,11.97,1.89,1.69,22.6233
Nifty Bank,2013-07-30,11.8,1.87,1.71,22.066000000000003
Nifty Bank,2013-07-31,11.57,1.83,1.74,21.1731
Nifty Bank,2013-08-01,11.72,1.86,1.72,21.799200000000003
Nifty Bank,2013-08-02,11.55,1.83,1.74,21.1365
Nifty Bank,2013-08-05,11.66,1.85,1.73,21.571
Nifty Bank,2013-08-06,11.21,1.78,1.80,19.9538
Nifty Bank,2013-08-07,11.1,1.79,1.79,19.869
Nifty Bank,2013-08-08,11.16,1.8,1.78,20.088
Nifty Bank,2013-08-12,11.03,1.78,1.80,19.633399999999998
Nifty Bank,2013-08-13,11.34,1.83,1.75,20.752200000000002
Nifty Bank,2013-08-14,11.39,1.83,1.74,20.843700000000002
Nifty Bank,2013-08-16,10.74,1.73,1.85,18.5802
Nifty Bank,2013-08-19,10.45,1.67,1.91,17.4515
Nifty Bank,2013-08-20,10.53,1.69,1.89,17.7957
Nifty Bank,2013-08-21,10.59,1.7,1.88,18.003
Nifty Bank,2013-08-22,10.59,1.7,1.88,18.003
Nifty Bank,2013-08-23,10.82,1.73,1.84,18.7186
Nifty Bank,2013-08-26,10.71,1.72,1.86,18.421200000000002
Nifty Bank,2013-08-27,10.14,1.62,1.97,16.426800000000004
Nifty Bank,2013-08-28,10.01,1.6,1.99,16.016000000000002
Nifty Bank,2013-08-29,10.18,1.63,1.96,16.5934
Nifty Bank,2013-08-30,10.34,1.66,1.93,17.1644
Nifty Bank,2013-09-02,10.44,1.67,1.91,17.4348
Nifty Bank,2013-09-03,9.9,1.59,2.02,15.741000000000001
Nifty Bank,2013-09-04,10.11,1.62,1.97,16.3782
Nifty Bank,2013-09-05,11.06,1.77,1.80,19.5762
Nifty Bank,2013-09-06,11.38,1.82,1.75,20.7116
Nifty Bank,2013-09-10,11.65,1.86,1.71,21.669
Nifty Bank,2013-09-11,11.85,1.9,1.68,22.514999999999997
Nifty Bank,2013-09-12,11.61,1.8,1.76,20.898
Nifty Bank,2013-09-13,11.64,1.8,1.75,20.952
Nifty Bank,2013-09-16,11.85,1.83,1.73,21.6855
Nifty Bank,2013-09-17,11.75,1.81,1.74,21.267500000000002
Nifty Bank,2013-09-18,11.94,1.84,1.71,21.9696
Nifty Bank,2013-09-19,12.74,1.97,1.61,25.0978
Nifty Bank,2013-09-20,12.21,1.89,1.68,23.076900000000002
Nifty Bank,2013-09-23,11.67,1.8,1.75,21.006
Nifty Bank,2013-09-24,11.63,1.75,1.81,20.352500000000003
Nifty Bank,2013-09-25,11.52,1.73,1.83,19.9296
Nifty Bank,2013-09-26,11.54,1.74,1.82,20.0796
Nifty Bank,2013-09-27,11.32,1.7,1.86,19.244
Nifty Bank,2013-09-30,10.99,1.65,1.91,18.133499999999998
Nifty Bank,2013-10-01,11.3,1.7,1.86,19.21
Nifty Bank,2013-10-03,11.69,1.76,1.80,20.5744
Nifty Bank,2013-10-04,11.66,1.75,1.81,20.405
Nifty Bank,2013-10-07,11.52,1.73,1.83,19.9296
Nifty Bank,2013-10-08,11.59,1.74,1.82,20.1666
Nifty Bank,2013-10-09,11.81,1.78,1.78,21.021800000000002
Nifty Bank,2013-10-10,11.76,1.77,1.79,20.8152
Nifty Bank,2013-10-11,12.14,1.83,1.73,22.2162
Nifty Bank,2013-10-14,12.19,1.83,1.73,22.3077
Nifty Bank,2013-10-15,11.88,1.79,1.77,21.2652
Nifty Bank,2013-10-17,11.68,1.78,1.78,20.790399999999998
Nifty Bank,2013-10-18,12.08,1.85,1.71,22.348000000000003
Nifty Bank,2013-10-21,12.14,1.86,1.71,22.5804
Nifty Bank,2013-10-22,12.15,1.86,1.70,22.599
Nifty Bank,2013-10-23,12.23,1.87,1.69,22.8701
Nifty Bank,2013-10-24,12.26,1.88,1.69,23.0488
Nifty Bank,2013-10-25,12.24,1.87,1.69,22.888800000000003
Nifty Bank,2013-10-28,12.1,1.85,1.71,22.385
Nifty Bank,2013-10-29,12.62,1.93,1.64,24.356599999999997
Nifty Bank,2013-10-30,12.63,1.93,1.64,24.3759
Nifty Bank,2013-10-31,12.88,1.97,1.60,25.3736
Nifty Bank,2013-11-01,13.06,2.0,1.58,26.12
Nifty Bank,2013-11-03,13.04,2.0,1.59,26.08
Nifty Bank,2013-11-05,12.76,1.98,1.60,25.2648
Nifty Bank,2013-11-06,12.53,1.94,1.63,24.3082
Nifty Bank,2013-11-07,12.27,1.9,1.67,23.313
Nifty Bank,2013-11-08,12.09,1.88,1.69,22.7292
Nifty Bank,2013-11-11,11.93,1.85,1.71,22.0705
Nifty Bank,2013-11-12,11.73,1.82,1.74,21.3486
Nifty Bank,2013-11-13,11.67,1.81,1.75,21.122700000000002
Nifty Bank,2013-11-14,11.99,1.86,1.70,22.3014
Nifty Bank,2013-11-18,12.35,1.92,1.65,23.712
Nifty Bank,2013-11-19,12.49,1.93,1.64,24.1057
Nifty Bank,2013-11-20,12.25,1.89,1.68,23.1525
Nifty Bank,2013-11-21,11.96,1.84,1.72,22.006400000000003
Nifty Bank,2013-11-22,12.15,1.84,1.72,22.356
Nifty Bank,2013-11-25,12.62,1.91,1.66,24.1042
Nifty Bank,2013-11-26,12.42,1.88,1.69,23.3496
Nifty Bank,2013-11-27,12.63,1.88,1.69,23.7444
Nifty Bank,2013-11-28,12.59,1.88,1.69,23.6692
Nifty Bank,2013-11-29,12.88,1.92,1.65,24.7296
Nifty Bank,2013-12-02,13.03,1.94,1.63,25.2782
Nifty Bank,2013-12-03,12.94,1.93,1.64,24.9742
Nifty Bank,2013-12-04,12.88,1.92,1.65,24.7296
Nifty Bank,2013-12-05,13.47,2.01,1.58,27.0747
Nifty Bank,2013-12-06,13.53,2.02,1.57,27.3306
Nifty Bank,2013-12-09,13.93,2.08,1.52,28.9744
Nifty Bank,2013-12-10,13.68,2.04,1.55,27.9072
Nifty Bank,2013-12-11,13.61,2.03,1.56,27.628299999999996
Nifty Bank,2013-12-12,13.44,2.0,1.58,26.88
Nifty Bank,2013-12-13,13.13,1.96,1.62,25.7348
Nifty Bank,2013-12-16,13.13,1.96,1.62,25.7348
Nifty Bank,2013-12-17,12.94,1.93,1.64,24.9742
Nifty Bank,2013-12-18,13.11,1.95,1.62,25.5645
Nifty Bank,2013-12-19,12.8,1.91,1.66,24.448
Nifty Bank,2013-12-20,13.04,1.94,1.63,25.2976
Nifty Bank,2013-12-23,13.14,1.96,1.62,25.7544
Nifty Bank,2013-12-24,13.08,1.95,1.62,25.506
Nifty Bank,2013-12-26,13.15,1.96,1.62,25.774
Nifty Bank,2013-12-27,13.23,1.97,1.61,26.063100000000002
Nifty Bank,2013-12-30,13.17,1.96,1.61,25.8132
Nifty Bank,2013-12-31,13.18,1.96,1.61,25.8328
Nifty Bank,2014-01-01,13.18,1.96,1.61,25.8328
Nifty Bank,2014-01-02,12.95,1.93,1.64,24.993499999999997
Nifty Bank,2014-01-03,12.94,1.93,1.64,24.9742
Nifty Bank,2014-01-06,12.79,1.91,1.66,24.4289
Nifty Bank,2014-01-07,12.78,1.9,1.66,24.281999999999996
Nifty Bank,2014-01-08,12.8,1.91,1.66,24.448
Nifty Bank,2014-01-09,12.7,1.89,1.67,24.002999999999997
Nifty Bank,2014-01-10,12.51,1.86,1.70,23.2686
Nifty Bank,2014-01-13,12.79,1.91,1.66,24.4289
Nifty Bank,2014-01-14,12.68,1.89,1.67,23.9652
Nifty Bank,2014-01-15,12.88,1.93,1.64,24.8584
Nifty Bank,2014-01-16,12.85,1.92,1.65,24.671999999999997
Nifty Bank,2014-01-17,12.64,1.89,1.68,23.8896
Nifty Bank,2014-01-20,12.52,1.9,1.66,23.787999999999997
Nifty Bank,2014-01-21,12.71,1.93,1.64,24.5303
Nifty Bank,2014-01-22,12.75,1.94,1.63,24.735
Nifty Bank,2014-01-23,12.74,1.94,1.63,24.7156
Nifty Bank,2014-01-24,12.5,1.9,1.67,23.75
Nifty Bank,2014-01-27,11.99,1.82,1.74,21.8218
Nifty Bank,2014-01-28,11.96,1.82,1.74,21.767200000000003
Nifty Bank,2014-01-29,11.88,1.81,1.75,21.5028
Nifty Bank,2014-01-30,11.55,1.76,1.80,20.328000000000003
Nifty Bank,2014-01-31,11.65,1.77,1.79,20.6205
Nifty Bank,2014-02-03,11.63,1.75,1.81,20.352500000000003
Nifty Bank,2014-02-04,11.73,1.76,1.80,20.6448
Nifty Bank,2014-02-05,11.78,1.77,1.79,20.8506
Nifty Bank,2014-02-06,11.1,1.77,1.79,19.647
Nifty Bank,2014-02-07,11.16,1.78,1.78,19.8648
Nifty Bank,2014-02-10,11.15,1.78,1.78,19.847
Nifty Bank,2014-02-11,11.19,1.78,1.78,19.9182
Nifty Bank,2014-02-12,11.3,1.8,1.76,20.340000000000003
Nifty Bank,2014-02-13,11.07,1.76,1.80,19.4832
Nifty Bank,2014-02-14,11.14,1.77,1.79,19.7178
Nifty Bank,2014-02-17,11.33,1.8,1.76,20.394000000000002
Nifty Bank,2014-02-18,11.6,1.84,1.72,21.344
Nifty Bank,2014-02-19,11.64,1.85,1.71,21.534000000000002
Nifty Bank,2014-02-20,11.44,1.81,1.74,20.7064
Nifty Bank,2014-02-21,11.74,1.84,1.72,21.6016
Nifty Bank,2014-02-24,11.88,1.86,1.70,22.0968
Nifty Bank,2014-02-25,11.86,1.86,1.70,22.0596
Nifty Bank,2014-02-26,11.94,1.87,1.69,22.3278
Nifty Bank,2014-02-28,11.97,1.87,1.69,22.383900000000004
Nifty Bank,2014-03-03,11.85,1.85,1.71,21.9225
Nifty Bank,2014-03-04,12.16,1.9,1.66,23.104
Nifty Bank,2014-03-05,12.35,1.93,1.64,23.8355
Nifty Bank,2014-03-06,12.54,1.96,1.61,24.5784
Nifty Bank,2014-03-07,13.22,2.07,1.53,27.365399999999998
Nifty Bank,2014-03-10,13.47,2.11,1.50,28.4217
Nifty Bank,2014-03-11,13.4,2.1,1.51,28.14
Nifty Bank,2014-03-12,13.38,2.09,1.51,27.964199999999998
Nifty Bank,2014-03-13,13.51,2.11,1.50,28.506099999999996
Nifty Bank,2014-03-14,13.41,2.1,1.51,28.161
Nifty Bank,2014-03-18,13.48,2.11,1.50,28.4428
Nifty Bank,2014-03-19,13.56,2.12,1.49,28.747200000000003
Nifty Bank,2014-03-20,13.37,2.09,1.51,27.943299999999997
Nifty Bank,2014-03-21,13.45,2.11,1.50,28.379499999999997
Nifty Bank,2014-03-22,13.43,2.1,1.50,28.203
Nifty Bank,2014-03-24,13.8,2.16,1.46,29.808000000000003
Nifty Bank,2014-03-25,13.85,2.17,1.46,30.054499999999997
Nifty Bank,2014-03-26,13.93,2.18,1.45,30.3674
Nifty Bank,2014-03-27,14.02,2.19,1.44,30.703799999999998
Nifty Bank,2014-03-28,14.33,2.24,1.40,32.0992
Nifty Bank,2014-03-31,14.31,2.24,1.40,32.0544
Nifty Bank,2014-04-01,14.14,2.21,1.42,31.2494
Nifty Bank,2014-04-02,14.28,2.24,1.41,31.9872
Nifty Bank,2014-04-03,14.11,2.21,1.42,31.1831
Nifty Bank,2014-04-04,14.1,2.21,1.43,31.160999999999998
Nifty Bank,2014-04-07,14.05,2.2,1.43,30.910000000000004
Nifty Bank,2014-04-09,14.53,2.27,1.38,32.9831
Nifty Bank,2014-04-10,14.55,2.28,1.38,33.174
Nifty Bank,2014-04-11,14.42,2.26,1.39,32.5892
Nifty Bank,2014-04-15,14.14,2.21,1.42,31.2494
Nifty Bank,2014-04-16,14.12,2.21,1.42,31.205199999999998
Nifty Bank,2014-04-17,14.37,2.25,1.40,32.332499999999996
Nifty Bank,2014-04-21,14.53,2.28,1.38,33.1284
Nifty Bank,2014-04-22,14.56,2.28,1.38,33.196799999999996
Nifty Bank,2014-04-23,14.72,2.31,1.36,34.0032
Nifty Bank,2014-04-25,14.62,2.29,1.37,33.4798
Nifty Bank,2014-04-28,14.67,2.3,1.37,33.741
Nifty Bank,2014-04-29,14.46,2.27,1.39,32.824200000000005
Nifty Bank,2014-04-30,14.4,2.26,1.39,32.544
Nifty Bank,2014-05-02,14.24,2.26,1.39,32.182399999999994
Nifty Bank,2014-05-05,14.26,2.27,1.39,32.3702
Nifty Bank,2014-05-06,14.37,2.28,1.38,32.7636
Nifty Bank,2014-05-07,14.33,2.28,1.38,32.672399999999996
Nifty Bank,2014-05-08,14.45,2.29,1.37,33.0905
Nifty Bank,2014-05-09,15.24,2.4,1.30,36.576
Nifty Bank,2014-05-12,15.61,2.46,1.27,38.4006
Nifty Bank,2014-05-13,15.67,2.48,1.26,38.8616
Nifty Bank,2014-05-14,15.72,2.49,1.26,39.14280000000001
Nifty Bank,2014-05-15,15.75,2.49,1.25,39.2175
Nifty Bank,2014-05-16,16.43,2.6,1.20,42.718
Nifty Bank,2014-05-19,16.84,2.66,1.17,44.7944
Nifty Bank,2014-05-20,16.78,2.64,1.18,44.299200000000006
Nifty Bank,2014-05-21,16.61,2.62,1.19,43.5182
Nifty Bank,2014-05-22,16.75,2.63,1.19,44.052499999999995
Nifty Bank,2014-05-23,17.01,2.66,1.18,45.24660000000001
Nifty Bank,2014-05-26,16.89,2.64,1.19,44.589600000000004
Nifty Bank,2014-05-27,16.79,2.63,1.19,44.1577
Nifty Bank,2014-05-28,16.89,2.64,1.19,44.589600000000004
Nifty Bank,2014-05-29,16.73,2.62,1.20,43.832600000000006
Nifty Bank,2014-05-30,16.46,2.58,1.22,42.466800000000006
Nifty Bank,2014-06-02,17.01,2.66,1.18,45.24660000000001
Nifty Bank,2014-06-03,17.03,2.66,1.18,45.299800000000005
Nifty Bank,2014-06-04,17.12,2.67,1.17,45.7104
Nifty Bank,2014-06-05,17.06,2.66,1.18,45.379599999999996
Nifty Bank,2014-06-06,17.35,2.71,1.16,47.0185
Nifty Bank,2014-06-09,17.12,2.69,1.16,46.052800000000005
Nifty Bank,2014-06-10,16.97,2.67,1.17,45.3099
Nifty Bank,2014-06-11,16.99,2.57,1.22,43.66429999999999
Nifty Bank,2014-06-12,17.01,2.57,1.22,43.7157
Nifty Bank,2014-06-13,16.62,2.5,1.25,41.550000000000004
Nifty Bank,2014-06-16,16.59,2.49,1.26,41.3091
Nifty Bank,2014-06-17,16.97,2.47,1.27,41.9159
Nifty Bank,2014-06-18,16.8,2.45,1.28,41.160000000000004
Nifty Bank,2014-06-19,16.63,2.42,1.29,40.2446
Nifty Bank,2014-06-20,16.55,2.41,1.30,39.88550000000001
Nifty Bank,2014-06-23,16.64,2.42,1.29,40.2688
Nifty Bank,2014-06-24,16.9,2.46,1.27,41.574
Nifty Bank,2014-06-25,16.82,2.45,1.28,41.209
Nifty Bank,2014-06-26,16.61,2.42,1.30,40.1962
Nifty Bank,2014-06-27,16.55,2.41,1.30,39.88550000000001
Nifty Bank,2014-06-30,16.82,2.45,1.28,41.209
Nifty Bank,2014-07-01,16.91,2.46,1.27,41.5986
Nifty Bank,2014-07-02,17.09,2.49,1.26,42.554100000000005
Nifty Bank,2014-07-03,17.05,2.48,1.26,42.284
Nifty Bank,2014-07-04,17.17,2.5,1.25,42.925000000000004
Nifty Bank,2014-07-07,16.96,2.47,1.27,41.891200000000005
Nifty Bank,2014-07-08,16.55,2.41,1.30,39.88550000000001
Nifty Bank,2014-07-09,16.48,2.4,1.31,39.552
Nifty Bank,2014-07-10,16.32,2.38,1.32,38.8416
Nifty Bank,2014-07-11,15.91,2.32,1.35,36.9112
Nifty Bank,2014-07-14,15.97,2.33,1.34,37.210100000000004
Nifty Bank,2014-07-15,16.41,2.39,1.31,39.2199
Nifty Bank,2014-07-16,16.82,2.45,1.28,41.209
Nifty Bank,2014-07-17,16.76,2.46,1.28,41.229600000000005
Nifty Bank,2014-07-18,16.9,2.47,1.27,41.743
Nifty Bank,2014-07-21,16.75,2.47,1.27,41.3725
Nifty Bank,2014-07-22,16.79,2.48,1.26,41.639199999999995
Nifty Bank,2014-07-23,16.75,2.49,1.26,41.7075
Nifty Bank,2014-07-24,16.83,2.5,1.25,42.074999999999996
Nifty Bank,2014-07-25,16.57,2.46,1.27,40.7622
Nifty Bank,2014-07-28,16.4,2.45,1.28,40.18
Nifty Bank,2014-07-30,16.66,2.48,1.26,41.3168
Nifty Bank,2014-07-31,16.46,2.45,1.27,40.327000000000005
Nifty Bank,2014-08-01,16.31,2.43,1.28,39.6333
Nifty Bank,2014-08-04,16.43,2.45,1.27,40.2535
Nifty Bank,2014-08-05,16.49,2.45,1.27,40.4005
Nifty Bank,2014-08-06,16.01,2.39,1.26,38.26390000000001
Nifty Bank,2014-08-07,16.01,2.31,1.22,36.98310000000001
Nifty Bank,2014-08-08,15.78,2.27,1.23,35.8206
Nifty Bank,2014-08-11,15.95,2.3,1.22,36.684999999999995
Nifty Bank,2014-08-12,16.15,2.33,1.20,37.6295
Nifty Bank,2014-08-13,16.0,2.31,1.21,36.96
Nifty Bank,2014-08-14,16.19,2.34,1.20,37.8846
Nifty Bank,2014-08-18,16.56,2.39,1.17,39.5784
Nifty Bank,2014-08-19,16.65,2.4,1.17,39.959999999999994
Nifty Bank,2014-08-20,16.61,2.4,1.17,39.864
Nifty Bank,2014-08-21,16.8,2.42,1.16,40.656
Nifty Bank,2014-08-22,16.97,2.45,1.14,41.5765
Nifty Bank,2014-08-25,16.81,2.43,1.15,40.8483
Nifty Bank,2014-08-26,16.76,2.42,1.16,40.559200000000004
Nifty Bank,2014-08-27,16.86,2.43,1.15,40.9698
Nifty Bank,2014-08-28,16.89,2.44,1.15,41.2116
Nifty Bank,2014-09-01,17.18,2.48,1.13,42.6064
Nifty Bank,2014-09-02,17.3,2.5,1.12,43.25
Nifty Bank,2014-09-03,17.28,2.49,1.12,43.02720000000001
Nifty Bank,2014-09-04,17.2,2.48,1.13,42.656
Nifty Bank,2014-09-05,17.14,2.47,1.13,42.335800000000006
Nifty Bank,2014-09-08,17.39,2.51,1.12,43.6489
Nifty Bank,2014-09-09,17.34,2.5,1.12,43.35
Nifty Bank,2014-09-10,17.33,2.5,1.12,43.324999999999996
Nifty Bank,2014-09-11,17.39,2.51,1.12,43.6489
Nifty Bank,2014-09-12,17.44,2.52,1.11,43.948800000000006
Nifty Bank,2014-09-15,17.35,2.5,1.12,43.375
Nifty Bank,2014-09-16,17.0,2.45,1.14,41.650000000000006
Nifty Bank,2014-09-17,17.0,2.45,1.14,41.650000000000006
Nifty Bank,2014-09-18,17.34,2.5,1.12,43.35
Nifty Bank,2014-09-19,17.33,2.5,1.12,43.324999999999996
Nifty Bank,2014-09-22,17.38,2.51,1.12,43.623799999999996
Nifty Bank,2014-09-23,17.07,2.46,1.14,41.9922
Nifty Bank,2014-09-24,16.89,2.44,1.15,41.2116
Nifty Bank,2014-09-25,16.42,2.37,1.18,38.915400000000005
Nifty Bank,2014-09-26,16.75,2.42,1.16,40.535
Nifty Bank,2014-09-29,16.61,2.4,1.17,39.864
Nifty Bank,2014-09-30,16.52,2.38,1.17,39.3176
Nifty Bank,2014-10-01,16.44,2.37,1.18,38.9628
Nifty Bank,2014-10-07,16.29,2.35,1.19,38.2815
Nifty Bank,2014-10-08,16.47,2.38,1.18,39.1986
Nifty Bank,2014-10-09,16.89,2.44,1.15,41.2116
Nifty Bank,2014-10-10,16.58,2.39,1.17,39.6262
Nifty Bank,2014-10-13,16.82,2.43,1.15,40.872600000000006
Nifty Bank,2014-10-14,16.91,2.44,1.15,41.2604
Nifty Bank,2014-10-16,16.69,2.41,1.16,40.2229
Nifty Bank,2014-10-17,17.1,2.47,1.13,42.23700000000001
Nifty Bank,2014-10-20,17.41,2.51,1.11,43.699099999999994
Nifty Bank,2014-10-21,17.51,2.54,1.10,44.47540000000001
Nifty Bank,2014-10-22,17.38,2.55,1.10,44.318999999999996
Nifty Bank,2014-10-23,17.41,2.55,1.10,44.3955
Nifty Bank,2014-10-27,17.5,2.56,1.09,44.800000000000004
Nifty Bank,2014-10-28,17.58,2.58,1.08,45.356399999999994
Nifty Bank,2014-10-29,17.54,2.58,1.09,45.2532
Nifty Bank,2014-10-30,17.68,2.6,1.08,45.968
Nifty Bank,2014-10-31,17.98,2.64,1.06,47.467200000000005
Nifty Bank,2014-11-03,18.07,2.65,1.05,47.8855
Nifty Bank,2014-11-05,18.13,2.69,1.04,48.76969999999999
Nifty Bank,2014-11-07,18.12,2.69,1.04,48.7428
Nifty Bank,2014-11-10,17.78,2.67,1.05,47.4726
Nifty Bank,2014-11-11,17.91,2.69,1.04,48.1779
Nifty Bank,2014-11-12,18.12,2.72,1.03,49.28640000000001
Nifty Bank,2014-11-13,17.98,2.7,1.04,48.54600000000001
Nifty Bank,2014-11-14,18.11,2.72,1.03,49.2592
Nifty Bank,2014-11-17,18.18,2.73,1.02,49.6314
Nifty Bank,2014-11-18,18.24,2.74,1.02,49.9776
Nifty Bank,2014-11-19,17.98,2.73,1.03,49.0854
Nifty Bank,2014-11-20,18.04,2.73,1.02,49.249199999999995
Nifty Bank,2014-11-21,18.46,2.8,1.00,51.688
Nifty Bank,2014-11-24,18.65,2.83,0.99,52.7795
Nifty Bank,2014-11-25,18.4,2.8,1.00,51.519999999999996
Nifty Bank,2014-11-26,18.34,2.79,1.00,51.1686
Nifty Bank,2014-11-27,18.39,2.79,1.00,51.3081
Nifty Bank,2014-11-28,18.89,2.87,0.98,54.2143
Nifty Bank,2014-12-01,18.9,2.87,0.98,54.242999999999995
Nifty Bank,2014-12-02,18.93,2.88,0.97,54.5184
Nifty Bank,2014-12-03,19.02,2.89,0.97,54.967800000000004
Nifty Bank,2014-12-04,19.16,2.91,0.96,55.7556
Nifty Bank,2014-12-05,19.14,2.91,0.96,55.6974
Nifty Bank,2014-12-08,18.89,2.87,0.98,54.2143
Nifty Bank,2014-12-09,18.67,2.84,0.99,53.022800000000004
Nifty Bank,2014-12-10,18.84,2.86,0.98,53.8824
Nifty Bank,2014-12-11,18.78,2.85,0.98,53.523
Nifty Bank,2014-12-12,18.68,2.84,0.99,53.051199999999994
Nifty Bank,2014-12-15,18.75,2.85,0.98,53.4375
Nifty Bank,2014-12-16,18.2,2.76,1.01,50.23199999999999
Nifty Bank,2014-12-17,18.23,2.77,1.01,50.4971
Nifty Bank,2014-12-18,18.7,2.84,0.99,53.108
Nifty Bank,2014-12-19,18.86,2.87,0.98,54.1282
Nifty Bank,2014-12-22,19.13,2.91,0.96,55.6683
Nifty Bank,2014-12-23,18.99,2.88,0.97,54.691199999999995
Nifty Bank,2014-12-24,18.92,2.87,0.97,54.30040000000001
Nifty Bank,2014-12-26,18.94,2.88,0.97,54.547200000000004
Nifty Bank,2014-12-29,18.91,2.87,0.97,54.2717
Nifty Bank,2014-12-30,19.03,2.89,0.97,54.996700000000004
Nifty Bank,2014-12-31,19.12,2.91,0.96,55.6392
Nifty Bank,2015-01-01,19.14,2.91,0.96,55.6974
Nifty Bank,2015-01-02,19.45,2.95,0.95,57.377500000000005
Nifty Bank,2015-01-05,19.41,2.95,0.95,57.2595
Nifty Bank,2015-01-06,18.81,2.86,0.98,53.79659999999999
Nifty Bank,2015-01-07,18.68,2.84,0.99,53.051199999999994
Nifty Bank,2015-01-08,19.09,2.9,0.97,55.361
Nifty Bank,2015-01-09,19.02,2.89,0.97,54.967800000000004
Nifty Bank,2015-01-12,19.19,2.92,0.96,56.034800000000004
Nifty Bank,2015-01-13,19.1,2.9,0.96,55.39
Nifty Bank,2015-01-14,18.95,2.89,0.97,54.7655
Nifty Bank,2015-01-15,19.6,2.98,0.94,58.408
Nifty Bank,2015-01-16,19.54,2.98,0.94,58.2292
Nifty Bank,2015-01-19,19.71,3.01,0.93,59.3271
Nifty Bank,2015-01-20,20.07,3.07,0.91,61.6149
Nifty Bank,2015-01-21,20.04,3.08,0.91,61.7232
Nifty Bank,2015-01-22,20.08,3.09,0.91,62.04719999999999
Nifty Bank,2015-01-23,20.24,3.11,0.90,62.94639999999999
Nifty Bank,2015-01-27,20.72,3.19,0.88,66.0968
Nifty Bank,2015-01-28,20.66,3.18,0.88,65.6988
Nifty Bank,2015-01-29,20.7,3.18,0.88,65.82600000000001
Nifty Bank,2015-01-30,20.01,3.08,0.91,61.63080000000001
Nifty Bank,2015-02-02,20.19,3.08,0.91,62.18520000000001
Nifty Bank,2015-02-03,19.7,3.01,0.93,59.297
Nifty Bank,2015-02-04,20.13,2.97,0.94,59.7861
Nifty Bank,2015-02-05,19.96,2.96,0.95,59.0816
Nifty Bank,2015-02-06,19.68,2.91,0.96,57.2688
Nifty Bank,2015-02-09,19.28,2.85,0.98,54.94800000000001
Nifty Bank,2015-02-10,19.65,2.91,0.96,57.1815
Nifty Bank,2015-02-11,19.84,2.94,0.95,58.3296
Nifty Bank,2015-02-12,20.04,2.97,0.94,59.5188
Nifty Bank,2015-02-13,20.29,3.0,0.93,60.87
Nifty Bank,2015-02-16,19.96,2.98,0.94,59.4808
Nifty Bank,2015-02-18,20.07,3.0,0.93,60.21
Nifty Bank,2015-02-19,19.77,2.98,0.94,58.9146
Nifty Bank,2015-02-20,19.73,2.96,0.95,58.400800000000004
Nifty Bank,2015-02-23,19.56,2.94,0.95,57.50639999999999
Nifty Bank,2015-02-24,19.53,2.93,0.96,57.22290000000001
Nifty Bank,2015-02-25,19.37,2.91,0.96,56.36670000000001
Nifty Bank,2015-02-26,19.17,2.88,0.97,55.2096
Nifty Bank,2015-02-27,19.73,2.96,0.95,58.400800000000004
Nifty Bank,2015-02-28,20.36,3.06,0.92,62.3016
Nifty Bank,2015-03-02,20.69,3.11,0.90,64.3459
Nifty Bank,2015-03-03,20.64,3.1,0.90,63.984
Nifty Bank,2015-03-04,20.32,3.05,0.92,61.976
Nifty Bank,2015-03-05,20.42,3.07,0.91,62.6894
Nifty Bank,2015-03-09,19.99,3.0,0.93,59.97
Nifty Bank,2015-03-10,19.89,2.99,0.94,59.47110000000001
Nifty Bank,2015-03-11,19.88,2.98,0.94,59.242399999999996
Nifty Bank,2015-03-12,19.99,3.0,0.93,59.97
Nifty Bank,2015-03-13,19.61,2.94,0.95,57.6534
Nifty Bank,2015-03-16,19.67,2.95,0.95,58.026500000000006
Nifty Bank,2015-03-17,19.9,2.99,0.94,59.501
Nifty Bank,2015-03-18,19.99,3.0,0.93,59.97
Nifty Bank,2015-03-19,19.64,2.95,0.95,57.938
Nifty Bank,2015-03-20,19.43,2.92,0.96,56.7356
Nifty Bank,2015-03-23,19.26,2.89,0.97,55.66140000000001
Nifty Bank,2015-03-24,19.14,2.87,0.97,54.9318
Nifty Bank,2015-03-25,19.12,2.87,0.98,54.8744
Nifty Bank,2015-03-26,18.62,2.79,1.00,51.9498
Nifty Bank,2015-03-27,18.84,2.83,0.99,53.3172
Nifty Bank,2015-03-30,19.17,2.88,0.97,55.2096
Nifty Bank,2015-03-31,19.01,2.85,0.98,54.17850000000001
Nifty Bank,2015-04-01,19.44,2.92,0.96,56.7648
Nifty Bank,2015-04-06,19.43,2.92,0.96,56.7356
Nifty Bank,2015-04-07,19.28,2.89,0.97,55.71920000000001
Nifty Bank,2015-04-08,19.23,2.89,0.97,55.57470000000001
Nifty Bank,2015-04-09,19.71,2.96,0.95,58.3416
Nifty Bank,2015-04-10,19.63,2.95,0.95,57.908500000000004
Nifty Bank,2015-04-13,19.64,2.95,0.95,57.938
Nifty Bank,2015-04-15,19.55,2.93,0.95,57.28150000000001
Nifty Bank,2015-04-16,19.47,2.92,0.96,56.852399999999996
Nifty Bank,2015-04-17,19.17,2.88,0.97,55.2096
Nifty Bank,2015-04-20,18.92,2.84,0.99,53.732800000000005
Nifty Bank,2015-04-21,18.92,2.84,0.99,53.732800000000005
Nifty Bank,2015-04-22,19.06,2.86,0.98,54.511599999999994
Nifty Bank,2015-04-23,19.06,2.86,0.98,54.511599999999994
Nifty Bank,2015-04-24,18.63,2.82,0.99,52.53659999999999
Nifty Bank,2015-04-27,18.66,2.83,0.99,52.8078
Nifty Bank,2015-04-28,19.17,2.9,0.96,55.593
Nifty Bank,2015-04-29,19.18,2.91,0.96,55.8138
Nifty Bank,2015-04-30,19.08,2.92,0.96,55.71359999999999
Nifty Bank,2015-05-04,19.25,2.95,0.95,56.7875
Nifty Bank,2015-05-05,19.22,2.94,0.95,56.5068
Nifty Bank,2015-05-06,18.52,2.83,0.99,52.4116
Nifty Bank,2015-05-07,18.08,2.77,1.01,50.081599999999995
Nifty Bank,2015-05-08,18.49,2.83,0.99,52.326699999999995
Nifty Bank,2015-05-11,19.01,2.92,0.96,55.5092
Nifty Bank,2015-05-12,18.53,2.83,0.99,52.4399
Nifty Bank,2015-05-13,18.9,2.9,0.97,54.809999999999995
Nifty Bank,2015-05-14,18.92,2.87,0.97,54.30040000000001
Nifty Bank,2015-05-15,18.99,2.88,0.97,54.691199999999995
Nifty Bank,2015-05-18,19.34,2.92,0.96,56.4728
Nifty Bank,2015-05-19,19.3,2.91,0.96,56.163000000000004
Nifty Bank,2015-05-20,19.48,2.94,0.95,57.2712
Nifty Bank,2015-05-21,19.44,2.93,0.95,56.95920000000001
Nifty Bank,2015-05-22,19.35,2.92,0.96,56.502
Nifty Bank,2015-05-25,19.1,2.9,0.96,55.39
Nifty Bank,2015-05-26,19.1,2.9,0.96,55.39
Nifty Bank,2015-05-27,19.32,2.93,0.95,56.607600000000005
Nifty Bank,2015-05-28,19.23,2.92,0.96,56.1516
Nifty Bank,2015-05-29,19.51,2.96,0.94,57.7496
Nifty Bank,2015-06-01,19.4,2.95,0.95,57.23
Nifty Bank,2015-06-02,18.73,2.85,0.98,53.380500000000005
Nifty Bank,2015-06-03,18.47,2.8,1.00,51.715999999999994
Nifty Bank,2015-06-04,18.47,2.8,1.00,51.715999999999994
Nifty Bank,2015-06-05,18.38,2.67,1.03,49.0746
Nifty Bank,2015-06-08,18.3,2.66,1.03,48.678000000000004
Nifty Bank,2015-06-09,18.36,2.67,1.03,49.0212
Nifty Bank,2015-06-10,18.59,2.7,1.02,50.193000000000005
Nifty Bank,2015-06-11,18.16,2.64,1.04,47.9424
Nifty Bank,2015-06-12,18.39,2.62,1.05,48.1818
Nifty Bank,2015-06-15,18.33,2.61,1.05,47.84129999999999
Nifty Bank,2015-06-16,18.48,2.63,1.05,48.602399999999996
Nifty Bank,2015-06-17,18.46,2.63,1.05,48.5498
Nifty Bank,2015-06-18,18.61,2.65,1.04,49.3165
Nifty Bank,2015-06-19,18.77,2.67,1.03,50.115899999999996
Nifty Bank,2015-06-22,19.25,2.74,1.00,52.745000000000005
Nifty Bank,2015-06-23,19.31,2.75,1.00,53.1025
Nifty Bank,2015-06-24,19.28,2.74,1.00,52.827200000000005
Nifty Bank,2015-06-25,19.41,2.76,1.00,53.5716
Nifty Bank,2015-06-26,19.28,2.73,1.02,52.6344
Nifty Bank,2015-06-29,19.15,2.71,1.02,51.896499999999996
Nifty Bank,2015-06-30,19.21,2.58,1.06,49.561800000000005
Nifty Bank,2015-07-01,19.5,2.62,1.04,51.09
Nifty Bank,2015-07-02,19.51,2.62,1.04,51.116200000000006
Nifty Bank,2015-07-03,19.66,2.64,1.03,51.9024
Nifty Bank,2015-07-06,19.76,2.66,1.03,52.561600000000006
Nifty Bank,2015-07-07,19.73,2.65,1.03,52.2845
Nifty Bank,2015-07-08,19.38,2.61,1.05,50.581799999999994
Nifty Bank,2015-07-09,19.43,2.61,1.05,50.7123
Nifty Bank,2015-07-10,19.65,2.59,1.06,50.893499999999996
Nifty Bank,2015-07-13,19.84,2.61,1.05,51.782399999999996
Nifty Bank,2015-07-14,19.72,2.6,1.05,51.272
Nifty Bank,2015-07-15,19.76,2.6,1.05,51.376000000000005
Nifty Bank,2015-07-16,20.13,2.65,1.03,53.3445
Nifty Bank,2015-07-17,20.06,2.64,1.04,52.9584
Nifty Bank,2015-07-20,20.1,2.65,1.03,53.265
Nifty Bank,2015-07-21,19.77,2.61,1.05,51.5997
Nifty Bank,2015-07-22,20.06,2.64,1.04,52.9584
Nifty Bank,2015-07-23,19.92,2.63,1.04,52.3896
Nifty Bank,2015-07-24,19.68,2.59,1.06,50.971199999999996
Nifty Bank,2015-07-27,19.23,2.53,1.08,48.6519
Nifty Bank,2015-07-28,19.1,2.54,1.08,48.514
Nifty Bank,2015-07-29,19.16,2.55,1.07,48.858
Nifty Bank,2015-07-30,19.35,2.57,1.07,49.7295
Nifty Bank,2015-07-31,19.65,2.61,1.05,51.2865
Nifty Bank,2015-08-03,19.71,2.63,1.04,51.8373
Nifty Bank,2015-08-04,19.77,2.64,1.04,52.1928
Nifty Bank,2015-08-05,19.83,2.63,1.04,52.152899999999995
Nifty Bank,2015-08-06,19.99,2.65,1.03,52.973499999999994
Nifty Bank,2015-08-07,19.84,2.63,1.04,52.179199999999994
Nifty Bank,2015-08-10,19.85,2.63,1.04,52.2055
Nifty Bank,2015-08-11,19.57,2.59,1.06,50.686299999999996
Nifty Bank,2015-08-12,18.99,2.52,1.09,47.8548
Nifty Bank,2015-08-13,19.11,2.53,1.08,48.348299999999995
Nifty Bank,2015-08-14,19.62,2.61,1.05,51.2082
Nifty Bank,2015-08-17,19.72,2.62,1.04,51.666399999999996
Nifty Bank,2015-08-18,19.68,2.62,1.05,51.5616
Nifty Bank,2015-08-19,19.59,2.61,1.05,51.1299
Nifty Bank,2015-08-20,19.15,2.55,1.07,48.832499999999996
Nifty Bank,2015-08-21,18.92,2.5,1.09,47.300000000000004
Nifty Bank,2015-08-24,17.61,2.33,1.17,41.0313
Nifty Bank,2015-08-25,18.01,2.38,1.15,42.863800000000005
Nifty Bank,2015-08-26,17.72,2.35,1.16,41.641999999999996
Nifty Bank,2015-08-27,18.04,2.39,1.14,43.1156
Nifty Bank,2015-08-28,18.03,2.39,1.15,43.0917
Nifty Bank,2015-08-31,17.96,2.38,1.15,42.7448
Nifty Bank,2015-09-01,17.32,2.29,1.19,39.662800000000004
Nifty Bank,2015-09-02,17.03,2.25,1.21,38.3175
Nifty Bank,2015-09-03,17.34,2.3,1.19,39.882
Nifty Bank,2015-09-04,16.9,2.24,1.22,37.856
Nifty Bank,2015-09-07,16.56,2.19,1.25,36.2664
Nifty Bank,2015-09-08,17.15,2.27,1.20,38.930499999999995
Nifty Bank,2015-09-09,17.44,2.31,1.18,40.2864
Nifty Bank,2015-09-10,17.41,2.3,1.19,40.043
Nifty Bank,2015-09-11,17.42,2.31,1.19,40.2402
Nifty Bank,2015-09-14,17.74,2.35,1.16,41.689
Nifty Bank,2015-09-15,17.56,2.32,1.18,40.7392
Nifty Bank,2015-09-16,17.79,2.36,1.16,41.984399999999994
Nifty Bank,2015-09-18,18.26,2.42,1.13,44.1892
Nifty Bank,2015-09-21,18.4,2.44,1.12,44.895999999999994
Nifty Bank,2015-09-22,17.86,2.36,1.16,42.1496
Nifty Bank,2015-09-23,18.1,2.4,1.14,43.440000000000005
Nifty Bank,2015-09-24,18.04,2.39,1.14,43.1156
Nifty Bank,2015-09-28,17.93,2.37,1.15,42.4941
Nifty Bank,2015-09-29,18.12,2.4,1.14,43.488
Nifty Bank,2015-09-30,18.06,2.39,1.14,43.163399999999996
Nifty Bank,2015-10-01,17.99,2.38,1.15,42.816199999999995
Nifty Bank,2015-10-05,18.54,2.45,1.11,45.423
Nifty Bank,2015-10-06,18.46,2.44,1.12,45.0424
Nifty Bank,2015-10-07,18.48,2.45,1.12,45.276
Nifty Bank,2015-10-08,18.33,2.43,1.13,44.5419
Nifty Bank,2015-10-09,18.45,2.44,1.12,45.018
Nifty Bank,2015-10-12,18.39,2.44,1.12,44.8716
Nifty Bank,2015-10-13,18.36,2.44,1.12,44.7984
Nifty Bank,2015-10-14,18.35,2.44,1.12,44.774
Nifty Bank,2015-10-15,18.5,2.46,1.11,45.51
Nifty Bank,2015-10-16,18.73,2.49,1.10,46.6377
Nifty Bank,2015-10-19,18.69,2.48,1.10,46.351200000000006
Nifty Bank,2015-10-20,18.66,2.48,1.10,46.2768
Nifty Bank,2015-10-21,18.54,2.46,1.11,45.608399999999996
Nifty Bank,2015-10-23,18.59,2.5,1.10,46.475
Nifty Bank,2015-10-26,18.47,2.48,1.10,45.8056
Nifty Bank,2015-10-27,18.54,2.5,1.10,46.349999999999994
Nifty Bank,2015-10-28,18.09,2.44,1.13,44.1396
Nifty Bank,2015-10-29,17.93,2.41,1.14,43.2113
Nifty Bank,2015-10-30,17.98,2.43,1.13,43.6914
Nifty Bank,2015-11-02,17.96,2.43,1.13,43.64280000000001
Nifty Bank,2015-11-03,17.95,2.43,1.13,43.618500000000004
Nifty Bank,2015-11-04,17.66,2.41,1.14,42.5606
Nifty Bank,2015-11-05,17.44,2.38,1.15,41.507200000000005
Nifty Bank,2015-11-06,17.54,2.4,1.15,42.096
Nifty Bank,2015-11-09,17.53,2.4,1.14,42.072
Nifty Bank,2015-11-10,17.36,2.38,1.16,41.31679999999999
Nifty Bank,2015-11-11,17.48,2.39,1.15,41.7772
Nifty Bank,2015-11-13,17.69,2.39,1.15,42.27910000000001
Nifty Bank,2015-11-16,17.95,2.43,1.13,43.618500000000004
Nifty Bank,2015-11-17,17.9,2.42,1.14,43.318
Nifty Bank,2015-11-18,17.56,2.37,1.16,41.6172
Nifty Bank,2015-11-19,17.83,2.41,1.14,42.9703
Nifty Bank,2015-11-20,17.82,2.41,1.14,42.946200000000005
Nifty Bank,2015-11-23,17.82,2.41,1.14,42.946200000000005
Nifty Bank,2015-11-24,17.75,2.4,1.15,42.6
Nifty Bank,2015-11-26,17.8,2.41,1.14,42.898
Nifty Bank,2015-11-27,18.14,2.45,1.12,44.443000000000005
Nifty Bank,2015-11-30,18.21,2.46,1.12,44.7966
Nifty Bank,2015-12-01,18.17,2.46,1.12,44.69820000000001
Nifty Bank,2015-12-02,17.99,2.43,1.13,43.7157
Nifty Bank,2015-12-03,17.87,2.42,1.14,43.245400000000004
Nifty Bank,2015-12-04,17.65,2.39,1.15,42.1835
Nifty Bank,2015-12-07,17.7,2.39,1.15,42.303
Nifty Bank,2015-12-08,17.55,2.37,1.16,41.593500000000006
Nifty Bank,2015-12-09,17.4,2.35,1.17,40.89
Nifty Bank,2015-12-10,17.46,2.36,1.16,41.2056
Nifty Bank,2015-12-11,17.07,2.31,1.19,39.4317
Nifty Bank,2015-12-14,17.09,2.31,1.19,39.4779
Nifty Bank,2015-12-15,17.14,2.32,1.19,39.7648
Nifty Bank,2015-12-16,17.33,2.34,1.17,40.55219999999999
Nifty Bank,2015-12-17,17.5,2.37,1.16,41.475
Nifty Bank,2015-12-18,17.34,2.34,1.17,40.575599999999994
Nifty Bank,2015-12-21,17.59,2.38,1.16,41.8642
Nifty Bank,2015-12-22,17.51,2.37,1.16,41.49870000000001
Nifty Bank,2015-12-23,17.65,2.39,1.15,42.1835
Nifty Bank,2015-12-24,17.57,2.38,1.16,41.8166
Nifty Bank,2015-12-28,17.75,2.4,1.15,42.6
Nifty Bank,2015-12-29,17.76,2.4,1.14,42.624
Nifty Bank,2015-12-30,17.68,2.39,1.15,42.2552
Nifty Bank,2015-12-31,17.69,2.39,1.15,42.27910000000001
Nifty Bank,2016-01-01,17.81,2.41,1.14,42.9221
Nifty Bank,2016-01-04,17.35,2.35,1.17,40.77250000000001
Nifty Bank,2016-01-05,17.29,2.34,1.18,40.4586
Nifty Bank,2016-01-06,17.18,2.32,1.18,39.8576
Nifty Bank,2016-01-07,16.8,2.27,1.21,38.136
Nifty Bank,2016-01-08,16.87,2.28,1.21,38.4636
Nifty Bank,2016-01-11,16.75,2.26,1.21,37.855
Nifty Bank,2016-01-12,16.45,2.22,1.24,36.519
Nifty Bank,2016-01-13,16.6,2.24,1.23,37.184000000000005
Nifty Bank,2016-01-14,16.32,2.21,1.25,36.0672
Nifty Bank,2016-01-15,15.9,2.15,1.28,34.185
Nifty Bank,2016-01-18,15.71,2.12,1.29,33.305200000000006
Nifty Bank,2016-01-19,15.93,2.16,1.27,34.4088
Nifty Bank,2016-01-20,15.58,2.11,1.30,32.873799999999996
Nifty Bank,2016-01-21,15.75,2.13,1.29,33.5475
Nifty Bank,2016-01-22,16.09,2.19,1.25,35.2371
Nifty Bank,2016-01-25,16.15,2.2,1.25,35.53
Nifty Bank,2016-01-27,16.12,2.2,1.25,35.464000000000006
Nifty Bank,2016-01-28,15.96,2.17,1.26,34.6332
Nifty Bank,2016-01-29,16.11,2.19,1.25,35.280899999999995
Nifty Bank,2016-02-01,15.84,2.16,1.27,34.214400000000005
Nifty Bank,2016-02-02,15.55,2.13,1.29,33.1215
Nifty Bank,2016-02-03,15.31,2.1,1.31,32.151
Nifty Bank,2016-02-04,15.34,2.1,1.31,32.214
Nifty Bank,2016-02-05,15.64,2.14,1.28,33.4696
Nifty Bank,2016-02-08,15.53,2.13,1.29,33.0789
Nifty Bank,2016-02-09,15.35,2.1,1.31,32.235
Nifty Bank,2016-02-10,15.05,2.06,1.33,31.003000000000004
Nifty Bank,2016-02-11,14.58,1.98,1.39,28.8684
Nifty Bank,2016-02-12,14.52,1.97,1.39,28.6044
Nifty Bank,2016-02-15,16.01,2.04,1.35,32.6604
Nifty Bank,2016-02-16,15.7,2.0,1.37,31.4
Nifty Bank,2016-02-17,15.65,2.0,1.38,31.3
Nifty Bank,2016-02-18,15.85,2.02,1.36,32.017
Nifty Bank,2016-02-19,15.9,2.03,1.36,32.277
Nifty Bank,2016-02-22,15.95,2.03,1.35,32.378499999999995
Nifty Bank,2016-02-23,15.53,1.98,1.39,30.749399999999998
Nifty Bank,2016-02-24,15.29,1.95,1.41,29.815499999999997
Nifty Bank,2016-02-25,15.03,1.92,1.43,28.857599999999998
Nifty Bank,2016-02-26,15.33,1.94,1.41,29.740199999999998
Nifty Bank,2016-02-29,15.5,1.96,1.40,30.38
Nifty Bank,2016-03-01,16.02,2.03,1.35,32.520599999999995
Nifty Bank,2016-03-02,16.77,2.13,1.29,35.720099999999995
Nifty Bank,2016-03-03,16.87,2.14,1.28,36.101800000000004
Nifty Bank,2016-03-04,17.05,2.16,1.27,36.828
Nifty Bank,2016-03-08,16.83,2.13,1.29,35.847899999999996
Nifty Bank,2016-03-09,16.98,2.15,1.28,36.507
Nifty Bank,2016-03-10,16.87,2.14,1.28,36.101800000000004
Nifty Bank,2016-03-11,16.86,2.14,1.28,36.0804
Nifty Bank,2016-03-14,16.98,2.15,1.28,36.507
Nifty Bank,2016-03-15,17.03,2.16,1.27,36.784800000000004
Nifty Bank,2016-03-16,17.18,2.18,1.26,37.452400000000004
Nifty Bank,2016-03-17,17.16,2.17,1.26,37.2372
Nifty Bank,2016-03-18,17.4,2.2,1.24,38.28
Nifty Bank,2016-03-21,17.7,2.24,1.22,39.648
Nifty Bank,2016-03-22,17.71,2.24,1.22,39.67040000000001
Nifty Bank,2016-03-23,17.66,2.24,1.23,39.558400000000006
Nifty Bank,2016-03-28,17.34,2.2,1.25,38.148
Nifty Bank,2016-03-29,17.41,2.21,1.24,38.4761
Nifty Bank,2016-03-30,17.93,2.27,1.21,40.7011
Nifty Bank,2016-03-31,17.94,2.27,1.21,40.723800000000004
Nifty Bank,2016-04-01,17.98,2.28,1.20,40.9944
Nifty Bank,2016-04-04,17.99,2.28,1.20,41.017199999999995
Nifty Bank,2016-04-05,17.44,2.21,1.24,38.5424
Nifty Bank,2016-04-06,17.38,2.2,1.25,38.236000000000004
Nifty Bank,2016-04-07,17.26,2.19,1.25,37.799400000000006
Nifty Bank,2016-04-08,17.3,2.19,1.25,37.887
Nifty Bank,2016-04-11,17.58,2.23,1.23,39.203399999999995
Nifty Bank,2016-04-12,17.65,2.24,1.23,39.536
Nifty Bank,2016-04-13,18.09,2.29,1.20,41.4261
Nifty Bank,2016-04-18,18.03,2.28,1.20,41.108399999999996
Nifty Bank,2016-04-20,18.17,2.3,1.19,41.791000000000004
Nifty Bank,2016-04-21,18.49,2.34,1.17,43.2666
Nifty Bank,2016-04-22,18.56,2.35,1.17,43.616
Nifty Bank,2016-04-25,18.44,2.35,1.17,43.334
Nifty Bank,2016-04-26,18.79,2.39,1.15,44.9081
Nifty Bank,2016-04-27,18.66,2.38,1.15,44.4108
Nifty Bank,2016-04-28,18.49,2.35,1.17,43.451499999999996
Nifty Bank,2016-04-29,18.35,2.37,1.16,43.48950000000001
Nifty Bank,2016-05-02,18.08,2.33,1.18,42.1264
Nifty Bank,2016-05-03,17.91,2.31,1.19,41.3721
Nifty Bank,2016-05-04,17.91,2.29,1.20,41.0139
Nifty Bank,2016-05-05,17.87,2.29,1.20,40.9223
Nifty Bank,2016-05-06,17.88,2.29,1.20,40.9452
Nifty Bank,2016-05-09,18.31,2.35,1.17,43.0285
Nifty Bank,2016-05-10,18.42,2.36,1.16,43.4712
Nifty Bank,2016-05-11,18.38,2.36,1.16,43.376799999999996
Nifty Bank,2016-05-12,18.57,2.38,1.15,44.1966
Nifty Bank,2016-05-13,18.34,2.35,1.17,43.099000000000004
Nifty Bank,2016-05-16,19.17,2.36,1.16,45.2412
Nifty Bank,2016-05-17,19.2,2.36,1.16,45.312
Nifty Bank,2016-05-18,19.16,2.36,1.16,45.2176
Nifty Bank,2016-05-19,18.97,2.33,1.18,44.2001
Nifty Bank,2016-05-20,18.88,2.31,1.19,43.6128
Nifty Bank,2016-05-23,18.74,2.3,1.19,43.10199999999999
Nifty Bank,2016-05-24,20.0,2.3,1.19,46.0
Nifty Bank,2016-05-25,22.12,2.38,1.15,52.6456
Nifty Bank,2016-05-26,23.37,2.43,1.13,56.789100000000005
Nifty Bank,2016-05-27,23.43,2.48,1.11,58.1064
Nifty Bank,2016-05-30,25.2,2.48,1.11,62.495999999999995
Nifty Bank,2016-05-31,25.35,2.49,1.10,63.12150000000001
Nifty Bank,2016-06-01,25.06,2.47,1.11,61.8982
Nifty Bank,2016-06-02,25.27,2.49,1.10,62.92230000000001
Nifty Bank,2016-06-03,25.43,2.5,1.10,63.575
Nifty Bank,2016-06-06,25.42,2.5,1.10,63.550000000000004
Nifty Bank,2016-06-07,25.82,2.54,1.08,65.5828
Nifty Bank,2016-06-08,25.82,2.54,1.08,65.5828
Nifty Bank,2016-06-09,25.73,2.53,1.08,65.09689999999999
Nifty Bank,2016-06-10,25.65,2.48,0.92,63.611999999999995
Nifty Bank,2016-06-13,25.31,2.45,0.93,62.0095
Nifty Bank,2016-06-14,25.42,2.46,0.92,62.5332
Nifty Bank,2016-06-15,25.77,2.49,0.91,64.1673
Nifty Bank,2016-06-16,25.42,2.46,0.93,62.5332
Nifty Bank,2016-06-17,25.46,2.42,0.89,61.6132
Nifty Bank,2016-06-20,25.49,2.42,0.89,61.68579999999999
Nifty Bank,2016-06-21,25.35,2.41,0.90,61.093500000000006
Nifty Bank,2016-06-22,25.36,2.41,0.90,61.1176
Nifty Bank,2016-06-23,25.74,2.44,0.88,62.8056
Nifty Bank,2016-06-24,25.07,2.3,0.86,57.660999999999994
Nifty Bank,2016-06-27,25.2,2.31,0.85,58.211999999999996
Nifty Bank,2016-06-28,25.26,2.32,0.85,58.6032
Nifty Bank,2016-06-29,25.45,2.33,0.85,59.2985
Nifty Bank,2016-06-30,25.8,2.37,0.83,61.14600000000001
Nifty Bank,2016-07-01,25.87,2.37,0.83,61.31190000000001
Nifty Bank,2016-07-04,26.03,2.39,0.83,62.21170000000001
Nifty Bank,2016-07-05,25.9,2.38,0.83,61.641999999999996
Nifty Bank,2016-07-07,26.02,2.39,0.83,62.1878
Nifty Bank,2016-07-08,25.92,2.38,0.83,61.6896
Nifty Bank,2016-07-11,26.46,2.43,0.81,64.29780000000001
Nifty Bank,2016-07-12,26.75,2.46,0.80,65.80499999999999
Nifty Bank,2016-07-13,26.68,2.46,0.80,65.6328
Nifty Bank,2016-07-14,27.03,2.49,0.79,67.30470000000001
Nifty Bank,2016-07-15,27.16,2.5,0.79,67.9
Nifty Bank,2016-07-18,27.12,2.5,0.79,67.8
Nifty Bank,2016-07-19,27.09,2.49,0.79,67.45410000000001
Nifty Bank,2016-07-20,27.18,2.5,0.79,67.95
Nifty Bank,2016-07-21,26.76,2.46,0.80,65.8296
Nifty Bank,2016-07-22,26.78,2.47,0.80,66.1466
Nifty Bank,2016-07-25,27.21,2.4,0.81,65.304
Nifty Bank,2016-07-26,27.03,2.38,0.82,64.3314
Nifty Bank,2016-07-27,27.26,2.4,0.81,65.424
Nifty Bank,2016-07-28,26.99,2.41,0.81,65.0459
Nifty Bank,2016-07-29,26.82,2.39,0.81,64.0998
Nifty Bank,2016-08-01,26.52,2.36,0.82,62.587199999999996
Nifty Bank,2016-08-02,26.47,2.36,0.82,62.469199999999994
Nifty Bank,2016-08-03,26.32,2.35,0.83,61.852000000000004
Nifty Bank,2016-08-04,26.28,2.34,0.83,61.4952
Nifty Bank,2016-08-05,26.78,2.39,0.81,64.00420000000001
Nifty Bank,2016-08-08,26.8,2.39,0.81,64.052
Nifty Bank,2016-08-09,26.79,2.39,0.81,64.0281
Nifty Bank,2016-08-10,26.39,2.35,0.82,62.0165
Nifty Bank,2016-08-11,26.38,2.35,0.83,61.993
Nifty Bank,2016-08-12,26.84,2.39,0.81,64.1476
Nifty Bank,2016-08-16,26.89,2.4,0.81,64.536
Nifty Bank,2016-08-17,26.94,2.4,0.81,64.656
Nifty Bank,2016-08-18,27.39,2.44,0.79,66.8316
Nifty Bank,2016-08-19,27.47,2.45,0.79,67.3015
Nifty Bank,2016-08-22,27.35,2.44,0.80,66.73400000000001
Nifty Bank,2016-08-23,28.85,2.44,0.80,70.394
Nifty Bank,2016-08-24,28.87,2.44,0.79,70.4428
Nifty Bank,2016-08-25,28.79,2.43,0.80,69.9597
Nifty Bank,2016-08-26,28.34,2.43,0.79,68.8662
Nifty Bank,2016-08-29,28.37,2.43,0.79,68.93910000000001
Nifty Bank,2016-08-30,28.83,2.47,0.78,71.2101
Nifty Bank,2016-08-31,29.21,2.5,0.77,73.025
Nifty Bank,2016-09-01,29.21,2.5,0.77,73.025
Nifty Bank,2016-09-02,29.35,2.51,0.76,73.6685
Nifty Bank,2016-09-06,30.15,2.58,0.74,77.78699999999999
Nifty Bank,2016-09-07,30.12,2.58,0.74,77.70960000000001
Nifty Bank,2016-09-08,30.14,2.58,0.74,77.7612
Nifty Bank,2016-09-09,29.88,2.56,0.75,76.4928
Nifty Bank,2016-09-12,29.44,2.5,0.77,73.60000000000001
Nifty Bank,2016-09-14,29.62,2.52,0.76,74.64240000000001
Nifty Bank,2016-09-15,29.51,2.51,0.77,74.0701
Nifty Bank,2016-09-16,29.54,2.51,0.77,74.1454
Nifty Bank,2016-09-19,29.61,2.52,0.76,74.6172
Nifty Bank,2016-09-20,29.53,2.51,0.77,74.1203
Nifty Bank,2016-09-21,29.77,2.51,0.77,74.72269999999999
Nifty Bank,2016-09-22,30.19,2.54,0.76,76.68260000000001
Nifty Bank,2016-09-23,29.88,2.52,0.76,75.2976
Nifty Bank,2016-09-26,29.41,2.48,0.78,72.9368
Nifty Bank,2016-09-27,29.3,2.47,0.78,72.37100000000001
Nifty Bank,2016-09-28,29.51,2.48,0.77,73.18480000000001
Nifty Bank,2016-09-29,28.8,2.43,0.79,69.98400000000001
Nifty Bank,2016-09-30,28.95,2.44,0.79,70.63799999999999
Nifty Bank,2016-10-03,29.41,2.48,0.78,72.9368
Nifty Bank,2016-10-04,29.53,2.49,0.77,73.5297
Nifty Bank,2016-10-05,29.33,2.47,0.78,72.4451
Nifty Bank,2016-10-06,29.12,2.45,0.78,71.34400000000001
Nifty Bank,2016-10-07,29.12,2.45,0.78,71.34400000000001
Nifty Bank,2016-10-10,29.09,2.45,0.78,71.2705
Nifty Bank,2016-10-13,28.46,2.4,0.80,68.304
Nifty Bank,2016-10-14,28.55,2.4,0.80,68.52
Nifty Bank,2016-10-17,28.63,2.41,0.80,68.9983
Nifty Bank,2016-10-18,29.27,2.46,0.78,72.0042
Nifty Bank,2016-10-19,29.14,2.45,0.78,71.393
Nifty Bank,2016-10-20,29.51,2.49,0.77,73.47990000000001
Nifty Bank,2016-10-21,29.31,2.49,0.77,72.9819
Nifty Bank,2016-10-24,29.45,2.5,0.77,73.625
Nifty Bank,2016-10-25,29.49,2.51,0.77,74.01989999999999
Nifty Bank,2016-10-26,30.17,2.46,0.78,74.21820000000001
Nifty Bank,2016-10-27,30.28,2.47,0.78,74.7916
Nifty Bank,2016-10-28,30.35,2.47,0.78,74.96450000000002
Nifty Bank,2016-10-30,30.3,2.47,0.78,74.84100000000001
Nifty Bank,2016-11-01,30.19,2.46,0.78,74.2674
Nifty Bank,2016-11-02,29.84,2.43,0.79,72.5112
Nifty Bank,2016-11-03,29.76,2.42,0.79,72.0192
Nifty Bank,2016-11-04,29.57,2.41,0.80,71.2637
Nifty Bank,2016-11-07,29.53,2.45,0.79,72.3485
Nifty Bank,2016-11-08,29.78,2.47,0.78,73.5566
Nifty Bank,2016-11-09,29.81,2.47,0.78,73.6307
Nifty Bank,2016-11-10,30.85,2.55,0.75,78.6675
Nifty Bank,2016-11-11,30.1,2.5,0.77,75.25
Nifty Bank,2016-11-15,29.49,2.44,0.79,71.95559999999999
Nifty Bank,2016-11-16,29.21,2.42,0.80,70.6882
Nifty Bank,2016-11-17,29.1,2.41,0.80,70.13100000000001
Nifty Bank,2016-11-18,28.72,2.4,0.80,68.928
Nifty Bank,2016-11-21,27.95,2.33,0.82,65.1235
Nifty Bank,2016-11-22,28.1,2.34,0.82,65.754
Nifty Bank,2016-11-23,28.09,2.34,0.82,65.7306
Nifty Bank,2016-11-24,27.66,2.31,0.83,63.894600000000004
Nifty Bank,2016-11-25,27.79,2.36,0.82,65.58439999999999
Nifty Bank,2016-11-28,27.48,2.34,0.82,64.3032
Nifty Bank,2016-11-29,27.36,2.33,0.83,63.7488
Nifty Bank,2016-11-30,27.97,2.38,0.81,66.56859999999999
Nifty Bank,2016-12-01,27.67,2.35,0.82,65.0245
Nifty Bank,2016-12-02,27.4,2.33,0.83,63.842
Nifty Bank,2016-12-05,27.64,2.35,0.82,64.95400000000001
Nifty Bank,2016-12-06,27.66,2.35,0.82,65.001
Nifty Bank,2016-12-07,27.38,2.33,0.83,63.7954
Nifty Bank,2016-12-08,27.8,2.36,0.82,65.608
Nifty Bank,2016-12-09,28.07,2.39,0.81,67.0873
Nifty Bank,2016-12-12,27.62,2.35,0.82,64.90700000000001
Nifty Bank,2016-12-13,27.73,2.36,0.82,65.44279999999999
Nifty Bank,2016-12-14,27.54,2.34,0.82,64.44359999999999
Nifty Bank,2016-12-15,27.63,2.35,0.82,64.9305
Nifty Bank,2016-12-16,27.5,2.34,0.82,64.35
Nifty Bank,2016-12-19,27.41,2.33,0.83,63.865300000000005
Nifty Bank,2016-12-20,27.13,2.31,0.84,62.6703
Nifty Bank,2016-12-21,27.15,2.31,0.83,62.716499999999996
Nifty Bank,2016-12-22,26.86,2.28,0.84,61.24079999999999
Nifty Bank,2016-12-23,26.85,2.28,0.84,61.217999999999996
Nifty Bank,2016-12-26,26.51,2.25,0.86,59.6475
Nifty Bank,2016-12-27,26.85,2.28,0.84,61.217999999999996
Nifty Bank,2016-12-28,26.84,2.28,0.84,61.19519999999999
Nifty Bank,2016-12-29,27.08,2.3,0.84,62.28399999999999
Nifty Bank,2016-12-30,27.29,2.32,0.83,63.312799999999996
Nifty Bank,2017-01-02,26.98,2.29,0.84,61.7842
Nifty Bank,2017-01-03,27.08,2.3,0.84,62.28399999999999
Nifty Bank,2017-01-04,26.86,2.28,0.84,61.24079999999999
Nifty Bank,2017-01-05,27.2,2.31,0.83,62.832
Nifty Bank,2017-01-06,27.42,2.33,0.83,63.888600000000004
Nifty Bank,2017-01-09,27.46,2.33,0.83,63.98180000000001
Nifty Bank,2017-01-10,27.64,2.35,0.82,64.95400000000001
Nifty Bank,2017-01-11,28.13,2.4,0.80,67.512
Nifty Bank,2017-01-12,28.2,2.41,0.80,67.962
Nifty Bank,2017-01-13,28.25,2.41,0.80,68.08250000000001
Nifty Bank,2017-01-16,28.53,2.44,0.79,69.6132
Nifty Bank,2017-01-17,28.48,2.43,0.79,69.2064
Nifty Bank,2017-01-18,28.63,2.45,0.79,70.1435
Nifty Bank,2017-01-19,28.57,2.44,0.79,69.7108
Nifty Bank,2017-01-20,29.07,2.4,0.80,69.768
Nifty Bank,2017-01-23,29.02,2.41,0.80,69.93820000000001
Nifty Bank,2017-01-24,28.87,2.43,0.79,70.15410000000001
Nifty Bank,2017-01-25,29.56,2.49,0.78,73.6044
Nifty Bank,2017-01-27,29.74,2.52,0.77,74.9448
Nifty Bank,2017-01-30,29.56,2.5,0.77,73.89999999999999
Nifty Bank,2017-01-31,29.45,2.49,0.77,73.3305
Nifty Bank,2017-02-01,30.22,2.56,0.75,77.36319999999999
Nifty Bank,2017-02-02,30.93,2.56,0.75,79.1808
Nifty Bank,2017-02-03,31.12,2.58,0.75,80.28960000000001
Nifty Bank,2017-02-06,31.39,2.6,0.74,81.614
Nifty Bank,2017-02-07,31.32,2.59,0.74,81.1188
Nifty Bank,2017-02-08,31.2,2.58,0.75,80.496
Nifty Bank,2017-02-09,31.05,2.57,0.75,79.79849999999999
Nifty Bank,2017-02-10,31.15,2.58,0.75,80.367
Nifty Bank,2017-02-13,29.26,2.59,0.75,75.7834
Nifty Bank,2017-02-14,29.26,2.59,0.75,75.7834
Nifty Bank,2017-02-15,29.13,2.57,0.75,74.8641
Nifty Bank,2017-02-16,29.24,2.58,0.75,75.4392
Nifty Bank,2017-02-17,29.11,2.62,0.73,76.26820000000001
Nifty Bank,2017-02-20,29.23,2.64,0.73,77.16720000000001
Nifty Bank,2017-02-21,29.49,2.66,0.72,78.4434
Nifty Bank,2017-02-22,29.5,2.67,0.72,78.765
Nifty Bank,2017-02-23,29.51,2.67,0.72,78.7917
Nifty Bank,2017-02-27,29.26,2.64,0.73,77.24640000000001
Nifty Bank,2017-02-28,29.25,2.64,0.73,77.22
Nifty Bank,2017-03-01,29.5,2.67,0.72,78.765
Nifty Bank,2017-03-02,29.19,2.64,0.73,77.06160000000001
Nifty Bank,2017-03-03,29.09,2.63,0.73,76.5067
Nifty Bank,2017-03-06,29.33,2.65,0.73,77.72449999999999
Nifty Bank,2017-03-07,29.28,2.65,0.73,77.592
Nifty Bank,2017-03-08,29.35,2.65,0.73,77.7775
Nifty Bank,2017-03-09,29.41,2.66,0.73,78.23060000000001
Nifty Bank,2017-03-10,29.42,2.66,0.73,78.25720000000001
Nifty Bank,2017-03-14,29.96,2.71,0.71,81.19160000000001
Nifty Bank,2017-03-15,30.03,2.71,0.71,81.3813
Nifty Bank,2017-03-16,30.16,2.72,0.71,82.0352
Nifty Bank,2017-03-17,30.06,2.72,0.71,81.7632
Nifty Bank,2017-03-20,29.97,2.71,0.71,81.2187
Nifty Bank,2017-03-21,29.84,2.7,0.72,80.568
Nifty Bank,2017-03-22,29.5,2.66,0.72,78.47
Nifty Bank,2017-03-23,29.66,2.68,0.72,79.48880000000001
Nifty Bank,2017-03-24,29.98,2.71,0.71,81.2458
Nifty Bank,2017-03-27,29.89,2.7,0.71,80.703
Nifty Bank,2017-03-28,30.13,2.72,0.71,81.95360000000001
Nifty Bank,2017-03-29,30.37,2.74,0.70,83.2138
Nifty Bank,2017-03-30,30.69,2.77,0.70,85.0113
Nifty Bank,2017-03-31,29.32,2.77,0.70,81.21640000000001
Nifty Bank,2017-04-03,29.47,2.78,0.70,81.9266
Nifty Bank,2017-04-05,29.61,2.79,0.69,82.6119
Nifty Bank,2017-04-06,29.57,2.79,0.70,82.5003
Nifty Bank,2017-04-07,29.31,2.77,0.70,81.1887
Nifty Bank,2017-04-10,29.43,2.78,0.70,81.8154
Nifty Bank,2017-04-11,29.72,2.81,0.69,83.5132
Nifty Bank,2017-04-12,29.63,2.8,0.69,82.964
Nifty Bank,2017-04-13,29.66,2.8,0.69,83.048
Nifty Bank,2017-04-17,29.6,2.79,0.70,82.584
Nifty Bank,2017-04-18,29.64,2.8,0.69,82.99199999999999
Nifty Bank,2017-04-19,29.48,2.78,0.70,81.95439999999999
Nifty Bank,2017-04-20,29.39,2.77,0.70,81.4103
Nifty Bank,2017-04-21,29.47,2.78,0.70,81.9266
Nifty Bank,2017-04-24,30.01,2.84,0.69,85.2284
Nifty Bank,2017-04-25,30.28,2.86,0.68,86.60079999999999
Nifty Bank,2017-04-26,30.53,2.89,0.67,88.2317
Nifty Bank,2017-04-27,30.65,2.9,0.67,88.88499999999999
Nifty Bank,2017-04-28,30.69,2.9,0.67,89.001
Nifty Bank,2017-05-02,30.67,2.9,0.67,88.943
Nifty Bank,2017-05-03,30.62,2.89,0.67,88.49180000000001
Nifty Bank,2017-05-04,31.19,2.95,0.66,92.01050000000001
Nifty Bank,2017-05-05,31.03,2.93,0.66,90.9179
Nifty Bank,2017-05-08,31.25,2.95,0.66,92.1875
Nifty Bank,2017-05-09,31.17,2.95,0.66,91.95150000000001
Nifty Bank,2017-05-10,31.34,2.96,0.66,92.7664
Nifty Bank,2017-05-11,31.32,2.96,0.66,92.7072
Nifty Bank,2017-05-12,31.12,2.94,0.66,91.4928
Nifty Bank,2017-05-15,31.33,2.96,0.66,92.73679999999999
Nifty Bank,2017-05-16,31.48,2.97,0.65,93.49560000000001
Nifty Bank,2017-05-17,30.58,2.98,0.65,91.1284
Nifty Bank,2017-05-18,30.27,2.94,0.66,88.9938
Nifty Bank,2017-05-19,30.36,2.95,0.66,89.562
Nifty Bank,2017-05-22,30.2,2.94,0.66,88.788
Nifty Bank,2017-05-23,30.11,2.93,0.66,88.2223
Nifty Bank,2017-05-24,30.05,2.92,0.66,87.746
Nifty Bank,2017-05-25,29.64,3.01,0.65,89.2164
Nifty Bank,2017-05-26,29.9,2.99,0.60,89.401
Nifty Bank,2017-05-29,29.15,2.97,0.61,86.5755
Nifty Bank,2017-05-30,29.3,2.98,0.61,87.31400000000001
Nifty Bank,2017-05-31,29.45,2.98,0.60,87.761
Nifty Bank,2017-06-01,29.31,2.96,0.60,86.7576
Nifty Bank,2017-06-02,29.39,2.97,0.60,87.2883
Nifty Bank,2017-06-05,29.5,2.98,0.60,87.91
Nifty Bank,2017-06-06,29.44,2.97,0.60,87.4368
Nifty Bank,2017-06-07,29.63,2.99,0.59,88.5937
Nifty Bank,2017-06-08,29.59,2.99,0.59,88.4741
Nifty Bank,2017-06-09,29.79,3.01,0.59,89.66789999999999
Nifty Bank,2017-06-12,29.51,2.98,0.60,87.9398
Nifty Bank,2017-06-13,29.52,2.98,0.60,87.9696
Nifty Bank,2017-06-14,29.54,2.99,0.59,88.3246
Nifty Bank,2017-06-15,29.41,2.97,0.60,87.3477
Nifty Bank,2017-06-16,26.85,2.85,0.31,76.52250000000001
Nifty Bank,2017-06-19,26.56,2.88,0.31,76.49279999999999
Nifty Bank,2017-06-20,26.52,2.88,0.31,76.3776
Nifty Bank,2017-06-21,26.53,2.88,0.31,76.4064
Nifty Bank,2017-06-22,26.56,2.88,0.31,76.49279999999999
Nifty Bank,2017-06-23,26.47,2.85,0.31,75.4395
Nifty Bank,2017-06-27,26.1,2.81,0.32,73.34100000000001
Nifty Bank,2017-06-28,26.12,2.82,0.32,73.6584
Nifty Bank,2017-06-29,26.12,2.81,0.32,73.3972
Nifty Bank,2017-06-30,26.1,2.8,0.32,73.08
Nifty Bank,2017-07-03,26.17,2.81,0.32,73.5377
Nifty Bank,2017-07-04,26.1,2.8,0.32,73.08
Nifty Bank,2017-07-05,26.26,2.82,0.32,74.0532
Nifty Bank,2017-07-06,26.38,2.83,0.32,74.6554
Nifty Bank,2017-07-07,26.36,2.83,0.32,74.5988
Nifty Bank,2017-07-10,26.68,2.87,0.31,76.5716
Nifty Bank,2017-07-11,26.58,2.86,0.31,76.0188
Nifty Bank,2017-07-12,26.71,2.87,0.31,76.6577
Nifty Bank,2017-07-13,26.92,2.89,0.31,77.79880000000001
Nifty Bank,2017-07-14,26.98,2.9,0.31,78.242
Nifty Bank,2017-07-17,27.07,2.91,0.31,78.7737
Nifty Bank,2017-07-18,26.97,2.88,0.40,77.6736
Nifty Bank,2017-07-19,27.12,2.8,0.22,75.93599999999999
Nifty Bank,2017-07-20,27.18,2.81,0.22,76.3758
Nifty Bank,2017-07-21,27.23,2.81,0.22,76.5163
Nifty Bank,2017-07-24,27.42,2.83,0.21,77.5986
Nifty Bank,2017-07-25,27.53,2.84,0.21,78.1852
Nifty Bank,2017-07-26,27.7,2.86,0.21,79.222
Nifty Bank,2017-07-27,28.22,2.89,0.21,81.5558
Nifty Bank,2017-07-28,28.09,2.87,0.21,80.6183
Nifty Bank,2017-07-31,28.42,2.91,0.21,82.7022
Nifty Bank,2017-08-01,28.39,2.91,0.21,82.6149
Nifty Bank,2017-08-02,27.81,2.9,0.21,80.649
Nifty Bank,2017-08-03,27.36,2.86,0.21,78.2496
Nifty Bank,2017-08-04,27.66,2.88,0.21,79.6608
Nifty Bank,2017-08-07,27.87,2.89,0.21,80.5443
Nifty Bank,2017-08-08,27.53,2.85,0.21,78.46050000000001
Nifty Bank,2017-08-09,27.28,2.82,0.21,76.9296
Nifty Bank,2017-08-10,27.1,2.81,0.22,76.15100000000001
Nifty Bank,2017-08-11,26.84,2.76,0.19,74.07839999999999
Nifty Bank,2017-08-14,26.99,2.78,0.19,75.03219999999999
Nifty Bank,2017-08-16,27.35,2.81,0.19,76.85350000000001
Nifty Bank,2017-08-17,27.12,2.79,0.19,75.6648
Nifty Bank,2017-08-18,26.94,2.77,0.19,74.6238
Nifty Bank,2017-08-21,26.79,2.76,0.20,73.9404
Nifty Bank,2017-08-22,26.83,2.76,0.19,74.0508
Nifty Bank,2017-08-23,27.21,2.8,0.19,76.188
Nifty Bank,2017-08-24,27.16,2.79,0.19,75.7764
Nifty Bank,2017-08-28,27.28,2.81,0.19,76.6568
Nifty Bank,2017-08-29,27.0,2.78,0.19,75.05999999999999
Nifty Bank,2017-08-30,27.2,2.8,0.19,76.16
Nifty Bank,2017-08-31,27.21,2.8,0.19,76.188
Nifty Bank,2017-09-01,27.55,2.81,0.19,77.41550000000001
Nifty Bank,2017-09-04,27.33,2.79,0.19,76.2507
Nifty Bank,2017-09-05,27.43,2.8,0.19,76.80399999999999
Nifty Bank,2017-09-06,27.38,2.79,0.19,76.3902
Nifty Bank,2017-09-07,27.41,2.8,0.19,76.74799999999999
Nifty Bank,2017-09-08,27.48,2.81,0.19,77.2188
Nifty Bank,2017-09-11,27.82,2.84,0.19,79.0088
Nifty Bank,2017-09-12,27.95,2.85,0.19,79.6575
Nifty Bank,2017-09-13,28.0,2.86,0.19,80.08
Nifty Bank,2017-09-14,28.09,2.87,0.19,80.6183
Nifty Bank,2017-09-15,28.02,2.86,0.19,80.13719999999999
Nifty Bank,2017-09-18,28.24,2.88,0.19,81.3312
Nifty Bank,2017-09-19,28.24,2.88,0.19,81.3312
Nifty Bank,2017-09-20,28.15,2.87,0.19,80.7905
Nifty Bank,2017-09-21,27.97,2.85,0.19,79.7145
Nifty Bank,2017-09-22,27.48,2.81,0.19,77.2188
Nifty Bank,2017-09-25,27.25,2.78,0.19,75.755
Nifty Bank,2017-09-26,27.29,2.79,0.19,76.1391
Nifty Bank,2017-09-27,26.85,2.74,0.20,73.569
Nifty Bank,2017-09-28,27.07,2.76,0.19,74.7132
Nifty Bank,2017-09-29,27.41,2.8,0.19,76.74799999999999
Nifty Bank,2017-10-03,27.46,2.81,0.19,77.1626
Nifty Bank,2017-10-04,27.48,2.81,0.19,77.2188
Nifty Bank,2017-10-05,27.41,2.8,0.19,76.74799999999999
Nifty Bank,2017-10-06,27.56,2.82,0.19,77.71919999999999
Nifty Bank,2017-10-09,27.63,2.82,0.19,77.91659999999999
Nifty Bank,2017-10-10,27.74,2.83,0.19,78.5042
Nifty Bank,2017-10-11,27.47,2.81,0.19,77.19069999999999
Nifty Bank,2017-10-12,27.76,2.84,0.19,78.83840000000001
Nifty Bank,2017-10-13,28.13,2.87,0.19,80.7331
Nifty Bank,2017-10-16,28.04,2.88,0.19,80.75519999999999
Nifty Bank,2017-10-17,27.98,2.87,0.19,80.3026
Nifty Bank,2017-10-18,27.6,2.83,0.19,78.108
Nifty Bank,2017-10-19,27.25,2.8,0.19,76.3
Nifty Bank,2017-10-23,27.34,2.8,0.19,76.55199999999999
Nifty Bank,2017-10-24,27.39,2.82,0.19,77.2398
Nifty Bank,2017-10-25,28.31,2.92,0.18,82.6652
Nifty Bank,2017-10-26,28.3,2.91,0.18,82.35300000000001
Nifty Bank,2017-10-27,28.09,2.89,0.19,81.18010000000001
Nifty Bank,2017-10-30,28.26,2.91,0.18,82.23660000000001
Nifty Bank,2017-10-31,27.75,2.91,0.18,80.7525
Nifty Bank,2017-11-01,28.27,2.97,0.18,83.9619
Nifty Bank,2017-11-02,28.95,2.96,0.18,85.692
Nifty Bank,2017-11-03,29.21,2.99,0.18,87.3379
Nifty Bank,2017-11-06,29.12,2.98,0.18,86.7776
Nifty Bank,2017-11-07,28.81,2.95,0.18,84.9895
Nifty Bank,2017-11-08,28.68,2.93,0.18,84.03240000000001
Nifty Bank,2017-11-09,28.8,2.94,0.18,84.672
Nifty Bank,2017-11-10,29.03,2.97,0.18,86.21910000000001
Nifty Bank,2017-11-13,28.87,2.95,0.18,85.16650000000001
Nifty Bank,2017-11-14,28.79,2.94,0.18,84.6426
Nifty Bank,2017-11-15,28.71,2.94,0.18,84.4074
Nifty Bank,2017-11-16,28.97,2.96,0.18,85.7512
Nifty Bank,2017-11-17,29.29,3.0,0.18,87.87
Nifty Bank,2017-11-20,29.34,3.0,0.18,88.02
Nifty Bank,2017-11-21,29.33,3.0,0.18,87.99
Nifty Bank,2017-11-22,29.4,3.0,0.18,88.19999999999999
Nifty Bank,2017-11-23,29.7,3.0,0.18,89.1
Nifty Bank,2017-11-24,29.75,3.0,0.18,89.25
Nifty Bank,2017-11-27,29.88,3.01,0.18,89.93879999999999
Nifty Bank,2017-11-28,29.83,3.01,0.18,89.78829999999999
Nifty Bank,2017-11-29,29.77,3.0,0.18,89.31
Nifty Bank,2017-11-30,29.24,2.95,0.18,86.258
Nifty Bank,2017-12-01,29.07,2.93,0.18,85.1751
Nifty Bank,2017-12-04,28.94,2.92,0.18,84.5048
Nifty Bank,2017-12-05,29.0,2.93,0.18,84.97
Nifty Bank,2017-12-06,28.68,2.89,0.19,82.8852
Nifty Bank,2017-12-07,28.92,2.92,0.18,84.4464
Nifty Bank,2017-12-08,29.22,2.95,0.18,86.199
Nifty Bank,2017-12-11,29.32,2.96,0.18,86.7872
Nifty Bank,2017-12-12,29.0,2.93,0.18,84.97
Nifty Bank,2017-12-13,28.85,2.91,0.18,83.9535
Nifty Bank,2017-12-14,29.05,2.93,0.18,85.1165
Nifty Bank,2017-12-15,29.36,2.96,0.18,86.90559999999999
Nifty Bank,2017-12-18,29.54,2.98,0.18,88.0292
Nifty Bank,2017-12-19,29.68,2.99,0.18,88.7432
Nifty Bank,2017-12-20,29.54,2.98,0.18,88.0292
Nifty Bank,2017-12-21,29.49,2.98,0.18,87.88019999999999
Nifty Bank,2017-12-22,29.6,2.99,0.18,88.504
Nifty Bank,2017-12-26,29.63,2.99,0.18,88.5937
Nifty Bank,2017-12-27,29.43,2.97,0.18,87.4071
Nifty Bank,2017-12-28,29.42,2.97,0.18,87.37740000000001
Nifty Bank,2017-12-29,29.57,2.97,0.18,87.8229
Nifty Bank,2018-01-01,29.31,2.94,0.18,86.17139999999999
Nifty Bank,2018-01-02,29.33,2.94,0.18,86.2302
Nifty Bank,2018-01-03,29.31,2.94,0.18,86.17139999999999
Nifty Bank,2018-01-04,29.48,2.96,0.18,87.2608
Nifty Bank,2018-01-05,29.64,2.97,0.18,88.03080000000001
Nifty Bank,2018-01-08,29.73,2.98,0.18,88.5954
Nifty Bank,2018-01-09,29.76,2.99,0.18,88.98240000000001
Nifty Bank,2018-01-10,29.66,2.98,0.18,88.3868
Nifty Bank,2018-01-11,29.71,2.98,0.18,88.53580000000001
Nifty Bank,2018-01-12,29.69,2.99,0.18,88.77310000000001
Nifty Bank,2018-01-15,30.14,3.05,0.17,91.92699999999999
Nifty Bank,2018-01-16,30.03,3.04,0.17,91.2912
Nifty Bank,2018-01-17,30.4,3.08,0.16,93.63199999999999
Nifty Bank,2018-01-18,30.68,3.11,0.16,95.4148
Nifty Bank,2018-01-19,31.07,3.15,0.16,97.87049999999999
Nifty Bank,2018-01-22,31.22,3.17,0.16,98.9674
Nifty Bank,2018-01-23,31.14,3.21,0.16,99.9594
Nifty Bank,2018-01-24,30.93,3.21,0.16,99.28529999999999
Nifty Bank,2018-01-25,30.91,3.21,0.16,99.22109999999999
Nifty Bank,2018-01-29,30.97,3.22,0.16,99.7234
Nifty Bank,2018-01-30,30.71,3.19,0.16,97.9649
Nifty Bank,2018-01-31,30.84,3.21,0.16,98.9964
Nifty Bank,2018-02-01,30.66,3.19,0.16,97.8054
Nifty Bank,2018-02-02,29.79,3.1,0.16,92.349
Nifty Bank,2018-02-05,29.4,3.06,0.17,89.964
Nifty Bank,2018-02-06,29.07,3.02,0.17,87.7914
Nifty Bank,2018-02-07,28.91,3.01,0.17,87.0191
Nifty Bank,2018-02-08,29.2,3.04,0.17,88.768
Nifty Bank,2018-02-09,28.67,2.98,0.17,85.4366
Nifty Bank,2018-02-12,28.94,3.01,0.17,87.1094
Nifty Bank,2018-02-14,28.54,2.97,0.17,84.7638
Nifty Bank,2018-02-15,28.63,2.98,0.17,85.31739999999999
Nifty Bank,2018-02-16,28.92,2.95,0.17,85.31400000000001
Nifty Bank,2018-02-19,28.8,2.93,0.17,84.384
Nifty Bank,2018-02-20,28.58,2.91,0.17,83.1678
Nifty Bank,2018-02-21,28.66,2.92,0.17,83.6872
Nifty Bank,2018-02-22,30.37,2.92,0.17,88.6804
Nifty Bank,2018-02-23,30.8,2.96,0.18,91.168
Nifty Bank,2018-02-26,31.27,3.01,0.18,94.1227
Nifty Bank,2018-02-27,30.9,2.97,0.18,91.773
Nifty Bank,2018-02-28,30.56,2.94,0.18,89.84639999999999
Nifty Bank,2018-03-01,30.31,2.92,0.38,88.50519999999999
Nifty Bank,2018-03-05,30.21,2.91,0.38,87.9111
Nifty Bank,2018-03-06,29.76,2.86,0.39,85.1136
Nifty Bank,2018-03-07,29.38,2.83,0.60,83.1454
Nifty Bank,2018-03-08,29.79,2.87,0.59,85.4973
Nifty Bank,2018-03-09,29.57,2.84,0.60,83.97879999999999
Nifty Bank,2018-03-12,30.02,2.89,0.59,86.7578
Nifty Bank,2018-03-13,30.11,2.9,0.59,87.319
Nifty Bank,2018-03-14,30.25,2.91,0.59,88.0275
Nifty Bank,2018-03-15,30.18,2.9,0.59,87.52199999999999
Nifty Bank,2018-03-16,29.81,2.87,0.59,85.5547
Nifty Bank,2018-03-19,29.56,2.84,0.60,83.95039999999999
Nifty Bank,2018-03-20,29.47,2.83,0.60,83.4001
Nifty Bank,2018-03-21,29.58,2.84,0.60,84.0072
Nifty Bank,2018-03-22,29.44,2.83,0.60,83.3152
Nifty Bank,2018-03-23,28.86,2.77,0.61,79.9422
Nifty Bank,2018-03-26,29.56,2.84,0.60,83.95039999999999
Nifty Bank,2018-03-27,29.79,2.86,0.60,85.1994
Nifty Bank,2018-03-28,29.59,2.84,0.60,84.0356
Nifty Bank,2018-04-02,29.88,2.92,0.60,87.2496
Nifty Bank,2018-04-03,30.11,2.95,0.59,88.8245
Nifty Bank,2018-04-04,29.64,2.9,0.60,85.956
Nifty Bank,2018-04-05,30.41,2.98,0.59,90.6218
Nifty Bank,2018-04-06,30.55,2.99,0.58,91.34450000000001
Nifty Bank,2018-04-09,30.82,3.02,0.58,93.0764
Nifty Bank,2018-04-10,30.99,3.03,0.58,93.8997
Nifty Bank,2018-04-11,30.83,3.02,0.58,93.1066
Nifty Bank,2018-04-12,30.95,3.03,0.58,93.7785
Nifty Bank,2018-04-13,30.96,3.03,0.58,93.80879999999999
Nifty Bank,2018-04-16,31.1,3.04,0.57,94.54400000000001
Nifty Bank,2018-04-17,31.12,3.05,0.57,94.916
Nifty Bank,2018-04-18,30.83,3.02,0.58,93.1066
Nifty Bank,2018-04-19,30.86,3.02,0.58,93.1972
Nifty Bank,2018-04-20,30.64,3.0,0.58,91.92
Nifty Bank,2018-04-23,30.76,3.03,0.58,93.2028
Nifty Bank,2018-04-24,30.86,3.04,0.58,93.8144
Nifty Bank,2018-04-25,30.58,3.01,0.58,92.04579999999999
Nifty Bank,2018-04-26,30.83,3.04,0.58,93.72319999999999
Nifty Bank,2018-04-27,31.3,3.08,0.57,96.40400000000001
Nifty Bank,2018-04-30,31.47,3.1,0.57,97.557
Nifty Bank,2018-05-02,31.51,3.11,0.57,97.9961
Nifty Bank,2018-05-03,31.56,3.11,0.57,98.15159999999999
Nifty Bank,2018-05-04,31.61,3.11,0.57,98.30709999999999
Nifty Bank,2018-05-07,31.86,3.14,0.56,100.0404
Nifty Bank,2018-05-08,32.16,3.17,0.56,101.94719999999998
Nifty Bank,2018-05-09,32.24,3.18,0.55,102.52320000000002
Nifty Bank,2018-05-10,32.21,3.17,0.55,102.1057
Nifty Bank,2018-05-11,32.55,3.21,0.55,104.48549999999999
Nifty Bank,2018-05-14,32.63,3.22,0.55,105.06860000000002
Nifty Bank,2018-05-15,32.63,3.22,0.55,105.06860000000002
Nifty Bank,2018-05-16,32.27,3.18,0.55,102.61860000000001
Nifty Bank,2018-05-17,32.14,3.17,0.56,101.8838
Nifty Bank,2018-05-18,31.74,3.14,0.56,99.6636
Nifty Bank,2018-05-21,31.59,3.13,0.56,98.8767
Nifty Bank,2018-05-22,31.62,3.13,0.56,98.9706
Nifty Bank,2018-05-23,31.51,3.12,0.56,98.31120000000001
Nifty Bank,2018-05-24,31.92,3.16,0.56,100.86720000000001
Nifty Bank,2018-05-25,32.23,3.19,0.55,102.81369999999998
Nifty Bank,2018-05-28,34.81,3.23,0.54,112.4363
Nifty Bank,2018-05-29,34.34,3.19,0.55,109.5446
Nifty Bank,2018-05-30,34.43,3.2,0.55,110.176
Nifty Bank,2018-05-31,35.17,3.25,0.54,114.30250000000001
Nifty Bank,2018-06-01,34.83,3.22,0.54,112.1526
Nifty Bank,2018-06-04,34.26,3.16,0.55,108.2616
Nifty Bank,2018-06-05,34.25,3.16,0.55,108.23
Nifty Bank,2018-06-06,34.41,3.18,0.55,109.4238
Nifty Bank,2018-06-07,34.6,3.2,0.55,110.72000000000001
Nifty Bank,2018-06-08,34.52,3.19,0.55,110.11880000000001
Nifty Bank,2018-06-11,34.52,3.19,0.55,110.11880000000001
Nifty Bank,2018-06-12,34.72,3.21,0.54,111.4512
Nifty Bank,2018-06-13,34.76,3.21,0.54,111.5796
Nifty Bank,2018-06-14,34.66,3.2,0.55,110.91199999999999
Nifty Bank,2018-06-15,34.47,3.18,0.55,109.6146
Nifty Bank,2018-06-18,34.46,3.18,0.55,109.5828
Nifty Bank,2018-06-19,34.27,3.16,0.55,108.29320000000001
Nifty Bank,2018-06-20,34.65,3.2,0.55,110.88
Nifty Bank,2018-06-21,34.57,3.19,0.55,110.2783
Nifty Bank,2018-06-22,34.93,3.23,0.54,112.8239
Nifty Bank,2018-06-25,34.72,3.21,0.54,111.4512
Nifty Bank,2018-06-26,40.99,3.21,0.54,131.5779
Nifty Bank,2018-06-27,40.71,3.18,0.55,129.45780000000002
Nifty Bank,2018-06-28,40.56,3.17,0.55,128.5752
Nifty Bank,2018-06-29,40.77,2.97,0.47,121.08690000000001
Nifty Bank,2018-07-02,40.56,2.95,0.47,119.65200000000002
Nifty Bank,2018-07-03,42.13,2.95,0.47,124.28350000000002
Nifty Bank,2018-07-04,42.5,2.98,0.47,126.65
Nifty Bank,2018-07-05,50.52,2.98,0.47,150.5496
Nifty Bank,2018-07-06,48.94,2.98,0.47,145.8412
Nifty Bank,2018-07-09,49.41,3.01,0.46,148.7241
Nifty Bank,2018-07-10,49.68,3.03,0.46,150.5304
Nifty Bank,2018-07-11,51.65,3.02,0.46,155.983
Nifty Bank,2018-07-12,52.05,3.04,0.46,158.232
Nifty Bank,2018-07-13,51.88,3.03,0.46,157.1964
Nifty Bank,2018-07-16,51.38,3.0,0.46,154.14000000000001
Nifty Bank,2018-07-17,52.02,3.04,0.46,158.1408
Nifty Bank,2018-07-18,51.77,3.03,0.46,156.8631
Nifty Bank,2018-07-19,51.6,3.02,0.46,155.832
Nifty Bank,2018-07-20,51.76,3.02,0.46,156.3152
Nifty Bank,2018-07-23,52.02,3.04,0.46,158.1408
Nifty Bank,2018-07-24,51.95,3.04,0.46,157.928
Nifty Bank,2018-07-25,52.06,3.04,0.46,158.2624
Nifty Bank,2018-07-26,52.78,3.08,0.45,162.5624
Nifty Bank,2018-07-27,53.22,3.11,0.45,165.5142
Nifty Bank,2018-07-30,53.62,3.13,0.44,167.83059999999998
Nifty Bank,2018-07-31,53.47,3.13,0.45,167.3611
Nifty Bank,2018-08-01,53.15,3.11,0.45,165.29649999999998
Nifty Bank,2018-08-02,52.69,3.08,0.45,162.2852
Nifty Bank,2018-08-03,53.34,3.12,0.45,166.4208
Nifty Bank,2018-08-06,53.73,3.14,0.44,168.7122
Nifty Bank,2018-08-07,53.69,3.14,0.44,168.5866
Nifty Bank,2018-08-08,53.95,3.16,0.44,170.48200000000003
Nifty Bank,2018-08-09,53.9,3.19,0.44,171.941
Nifty Bank,2018-08-10,52.31,3.17,0.44,165.8227
Nifty Bank,2018-08-13,57.18,3.13,0.44,178.9734
Nifty Bank,2018-08-14,58.72,3.15,0.44,184.968
Nifty Bank,2018-08-16,58.31,3.13,0.44,182.5103
Nifty Bank,2018-08-17,58.95,3.17,0.44,186.8715
Nifty Bank,2018-08-20,59.25,3.18,0.44,188.41500000000002
Nifty Bank,2018-08-21,59.22,3.18,0.44,188.3196
Nifty Bank,2018-08-23,58.73,3.15,0.44,184.99949999999998
Nifty Bank,2018-08-24,58.33,3.13,0.44,182.57289999999998
Nifty Bank,2018-08-27,59.23,3.18,0.44,188.3514
Nifty Bank,2018-08-28,59.24,3.18,0.44,188.38320000000002
Nifty Bank,2018-08-29,59.15,3.15,0.45,186.3225
Nifty Bank,2018-08-30,58.89,3.14,0.45,184.9146
Nifty Bank,2018-08-31,58.81,3.14,0.45,184.66340000000002
Nifty Bank,2018-09-03,58.3,3.11,0.46,181.313
Nifty Bank,2018-09-04,57.48,3.06,0.46,175.8888
Nifty Bank,2018-09-05,57.37,3.06,0.47,175.5522
Nifty Bank,2018-09-06,57.56,3.07,0.46,176.7092
Nifty Bank,2018-09-07,57.59,3.07,0.46,176.8013
Nifty Bank,2018-09-10,57.0,3.04,0.47,173.28
Nifty Bank,2018-09-11,56.18,3.0,0.48,168.54
Nifty Bank,2018-09-12,56.2,3.0,0.48,168.60000000000002
Nifty Bank,2018-09-14,56.92,3.03,0.47,172.4676
Nifty Bank,2018-09-17,56.2,3.0,0.48,168.60000000000002
Nifty Bank,2018-09-18,55.41,2.95,0.48,163.4595
Nifty Bank,2018-09-19,55.07,2.94,0.49,161.9058
Nifty Bank,2018-09-21,53.64,2.86,0.50,153.41039999999998
Nifty Bank,2018-09-24,52.33,2.79,0.51,146.0007
Nifty Bank,2018-09-25,53.08,2.83,0.50,150.2164
Nifty Bank,2018-09-26,53.18,2.84,0.50,151.03119999999998
Nifty Bank,2018-09-27,52.48,2.8,0.51,146.944
Nifty Bank,2018-09-28,53.65,2.85,0.50,152.9025
Nifty Bank,2018-10-01,54.18,2.88,0.50,156.0384
Nifty Bank,2018-10-03,53.54,2.85,0.50,152.589
Nifty Bank,2018-10-04,53.01,2.82,0.51,149.48819999999998
Nifty Bank,2018-10-05,52.21,2.77,0.51,144.6217
Nifty Bank,2018-10-08,52.58,2.79,0.51,146.69819999999999
Nifty Bank,2018-10-09,52.39,2.78,0.51,145.64419999999998
Nifty Bank,2018-10-10,54.08,2.87,0.50,155.2096
Nifty Bank,2018-10-11,52.93,2.81,0.51,148.7333
Nifty Bank,2018-10-12,54.24,2.88,0.49,156.2112
Nifty Bank,2018-10-15,54.22,2.88,0.50,156.15359999999998
Nifty Bank,2018-10-16,54.65,2.9,0.49,158.48499999999999
Nifty Bank,2018-10-17,53.8,2.86,0.50,153.868
Nifty Bank,2018-10-19,53.58,2.85,0.50,152.703
Nifty Bank,2018-10-22,53.56,2.85,0.50,152.64600000000002
Nifty Bank,2018-10-23,53.34,2.83,0.50,150.9522
Nifty Bank,2018-10-24,53.53,2.84,0.50,152.02519999999998
Nifty Bank,2018-10-25,53.0,2.82,0.51,149.45999999999998
Nifty Bank,2018-10-26,52.16,2.77,0.51,144.48319999999998
Nifty Bank,2018-10-29,53.31,2.83,0.50,150.8673
Nifty Bank,2018-10-30,52.98,2.82,0.51,149.40359999999998
Nifty Bank,2018-10-31,53.72,2.85,0.50,153.102
Nifty Bank,2018-11-01,54.09,2.87,0.50,155.2383
Nifty Bank,2018-11-02,54.89,2.92,0.49,160.2788
Nifty Bank,2018-11-05,54.96,2.92,0.49,160.4832
Nifty Bank,2018-11-06,54.67,2.91,0.49,159.08970000000002
Nifty Bank,2018-11-07,54.95,2.92,0.49,160.454
Nifty Bank,2018-11-09,55.04,2.93,0.49,161.2672
Nifty Bank,2018-11-12,54.55,2.9,0.49,158.195
Nifty Bank,2018-11-13,55.04,2.92,0.49,160.7168
Nifty Bank,2018-11-14,55.38,2.94,0.48,162.8172
Nifty Bank,2018-11-15,55.84,2.97,0.48,165.84480000000002
Nifty Bank,2018-11-16,56.05,2.98,0.48,167.029
Nifty Bank,2018-11-19,52.8,3.01,0.48,158.92799999999997
Nifty Bank,2018-11-20,52.42,2.99,0.48,156.7358
Nifty Bank,2018-11-21,52.72,3.0,0.48,158.16
Nifty Bank,2018-11-22,52.18,2.97,0.48,154.9746
Nifty Bank,2018-11-26,52.92,3.02,0.48,159.8184
Nifty Bank,2018-11-27,53.09,3.03,0.48,160.8627
Nifty Bank,2018-11-28,53.12,3.03,0.48,160.9536
Nifty Bank,2018-11-29,54.08,3.08,0.47,166.5664
Nifty Bank,2018-11-30,53.93,3.07,0.47,165.5651
Nifty Bank,2018-12-03,53.92,3.07,0.47,165.5344
Nifty Bank,2018-12-04,53.59,3.05,0.47,163.4495
Nifty Bank,2018-12-05,53.24,3.03,0.47,161.31719999999999
Nifty Bank,2018-12-06,52.59,3.0,0.48,157.77
Nifty Bank,2018-12-07,53.39,3.04,0.47,162.3056
Nifty Bank,2018-12-10,52.4,2.99,0.48,156.67600000000002
Nifty Bank,2018-12-11,52.52,2.99,0.48,157.03480000000002
Nifty Bank,2018-12-12,53.49,3.05,0.47,163.1445
Nifty Bank,2018-12-13,53.84,3.07,0.47,165.2888
Nifty Bank,2018-12-14,53.85,3.07,0.47,165.3195
Nifty Bank,2018-12-17,54.24,3.09,0.47,167.6016
Nifty Bank,2018-12-18,54.55,3.11,0.46,169.6505
Nifty Bank,2018-12-19,54.8,3.12,0.46,170.976
Nifty Bank,2018-12-20,54.76,3.12,0.46,170.8512
Nifty Bank,2018-12-21,53.94,3.07,0.47,165.5958
Nifty Bank,2018-12-24,53.63,3.06,0.47,164.1078
Nifty Bank,2018-12-26,54.18,3.09,0.47,167.4162
Nifty Bank,2018-12-27,53.96,3.08,0.47,166.1968
Nifty Bank,2018-12-28,54.54,3.11,0.46,169.61939999999998
Nifty Bank,2018-12-31,54.61,3.12,0.46,170.38320000000002
Nifty Bank,2019-01-01,55.08,3.14,0.46,172.9512
Nifty Bank,2019-01-02,54.64,3.12,0.46,170.4768
Nifty Bank,2019-01-03,54.21,3.09,0.47,167.50889999999998
Nifty Bank,2019-01-04,54.68,3.12,0.46,170.60160000000002
Nifty Bank,2019-01-07,54.9,3.13,0.46,171.837
Nifty Bank,2019-01-08,55.31,3.16,0.46,174.77960000000002
Nifty Bank,2019-01-09,55.74,3.18,0.45,177.25320000000002
Nifty Bank,2019-01-10,55.35,3.16,0.46,174.906
Nifty Bank,2019-01-11,55.2,3.15,0.46,173.88
Nifty Bank,2019-01-14,54.79,3.13,0.46,171.49269999999999
Nifty Bank,2019-01-15,55.09,3.15,0.46,173.5335
Nifty Bank,2019-01-16,55.26,3.16,0.46,174.6216
Nifty Bank,2019-01-17,55.35,3.16,0.46,174.906
Nifty Bank,2019-01-18,55.21,3.15,0.46,173.9115
Nifty Bank,2019-01-21,55.36,3.16,0.46,174.9376
Nifty Bank,2019-01-22,55.25,3.15,0.46,174.0375
Nifty Bank,2019-01-23,54.79,3.13,0.46,171.49269999999999
Nifty Bank,2019-01-24,54.82,3.13,0.46,171.5866
Nifty Bank,2019-01-25,54.52,3.11,0.46,169.5572
Nifty Bank,2019-01-28,53.67,3.06,0.47,164.2302
Nifty Bank,2019-01-29,53.51,3.05,0.47,163.20549999999997
Nifty Bank,2019-01-30,54.02,3.08,0.47,166.38160000000002
Nifty Bank,2019-01-31,54.97,3.14,0.46,172.60580000000002
Nifty Bank,2019-02-01,54.55,3.11,0.46,169.6505
Nifty Bank,2019-02-04,54.75,3.12,0.46,170.82
Nifty Bank,2019-02-05,54.92,3.13,0.46,171.8996
Nifty Bank,2019-02-06,55.18,3.15,0.46,173.817
Nifty Bank,2019-02-07,55.15,3.15,0.46,173.7225
Nifty Bank,2019-02-08,54.97,3.14,0.46,172.60580000000002
Nifty Bank,2019-02-11,54.83,3.13,0.46,171.6179
Nifty Bank,2019-02-12,54.4,3.1,0.47,168.64
Nifty Bank,2019-02-13,54.14,3.09,0.47,167.2926
Nifty Bank,2019-02-14,54.31,3.1,0.47,168.36100000000002
Nifty Bank,2019-02-15,53.96,3.08,0.47,166.1968
Nifty Bank,2019-02-18,53.68,3.06,0.47,164.2608
Nifty Bank,2019-02-19,53.74,3.07,0.47,164.9818
Nifty Bank,2019-02-20,54.28,3.1,0.47,168.268
Nifty Bank,2019-02-21,54.48,3.11,0.46,169.4328
Nifty Bank,2019-02-22,54.11,3.09,0.47,167.19989999999999
Nifty Bank,2019-02-25,54.69,3.12,0.46,170.6328
Nifty Bank,2019-02-26,54.28,3.1,0.47,168.268
Nifty Bank,2019-02-27,53.97,3.08,0.47,166.2276
Nifty Bank,2019-02-28,53.95,3.08,0.47,166.16600000000003
Nifty Bank,2019-03-01,54.46,3.11,0.46,169.3706
Nifty Bank,2019-03-05,55.49,3.17,0.46,175.9033
Nifty Bank,2019-03-06,55.63,3.17,0.46,176.3471
Nifty Bank,2019-03-07,55.91,3.19,0.45,178.35289999999998
Nifty Bank,2019-03-08,55.91,3.19,0.45,178.35289999999998
Nifty Bank,2019-03-11,56.32,3.21,0.45,180.7872
Nifty Bank,2019-03-12,57.28,3.27,0.44,187.3056
Nifty Bank,2019-03-13,58.17,3.32,0.44,193.1244
Nifty Bank,2019-03-14,58.25,3.32,0.43,193.39
Nifty Bank,2019-03-15,59.17,3.38,0.43,199.9946
Nifty Bank,2019-03-18,59.6,3.4,0.42,202.64
Nifty Bank,2019-03-19,59.95,3.42,0.42,205.029
Nifty Bank,2019-03-20,60.08,3.43,0.42,206.0744
Nifty Bank,2019-03-22,59.57,3.4,0.42,202.53799999999998
Nifty Bank,2019-03-25,58.97,3.36,0.43,198.1392
Nifty Bank,2019-03-26,60.18,3.43,0.42,206.41740000000001
Nifty Bank,2019-03-27,60.45,3.45,0.42,208.5525
Nifty Bank,2019-03-28,61.26,3.49,0.41,213.7974
Nifty Bank,2019-03-29,64.82,3.4,0.42,220.38799999999998
Nifty Bank,2019-04-01,64.61,3.38,0.42,218.3818
Nifty Bank,2019-04-02,64.67,3.39,0.42,219.2313
Nifty Bank,2019-04-03,64.11,3.36,0.42,215.40959999999998
Nifty Bank,2019-04-04,63.71,3.34,0.42,212.79139999999998
Nifty Bank,2019-04-05,64.09,3.36,0.42,215.3424
Nifty Bank,2019-04-08,63.58,3.33,0.42,211.7214
Nifty Bank,2019-04-09,64.15,3.36,0.42,215.544
Nifty Bank,2019-04-10,63.49,3.33,0.42,211.42170000000002
Nifty Bank,2019-04-11,63.46,3.32,0.42,210.6872
Nifty Bank,2019-04-12,63.78,3.34,0.42,213.02519999999998
Nifty Bank,2019-04-15,63.51,3.39,0.42,215.2989
Nifty Bank,2019-04-16,64.41,3.44,0.41,221.57039999999998
Nifty Bank,2019-04-18,63.76,3.41,0.42,217.4216
Nifty Bank,2019-04-22,62.63,3.35,0.43,209.81050000000002
Nifty Bank,2019-04-23,62.19,3.32,0.43,206.47079999999997
Nifty Bank,2019-04-24,62.99,3.37,0.42,212.27630000000002
Nifty Bank,2019-04-25,62.36,3.33,0.43,207.6588
Nifty Bank,2019-04-26,63.32,3.38,0.42,214.0216
Nifty Bank,2019-04-30,62.79,3.35,0.42,210.3465
Nifty Bank,2019-05-02,61.48,3.35,0.43,205.958
Nifty Bank,2019-05-03,61.99,3.37,0.42,208.90630000000002
Nifty Bank,2019-05-06,61.29,3.34,0.43,204.7086
Nifty Bank,2019-05-07,60.61,3.3,0.43,200.01299999999998
Nifty Bank,2019-05-08,60.0,3.27,0.44,196.2
Nifty Bank,2019-05-09,59.78,3.25,0.44,194.285
Nifty Bank,2019-05-10,60.1,3.27,0.44,196.52700000000002
Nifty Bank,2019-05-13,59.31,3.23,0.44,191.5713
Nifty Bank,2019-05-14,59.66,3.25,0.44,193.89499999999998
Nifty Bank,2019-05-15,59.22,3.22,0.44,190.6884
Nifty Bank,2019-05-16,59.71,3.25,0.44,194.0575
Nifty Bank,2019-05-17,60.95,3.32,0.43,202.354
Nifty Bank,2019-05-20,63.66,3.46,0.41,220.2636
Nifty Bank,2019-05-21,62.72,3.41,0.42,213.8752
Nifty Bank,2019-05-22,63.17,3.44,0.41,217.3048
Nifty Bank,2019-05-23,62.93,3.42,0.42,215.2206
Nifty Bank,2019-05-24,64.59,3.52,0.40,227.35680000000002
Nifty Bank,2019-05-27,65.49,3.56,0.40,233.1444
Nifty Bank,2019-05-28,65.39,3.56,0.40,232.7884
Nifty Bank,2019-05-29,64.76,3.52,0.40,227.95520000000002
Nifty Bank,2019-05-30,65.26,3.55,0.40,231.673
Nifty Bank,2019-05-31,64.93,3.53,0.40,229.2029
Nifty Bank,2019-06-03,65.51,3.56,0.40,233.21560000000002
Nifty Bank,2019-06-04,65.37,3.56,0.40,232.71720000000002
Nifty Bank,2019-06-06,63.86,3.48,0.41,222.2328
Nifty Bank,2019-06-07,64.29,3.5,0.41,225.01500000000001
Nifty Bank,2019-06-10,64.22,3.49,0.41,224.1278
Nifty Bank,2019-06-11,64.7,3.52,0.40,227.744
Nifty Bank,2019-06-12,64.08,3.49,0.41,223.63920000000002
Nifty Bank,2019-06-13,64.1,3.49,0.41,223.709
Nifty Bank,2019-06-14,63.36,3.42,0.41,216.69119999999998
Nifty Bank,2019-06-17,62.65,3.38,0.42,211.75699999999998
Nifty Bank,2019-06-18,62.81,3.39,0.42,212.9259
Nifty Bank,2019-06-19,62.83,3.39,0.42,212.9937
Nifty Bank,2019-06-20,63.7,3.44,0.41,219.12800000000001
Nifty Bank,2019-06-21,63.38,3.42,0.41,216.7596
Nifty Bank,2019-06-24,63.33,3.42,0.41,216.58859999999999
Nifty Bank,2019-06-25,63.84,3.45,0.41,220.24800000000002
Nifty Bank,2019-06-26,64.49,3.48,0.41,224.4252
Nifty Bank,2019-06-27,64.71,3.49,0.40,225.8379
Nifty Bank,2019-06-28,67.29,3.37,0.41,226.76730000000003
Nifty Bank,2019-07-01,67.87,3.4,0.40,230.758
Nifty Bank,2019-07-02,67.68,3.39,0.41,229.43520000000004
Nifty Bank,2019-07-03,67.89,3.4,0.40,230.826
Nifty Bank,2019-07-04,68.09,3.41,0.40,232.1869
Nifty Bank,2019-07-05,68.09,3.41,0.40,232.1869
Nifty Bank,2019-07-08,66.21,3.32,0.41,219.81719999999996
Nifty Bank,2019-07-09,66.13,3.31,0.42,218.8903
Nifty Bank,2019-07-10,66.03,3.31,0.42,218.5593
Nifty Bank,2019-07-11,66.45,3.33,0.41,221.2785
Nifty Bank,2019-07-12,66.2,3.27,0.33,216.47400000000002
Nifty Bank,2019-07-15,65.28,3.28,0.33,214.11839999999998
Nifty Bank,2019-07-16,65.54,3.29,0.33,215.62660000000002
Nifty Bank,2019-07-17,65.9,3.31,0.33,218.12900000000002
Nifty Bank,2019-07-18,65.24,3.28,0.33,213.98719999999997
Nifty Bank,2019-07-19,63.83,3.21,0.34,204.8943
Nifty Bank,2019-07-22,63.87,3.18,0.34,203.10660000000001
Nifty Bank,2019-07-23,63.53,3.16,0.34,200.75480000000002
Nifty Bank,2019-07-24,63.14,3.14,0.34,198.2596
Nifty Bank,2019-07-25,63.34,3.15,0.34,199.52100000000002
Nifty Bank,2019-07-26,63.96,3.18,0.34,203.39280000000002
Nifty Bank,2019-07-29,63.89,3.18,0.34,203.17020000000002
Nifty Bank,2019-07-30,62.79,3.12,0.35,195.9048
Nifty Bank,2019-07-31,62.98,3.13,0.35,197.1274
Nifty Bank,2019-08-01,61.87,3.08,0.35,190.5596
Nifty Bank,2019-08-02,61.52,3.06,0.35,188.2512
Nifty Bank,2019-08-05,60.3,3.0,0.36,180.89999999999998
Nifty Bank,2019-08-06,61.12,3.04,0.36,185.8048
Nifty Bank,2019-08-07,60.42,3.0,0.36,181.26
Nifty Bank,2019-08-08,61.31,3.05,0.35,186.9955
Nifty Bank,2019-08-09,62.01,3.08,0.35,190.9908
Nifty Bank,2019-08-13,60.48,3.01,0.36,182.04479999999998
Nifty Bank,2019-08-14,61.11,3.04,0.36,185.7744
Nifty Bank,2019-08-16,61.54,3.06,0.35,188.3124
Nifty Bank,2019-08-19,61.47,3.06,0.35,188.0982
Nifty Bank,2019-08-20,61.03,3.03,0.36,184.9209
Nifty Bank,2019-08-21,60.46,3.01,0.36,181.9846
Nifty Bank,2019-08-22,58.96,2.93,0.37,172.7528
Nifty Bank,2019-08-23,58.8,2.92,0.37,171.696
Nifty Bank,2019-08-26,60.96,3.03,0.36,184.7088
Nifty Bank,2019-08-27,61.34,3.05,0.35,187.087
Nifty Bank,2019-08-28,60.64,3.02,0.36,183.1328
Nifty Bank,2019-08-29,59.55,2.96,0.37,176.268
Nifty Bank,2019-08-30,59.82,2.97,0.36,177.6654
Nifty Bank,2019-09-03,60.62,2.81,0.37,170.3422
Nifty Bank,2019-09-04,61.3,2.84,0.36,174.09199999999998
Nifty Bank,2019-09-05,60.84,2.82,0.37,171.5688
Nifty Bank,2019-09-06,61.58,2.85,0.36,175.50300000000001
Nifty Bank,2019-09-09,62.16,2.88,0.36,179.02079999999998
Nifty Bank,2019-09-11,62.78,2.91,0.36,182.68980000000002
Nifty Bank,2019-09-12,62.87,2.91,0.36,182.9517
Nifty Bank,2019-09-13,63.51,2.94,0.35,186.71939999999998
Nifty Bank,2019-09-16,62.95,2.92,0.35,183.814
Nifty Bank,2019-09-17,61.32,2.84,0.36,174.1488
Nifty Bank,2019-09-18,61.41,2.85,0.36,175.0185
Nifty Bank,2019-09-19,60.47,2.8,0.37,169.31599999999997
Nifty Bank,2019-09-20,65.5,3.04,0.34,199.12
Nifty Bank,2019-09-23,69.08,3.2,0.32,221.056
Nifty Bank,2019-09-24,68.22,3.16,0.33,215.5752
Nifty Bank,2019-09-25,39.43,3.1,0.33,122.233
Nifty Bank,2019-09-26,39.99,3.14,0.33,125.56860000000002
Nifty Bank,2019-09-27,39.9,3.15,0.33,125.68499999999999
Nifty Bank,2019-09-30,38.87,3.07,0.34,119.33089999999999
Nifty Bank,2019-10-01,38.37,3.03,0.34,116.26109999999998
Nifty Bank,2019-10-03,37.95,2.99,0.35,113.47050000000002
Nifty Bank,2019-10-04,37.04,2.92,0.36,108.15679999999999
Nifty Bank,2019-10-07,37.09,2.92,0.36,108.3028
Nifty Bank,2019-10-09,38.69,3.02,0.34,116.84379999999999
Nifty Bank,2019-10-10,37.65,2.94,0.35,110.69099999999999
Nifty Bank,2019-10-11,37.69,2.94,0.35,110.80859999999998
Nifty Bank,2019-10-14,37.88,2.96,0.35,112.12480000000001
Nifty Bank,2019-10-15,38.38,2.99,0.34,114.75620000000002
Nifty Bank,2019-10-16,38.36,2.99,0.34,114.69640000000001
Nifty Bank,2019-10-17,38.96,3.04,0.34,118.4384
Nifty Bank,2019-10-18,39.14,3.05,0.33,119.377
Nifty Bank,2019-10-22,39.53,3.08,0.33,121.75240000000001
Nifty Bank,2019-10-23,39.6,3.09,0.33,122.364
Nifty Bank,2019-10-24,39.12,3.05,0.33,119.31599999999999
Nifty Bank,2019-10-25,39.51,3.08,0.33,121.6908
Nifty Bank,2019-10-27,39.67,3.1,0.33,122.977
Nifty Bank,2019-10-29,40.15,3.13,0.33,125.66949999999999
Nifty Bank,2019-10-30,40.3,3.14,0.32,126.542
Nifty Bank,2019-10-31,40.41,3.15,0.32,127.29149999999998
Nifty Bank,2019-11-01,42.23,3.18,0.32,134.2914
Nifty Bank,2019-11-04,42.23,3.18,0.32,134.2914
Nifty Bank,2019-11-05,42.25,3.17,0.32,133.9325
Nifty Bank,2019-11-06,42.8,3.21,0.32,137.38799999999998
Nifty Bank,2019-11-07,42.37,3.21,0.32,136.0077
Nifty Bank,2019-11-08,42.53,3.22,0.32,136.94660000000002
Nifty Bank,2019-11-11,43.04,3.26,0.31,140.3104
Nifty Bank,2019-11-13,42.12,3.2,0.32,134.784
Nifty Bank,2019-11-14,42.41,3.22,0.32,136.5602
Nifty Bank,2019-11-15,42.14,3.25,0.31,136.955
Nifty Bank,2019-11-18,42.12,3.25,0.31,136.89
Nifty Bank,2019-11-19,42.45,3.28,0.31,139.236
Nifty Bank,2019-11-20,41.62,3.29,0.31,136.9298
Nifty Bank,2019-11-21,39.98,3.29,0.31,131.5342
Nifty Bank,2019-11-22,39.67,3.26,0.31,129.3242
Nifty Bank,2019-11-25,40.24,3.31,0.31,133.1944
Nifty Bank,2019-11-26,40.45,3.33,0.31,134.69850000000002
Nifty Bank,2019-11-27,40.65,3.34,0.31,135.771
Nifty Bank,2019-11-28,40.96,3.37,0.30,138.0352
Nifty Bank,2019-11-29,40.74,3.35,0.30,136.479
Nifty Bank,2019-12-02,40.0,3.42,0.31,136.8
Nifty Bank,2019-12-03,39.68,3.4,0.31,134.912
Nifty Bank,2019-12-04,40.13,3.44,0.31,138.0472
Nifty Bank,2019-12-05,39.8,3.41,0.31,135.718
Nifty Bank,2019-12-06,39.33,3.37,0.32,132.5421
Nifty Bank,2019-12-09,39.3,3.36,0.32,132.04799999999997
Nifty Bank,2019-12-10,39.11,3.35,0.32,131.0185
Nifty Bank,2019-12-11,39.23,3.36,0.32,131.81279999999998
Nifty Bank,2019-12-12,39.74,3.4,0.31,135.116
Nifty Bank,2019-12-13,40.18,3.44,0.31,138.2192
Nifty Bank,2019-12-16,40.03,3.4,0.31,136.102
Nifty Bank,2019-12-17,40.23,3.42,0.31,137.58659999999998
Nifty Bank,2019-12-18,40.36,3.43,0.31,138.4348
Nifty Bank,2019-12-19,40.36,3.43,0.31,138.4348
Nifty Bank,2019-12-20,40.54,3.44,0.30,139.45759999999999
Nifty Bank,2019-12-23,40.48,3.44,0.31,139.25119999999998
Nifty Bank,2019-12-24,40.41,3.43,0.31,138.6063
Nifty Bank,2019-12-26,40.05,3.4,0.31,136.17
Nifty Bank,2019-12-27,41.12,3.38,0.31,138.98559999999998
Nifty Bank,2019-12-30,41.05,3.37,0.31,138.33849999999998
Nifty Bank,2019-12-31,40.8,3.35,0.31,136.68
Nifty Bank,2020-01-01,40.73,3.35,0.31,136.44549999999998
Nifty Bank,2020-01-02,41.16,3.38,0.30,139.12079999999997
Nifty Bank,2020-01-03,40.68,3.34,0.31,135.8712
Nifty Bank,2020-01-06,39.62,3.29,0.32,130.3498
Nifty Bank,2020-01-07,39.83,3.31,0.32,131.8373
Nifty Bank,2020-01-08,39.79,3.3,0.32,131.307
Nifty Bank,2020-01-09,40.71,3.38,0.31,137.5998
Nifty Bank,2020-01-10,40.71,3.38,0.31,137.5998
Nifty Bank,2020-01-13,40.81,3.39,0.31,138.3459
Nifty Bank,2020-01-14,40.68,3.38,0.31,137.4984
Nifty Bank,2020-01-15,40.37,3.35,0.31,135.2395
Nifty Bank,2020-01-16,40.02,3.09,0.36,123.6618
Nifty Bank,2020-01-17,39.69,3.07,0.37,121.84829999999998
Nifty Bank,2020-01-20,37.88,3.02,0.37,114.39760000000001
Nifty Bank,2020-01-21,37.4,2.96,0.35,110.704
Nifty Bank,2020-01-22,37.1,2.9,0.36,107.59
Nifty Bank,2020-01-23,37.59,2.92,0.36,109.76280000000001
Nifty Bank,2020-01-24,37.88,2.95,0.36,111.74600000000001
Nifty Bank,2020-01-27,35.38,2.91,0.36,102.95580000000001
Nifty Bank,2020-01-28,35.85,2.88,0.36,103.248
Nifty Bank,2020-01-29,35.99,2.88,0.37,103.6512
Nifty Bank,2020-01-30,35.72,2.86,0.37,102.1592
Nifty Bank,2020-01-31,35.94,2.88,0.37,103.50719999999998
Nifty Bank,2020-02-01,34.75,2.78,0.38,96.60499999999999
Nifty Bank,2020-02-03,35.04,2.8,0.38,98.112
Nifty Bank,2020-02-04,35.02,2.86,0.37,100.1572
Nifty Bank,2020-02-05,35.5,2.89,0.37,102.595
Nifty Bank,2020-02-06,35.85,2.92,0.36,104.682
Nifty Bank,2020-02-07,35.73,2.91,0.36,103.9743
Nifty Bank,2020-02-10,35.57,2.9,0.37,103.15299999999999
Nifty Bank,2020-02-11,35.85,2.92,0.36,104.682
Nifty Bank,2020-02-12,36.07,2.94,0.36,106.0458
Nifty Bank,2020-02-13,35.77,2.91,0.36,104.09070000000001
Nifty Bank,2020-02-14,35.31,2.88,0.37,101.6928
Nifty Bank,2020-02-17,35.14,2.86,0.37,100.5004
Nifty Bank,2020-02-18,35.0,2.85,0.37,99.75
Nifty Bank,2020-02-19,35.32,2.88,0.37,101.7216
Nifty Bank,2020-02-20,35.44,2.89,0.37,102.4216
Nifty Bank,2020-02-24,34.88,2.84,0.37,99.0592
Nifty Bank,2020-02-25,34.85,2.84,0.37,98.974
Nifty Bank,2020-02-26,34.71,2.83,0.38,98.22930000000001
Nifty Bank,2020-02-27,34.57,2.82,0.38,97.4874
Nifty Bank,2020-02-28,33.38,2.72,0.39,90.79360000000001
Nifty Bank,2020-03-02,33.06,2.69,0.39,88.93140000000001
Nifty Bank,2020-03-03,33.41,2.72,0.39,90.87519999999999
Nifty Bank,2020-03-04,32.82,2.67,0.40,87.6294
Nifty Bank,2020-03-05,33.0,2.69,0.39,88.77
Nifty Bank,2020-03-06,31.84,2.59,0.41,82.4656
Nifty Bank,2020-03-09,30.31,2.47,0.43,74.8657
Nifty Bank,2020-03-11,30.33,2.47,0.43,74.9151
Nifty Bank,2020-03-12,27.45,2.24,0.47,61.48800000000001
Nifty Bank,2020-03-13,28.82,2.35,0.45,67.727
Nifty Bank,2020-03-16,26.46,2.16,0.49,57.153600000000004
Nifty Bank,2020-03-17,25.37,2.07,0.51,52.515899999999995
Nifty Bank,2020-03-18,23.57,1.92,0.55,45.2544
Nifty Bank,2020-03-19,21.69,1.88,0.48,40.7772
Nifty Bank,2020-03-20,21.95,1.9,0.48,41.705
Nifty Bank,2020-03-23,18.27,1.58,0.57,28.866600000000002
Nifty Bank,2020-03-24,18.48,1.6,0.57,29.568
Nifty Bank,2020-03-25,19.96,1.73,0.52,34.5308
Nifty Bank,2020-03-26,21.19,1.83,0.49,38.7777
Nifty Bank,2020-03-27,21.57,1.87,0.49,40.3359
Nifty Bank,2020-03-30,20.29,1.76,0.52,35.7104
Nifty Bank,2020-03-31,20.68,1.79,0.51,37.0172
Nifty Bank,2020-04-01,19.67,1.7,0.53,33.439
Nifty Bank,2020-04-03,18.63,1.61,0.56,29.9943
Nifty Bank,2020-04-07,20.59,1.78,0.51,36.6502
Nifty Bank,2020-04-08,20.46,1.77,0.51,36.214200000000005
Nifty Bank,2020-04-09,21.51,1.86,0.49,40.00860000000001
Nifty Bank,2020-04-13,21.05,1.82,0.50,38.311
Nifty Bank,2020-04-15,20.58,1.78,0.51,36.6324
Nifty Bank,2020-04-16,20.95,1.81,0.50,37.9195
Nifty Bank,2020-04-17,22.34,1.93,0.47,43.1162
Nifty Bank,2020-04-20,21.87,1.92,0.47,41.9904
Nifty Bank,2020-04-21,20.68,1.82,0.50,37.6376
Nifty Bank,2020-04-22,21.0,1.84,0.49,38.64
Nifty Bank,2020-04-23,21.6,1.9,0.48,41.04
Nifty Bank,2020-04-24,20.87,1.83,0.50,38.1921
Nifty Bank,2020-04-27,21.4,1.88,0.48,40.23199999999999
Nifty Bank,2020-04-28,22.07,1.93,0.47,42.5951
Nifty Bank,2020-04-29,24.2,1.97,0.46,47.674
Nifty Bank,2020-04-30,24.71,2.01,0.45,49.6671
Nifty Bank,2020-05-04,22.66,1.85,0.49,41.921
Nifty Bank,2020-05-05,22.12,1.8,0.50,39.816
Nifty Bank,2020-05-06,22.6,1.84,0.49,41.584
Nifty Bank,2020-05-07,22.37,1.82,0.50,40.7134
Nifty Bank,2020-05-08,22.31,1.81,0.50,40.381099999999996
Nifty Bank,2020-05-11,21.73,1.77,0.51,38.4621
Nifty Bank,2020-05-12,21.63,1.76,0.51,38.068799999999996
Nifty Bank,2020-05-13,22.55,1.84,0.49,41.492000000000004
Nifty Bank,2020-05-14,21.94,1.78,0.51,39.053200000000004
Nifty Bank,2020-05-15,21.67,1.76,0.52,38.1392
Nifty Bank,2020-05-18,20.22,1.64,0.55,33.160799999999995
Nifty Bank,2020-05-19,20.12,1.64,0.55,32.9968
Nifty Bank,2020-05-20,20.53,1.67,0.54,34.2851
Nifty Bank,2020-05-21,20.41,1.66,0.55,33.8806
Nifty Bank,2020-05-22,19.88,1.62,0.56,32.205600000000004
Nifty Bank,2020-05-26,19.98,1.63,0.56,32.5674
Nifty Bank,2020-05-27,21.43,1.75,0.52,37.5025
Nifty Bank,2020-05-28,21.96,1.79,0.51,39.3084
Nifty Bank,2020-05-29,22.17,1.8,0.50,39.906000000000006
Nifty Bank,2020-06-01,22.93,1.87,0.49,42.8791
Nifty Bank,2020-06-02,23.58,1.92,0.47,45.273599999999995
Nifty Bank,2020-06-03,24.06,1.96,0.46,47.157599999999995
Nifty Bank,2020-06-04,23.42,1.91,0.48,44.7322
Nifty Bank,2020-06-05,24.16,1.97,0.46,47.5952
Nifty Bank,2020-06-08,24.34,1.98,0.46,48.1932
Nifty Bank,2020-06-09,22.82,1.94,0.47,44.2708
Nifty Bank,2020-06-10,23.24,1.97,0.46,45.782799999999995
Nifty Bank,2020-06-11,22.6,1.92,0.47,43.392
Nifty Bank,2020-06-12,22.75,1.93,0.47,43.9075
Nifty Bank,2020-06-15,21.93,1.86,0.49,40.7898
Nifty Bank,2020-06-16,22.35,1.9,0.48,42.465
Nifty Bank,2020-06-17,22.25,1.89,0.48,42.052499999999995
Nifty Bank,2020-06-18,23.08,1.96,0.46,45.236799999999995
Nifty Bank,2020-06-19,23.5,2.0,0.45,47.0
Nifty Bank,2020-06-22,23.91,2.03,0.45,48.537299999999995
Nifty Bank,2020-06-23,23.94,2.08,0.44,49.7952
Nifty Bank,2020-06-24,23.04,2.0,0.45,46.08
Nifty Bank,2020-06-25,22.82,2.01,0.45,45.868199999999995
Nifty Bank,2020-06-26,23.19,1.94,0.42,44.9886
Nifty Bank,2020-06-29,22.94,1.92,0.42,44.0448
Nifty Bank,2020-06-30,22.95,1.92,0.42,44.064
Nifty Bank,2020-07-01,23.61,1.97,0.41,46.5117
Nifty Bank,2020-07-02,23.58,1.97,0.41,46.4526
Nifty Bank,2020-07-03,23.47,1.96,0.41,46.0012
Nifty Bank,2020-07-06,23.84,1.99,0.41,47.4416
Nifty Bank,2020-07-07,24.31,2.03,0.40,49.34929999999999
Nifty Bank,2020-07-08,24.26,2.03,0.40,49.2478
Nifty Bank,2020-07-09,24.61,2.06,0.39,50.696600000000004
Nifty Bank,2020-07-10,24.06,2.01,0.40,48.36059999999999
Nifty Bank,2020-07-13,23.73,1.98,0.41,46.9854
Nifty Bank,2020-07-14,22.98,1.92,0.42,44.1216
Nifty Bank,2020-07-15,22.92,1.92,0.42,44.0064
Nifty Bank,2020-07-16,23.2,1.94,0.42,45.007999999999996
Nifty Bank,2020-07-17,23.61,1.97,0.41,46.5117
Nifty Bank,2020-07-20,24.18,2.03,0.40,49.08539999999999
Nifty Bank,2020-07-21,24.38,2.07,0.40,50.46659999999999
Nifty Bank,2020-07-22,24.49,2.08,0.39,50.9392
Nifty Bank,2020-07-23,24.88,2.1,0.39,52.248
Nifty Bank,2020-07-24,24.43,2.06,0.40,50.3258
Nifty Bank,2020-07-27,23.55,1.99,0.41,46.8645
Nifty Bank,2020-07-28,23.51,1.93,0.50,45.3743
Nifty Bank,2020-07-29,23.52,1.91,0.53,44.923199999999994
Nifty Bank,2020-07-30,23.86,1.87,0.54,44.6182
Nifty Bank,2020-07-31,23.63,1.79,0.59,42.2977
Nifty Bank,2020-08-03,23.01,1.75,0.60,40.267500000000005
Nifty Bank,2020-08-04,22.81,1.78,0.59,40.6018
Nifty Bank,2020-08-05,22.83,1.78,0.59,40.6374
Nifty Bank,2020-08-06,22.97,1.79,0.59,41.116299999999995
Nifty Bank,2020-08-07,23.09,1.8,0.59,41.562
Nifty Bank,2020-08-10,23.24,1.81,0.58,42.0644
Nifty Bank,2020-08-11,23.59,1.84,0.57,43.4056
Nifty Bank,2020-08-12,23.63,1.84,0.57,43.4792
Nifty Bank,2020-08-13,23.56,1.84,0.57,43.3504
Nifty Bank,2020-08-14,23.01,1.8,0.59,41.418000000000006
Nifty Bank,2020-08-17,23.03,1.8,0.59,41.454
Nifty Bank,2020-08-18,23.53,1.84,0.57,43.2952
Nifty Bank,2020-08-19,23.65,1.85,0.57,43.7525
Nifty Bank,2020-08-20,23.35,1.83,0.56,42.730500000000006
Nifty Bank,2020-08-21,23.67,1.82,0.56,43.07940000000001
Nifty Bank,2020-08-24,24.49,1.9,0.54,46.53099999999999
Nifty Bank,2020-08-25,25.21,1.92,0.54,48.4032
Nifty Bank,2020-08-26,25.56,1.95,0.53,49.842
Nifty Bank,2020-08-27,25.77,1.96,0.53,50.5092
Nifty Bank,2020-08-28,26.77,2.04,0.51,54.6108
Nifty Bank,2020-08-31,26.1,1.97,0.51,51.417
Nifty Bank,2020-09-01,26.17,1.97,0.51,51.5549
Nifty Bank,2020-09-02,26.24,1.98,0.51,51.9552
Nifty Bank,2020-09-03,25.86,1.95,0.52,50.427
Nifty Bank,2020-09-04,25.29,1.91,0.53,48.3039
Nifty Bank,2020-09-07,25.02,1.96,0.55,49.0392
Nifty Bank,2020-09-08,24.81,1.94,0.56,48.1314
Nifty Bank,2020-09-09,24.29,1.9,0.57,46.150999999999996
Nifty Bank,2020-09-10,24.5,1.92,0.56,47.04
Nifty Bank,2020-09-11,24.52,1.92,0.56,47.078399999999995
Nifty Bank,2020-09-14,24.1,1.88,0.57,45.308
Nifty Bank,2020-09-15,24.5,1.88,0.57,46.059999999999995
Nifty Bank,2020-09-16,24.62,1.89,0.57,46.5318
Nifty Bank,2020-09-17,24.34,1.87,0.58,45.515800000000006
Nifty Bank,2020-09-18,24.03,1.84,0.59,44.2152
Nifty Bank,2020-09-21,23.3,1.79,0.60,41.707
Nifty Bank,2020-09-22,23.06,1.77,0.61,40.816199999999995
Nifty Bank,2020-09-23,23.1,1.77,0.61,40.887
Nifty Bank,2020-09-24,22.31,1.71,0.63,38.150099999999995
Nifty Bank,2020-09-25,23.21,1.76,0.60,40.8496
Nifty Bank,2020-09-28,23.96,1.82,0.58,43.607200000000006
Nifty Bank,2020-09-29,23.68,1.8,0.59,42.624
Nifty Bank,2020-09-30,23.73,1.8,0.59,42.714
Nifty Bank,2020-10-01,24.61,1.87,0.56,46.020700000000005
Nifty Bank,2020-10-05,24.74,1.88,0.56,46.511199999999995
Nifty Bank,2020-10-06,25.28,1.92,0.55,48.5376
Nifty Bank,2020-10-07,25.4,1.93,0.55,49.022
Nifty Bank,2020-10-08,25.65,1.94,0.54,49.760999999999996
Nifty Bank,2020-10-09,26.38,2.0,0.53,52.76
Nifty Bank,2020-10-12,26.23,1.99,0.53,52.1977
Nifty Bank,2020-10-13,25.98,1.97,0.53,51.1806
Nifty Bank,2020-10-14,26.41,2.0,0.53,52.82
Nifty Bank,2020-10-15,25.52,1.94,0.54,49.5088
Nifty Bank,2020-10-16,26.03,1.97,0.53,51.2791
Nifty Bank,2020-10-19,26.84,2.04,0.52,54.7536
Nifty Bank,2020-10-20,26.63,2.04,0.52,54.3252
Nifty Bank,2020-10-21,26.99,2.07,0.51,55.869299999999996
Nifty Bank,2020-10-22,26.82,2.05,0.51,54.980999999999995
Nifty Bank,2020-10-23,26.82,2.05,0.51,54.980999999999995
Nifty Bank,2020-10-26,26.37,2.02,0.52,53.2674
Nifty Bank,2020-10-27,27.14,2.08,0.51,56.4512
Nifty Bank,2020-10-28,26.38,2.03,0.52,53.551399999999994
Nifty Bank,2020-10-29,26.22,2.02,0.52,52.9644
Nifty Bank,2020-10-30,24.6,2.0,0.53,49.2
Nifty Bank,2020-11-02,24.5,2.09,0.50,51.205
Nifty Bank,2020-11-03,25.05,2.15,0.49,53.8575
Nifty Bank,2020-11-04,25.15,2.16,0.49,54.324
Nifty Bank,2020-11-05,25.67,2.21,0.48,56.730700000000006
Nifty Bank,2020-11-06,25.62,2.25,0.47,57.645
Nifty Bank,2020-11-09,26.32,2.31,0.46,60.7992
Nifty Bank,2020-11-10,27.35,2.4,0.44,65.64
Nifty Bank,2020-11-11,27.58,2.42,0.44,66.7436
Nifty Bank,2020-11-12,27.03,2.37,0.44,64.06110000000001
Nifty Bank,2020-11-13,27.21,2.39,0.44,65.03190000000001
Nifty Bank,2020-11-14,27.34,2.4,0.44,65.616
Nifty Bank,2020-11-17,27.9,2.45,0.43,68.355
Nifty Bank,2020-11-18,28.44,2.5,0.42,71.10000000000001
Nifty Bank,2020-11-19,27.63,2.42,0.43,66.8646
Nifty Bank,2020-11-20,27.95,2.45,0.43,68.4775
Nifty Bank,2020-11-23,27.75,2.43,0.43,67.4325
Nifty Bank,2020-11-24,28.43,2.49,0.42,70.7907
Nifty Bank,2020-11-25,27.66,2.42,0.43,66.9372
Nifty Bank,2020-11-26,27.99,2.45,0.43,68.5755
Nifty Bank,2020-11-27,28.05,2.46,0.43,69.003
Nifty Bank,2020-12-01,28.25,2.48,0.42,70.06
Nifty Bank,2020-12-02,27.91,2.45,0.43,68.37950000000001
Nifty Bank,2020-12-03,27.9,2.45,0.43,68.355
Nifty Bank,2020-12-04,28.47,2.5,0.42,71.175
Nifty Bank,2020-12-07,28.62,2.51,0.42,71.83619999999999
Nifty Bank,2020-12-08,29.12,2.54,0.41,73.9648
Nifty Bank,2020-12-09,29.55,2.58,0.40,76.239
Nifty Bank,2020-12-10,29.36,2.56,0.41,75.1616
Nifty Bank,2020-12-11,29.45,2.57,0.41,75.6865
Nifty Bank,2020-12-14,29.59,2.58,0.40,76.3422
Nifty Bank,2020-12-15,29.53,2.58,0.40,76.18740000000001
Nifty Bank,2020-12-16,29.54,2.58,0.40,76.2132
Nifty Bank,2020-12-17,29.68,2.59,0.40,76.8712
Nifty Bank,2020-12-18,29.56,2.58,0.40,76.2648
Nifty Bank,2020-12-21,28.35,2.47,0.42,70.0245
Nifty Bank,2020-12-22,28.51,2.49,0.42,70.9899
Nifty Bank,2020-12-23,28.76,2.51,0.41,72.1876
Nifty Bank,2020-12-24,29.26,2.55,0.41,74.613
Nifty Bank,2020-12-28,29.72,2.59,0.40,76.97479999999999
Nifty Bank,2020-12-29,30.14,2.63,0.40,79.2682
Nifty Bank,2020-12-30,30.12,2.63,0.40,79.2156
Nifty Bank,2020-12-31,30.09,2.62,0.40,78.8358
Nifty Bank,2021-01-01,30.12,2.61,0.40,78.61319999999999
Nifty Bank,2021-01-04,30.1,2.6,0.40,78.26
Nifty Bank,2021-01-05,30.6,2.65,0.40,81.09
Nifty Bank,2021-01-06,30.67,2.65,0.40,81.27550000000001
Nifty Bank,2021-01-07,30.82,2.67,0.39,82.2894
Nifty Bank,2021-01-08,30.95,2.68,0.39,82.946
Nifty Bank,2021-01-11,30.86,2.67,0.39,82.3962
Nifty Bank,2021-01-12,31.19,2.7,0.39,84.21300000000001
Nifty Bank,2021-01-13,31.42,2.72,0.39,85.46240000000002
Nifty Bank,2021-01-14,31.37,2.71,0.39,85.0127
Nifty Bank,2021-01-15,31.1,2.69,0.39,83.659
Nifty Bank,2021-01-18,30.68,2.65,0.40,81.30199999999999
Nifty Bank,2021-01-19,30.85,2.71,0.39,83.6035
Nifty Bank,2021-01-20,30.96,2.72,0.39,84.2112
Nifty Bank,2021-01-21,30.62,2.69,0.39,82.3678
Nifty Bank,2021-01-22,29.68,2.6,0.40,77.168
Nifty Bank,2021-01-25,29.75,2.6,0.40,77.35000000000001
Nifty Bank,2021-01-27,28.88,2.53,0.42,73.06639999999999
Nifty Bank,2021-01-28,28.86,2.53,0.41,73.0158
Nifty Bank,2021-01-29,28.95,2.55,0.41,73.82249999999999
Nifty Bank,2021-02-01,31.29,2.76,0.38,86.36039999999998
Nifty Bank,2021-02-02,31.72,2.86,0.37,90.71919999999999
Nifty Bank,2021-02-03,32.17,2.9,0.36,93.293
Nifty Bank,2021-02-04,32.71,2.95,0.36,96.4945
Nifty Bank,2021-02-05,33.0,2.98,0.35,98.34
Nifty Bank,2021-02-08,33.46,3.0,0.35,100.38
Nifty Bank,2021-02-09,33.31,3.01,0.35,100.2631
Nifty Bank,2021-02-10,33.06,2.99,0.35,98.84940000000002
Nifty Bank,2021-02-11,33.03,2.98,0.35,98.4294
Nifty Bank,2021-02-12,33.36,3.01,0.35,100.41359999999999
Nifty Bank,2021-02-15,34.47,3.11,0.34,107.20169999999999
Nifty Bank,2021-02-16,34.27,3.1,0.34,106.23700000000001
Nifty Bank,2021-02-17,34.1,3.08,0.34,105.028
Nifty Bank,2021-02-18,33.8,3.05,0.34,103.08999999999999
Nifty Bank,2021-02-19,33.11,2.99,0.35,98.9989
Nifty Bank,2021-02-22,32.57,2.94,0.36,95.7558
Nifty Bank,2021-02-23,32.44,2.93,0.36,95.0492
Nifty Bank,2021-02-24,33.68,3.04,0.35,102.3872
Nifty Bank,2021-02-25,33.77,3.05,0.34,102.9985
Nifty Bank,2021-02-26,32.15,2.9,0.36,93.235
Nifty Bank,2021-03-01,32.61,2.95,0.36,96.1995
Nifty Bank,2021-03-02,32.72,2.96,0.36,96.85119999999999
Nifty Bank,2021-03-03,33.6,3.04,0.35,102.144
Nifty Bank,2021-03-04,33.08,2.99,0.35,98.9092
Nifty Bank,2021-03-05,32.55,2.94,0.36,95.69699999999999
Nifty Bank,2021-03-08,32.59,2.94,0.36,95.81460000000001
Nifty Bank,2021-03-09,33.14,2.99,0.35,99.08860000000001
Nifty Bank,2021-03-10,33.2,3.0,0.35,99.60000000000001
Nifty Bank,2021-03-12,32.79,2.96,0.35,97.05839999999999
Nifty Bank,2021-03-15,32.5,2.94,0.36,95.55
Nifty Bank,2021-03-16,32.16,2.9,0.36,93.26399999999998
Nifty Bank,2021-03-17,31.62,2.86,0.37,90.4332
Nifty Bank,2021-03-18,31.28,2.83,0.37,88.5224
Nifty Bank,2021-03-19,31.56,2.85,0.37,89.946
Nifty Bank,2021-03-22,31.05,2.8,0.37,86.94
Nifty Bank,2021-03-23,31.58,2.85,0.37,90.003
Nifty Bank,2021-03-24,30.76,2.78,0.38,85.5128
Nifty Bank,2021-03-25,30.49,2.75,0.38,83.8475
Nifty Bank,2021-03-26,30.78,2.78,0.38,85.5684
Nifty Bank,2021-03-30,31.3,2.83,0.37,88.57900000000001
Nifty Bank,2021-03-31,25.87,3.03,-,78.3861
Nifty Bank,2021-04-01,26.3,3.08,-,81.004
Nifty Bank,2021-04-05,25.38,2.98,-,75.63239999999999
Nifty Bank,2021-04-06,25.24,2.96,-,74.71039999999999
Nifty Bank,2021-04-07,25.62,3.0,-,76.86
Nifty Bank,2021-04-08,25.46,2.99,-,76.12540000000001
Nifty Bank,2021-04-09,25.2,2.95,-,74.34
Nifty Bank,2021-04-12,23.92,2.8,-,66.976
Nifty Bank,2021-04-13,24.68,2.89,-,71.3252
Nifty Bank,2021-04-15,24.94,2.92,-,72.8248
Nifty Bank,2021-04-16,24.84,2.91,-,72.2844
Nifty Bank,2021-04-19,24.13,2.84,-,68.52919999999999
Nifty Bank,2021-04-20,24.05,2.83,-,68.06150000000001
Nifty Bank,2021-04-22,24.57,2.89,-,71.0073
Nifty Bank,2021-04-23,24.52,2.88,-,70.6176
Nifty Bank,2021-04-26,24.95,2.94,-,73.353
Nifty Bank,2021-04-27,24.15,2.98,-,71.967
Nifty Bank,2021-04-28,24.88,3.07,-,76.38159999999999
Nifty Bank,2021-04-29,24.87,3.07,-,76.3509
Nifty Bank,2021-04-30,24.18,2.98,-,72.0564
Nifty Bank,2021-05-03,22.44,2.95,-,66.19800000000001
Nifty Bank,2021-05-04,22.12,2.93,-,64.81160000000001
Nifty Bank,2021-05-05,22.34,2.98,-,66.5732
Nifty Bank,2021-05-06,22.38,2.99,-,66.9162
Nifty Bank,2021-05-07,22.43,2.99,-,67.0657
Nifty Bank,2021-05-10,22.6,3.01,-,68.026
Nifty Bank,2021-05-11,22.49,2.99,-,67.2451
Nifty Bank,2021-05-12,22.19,2.95,-,65.46050000000001
Nifty Bank,2021-05-14,22.0,2.93,-,64.46000000000001
Nifty Bank,2021-05-17,22.88,3.04,-,69.5552
Nifty Bank,2021-05-18,23.19,3.09,-,71.6571
Nifty Bank,2021-05-19,22.95,3.06,-,70.227
Nifty Bank,2021-05-20,22.71,3.03,-,68.8113
Nifty Bank,2021-05-21,23.57,3.15,-,74.24549999999999
Nifty Bank,2021-05-24,23.8,3.18,-,75.68400000000001
Nifty Bank,2021-05-25,23.76,3.15,-,74.84400000000001
Nifty Bank,2021-05-26,23.78,3.15,-,74.907
Nifty Bank,2021-05-27,24.06,3.19,-,76.75139999999999
Nifty Bank,2021-05-28,24.09,3.2,-,77.08800000000001
Nifty Bank,2021-05-31,24.41,3.23,-,78.8443
Nifty Bank,2021-06-01,24.28,3.22,-,78.1816
Nifty Bank,2021-06-02,24.3,3.22,-,78.24600000000001
Nifty Bank,2021-06-03,24.49,3.24,0.11,79.3476
Nifty Bank,2021-06-04,24.25,3.21,0.12,77.8425
Nifty Bank,2021-06-07,24.35,3.22,0.12,78.40700000000001
Nifty Bank,2021-06-08,23.89,3.19,0.12,76.2091
Nifty Bank,2021-06-09,23.7,3.17,0.12,75.12899999999999
Nifty Bank,2021-06-10,23.92,3.2,0.12,76.54400000000001
Nifty Bank,2021-06-11,23.87,3.19,0.12,76.1453
Nifty Bank,2021-06-14,23.8,3.18,0.12,75.68400000000001
Nifty Bank,2021-06-15,24.0,3.21,0.12,77.03999999999999
Nifty Bank,2021-06-16,23.84,3.18,0.12,75.8112
Nifty Bank,2021-06-17,23.57,3.15,0.12,74.24549999999999
Nifty Bank,2021-06-18,23.53,3.07,0.12,72.2371
Nifty Bank,2021-06-21,23.75,3.1,0.12,73.625
Nifty Bank,2021-06-22,23.66,3.09,0.12,73.1094
Nifty Bank,2021-06-23,23.55,3.08,0.12,72.534
Nifty Bank,2021-06-24,23.72,3.1,0.12,73.532
Nifty Bank,2021-06-25,24.08,3.15,0.12,75.85199999999999
Nifty Bank,2021-06-28,24.08,3.14,0.12,75.6112
Nifty Bank,2021-06-29,23.84,3.11,0.24,74.1424
Nifty Bank,2021-06-30,23.75,3.0,0.24,71.25
Nifty Bank,2021-07-01,23.69,2.99,0.25,70.83310000000002
Nifty Bank,2021-07-02,23.78,3.0,0.25,71.34
Nifty Bank,2021-07-05,24.05,3.03,0.25,72.8715
Nifty Bank,2021-07-06,24.3,3.07,0.25,74.601
Nifty Bank,2021-07-07,24.43,3.08,0.24,75.2444
Nifty Bank,2021-07-08,24.09,3.04,0.25,73.2336
Nifty Bank,2021-07-09,23.96,3.02,0.25,72.3592
Nifty Bank,2021-07-12,24.04,3.03,0.25,72.84119999999999
Nifty Bank,2021-07-13,24.37,3.07,0.24,74.8159
Nifty Bank,2021-07-14,24.36,3.07,0.25,74.78519999999999
Nifty Bank,2021-07-15,24.53,3.09,0.24,75.7977
Nifty Bank,2021-07-16,24.42,3.08,0.24,75.21360000000001
Nifty Bank,2021-07-19,23.96,3.02,0.25,72.3592
Nifty Bank,2021-07-20,23.31,2.97,0.25,69.2307
Nifty Bank,2021-07-22,23.49,2.99,0.25,70.2351
Nifty Bank,2021-07-23,23.73,2.94,0.25,69.7662
Nifty Bank,2021-07-26,23.68,2.93,0.25,69.3824
Nifty Bank,2021-07-27,23.23,2.86,0.25,66.4378
Nifty Bank,2021-07-28,22.71,2.84,0.25,64.4964
Nifty Bank,2021-07-29,22.64,2.86,0.32,64.7504
Nifty Bank,2021-07-30,22.57,2.85,0.33,64.3245
Nifty Bank,2021-08-02,22.65,2.86,0.32,64.779
Nifty Bank,2021-08-03,23.15,2.9,0.32,67.13499999999999
Nifty Bank,2021-08-04,23.84,2.97,0.31,70.8048
Nifty Bank,2021-08-05,23.72,2.95,0.31,69.974
Nifty Bank,2021-08-06,23.28,2.95,0.31,68.676
Nifty Bank,2021-08-09,23.61,2.96,0.31,69.8856
Nifty Bank,2021-08-10,23.61,2.95,0.31,69.6495
Nifty Bank,2021-08-11,23.46,2.93,0.31,68.73780000000001
Nifty Bank,2021-08-12,23.55,2.94,0.31,69.237
Nifty Bank,2021-08-13,23.7,2.96,0.31,70.152
Nifty Bank,2021-08-16,23.65,2.96,0.31,70.00399999999999
Nifty Bank,2021-08-17,23.5,2.78,0.34,65.33
Nifty Bank,2021-08-18,23.3,2.76,0.35,64.30799999999999
Nifty Bank,2021-08-20,22.95,2.72,0.35,62.424
Nifty Bank,2021-08-23,23.01,2.73,0.35,62.8173
Nifty Bank,2021-08-24,23.4,2.77,0.34,64.818
Nifty Bank,2021-08-25,23.32,2.76,0.34,64.36319999999999
Nifty Bank,2021-08-26,23.34,2.76,0.34,64.41839999999999
Nifty Bank,2021-08-27,23.34,2.77,0.34,64.6518
Nifty Bank,2021-08-30,23.82,2.82,0.34,67.1724
Nifty Bank,2021-08-31,23.87,2.77,0.34,66.1199
Nifty Bank,2021-09-01,23.96,2.78,0.34,66.6088
Nifty Bank,2021-09-02,24.13,2.8,0.33,67.564
Nifty Bank,2021-09-03,24.09,2.8,0.33,67.452
Nifty Bank,2021-09-06,23.98,2.78,0.34,66.6644
Nifty Bank,2021-09-07,23.89,2.77,0.34,66.17530000000001
Nifty Bank,2021-09-08,24.09,2.8,0.33,67.452
Nifty Bank,2021-09-09,24.04,2.79,0.33,67.0716
Nifty Bank,2021-09-13,23.9,2.77,0.34,66.203
Nifty Bank,2021-09-14,23.99,2.78,0.34,66.69219999999999
Nifty Bank,2021-09-15,24.15,2.8,0.33,67.61999999999999
Nifty Bank,2021-09-16,24.68,2.87,0.33,70.83160000000001
Nifty Bank,2021-09-17,24.77,2.88,0.32,71.3376
Nifty Bank,2021-09-20,24.34,2.83,0.33,68.8822
Nifty Bank,2021-09-21,24.4,2.83,0.33,69.05199999999999
Nifty Bank,2021-09-22,24.21,2.81,0.33,68.0301
Nifty Bank,2021-09-23,24.75,2.87,0.32,71.0325
Nifty Bank,2021-09-24,24.79,2.87,0.32,71.1473
Nifty Bank,2021-09-27,25.01,2.89,0.32,72.27890000000001
Nifty Bank,2021-09-28,24.86,2.87,0.32,71.3482
Nifty Bank,2021-09-29,24.73,2.86,0.33,70.7278
Nifty Bank,2021-09-30,24.32,2.81,0.33,68.3392
Nifty Bank,2021-10-01,24.19,2.8,0.34,67.732
Nifty Bank,2021-10-04,24.42,2.82,0.33,68.8644
Nifty Bank,2021-10-05,24.52,2.84,0.33,69.6368
Nifty Bank,2021-10-06,24.38,2.82,0.33,68.7516
Nifty Bank,2021-10-07,24.53,2.84,0.33,69.6652
Nifty Bank,2021-10-08,24.55,2.84,0.33,69.722
Nifty Bank,2021-10-11,24.88,2.88,0.33,71.6544
Nifty Bank,2021-10-12,25.03,2.9,0.32,72.587
Nifty Bank,2021-10-13,25.1,2.9,0.32,72.79
Nifty Bank,2021-10-14,25.56,2.96,0.32,75.6576
Nifty Bank,2021-10-18,25.79,2.98,0.31,76.85419999999999
Nifty Bank,2021-10-19,25.42,2.97,0.32,75.49740000000001
Nifty Bank,2021-10-20,25.4,2.97,0.32,75.438
Nifty Bank,2021-10-21,25.73,3.01,0.31,77.4473
Nifty Bank,2021-10-22,25.92,3.03,0.31,78.5376
Nifty Bank,2021-10-25,26.48,3.1,0.30,82.08800000000001
Nifty Bank,2021-10-26,26.12,3.1,0.30,80.97200000000001
Nifty Bank,2021-10-27,25.89,3.07,0.31,79.4823
Nifty Bank,2021-10-28,24.54,2.97,0.32,72.88380000000001
Nifty Bank,2021-10-29,24.06,2.94,0.32,70.73639999999999
Nifty Bank,2021-11-01,24.53,2.99,0.31,73.3447
Nifty Bank,2021-11-02,25.4,3.0,0.31,76.19999999999999
Nifty Bank,2021-11-03,25.06,2.96,0.32,74.1776
Nifty Bank,2021-11-04,25.17,2.97,0.32,74.7549
Nifty Bank,2021-11-08,25.08,2.96,0.32,74.23679999999999
Nifty Bank,2021-11-09,24.32,2.96,0.32,71.9872
Nifty Bank,2021-11-10,24.11,2.93,0.32,70.6423
Nifty Bank,2021-11-11,23.82,2.9,0.32,69.078
Nifty Bank,2021-11-12,23.93,2.91,0.32,69.6363
Nifty Bank,2021-11-15,23.91,2.91,0.32,69.5781
Nifty Bank,2021-11-16,23.67,2.88,0.33,68.1696
Nifty Bank,2021-11-17,23.5,2.86,0.33,67.21
Nifty Bank,2021-11-18,23.46,2.85,0.33,66.861
Nifty Bank,2021-11-22,22.94,2.79,0.34,64.0026
Nifty Bank,2021-11-23,23.03,2.8,0.34,64.484
Nifty Bank,2021-11-24,23.13,2.81,0.33,64.9953
Nifty Bank,2021-11-25,23.09,2.81,0.33,64.8829
Nifty Bank,2021-11-26,22.26,2.71,0.35,60.324600000000004
Nifty Bank,2021-11-29,22.23,2.7,0.35,60.02100000000001
Nifty Bank,2021-11-30,22.05,2.68,0.35,59.09400000000001
Nifty Bank,2021-12-01,22.47,2.73,0.34,61.3431
Nifty Bank,2021-12-02,22.56,2.74,0.34,61.8144
Nifty Bank,2021-12-03,22.36,2.72,0.34,60.8192
Nifty Bank,2021-12-06,22.08,2.69,0.35,59.395199999999996
Nifty Bank,2021-12-07,22.62,2.75,0.34,62.205000000000005
Nifty Bank,2021-12-08,23.04,2.8,0.33,64.512
Nifty Bank,2021-12-09,22.91,2.79,0.34,63.9189
Nifty Bank,2021-12-10,22.92,2.79,0.34,63.9468
Nifty Bank,2021-12-13,22.81,2.78,0.34,63.41179999999999
Nifty Bank,2021-12-14,22.79,2.77,0.34,63.128299999999996
Nifty Bank,2021-12-15,22.73,2.76,0.34,62.73479999999999
Nifty Bank,2021-12-16,22.58,2.75,0.34,62.095
Nifty Bank,2021-12-17,22.01,2.68,0.35,58.98680000000001
Nifty Bank,2021-12-20,21.28,2.59,0.36,55.1152
Nifty Bank,2021-12-21,21.38,2.6,0.36,55.588
Nifty Bank,2021-12-22,21.64,2.63,0.36,56.913199999999996
Nifty Bank,2021-12-23,21.74,2.64,0.35,57.3936
Nifty Bank,2021-12-24,21.54,2.62,0.36,56.4348
Nifty Bank,2021-12-27,21.66,2.63,0.36,56.9658
Nifty Bank,2021-12-28,21.74,2.64,0.35,57.3936
Nifty Bank,2021-12-29,21.65,2.63,0.36,56.939499999999995
Nifty Bank,2021-12-30,21.66,2.64,0.36,57.1824
Nifty Bank,2021-12-31,22.33,2.62,0.34,58.504599999999996
Nifty Bank,2022-01-03,22.92,2.69,0.33,61.6548
Nifty Bank,2022-01-04,23.19,2.72,0.33,63.076800000000006
Nifty Bank,2022-01-05,23.73,2.79,0.32,66.2067
Nifty Bank,2022-01-06,23.6,2.77,0.32,65.372
Nifty Bank,2022-01-07,23.75,2.79,0.32,66.2625
Nifty Bank,2022-01-10,24.14,2.83,0.32,68.31620000000001
Nifty Bank,2022-01-11,24.2,2.84,0.32,68.728
Nifty Bank,2022-01-12,24.38,2.86,0.31,69.7268
Nifty Bank,2022-01-13,24.21,2.84,0.31,68.7564
Nifty Bank,2022-01-14,24.15,2.84,0.32,68.586
Nifty Bank,2022-01-17,24.05,2.83,0.32,68.06150000000001
Nifty Bank,2022-01-18,23.72,2.82,0.32,66.8904
Nifty Bank,2022-01-19,23.61,2.81,0.32,66.3441
Nifty Bank,2022-01-20,23.49,2.8,0.32,65.77199999999999
Nifty Bank,2022-01-21,23.32,2.78,0.32,64.8296
Nifty Bank,2022-01-24,22.93,2.73,0.33,62.5989
Nifty Bank,2022-01-25,23.14,2.79,0.32,64.56060000000001
Nifty Bank,2022-01-27,22.59,2.81,0.32,63.4779
Nifty Bank,2022-01-28,22.36,2.79,0.32,62.3844
Nifty Bank,2022-01-31,22.48,2.81,0.32,63.168800000000005
Nifty Bank,2022-02-01,22.53,2.85,0.31,64.21050000000001
Nifty Bank,2022-02-02,23.01,2.91,0.31,66.9591
Nifty Bank,2022-02-03,22.82,2.88,0.31,65.7216
Nifty Bank,2022-02-04,22.69,2.87,0.31,65.1203
Nifty Bank,2022-02-07,22.23,2.81,0.32,62.466300000000004
Nifty Bank,2022-02-08,21.83,2.81,0.32,61.342299999999994
Nifty Bank,2022-02-09,22.16,2.85,0.31,63.156000000000006
Nifty Bank,2022-02-10,22.39,2.88,0.31,64.4832
Nifty Bank,2022-02-11,22.11,2.85,0.31,63.0135
Nifty Bank,2022-02-14,21.18,2.73,0.33,57.8214
Nifty Bank,2022-02-15,21.91,2.82,0.32,61.786199999999994
Nifty Bank,2022-02-16,21.78,2.81,0.32,61.201800000000006
Nifty Bank,2022-02-17,21.54,2.77,0.32,59.6658
Nifty Bank,2022-02-18,21.58,2.78,0.32,59.99239999999999
Nifty Bank,2022-02-21,21.63,2.79,0.32,60.347699999999996
Nifty Bank,2022-02-22,21.45,2.76,0.32,59.20199999999999
Nifty Bank,2022-02-23,21.46,2.76,0.32,59.2296
Nifty Bank,2022-02-24,20.22,2.6,0.34,52.571999999999996
Nifty Bank,2022-02-25,20.91,2.69,0.33,56.2479
Nifty Bank,2022-02-28,20.78,2.68,0.33,55.690400000000004
Nifty Bank,2022-03-02,20.3,2.61,0.34,52.983
Nifty Bank,2022-03-03,20.06,2.58,0.35,51.754799999999996
Nifty Bank,2022-03-04,19.75,2.54,0.35,50.165
Nifty Bank,2022-03-07,18.87,2.43,0.37,45.8541
Nifty Bank,2022-03-08,19.03,2.45,0.37,46.62350000000001
Nifty Bank,2022-03-09,19.41,2.5,0.36,48.525
Nifty Bank,2022-03-10,19.79,2.55,0.35,50.464499999999994
Nifty Bank,2022-03-11,19.83,2.55,0.35,50.56649999999999
Nifty Bank,2022-03-14,20.27,2.61,0.34,52.9047
Nifty Bank,2022-03-15,20.1,2.59,0.35,52.059
Nifty Bank,2022-03-16,20.52,2.64,0.34,54.1728
Nifty Bank,2022-03-17,20.91,2.69,0.33,56.2479
Nifty Bank,2022-03-21,20.67,2.66,0.34,54.982200000000006
Nifty Bank,2022-03-22,20.86,2.69,0.33,56.1134
Nifty Bank,2022-03-23,20.75,2.67,0.34,55.402499999999996
Nifty Bank,2022-03-24,20.39,2.63,0.34,53.6257
Nifty Bank,2022-03-25,20.32,2.62,0.34,53.238400000000006
Nifty Bank,2022-03-28,20.5,2.64,0.34,54.120000000000005
Nifty Bank,2022-03-29,20.57,2.65,0.34,54.5105
Nifty Bank,2022-03-30,20.85,2.69,0.33,56.0865
Nifty Bank,2022-03-31,20.51,2.71,0.33,55.582100000000004
Nifty Bank,2022-04-01,20.94,2.77,0.32,58.003800000000005
Nifty Bank,2022-04-04,21.78,2.88,0.31,62.7264
Nifty Bank,2022-04-05,21.46,2.84,0.31,60.9464
Nifty Bank,2022-04-06,21.22,2.8,0.32,59.41599999999999
Nifty Bank,2022-04-07,21.17,2.8,0.32,59.276
Nifty Bank,2022-04-08,21.28,2.81,0.32,59.796800000000005
Nifty Bank,2022-04-11,21.21,2.8,0.32,59.388
Nifty Bank,2022-04-12,21.28,2.81,0.32,59.796800000000005
Nifty Bank,2022-04-13,21.12,2.79,0.32,58.924800000000005
Nifty Bank,2022-04-18,20.71,2.74,0.32,56.745400000000004
Nifty Bank,2022-04-19,20.2,2.71,0.33,54.742
Nifty Bank,2022-04-20,20.18,2.7,0.33,54.486000000000004
Nifty Bank,2022-04-21,20.46,2.74,0.32,56.06040000000001
Nifty Bank,2022-04-22,20.03,2.68,0.33,53.680400000000006
Nifty Bank,2022-04-25,20.05,2.69,0.33,53.9345
Nifty Bank,2022-04-26,19.74,2.71,0.33,53.4954
Nifty Bank,2022-04-27,19.54,2.68,0.33,52.367200000000004
Nifty Bank,2022-04-28,19.75,2.71,0.33,53.5225
Nifty Bank,2022-04-29,19.53,2.69,0.33,52.5357
Nifty Bank,2022-05-02,19.29,2.69,0.33,51.8901
Nifty Bank,2022-05-04,18.65,2.63,0.34,49.049499999999995
Nifty Bank,2022-05-05,18.64,2.62,0.34,48.836800000000004
Nifty Bank,2022-05-06,18.3,2.58,0.35,47.214000000000006
Nifty Bank,2022-05-09,18.13,2.55,0.35,46.2315
Nifty Bank,2022-05-10,18.07,2.57,0.35,46.439899999999994
Nifty Bank,2022-05-11,18.18,2.58,0.34,46.9044
Nifty Bank,2022-05-12,17.57,2.5,0.68,43.925
Nifty Bank,2022-05-13,17.36,2.47,0.69,42.879200000000004
Nifty Bank,2022-05-16,17.64,2.5,0.68,44.1
Nifty Bank,2022-05-17,17.2,2.55,0.67,43.85999999999999
Nifty Bank,2022-05-18,17.13,2.54,0.67,43.5102
Nifty Bank,2022-05-19,16.7,2.48,0.69,41.416
Nifty Bank,2022-05-20,17.19,2.55,0.67,43.8345
Nifty Bank,2022-05-23,17.17,2.55,0.67,43.783500000000004
Nifty Bank,2022-05-24,17.19,2.55,0.67,43.8345
Nifty Bank,2022-05-25,17.22,2.56,0.84,44.0832
Nifty Bank,2022-05-26,17.6,2.61,0.82,45.936
Nifty Bank,2022-05-27,17.86,2.65,0.81,47.32899999999999
Nifty Bank,2022-05-30,17.96,2.67,0.80,47.9532
Nifty Bank,2022-05-31,17.79,2.64,0.81,46.9656
Nifty Bank,2022-06-01,17.86,2.65,0.81,47.32899999999999
Nifty Bank,2022-06-02,17.86,2.65,0.81,47.32899999999999
Nifty Bank,2022-06-03,17.69,2.63,0.72,46.5247
Nifty Bank,2022-06-06,17.7,2.63,0.72,46.550999999999995
Nifty Bank,2022-06-07,17.55,2.61,0.73,45.8055
Nifty Bank,2022-06-08,17.52,2.6,0.73,45.552
Nifty Bank,2022-06-09,17.59,2.61,0.72,45.9099
Nifty Bank,2022-06-10,17.29,2.57,0.74,44.4353
Nifty Bank,2022-06-13,16.75,2.49,0.76,41.7075
Nifty Bank,2022-06-14,16.7,2.48,0.76,41.416
Nifty Bank,2022-06-15,16.72,2.48,0.76,41.465599999999995
Nifty Bank,2022-06-16,16.35,2.43,0.78,39.730500000000006
Nifty Bank,2022-06-17,16.42,2.44,0.83,40.064800000000005
Nifty Bank,2022-06-20,16.39,2.43,0.83,39.82770000000001
Nifty Bank,2022-06-21,16.64,2.47,0.82,41.10080000000001
Nifty Bank,2022-06-22,16.47,2.45,0.84,40.3515
Nifty Bank,2022-06-23,16.61,2.47,0.84,41.026700000000005
Nifty Bank,2022-06-24,16.86,2.5,0.82,42.15
Nifty Bank,2022-06-27,16.95,2.52,0.82,42.714
Nifty Bank,2022-06-28,16.87,2.51,0.82,42.3437
Nifty Bank,2022-06-29,16.68,2.48,0.70,41.3664
Nifty Bank,2022-06-30,16.65,2.46,0.69,40.958999999999996
Nifty Bank,2022-07-01,16.7,2.46,0.67,41.082
Nifty Bank,2022-07-04,16.9,2.49,0.67,42.081
Nifty Bank,2022-07-05,16.84,2.48,0.67,41.7632
Nifty Bank,2022-07-06,17.1,2.52,0.66,43.092000000000006
Nifty Bank,2022-07-07,17.39,2.57,0.66,44.692299999999996
Nifty Bank,2022-07-08,17.49,2.45,0.66,42.8505
Nifty Bank,2022-07-11,17.67,2.41,0.65,42.584700000000005
Nifty Bank,2022-07-12,17.5,2.39,0.66,41.825
Nifty Bank,2022-07-13,17.35,2.37,0.67,41.1195
Nifty Bank,2022-07-14,17.26,2.36,0.67,40.7336
Nifty Bank,2022-07-15,17.27,2.36,0.67,40.7572
Nifty Bank,2022-07-18,17.53,2.4,0.66,42.072
Nifty Bank,2022-07-19,17.71,2.43,0.68,43.03530000000001
Nifty Bank,2022-07-20,17.66,2.45,0.68,43.267
Nifty Bank,2022-07-21,17.77,2.46,0.67,43.7142
Nifty Bank,2022-07-22,17.89,2.5,0.66,44.725
Nifty Bank,2022-07-25,17.87,2.5,0.66,44.675000000000004
Nifty Bank,2022-07-26,17.56,2.46,0.67,43.197599999999994
Nifty Bank,2022-07-27,17.06,2.49,0.66,42.4794
Nifty Bank,2022-07-28,17.33,2.53,0.65,43.844899999999996
Nifty Bank,2022-07-29,17.39,2.54,0.59,44.1706
Nifty Bank,2022-08-01,17.64,2.56,0.58,45.1584
Nifty Bank,2022-08-02,17.48,2.57,0.58,44.9236
Nifty Bank,2022-08-03,17.47,2.57,0.58,44.89789999999999
Nifty Bank,2022-08-04,17.36,2.55,0.58,44.267999999999994
Nifty Bank,2022-08-05,17.43,2.56,0.58,44.6208
Nifty Bank,2022-08-08,17.58,2.59,0.72,45.532199999999996
Nifty Bank,2022-08-10,17.6,2.59,0.72,45.584
Nifty Bank,2022-08-11,17.87,2.57,0.75,45.9259
Nifty Bank,2022-08-12,17.94,2.56,0.75,45.9264
Nifty Bank,2022-08-16,18.03,2.57,0.75,46.3371
Nifty Bank,2022-08-17,18.14,2.58,0.72,46.8012
Nifty Bank,2022-08-18,18.22,2.57,0.71,46.825399999999995
Nifty Bank,2022-08-19,17.92,2.52,0.72,45.15840000000001
Nifty Bank,2022-08-22,17.6,2.48,0.74,43.648
Nifty Bank,2022-08-23,17.78,2.51,0.73,44.6278
Nifty Bank,2022-08-24,17.94,2.53,0.72,45.3882
Nifty Bank,2022-08-25,17.9,2.52,0.73,45.108
Nifty Bank,2022-08-26,17.92,2.52,0.72,45.15840000000001
Nifty Bank,2022-08-29,17.59,2.48,0.74,43.6232
Nifty Bank,2022-08-30,18.2,2.56,0.71,46.592
Nifty Bank,2022-09-01,18.09,2.55,0.72,46.12949999999999
Nifty Bank,2022-09-02,18.14,2.56,0.72,46.4384
Nifty Bank,2022-09-05,18.32,2.58,0.71,47.2656
Nifty Bank,2022-09-06,18.26,2.57,0.71,46.928200000000004
Nifty Bank,2022-09-07,18.16,2.56,0.71,46.4896
Nifty Bank,2022-09-08,18.51,2.61,0.70,48.3111
Nifty Bank,2022-09-09,18.6,2.62,0.70,48.732000000000006
Nifty Bank,2022-09-12,18.67,2.63,0.70,49.1021
Nifty Bank,2022-09-13,18.81,2.65,0.69,49.84649999999999
Nifty Bank,2022-09-14,19.06,2.69,0.68,51.27139999999999
Nifty Bank,2022-09-15,18.97,2.67,0.68,50.649899999999995
Nifty Bank,2022-09-16,18.77,2.64,0.69,49.5528
Nifty Bank,2022-09-19,18.83,2.65,0.69,49.899499999999996
Nifty Bank,2022-09-20,19.09,2.69,0.68,51.3521
Nifty Bank,2022-09-21,18.96,2.67,0.68,50.623200000000004
Nifty Bank,2022-09-22,18.7,2.64,0.69,49.368
Nifty Bank,2022-09-23,18.2,2.56,0.71,46.592
Nifty Bank,2022-09-26,17.77,2.5,0.73,44.425
Nifty Bank,2022-09-27,17.65,2.49,0.74,43.9485
Nifty Bank,2022-09-28,17.38,2.45,0.75,42.581
Nifty Bank,2022-09-29,17.33,2.44,0.75,42.285199999999996
Nifty Bank,2022-09-30,17.97,2.55,0.73,45.823499999999996
Nifty Bank,2022-10-03,17.69,2.51,0.74,44.4019
Nifty Bank,2022-10-04,18.19,2.58,0.72,46.930200000000006
Nifty Bank,2022-10-06,18.27,2.59,0.71,47.3193
Nifty Bank,2022-10-07,18.22,2.58,0.72,47.0076
Nifty Bank,2022-10-10,18.18,2.58,0.72,46.9044
Nifty Bank,2022-10-11,18.01,2.55,0.72,45.9255
Nifty Bank,2022-10-12,18.2,2.58,0.72,46.955999999999996
Nifty Bank,2022-10-13,17.97,2.55,0.73,45.823499999999996
Nifty Bank,2022-10-14,18.28,2.59,0.71,47.3452
Nifty Bank,2022-10-17,18.57,2.63,0.70,48.8391
Nifty Bank,2022-10-18,18.47,2.66,0.70,49.1302
Nifty Bank,2022-10-19,18.49,2.66,0.70,49.1834
Nifty Bank,2022-10-20,18.21,2.64,0.70,48.074400000000004
Nifty Bank,2022-10-21,18.52,2.69,0.69,49.818799999999996
Nifty Bank,2022-10-24,18.76,2.72,0.68,51.02720000000001
Nifty Bank,2022-10-25,17.98,2.71,0.68,48.7258
Nifty Bank,2022-10-27,18.06,2.72,0.68,49.1232
Nifty Bank,2022-10-28,17.93,2.7,0.68,48.411
Nifty Bank,2022-10-31,18.07,2.72,0.68,49.150400000000005
Nifty Bank,2022-11-01,17.7,2.72,0.68,48.144
Nifty Bank,2022-11-02,17.67,2.71,0.68,47.88570000000001
Nifty Bank,2022-11-03,17.74,2.72,0.68,48.2528
Nifty Bank,2022-11-04,17.72,2.72,0.68,48.1984
Nifty Bank,2022-11-07,17.41,2.75,0.67,47.8775
Nifty Bank,2022-11-09,17.45,2.76,0.67,48.16199999999999
Nifty Bank,2022-11-10,17.38,2.74,0.67,47.6212
Nifty Bank,2022-11-11,17.6,2.78,0.67,48.928
Nifty Bank,2022-11-14,17.57,2.77,0.67,48.6689
Nifty Bank,2022-11-15,17.7,2.79,0.66,49.382999999999996
Nifty Bank,2022-11-16,17.77,2.81,0.66,49.9337
Nifty Bank,2022-11-17,17.73,2.8,0.66,49.644
Nifty Bank,2022-11-18,17.72,2.8,0.66,49.61599999999999
Nifty Bank,2022-11-21,17.69,2.79,0.66,49.35510000000001
Nifty Bank,2022-11-22,17.73,2.8,0.66,49.644
Nifty Bank,2022-11-23,17.85,2.82,0.66,50.337
Nifty Bank,2022-11-24,17.99,2.84,0.65,51.09159999999999
Nifty Bank,2022-11-25,17.95,2.83,0.65,50.7985
Nifty Bank,2022-11-28,17.97,2.84,0.65,51.0348
Nifty Bank,2022-11-29,17.98,2.84,0.65,51.0632
Nifty Bank,2022-11-30,18.06,2.85,0.65,51.471
Nifty Bank,2022-12-01,18.07,2.85,0.65,51.499500000000005
Nifty Bank,2022-12-02,18.0,2.84,0.65,51.12
Nifty Bank,2022-12-05,18.1,2.86,0.65,51.766000000000005
Nifty Bank,2022-12-06,18.02,2.84,0.65,51.17679999999999
Nifty Bank,2022-12-07,18.0,2.84,0.65,51.12
Nifty Bank,2022-12-08,18.21,2.88,0.64,52.4448
Nifty Bank,2022-12-09,18.22,2.88,0.64,52.4736
Nifty Bank,2022-12-12,18.26,2.88,0.64,52.5888
Nifty Bank,2022-12-13,18.35,2.9,0.64,53.215
Nifty Bank,2022-12-14,18.4,2.91,0.64,53.544
Nifty Bank,2022-12-15,18.17,2.87,0.65,52.14790000000001
Nifty Bank,2022-12-16,18.05,2.85,0.65,51.4425
Nifty Bank,2022-12-19,18.13,2.86,0.65,51.8518
Nifty Bank,2022-12-20,18.11,2.86,0.65,51.794599999999996
Nifty Bank,2022-12-21,17.8,2.81,0.66,50.018
Nifty Bank,2022-12-22,17.71,2.8,0.66,49.588
Nifty Bank,2022-12-23,17.4,2.75,0.67,47.849999999999994
Nifty Bank,2022-12-26,17.8,2.81,0.66,50.018
Nifty Bank,2022-12-27,17.9,2.83,0.65,50.657
Nifty Bank,2022-12-28,17.89,2.82,0.66,50.449799999999996
Nifty Bank,2022-12-29,18.06,2.85,0.65,51.471
Nifty Bank,2022-12-30,18.08,2.83,0.66,51.166399999999996
Nifty Bank,2023-01-02,18.17,2.85,0.66,51.78450000000001
Nifty Bank,2023-01-03,18.27,2.86,0.66,52.252199999999995
Nifty Bank,2023-01-04,18.07,2.83,0.66,51.1381
Nifty Bank,2023-01-05,17.92,2.81,0.67,50.3552
Nifty Bank,2023-01-06,17.75,2.78,0.68,49.345
Nifty Bank,2023-01-09,17.91,2.81,0.67,50.3271
Nifty Bank,2023-01-10,17.67,2.77,0.68,48.9459
Nifty Bank,2023-01-11,17.76,2.78,0.67,49.3728
Nifty Bank,2023-01-12,17.7,2.77,0.68,49.028999999999996
Nifty Bank,2023-01-13,17.82,2.79,0.67,49.717800000000004
Nifty Bank,2023-01-16,17.53,2.78,0.68,48.7334
Nifty Bank,2023-01-17,17.48,2.78,0.67,48.5944
Nifty Bank,2023-01-18,17.58,2.8,0.67,49.22399999999999
Nifty Bank,2023-01-19,17.37,2.79,0.67,48.462300000000006
Nifty Bank,2023-01-20,17.43,2.8,0.67,48.803999999999995
Nifty Bank,2023-01-23,17.28,2.82,0.67,48.7296
Nifty Bank,2023-01-24,17.01,2.82,0.67,47.9682
Nifty Bank,2023-01-25,16.58,2.75,0.68,45.595
Nifty Bank,2023-01-27,16.06,2.66,0.71,42.7196
Nifty Bank,2023-01-30,16.08,2.66,0.71,42.7728
Nifty Bank,2023-01-31,16.21,2.68,0.70,43.442800000000005
Nifty Bank,2023-02-01,16.16,2.67,0.70,43.1472
Nifty Bank,2023-02-02,16.22,2.68,0.70,43.4696
Nifty Bank,2023-02-03,16.55,2.74,0.69,45.34700000000001
Nifty Bank,2023-02-06,16.5,2.73,0.69,45.045
Nifty Bank,2023-02-07,16.09,2.73,0.69,43.9257
Nifty Bank,2023-02-08,16.11,2.74,0.69,44.141400000000004
Nifty Bank,2023-02-09,16.12,2.74,0.69,44.168800000000005
Nifty Bank,2023-02-10,16.12,2.74,0.69,44.168800000000005
Nifty Bank,2023-02-13,16.01,2.72,0.69,43.54720000000001
Nifty Bank,2023-02-14,16.15,2.75,0.68,44.412499999999994
Nifty Bank,2023-02-15,16.18,2.75,0.68,44.495
Nifty Bank,2023-02-16,16.15,2.74,0.68,44.251
Nifty Bank,2023-02-17,15.95,2.71,0.69,43.2245
Nifty Bank,2023-02-20,15.79,2.68,0.70,42.3172
Nifty Bank,2023-02-21,15.77,2.68,0.70,42.263600000000004
Nifty Bank,2023-02-22,15.51,2.64,0.71,40.946400000000004
Nifty Bank,2023-02-23,15.51,2.64,0.71,40.946400000000004
Nifty Bank,2023-02-24,15.48,2.63,0.71,40.7124
Nifty Bank,2023-02-27,15.63,2.66,0.71,41.5758
Nifty Bank,2023-02-28,15.62,2.65,0.71,41.392999999999994
Nifty Bank,2023-03-01,15.78,2.68,0.70,42.2904
Nifty Bank,2023-03-02,15.66,2.66,0.71,41.6556
Nifty Bank,2023-03-03,16.0,2.72,0.69,43.52
Nifty Bank,2023-03-06,16.04,2.73,0.69,43.789199999999994
Nifty Bank,2023-03-08,16.12,2.74,0.69,44.168800000000005
Nifty Bank,2023-03-09,16.0,2.72,0.69,43.52
Nifty Bank,2023-03-10,15.7,2.67,0.70,41.919
Nifty Bank,2023-03-13,15.34,2.61,0.72,40.0374
Nifty Bank,2023-03-14,15.28,2.6,0.72,39.728
Nifty Bank,2023-03-15,15.15,2.57,0.73,38.9355
Nifty Bank,2023-03-16,15.18,2.58,0.73,39.1644
Nifty Bank,2023-03-17,15.36,2.61,0.72,40.0896
Nifty Bank,2023-03-20,15.27,2.59,0.72,39.549299999999995
Nifty Bank,2023-03-21,15.47,2.63,0.71,40.6861
Nifty Bank,2023-03-22,15.51,2.64,0.71,40.946400000000004
Nifty Bank,2023-03-23,15.36,2.61,0.72,40.0896
Nifty Bank,2023-03-24,15.28,2.6,0.72,39.728
Nifty Bank,2023-03-27,15.29,2.6,0.72,39.754
Nifty Bank,2023-03-28,15.35,2.61,0.72,40.0635
Nifty Bank,2023-03-29,15.48,2.63,0.71,40.7124
Nifty Bank,2023-03-31,15.56,2.63,0.71,40.9228
Nifty Bank,2023-04-03,15.64,2.65,0.70,41.446
Nifty Bank,2023-04-05,15.71,2.66,0.70,41.7886
Nifty Bank,2023-04-06,15.73,2.66,0.70,41.841800000000006
Nifty Bank,2023-04-10,15.65,2.65,0.70,41.4725
Nifty Bank,2023-04-11,15.85,2.68,0.69,42.478
Nifty Bank,2023-04-12,15.93,2.69,0.69,42.8517
Nifty Bank,2023-04-13,16.15,2.73,0.68,44.089499999999994
Nifty Bank,2023-04-17,16.2,2.74,0.68,44.388
Nifty Bank,2023-04-18,16.03,2.74,0.68,43.922200000000004
Nifty Bank,2023-04-19,15.99,2.73,0.68,43.6527
Nifty Bank,2023-04-20,16.03,2.74,0.68,43.922200000000004
Nifty Bank,2023-04-21,15.98,2.73,0.68,43.6254
Nifty Bank,2023-04-24,16.17,2.76,0.67,44.629200000000004
Nifty Bank,2023-04-25,15.98,2.77,0.67,44.2646
Nifty Bank,2023-04-26,15.92,2.78,0.67,44.2576
Nifty Bank,2023-04-27,15.97,2.79,0.67,44.5563
Nifty Bank,2023-04-28,16.07,2.81,0.66,45.1567
Nifty Bank,2023-05-02,16.12,2.81,0.66,45.297200000000004
Nifty Bank,2023-05-03,16.96,2.81,0.66,47.6576
Nifty Bank,2023-05-04,17.11,2.84,0.66,48.5924
Nifty Bank,2023-05-05,16.71,2.77,0.67,46.2867
Nifty Bank,2023-05-08,16.95,2.81,0.66,47.6295
Nifty Bank,2023-05-09,16.83,2.8,0.66,47.123999999999995
Nifty Bank,2023-05-10,16.88,2.81,0.66,47.4328
Nifty Bank,2023-05-11,16.94,2.82,0.66,47.7708
Nifty Bank,2023-05-12,17.06,2.84,0.41,48.450399999999995
Nifty Bank,2023-05-15,17.17,2.86,0.41,49.1062
Nifty Bank,2023-05-16,17.11,2.85,0.71,48.7635
Nifty Bank,2023-05-17,17.03,2.84,0.71,48.3652
Nifty Bank,2023-05-18,16.77,2.84,0.71,47.626799999999996
Nifty Bank,2023-05-19,16.86,2.85,0.71,48.051
Nifty Bank,2023-05-22,16.35,2.85,0.71,46.597500000000004
Nifty Bank,2023-05-23,16.4,2.85,0.71,46.739999999999995
Nifty Bank,2023-05-24,16.29,2.84,0.71,46.2636
Nifty Bank,2023-05-25,16.3,2.84,0.59,46.292
Nifty Bank,2023-05-26,16.42,2.86,0.58,46.961200000000005
Nifty Bank,2023-05-29,16.53,2.88,0.58,47.6064
Nifty Bank,2023-05-30,16.58,2.88,0.58,47.75039999999999
Nifty Bank,2023-05-31,16.46,2.86,0.78,47.0756
Nifty Bank,2023-06-01,16.34,2.84,0.79,46.4056
Nifty Bank,2023-06-02,16.39,2.85,0.86,46.7115
Nifty Bank,2023-06-05,16.45,2.86,0.86,47.047
Nifty Bank,2023-06-06,16.48,2.87,0.86,47.2976
Nifty Bank,2023-06-07,16.52,2.87,0.85,47.4124
Nifty Bank,2023-06-08,16.41,2.86,0.86,46.9326
Nifty Bank,2023-06-09,16.41,2.86,0.86,46.9326
Nifty Bank,2023-06-12,16.39,2.85,0.86,46.7115
Nifty Bank,2023-06-13,16.44,2.86,0.86,47.0184
Nifty Bank,2023-06-14,16.41,2.86,0.86,46.9326
Nifty Bank,2023-06-15,16.21,2.82,0.87,45.7122
Nifty Bank,2023-06-16,16.39,2.85,0.86,46.7115
Nifty Bank,2023-06-19,16.28,2.83,0.82,46.0724
Nifty Bank,2023-06-20,16.33,2.84,0.82,46.377199999999995
Nifty Bank,2023-06-21,16.36,2.85,0.82,46.626
Nifty Bank,2023-06-22,16.31,2.84,0.80,46.32039999999999
Nifty Bank,2023-06-23,16.27,2.83,0.82,46.0441
Nifty Bank,2023-06-26,16.28,2.83,0.82,46.0724
Nifty Bank,2023-06-27,16.46,2.86,0.81,47.0756
Nifty Bank,2023-06-28,16.54,2.88,0.81,47.6352
Nifty Bank,2023-06-30,16.81,2.96,0.88,49.7576
Nifty Bank,2023-07-03,16.97,2.99,0.87,50.7403
Nifty Bank,2023-07-04,17.02,3.0,0.87,51.06
Nifty Bank,2023-07-05,16.97,2.99,0.87,50.7403
Nifty Bank,2023-07-06,17.04,3.0,0.87,51.12
Nifty Bank,2023-07-07,16.88,2.97,0.87,50.1336
Nifty Bank,2023-07-10,16.86,2.97,0.87,50.074200000000005
Nifty Bank,2023-07-11,16.81,2.96,0.88,49.7576
Nifty Bank,2023-07-12,16.77,2.95,0.88,49.4715
Nifty Bank,2023-07-13,18.01,3.14,0.80,56.55140000000001
Nifty Bank,2023-07-14,18.08,3.15,0.80,56.95199999999999
Nifty Bank,2023-07-17,18.27,3.19,0.79,58.281299999999995
Nifty Bank,2023-07-18,18.27,3.19,0.79,58.281299999999995
Nifty Bank,2023-07-19,18.16,3.21,0.76,58.2936
Nifty Bank,2023-07-20,18.27,3.24,0.75,59.1948
Nifty Bank,2023-07-21,18.23,3.24,0.75,59.065200000000004
Nifty Bank,2023-07-24,18.16,3.23,0.76,58.6568
Nifty Bank,2023-07-25,17.64,3.18,0.76,56.095200000000006
Nifty Bank,2023-07-26,17.72,3.19,0.75,56.526799999999994
Nifty Bank,2023-07-27,17.57,3.17,0.76,55.6969
Nifty Bank,2023-07-28,17.26,3.15,0.76,54.36900000000001
Nifty Bank,2023-07-31,17.37,3.17,0.76,55.0629
Nifty Bank,2023-08-01,17.35,3.17,0.76,54.999500000000005
Nifty Bank,2023-08-02,17.1,3.05,0.77,52.155
Nifty Bank,2023-08-03,16.91,3.02,0.78,51.0682
Nifty Bank,2023-08-04,17.05,3.04,0.78,51.832
Nifty Bank,2023-08-07,17.04,3.04,0.78,51.8016
Nifty Bank,2023-08-08,16.89,3.05,0.65,51.5145
Nifty Bank,2023-08-09,16.86,3.04,0.85,51.2544
Nifty Bank,2023-08-10,16.73,3.02,0.86,50.5246
Nifty Bank,2023-08-11,16.6,3.0,0.84,49.800000000000004
Nifty Bank,2023-08-14,16.56,2.99,0.85,49.5144
Nifty Bank,2023-08-16,16.51,2.95,0.85,48.70450000000001
Nifty Bank,2023-08-17,16.49,2.95,0.85,48.6455
Nifty Bank,2023-08-18,16.47,2.94,0.85,48.4218
Nifty Bank,2023-08-21,16.53,2.95,0.85,48.76350000000001
Nifty Bank,2023-08-22,15.97,2.86,0.85,45.6742
Nifty Bank,2023-08-23,16.15,2.89,0.84,46.6735
Nifty Bank,2023-08-24,16.15,2.79,0.84,45.058499999999995
Nifty Bank,2023-08-25,16.06,2.77,0.84,44.4862
Nifty Bank,2023-08-28,16.15,2.78,0.84,44.89699999999999
Nifty Bank,2023-08-29,16.15,2.75,0.84,44.412499999999994
Nifty Bank,2023-08-30,16.06,2.73,0.84,43.843799999999995
Nifty Bank,2023-08-31,15.97,2.72,0.85,43.4384
Nifty Bank,2023-09-01,16.13,2.74,0.84,44.1962
Nifty Bank,2023-09-04,16.18,2.75,0.84,44.495
Nifty Bank,2023-09-05,16.17,2.75,0.84,44.4675
Nifty Bank,2023-09-06,16.12,2.74,0.84,44.168800000000005
Nifty Bank,2023-09-07,16.29,2.77,0.83,45.1233
Nifty Bank,2023-09-08,16.39,2.79,0.83,45.728100000000005
Nifty Bank,2023-09-11,16.54,2.81,0.82,46.477399999999996
Nifty Bank,2023-09-12,16.52,2.81,0.82,46.4212
Nifty Bank,2023-09-13,16.67,2.83,0.81,47.176100000000005
Nifty Bank,2023-09-14,16.7,2.84,0.81,47.428
Nifty Bank,2023-09-15,16.78,2.82,0.81,47.3196
Nifty Bank,2023-09-18,16.69,2.8,0.81,46.732
Nifty Bank,2023-09-20,16.48,2.77,0.82,45.6496
Nifty Bank,2023-09-21,16.2,2.72,0.84,44.064
Nifty Bank,2023-09-22,16.2,2.72,0.84,44.064
Nifty Bank,2023-09-25,16.25,2.73,0.83,44.3625
Nifty Bank,2023-09-26,16.2,2.72,0.84,44.064
Nifty Bank,2023-09-27,16.19,2.72,0.84,44.03680000000001
Nifty Bank,2023-09-28,16.08,2.7,0.84,43.416
Nifty Bank,2023-09-29,16.39,2.6,0.83,42.614000000000004
Nifty Bank,2023-10-03,16.33,2.58,0.84,42.1314
Nifty Bank,2023-10-04,16.17,2.56,0.84,41.3952
Nifty Bank,2023-10-05,16.26,2.57,0.84,41.7882
Nifty Bank,2023-10-06,16.31,2.58,0.84,42.0798
Nifty Bank,2023-10-09,16.14,2.55,0.85,41.157
Nifty Bank,2023-10-10,16.31,2.58,0.84,42.0798
Nifty Bank,2023-10-11,16.37,2.59,0.83,42.3983
Nifty Bank,2023-10-12,16.4,2.6,0.83,42.64
Nifty Bank,2023-10-13,16.28,2.58,0.84,42.0024
Nifty Bank,2023-10-16,16.26,2.57,0.84,41.7882
Nifty Bank,2023-10-17,16.33,2.58,0.84,42.1314
Nifty Bank,2023-10-18,15.7,2.55,0.85,40.035
Nifty Bank,2023-10-19,15.55,2.55,0.85,39.652499999999996
Nifty Bank,2023-10-20,15.54,2.54,0.85,39.471599999999995
Nifty Bank,2023-10-23,15.34,2.51,0.86,38.5034
Nifty Bank,2023-10-25,14.92,2.49,0.87,37.150800000000004
Nifty Bank,2023-10-26,14.73,2.46,0.88,36.2358
Nifty Bank,2023-10-27,14.86,2.49,0.87,37.001400000000004
Nifty Bank,2023-10-30,14.89,2.51,0.86,37.3739
Nifty Bank,2023-10-31,14.8,2.49,0.87,36.852000000000004
Nifty Bank,2023-11-01,14.75,2.49,0.87,36.727500000000006
Nifty Bank,2023-11-02,14.86,2.5,0.86,37.15
Nifty Bank,2023-11-03,14.97,2.56,0.86,38.3232
Nifty Bank,2023-11-06,15.07,2.57,0.85,38.7299
Nifty Bank,2023-11-07,15.0,2.58,0.85,38.7
Nifty Bank,2023-11-08,14.97,2.58,0.85,38.622600000000006
Nifty Bank,2023-11-09,14.98,2.58,0.85,38.6484
Nifty Bank,2023-11-10,15.03,2.59,0.85,38.927699999999994
Nifty Bank,2023-11-12,15.09,2.6,0.84,39.234
Nifty Bank,2023-11-13,15.05,2.59,0.85,38.9795
Nifty Bank,2023-11-15,15.16,2.61,0.84,39.5676
Nifty Bank,2023-11-16,15.14,2.61,0.84,39.5154
Nifty Bank,2023-11-17,14.94,2.57,0.85,38.395799999999994
Nifty Bank,2023-11-20,14.94,2.57,0.85,38.395799999999994
Nifty Bank,2023-11-21,14.98,2.58,0.85,38.6484
Nifty Bank,2023-11-22,14.9,2.56,0.85,38.144
Nifty Bank,2023-11-23,14.94,2.57,0.85,38.395799999999994
Nifty Bank,2023-11-24,15.01,2.58,0.85,38.7258
Nifty Bank,2023-11-28,15.05,2.59,0.85,38.9795
Nifty Bank,2023-11-29,15.28,2.63,0.83,40.1864
Nifty Bank,2023-11-30,15.25,2.63,0.83,40.1075
Nifty Bank,2023-12-01,15.37,2.65,0.83,40.7305
Nifty Bank,2023-12-04,15.92,2.74,0.80,43.6208
Nifty Bank,2023-12-05,16.12,2.77,0.79,44.6524
Nifty Bank,2023-12-06,16.06,2.76,0.79,44.325599999999994
Nifty Bank,2023-12-07,16.06,2.76,0.79,44.325599999999994
Nifty Bank,2023-12-08,16.21,2.79,0.79,45.2259
Nifty Bank,2023-12-11,16.22,2.79,0.78,45.2538
Nifty Bank,2023-12-12,16.15,2.78,0.79,44.89699999999999
Nifty Bank,2023-12-13,16.15,2.78,0.79,44.89699999999999
Nifty Bank,2023-12-14,16.37,2.82,0.78,46.1634
Nifty Bank,2023-12-15,16.51,2.84,0.77,46.888400000000004
Nifty Bank,2023-12-18,16.41,2.83,0.78,46.4403
Nifty Bank,2023-12-19,16.41,2.83,0.78,46.4403
Nifty Bank,2023-12-20,16.27,2.8,0.78,45.556
Nifty Bank,2023-12-21,16.4,2.82,0.78,46.24799999999999
Nifty Bank,2023-12-22,16.28,2.8,0.78,45.584
Nifty Bank,2023-12-26,16.36,2.82,0.78,46.1352
Nifty Bank,2023-12-27,16.56,2.85,0.77,47.196
Nifty Bank,2023-12-28,16.63,2.86,0.77,47.5618
Nifty Bank,2023-12-29,16.6,2.86,0.76,47.476
Nifty Bank,2024-01-01,16.58,2.85,0.77,47.253
Nifty Bank,2024-01-02,16.42,2.82,0.77,46.3044
Nifty Bank,2024-01-03,16.4,2.82,0.77,46.24799999999999
Nifty Bank,2024-01-04,16.57,2.85,0.77,47.2245
Nifty Bank,2024-01-05,16.56,2.85,0.77,47.196
Nifty Bank,2024-01-08,16.31,2.81,0.78,45.8311
Nifty Bank,2024-01-09,16.24,2.79,0.78,45.309599999999996
Nifty Bank,2024-01-10,16.28,2.8,0.78,45.584
Nifty Bank,2024-01-11,16.31,2.81,0.78,45.8311
Nifty Bank,2024-01-12,16.4,2.82,0.77,46.24799999999999
Nifty Bank,2024-01-15,16.56,2.85,0.77,47.196
Nifty Bank,2024-01-16,16.54,2.85,0.77,47.138999999999996
Nifty Bank,2024-01-17,15.84,2.72,0.80,43.0848
Nifty Bank,2024-01-18,15.4,2.7,0.81,41.580000000000005
Nifty Bank,2024-01-19,15.39,2.7,0.81,41.553000000000004
Nifty Bank,2024-01-20,15.47,2.72,0.80,42.0784
Nifty Bank,2024-01-23,15.12,2.66,0.82,40.2192
Nifty Bank,2024-01-24,14.93,2.67,0.82,39.863099999999996
Nifty Bank,2024-01-25,14.84,2.65,0.82,39.326
Nifty Bank,2024-01-29,15.03,2.69,0.81,40.430699999999995
Nifty Bank,2024-01-30,14.94,2.68,0.81,40.0392
Nifty Bank,2024-01-31,15.15,2.72,0.80,41.208000000000006
Nifty Bank,2024-02-01,15.21,2.73,0.80,41.5233
Nifty Bank,2024-02-02,15.11,2.72,0.80,41.0992
Nifty Bank,2024-02-05,15.07,2.71,0.81,40.8397
Nifty Bank,2024-02-06,15.2,2.7,0.81,41.04
Nifty Bank,2024-02-07,15.24,2.71,0.81,41.3004
Nifty Bank,2024-02-08,14.97,2.66,0.82,39.82020000000001
Nifty Bank,2024-02-09,15.18,2.7,0.81,40.986000000000004
Nifty Bank,2024-02-12,14.93,2.65,0.82,39.564499999999995
Nifty Bank,2024-02-13,15.11,2.69,0.81,40.6459
Nifty Bank,2024-02-14,15.24,2.71,0.80,41.3004
Nifty Bank,2024-02-15,15.34,2.73,0.80,41.8782
Nifty Bank,2024-02-16,15.4,2.74,0.80,42.196000000000005
Nifty Bank,2024-02-19,15.45,2.75,0.79,42.4875
Nifty Bank,2024-02-20,15.63,2.78,0.78,43.4514
Nifty Bank,2024-02-21,15.61,2.78,0.79,43.395799999999994
Nifty Bank,2024-02-22,15.58,2.77,0.79,43.1566
Nifty Bank,2024-02-23,15.54,2.77,0.79,43.0458
Nifty Bank,2024-02-26,15.46,2.75,0.79,42.515
Nifty Bank,2024-02-27,15.47,2.75,0.79,42.542500000000004
Nifty Bank,2024-02-28,15.26,2.72,0.80,41.507200000000005
Nifty Bank,2024-02-29,15.31,2.73,0.80,41.7963
Nifty Bank,2024-03-01,15.7,2.8,0.78,43.959999999999994
Nifty Bank,2024-03-02,15.7,2.8,0.78,43.959999999999994
Nifty Bank,2024-03-04,15.75,2.81,0.78,44.2575
Nifty Bank,2024-03-05,15.8,2.81,0.78,44.398
Nifty Bank,2024-03-06,15.92,2.84,0.77,45.212799999999994
Nifty Bank,2024-03-07,15.88,2.83,0.77,44.940400000000004
Nifty Bank,2024-03-11,15.71,2.8,0.78,43.988
Nifty Bank,2024-03-12,15.7,2.8,0.78,43.959999999999994
Nifty Bank,2024-03-13,15.6,2.78,0.79,43.367999999999995
Nifty Bank,2024-03-14,15.53,2.77,0.79,43.0181
Nifty Bank,2024-03-15,15.47,2.76,0.79,42.697199999999995
Nifty Bank,2024-03-18,15.46,2.75,0.79,42.515
Nifty Bank,2024-03-19,15.4,2.74,0.80,42.196000000000005
Nifty Bank,2024-03-20,15.37,2.74,0.80,42.1138
Nifty Bank,2024-03-21,15.5,2.76,0.79,42.779999999999994
Nifty Bank,2024-03-22,15.56,2.77,0.79,43.1012
Nifty Bank,2024-03-26,15.47,2.76,0.79,42.697199999999995
Nifty Bank,2024-03-27,15.53,2.77,0.79,43.0181
Nifty Bank,2024-03-28,15.84,2.82,0.78,44.6688
Nifty Bank,2024-04-01,15.99,2.85,0.77,45.5715
Nifty Bank,2024-04-02,15.98,2.85,0.77,45.543
Nifty Bank,2024-04-03,16.0,2.85,0.77,45.6
Nifty Bank,2024-04-04,16.15,2.88,0.76,46.51199999999999
Nifty Bank,2024-04-05,16.3,2.91,0.75,47.43300000000001
Nifty Bank,2024-04-08,16.33,2.91,0.75,47.5203
Nifty Bank,2024-04-09,16.38,2.92,0.75,47.8296
Nifty Bank,2024-04-10,16.46,2.94,0.75,48.3924
Nifty Bank,2024-04-12,16.32,2.86,.75,46.6752
Nifty Bank,2024-04-15,16.05,2.81,.77,45.100500000000004
Nifty Bank,2024-04-16,15.96,2.79,.77,44.528400000000005
Nifty Bank,2024-04-18,15.82,2.77,.78,43.821400000000004
Nifty Bank,2024-04-19,15.99,2.8,.77,44.772
Nifty Bank,2024-04-22,16.11,2.82,.76,45.4302
Nifty Bank,2024-04-23,15.77,2.82,.76,44.471399999999996
Nifty Bank,2024-04-24,15.84,2.83,.76,44.8272
Nifty Bank,2024-04-25,15.94,2.85,.75,45.429
Nifty Bank,2024-04-26,14.99,2.84,.76,42.5716
Nifty Bank,2024-04-29,15.33,2.91,.74,44.6103
Nifty Bank,2024-04-30,15.2,2.91,.74,44.232
Nifty Bank,2024-05-02,15.15,2.9,.74,43.935
Nifty Bank,2024-05-03,15.09,2.89,.75,43.6101
Nifty Bank,2024-05-06,15.08,2.88,.75,43.4304
Nifty Bank,2024-05-07,14.85,2.85,.76,42.3225
Nifty Bank,2024-05-08,14.77,2.83,.76,41.7991
Nifty Bank,2024-05-09,14.6,2.8,.77,40.879999999999995
Nifty Bank,2024-05-10,14.58,2.8,1.16,40.824
Nifty Bank,2024-05-13,14.53,2.82,1.15,40.974599999999995
Nifty Bank,2024-05-14,14.57,2.82,1.15,41.087399999999995
Nifty Bank,2024-05-15,14.52,2.81,1.15,40.8012
Nifty Bank,2024-05-16,14.61,2.83,.87,41.3463
Nifty Bank,2024-05-17,14.65,2.84,.87,41.606
Nifty Bank,2024-05-18,14.67,2.84,.87,41.6628
Nifty Bank,2024-05-21,14.63,2.83,.87,41.4029
Nifty Bank,2024-05-22,14.6,2.82,1.04,41.172
Nifty Bank,2024-05-23,14.9,2.88,1.02,42.912
Nifty Bank,2024-05-24,14.96,2.89,1.01,43.2344
Nifty Bank,2024-05-27,15.06,2.91,1,43.824600000000004
Nifty Bank,2024-05-28,15.02,2.9,1.01,43.558
Nifty Bank,2024-05-29,14.82,2.86,1.02,42.3852
Nifty Bank,2024-05-30,14.88,2.87,1.02,42.705600000000004
Nifty Bank,2024-05-31,14.97,2.89,.88,43.2633
Nifty Bank,2024-06-03,15.58,3.01,.79,46.895799999999994
Nifty Bank,2024-06-04,14.34,2.77,.86,39.7218
Nifty Bank,2024-06-05,14.99,2.89,.82,43.3211
Nifty Bank,2024-06-06,15.06,2.91,.81,43.824600000000004
Nifty Bank,2024-06-07,15.22,2.94,.81,44.7468
Nifty Bank,2024-06-10,15.21,2.94,.81,44.717400000000005
Nifty Bank,2024-06-11,15.19,2.93,.81,44.5067
Nifty Bank,2024-06-12,15.25,2.94,.8,44.835
Nifty Bank,2024-06-13,15.23,2.88,.81,43.8624
Nifty Bank,2024-06-14,15.28,2.89,.8,44.1592
Nifty Bank,2024-06-18,15.41,2.91,.8,44.8431
Nifty Bank,2024-06-19,15.71,2.97,.78,46.6587
Nifty Bank,2024-06-20,15.82,2.99,.78,47.30180000000001
Nifty Bank,2024-06-21,15.79,2.98,.8,47.054199999999994
Nifty Bank,2024-06-24,15.8,2.98,.79,47.084
Nifty Bank,2024-06-25,16.07,3.04,.78,48.8528
Nifty Bank,2024-06-26,16.16,3.05,.77,49.288
Nifty Bank,2024-06-27,16.14,3.05,.78,49.227
Nifty Bank,2024-06-28,15.97,3.01,.91,48.0697
Nifty Bank,2024-07-01,16.04,3.02,.85,48.440799999999996
Nifty Bank,2024-07-02,15.92,3.0,.86,47.76
Nifty Bank,2024-07-03,16.2,3.05,.84,49.41
Nifty Bank,2024-07-04,16.21,3.05,.84,49.4405
Nifty Bank,2024-07-05,16.07,3.02,.85,48.5314
Nifty Bank,2024-07-08,16.0,3.01,.85,48.16
Nifty Bank,2024-07-09,16.04,3.02,.84,48.440799999999996
Nifty Bank,2024-07-10,15.93,3.0,.85,47.79
Nifty Bank,2024-07-11,15.95,3.0,.85,47.849999999999994
Nifty Bank,2024-07-12,15.95,3.0,.86,47.849999999999994
Nifty Bank,2024-07-15,16.01,2.91,.85,46.58910000000001
Nifty Bank,2024-07-16,15.99,2.91,.85,46.5309
Nifty Bank,2024-07-18,16.06,2.92,.85,46.895199999999996
Nifty Bank,2024-07-19,15.95,2.9,.87,46.254999999999995
Nifty Bank,2024-07-22,15.95,2.9,.87,46.254999999999995
Nifty Bank,2024-07-23,15.31,2.88,.88,44.0928
Nifty Bank,2024-07-24,15.18,2.85,.88,43.263
Nifty Bank,2024-07-25,15.05,2.83,.89,42.5915
Nifty Bank,2024-07-26,15.13,2.85,.88,43.12050000000001
Nifty Bank,2024-07-29,15.15,2.85,.88,43.1775
Nifty Bank,2024-07-30,14.97,2.86,.88,42.8142
Nifty Bank,2024-07-31,15.01,2.86,.88,42.928599999999996
Nifty Bank,2024-08-01,15.01,2.87,.88,43.0787
Nifty Bank,2024-08-02,14.93,2.85,.88,42.5505
Nifty Bank,2024-08-05,14.57,2.78,.89,40.504599999999996
Nifty Bank,2024-08-06,14.44,2.76,.9,39.8544
Nifty Bank,2024-08-07,14.55,2.79,.89,40.594500000000004
Nifty Bank,2024-08-08,14.56,2.79,.89,40.6224
Nifty Bank,2024-08-09,14.65,2.81,.73,41.1665
Nifty Bank,2024-08-12,14.68,2.81,.91,41.2508
Nifty Bank,2024-08-13,14.46,2.77,.93,40.0542
Nifty Bank,2024-08-14,14.43,2.76,.93,39.8268
Nifty Bank,2024-08-16,14.66,2.81,.91,41.1946
Nifty Bank,2024-08-19,14.62,2.8,.92,40.93599999999999
Nifty Bank,2024-08-20,14.74,2.82,.91,41.5668
Nifty Bank,2024-08-21,14.71,2.82,.91,41.4822
Nifty Bank,2024-08-22,14.8,2.83,.91,41.884
Nifty Bank,2024-08-23,14.78,2.83,.92,41.8274
Nifty Bank,2024-08-26,14.84,2.84,.92,42.145599999999995
Nifty Bank,2024-08-27,14.88,2.85,.92,42.408
Nifty Bank,2024-08-28,14.84,2.84,.92,42.145599999999995
Nifty Bank,2024-08-29,14.85,2.84,.92,42.174
Nifty Bank,2024-08-30,14.9,2.85,.92,42.465
Nifty Bank,2024-09-02,14.93,2.86,.91,42.699799999999996
Nifty Bank,2024-09-03,15.0,2.87,.91,43.050000000000004
Nifty Bank,2024-09-04,14.92,2.86,.92,42.6712
Nifty Bank,2024-09-05,14.94,2.86,.91,42.72839999999999
Nifty Bank,2024-09-06,14.68,2.81,.93,41.2508
Nifty Bank,2024-09-09,14.84,2.84,.92,42.145599999999995
Nifty Bank,2024-09-10,14.88,2.74,.92,40.77120000000001
Nifty Bank,2024-09-11,14.8,2.69,.92,39.812
Nifty Bank,2024-09-12,15.02,2.7,.91,40.554
Nifty Bank,2024-09-13,15.07,2.7,.91,40.689
Nifty Bank,2024-09-16,15.14,2.71,.9,41.0294
Nifty Bank,2024-09-17,15.15,2.7,.9,40.905
Nifty Bank,2024-09-18,15.31,2.73,.89,41.7963
Nifty Bank,2024-09-19,15.39,2.74,.89,42.168600000000005
Nifty Bank,2024-09-20,15.61,2.75,.87,42.927499999999995
Nifty Bank,2024-09-23,15.7,2.5,.87,39.25
Nifty Bank,2024-09-24,15.66,2.49,.87,38.9934
Nifty Bank,2024-09-25,15.7,2.5,.87,39.25
Nifty Bank,2024-09-26,15.78,2.51,.87,39.6078
Nifty Bank,2024-09-27,15.62,2.49,.87,38.8938
Nifty Bank,2024-09-30,14.84,2.39,.95,35.467600000000004
Nifty Bank,2024-10-01,14.83,2.38,.95,35.2954
Nifty Bank,2024-10-03,14.53,2.33,.97,33.8549
Nifty Bank,2024-10-04,14.42,2.32,.97,33.4544
Nifty Bank,2024-10-07,14.14,2.27,.99,32.0978
Nifty Bank,2024-10-08,14.3,2.3,.98,32.89
Nifty Bank,2024-10-09,14.29,2.3,.98,32.867
Nifty Bank,2024-10-10,14.46,2.31,.96,33.4026
Nifty Bank,2024-10-11,14.36,2.29,.97,32.8844
Nifty Bank,2024-10-14,14.54,2.32,.96,33.7328
Nifty Bank,2024-10-15,14.57,2.33,.96,33.948100000000004
Nifty Bank,2024-10-16,14.54,2.32,.96,33.7328
Nifty Bank,2024-10-17,14.4,2.3,.97,33.12
Nifty Bank,2024-10-18,14.62,2.34,.95,34.2108
Nifty Bank,2024-10-21,14.52,2.33,.96,33.8316
Nifty Bank,2024-10-22,14.24,2.3,.97,32.751999999999995
Nifty Bank,2024-10-23,14.23,2.3,.97,32.729
Nifty Bank,2024-10-24,14.31,2.31,.96,33.0561
Nifty Bank,2024-10-25,14.09,2.28,.98,32.1252
Nifty Bank,2024-10-28,14.31,2.3,.97,32.913
Nifty Bank,2024-10-29,14.67,2.35,.95,34.4745
Nifty Bank,2024-10-30,14.53,2.32,.96,33.709599999999995
Nifty Bank,2024-10-31,14.14,2.31,.96,32.6634
Nifty Bank,2024-11-01,14.2,2.32,.96,32.943999999999996
Nifty Bank,2024-11-04,14.05,2.3,.97,32.315
Nifty Bank,2024-11-05,14.33,2.34,.95,33.532199999999996
Nifty Bank,2024-11-06,14.36,2.35,.95,33.746
Nifty Bank,2024-11-07,14.25,2.33,.96,33.2025
Nifty Bank,2024-11-08,14.15,2.31,.96,32.6865
Nifty Bank,2024-11-11,14.24,2.33,.96,33.1792
Nifty Bank,2024-11-12,13.93,2.29,.97,31.8997
Nifty Bank,2024-11-13,13.64,2.25,.99,30.69
Nifty Bank,2024-11-14,13.66,2.25,.99,30.735
Nifty Bank,2024-11-18,13.71,2.26,.99,30.9846
Nifty Bank,2024-11-19,13.79,2.27,.98,31.303299999999997
Nifty Bank,2024-11-21,13.72,2.26,.99,31.007199999999997
Nifty Bank,2024-11-22,13.92,2.29,.97,31.8768
Nifty Bank,2024-11-25,14.22,2.34,.95,33.2748
Nifty Bank,2024-11-26,14.21,2.34,.95,33.2514
Nifty Bank,2024-11-27,14.24,2.35,.95,33.464
Nifty Bank,2024-11-28,14.14,2.33,.96,32.946200000000005
Nifty Bank,2024-11-29,14.18,2.33,.95,33.0394
Nifty Bank,2024-12-02,14.19,2.34,.95,33.2046
Nifty Bank,2024-12-03,14.35,2.36,.94,33.866
Nifty Bank,2024-12-04,14.51,2.39,.93,34.6789
Nifty Bank,2024-12-05,14.6,2.4,.93,35.04
Nifty Bank,2024-12-06,14.57,2.4,.93,34.967999999999996
Nifty Bank,2024-12-09,14.54,2.39,.93,34.7506
Nifty Bank,2024-12-10,14.59,2.4,.93,35.016
Nifty Bank,2024-12-11,14.54,2.39,.93,34.7506
Nifty Bank,2024-12-12,14.49,2.39,.93,34.6311
Nifty Bank,2024-12-13,14.59,2.4,.93,35.016
Nifty Bank,2024-12-16,14.59,2.4,.93,35.016
Nifty Bank,2024-12-17,14.39,2.37,.94,34.1043
Nifty Bank,2024-12-18,14.2,2.34,.95,33.227999999999994
Nifty Bank,2024-12-19,14.05,2.31,.96,32.4555
Nifty Bank,2024-12-20,13.82,2.28,.98,31.5096
Nifty Bank,2024-12-23,13.98,2.3,.97,32.153999999999996
Nifty Bank,2024-12-24,13.95,2.3,.97,32.084999999999994
Nifty Bank,2024-12-26,13.94,2.29,.97,31.9226
Nifty Bank,2024-12-27,13.97,2.3,.97,32.131
Nifty Bank,2024-12-30,13.88,2.28,.97,31.6464
Nifty Bank,2024-12-31,13.68,2.24,.98,30.643200000000004
Nifty Bank,2025-01-01,13.73,2.25,.98,30.892500000000002
Nifty Bank,2025-01-02,13.88,2.27,.97,31.507600000000004
Nifty Bank,2025-01-03,13.72,2.25,.98,30.87
Nifty Bank,2025-01-06,13.43,2.2,1,29.546000000000003
Nifty Bank,2025-01-07,13.5,2.21,.99,29.835
Nifty Bank,2025-01-08,13.4,2.2,1,29.480000000000004
Nifty Bank,2025-01-09,13.32,2.18,1.01,29.0376
Nifty Bank,2025-01-10,13.11,2.15,1.02,28.1865
Nifty Bank,2025-01-13,12.92,2.12,1.04,27.3904
Nifty Bank,2025-01-14,13.11,2.15,1.02,28.1865
Nifty Bank,2025-01-15,13.11,2.15,1.02,28.1865
Nifty Bank,2025-01-16,13.26,2.17,1.01,28.774199999999997
Nifty Bank,2025-01-17,13.06,2.14,1.03,27.948400000000003
Nifty Bank,2025-01-20,13.26,2.17,1.01,28.774199999999997
Nifty Bank,2025-01-21,13.03,2.14,1.03,27.8842
Nifty Bank,2025-01-22,13.07,2.15,1.02,28.1005
Nifty Bank,2025-01-23,13.04,2.14,1.03,27.9056
Nifty Bank,2025-01-24,12.96,2.13,1.03,27.6048
Nifty Bank,2025-01-27,12.88,2.12,1.04,27.305600000000002
Nifty Bank,2025-01-28,12.96,2.15,1.02,27.864
Nifty Bank,2025-01-29,13.04,2.17,1.01,28.296799999999998
Nifty Bank,2025-01-30,13.07,2.17,1.01,28.3619
Nifty Bank,2025-01-31,13.15,2.18,1.01,28.667
Nifty Bank,2025-02-01,13.11,2.18,1.01,28.579800000000002
Nifty Bank,2025-02-03,13.03,2.17,1.01,28.2751
Nifty Bank,2025-02-04,13.29,2.21,.99,29.3709
Nifty Bank,2025-02-05,13.33,2.22,.99,29.592600000000004
Nifty Bank,2025-02-06,13.34,2.22,.99,29.614800000000002
Nifty Bank,2025-02-07,13.29,2.21,.99,29.3709
Nifty Bank,2025-02-10,13.07,2.2,1,28.754
Nifty Bank,2025-02-11,12.92,2.18,1.01,28.1656
Nifty Bank,2025-02-12,12.94,2.18,1.01,28.209200000000003
Nifty Bank,2025-02-13,12.91,2.17,1.01,28.014699999999998
Nifty Bank,2025-02-14,12.84,2.16,1.02,27.7344
Nifty Bank,2025-02-17,12.88,2.17,1.01,27.9496
Nifty Bank,2025-02-18,12.84,2.16,1.02,27.7344
Nifty Bank,2025-02-19,13.01,2.18,1.01,28.361800000000002
Nifty Bank,2025-02-20,12.94,2.17,1.01,28.0798
Nifty Bank,2025-02-21,12.85,2.16,1.02,27.756
Nifty Bank,2025-02-24,12.77,2.14,1.02,27.3278
Nifty Bank,2025-02-25,12.75,2.14,1.03,27.285
Nifty Bank,2025-02-27,12.79,2.15,1.02,27.498499999999996
Nifty Bank,2025-02-28,12.68,2.13,1.03,27.008399999999998
Nifty Bank,2025-03-03,12.62,2.12,1.04,26.7544
Nifty Bank,2025-03-04,12.66,2.13,1.03,26.965799999999998
Nifty Bank,2025-03-05,12.72,2.14,1.03,27.220800000000004
Nifty Bank,2025-03-06,12.76,2.14,1.03,27.3064
Nifty Bank,2025-03-07,12.72,2.14,1.03,27.220800000000004
Nifty Bank,2025-03-10,12.65,2.12,1.03,26.818
Nifty Bank,2025-03-11,12.56,2.11,1.04,26.5016
Nifty Bank,2025-03-12,12.61,2.12,1.04,26.7332
Nifty Bank,2025-03-13,12.61,2.12,1.04,26.7332
Nifty Bank,2025-03-17,12.69,2.13,1.03,27.0297
Nifty Bank,2025-03-18,12.94,2.17,1.01,28.0798
Nifty Bank,2025-03-19,13.04,2.19,1,28.557599999999997
Nifty Bank,2025-03-20,13.14,2.21,1,29.0394
Nifty Bank,2025-03-21,13.27,2.23,.99,29.5921
Nifty Bank,2025-03-24,13.57,2.28,.96,30.9396
Nifty Bank,2025-03-25,13.54,2.27,.97,30.735799999999998
Nifty Bank,2025-03-26,13.44,2.26,.97,30.374399999999994
Nifty Bank,2025-03-27,13.53,2.27,.97,30.713099999999997
Nifty Bank,2025-03-28,13.18,2.2,1.01,28.996000000000002
Nifty Bank,2025-04-01,12.99,2.17,1.02,28.188299999999998
Nifty Bank,2025-04-02,13.12,2.19,1.01,28.732799999999997
Nifty Bank,2025-04-03,13.19,2.2,1.01,29.018
Nifty Bank,2025-04-04,13.16,2.2,1.01,28.952
Nifty Bank,2025-04-07,12.74,2.13,1.04,27.1362
Nifty Bank,2025-04-08,12.91,2.16,1.03,27.885600000000004
Nifty Bank,2025-04-09,12.84,2.14,1.04,27.477600000000002
Nifty Bank,2025-04-11,13.04,2.18,1.02,28.4272
Nifty Bank,2025-04-15,13.39,2.23,.99,29.8597
Nifty Bank,2025-04-16,13.58,2.27,.98,30.8266
Nifty Bank,2025-04-17,13.88,2.32,.96,32.2016
Nifty Bank,2025-04-21,14.13,2.36,.94,33.3468
Nifty Bank,2025-04-22,14.22,2.37,.94,33.7014
Nifty Bank,2025-04-23,14.0,2.36,.94,33.04
Nifty Bank,2025-04-24,13.94,2.36,.94,32.898399999999995
Nifty Bank,2025-04-25,13.81,2.33,.95,32.1773
Nifty Bank,2025-04-28,14.0,2.37,.94,33.18
Nifty Bank,2025-04-29,14.05,2.36,.94,33.158
Nifty Bank,2025-04-30,13.97,2.35,.95,32.8295
Nifty Bank,2025-05-02,13.98,2.35,.94,32.853
Nifty Bank,2025-05-05,13.91,2.34,.95,32.5494
Nifty Bank,2025-05-06,13.79,2.32,.96,31.992799999999995
Nifty Bank,2025-05-07,13.89,2.33,.95,32.3637
Nifty Bank,2025-05-08,13.81,2.32,.96,32.0392
Nifty Bank,2025-05-09,13.54,2.29,.97,31.0066
Nifty Bank,2025-05-12,14.0,2.36,.66,33.04
Nifty Bank,2025-05-13,13.82,2.34,.67,32.3388
Nifty Bank,2025-05-14,13.79,2.34,.67,32.2686
Nifty Bank,2025-05-15,13.93,2.36,.66,32.8748
Nifty Bank,2025-05-16,13.93,2.36,.83,32.8748
Nifty Bank,2025-05-19,13.94,2.36,.82,32.898399999999995
Nifty Bank,2025-05-20,13.81,2.34,.83,32.3154
Nifty Bank,2025-05-21,13.86,2.35,.83,32.571
Nifty Bank,2025-05-22,13.82,2.34,.69,32.3388
Nifty Bank,2025-05-23,14.54,2.36,.68,34.3144
Nifty Bank,2025-05-26,14.59,2.37,.68,34.5783
Nifty Bank,2025-05-27,14.53,2.36,.68,34.2908
Nifty Bank,2025-05-28,14.54,2.36,.68,34.3144
Nifty Bank,2025-05-29,14.58,2.32,.68,33.825599999999994
Nifty Bank,2025-05-30,14.63,2.33,.68,34.087900000000005
Nifty Bank,2025-06-02,14.67,2.34,.68,34.327799999999996
Nifty Bank,2025-06-03,14.59,2.33,.68,33.9947
Nifty Bank,2025-06-04,14.61,2.33,.68,34.0413
Nifty Bank,2025-06-05,14.64,2.33,.68,34.111200000000004
Nifty Bank,2025-06-06,14.83,2.34,.78,34.7022
Nifty Bank,2025-06-09,14.9,2.35,.78,35.015
Nifty Bank,2025-06-10,14.85,2.31,.78,34.3035
Nifty Bank,2025-06-11,14.8,2.31,.79,34.188
Nifty Bank,2025-06-12,14.7,2.29,.79,33.663
Nifty Bank,2025-06-13,14.54,2.27,.9,33.0058
Nifty Bank,2025-06-16,14.65,2.28,.81,33.402
Nifty Bank,2025-06-17,14.59,2.27,.82,33.1193
Nifty Bank,2025-06-18,14.62,2.28,.81,33.3336
Nifty Bank,2025-06-19,14.56,2.27,.82,33.0512
Nifty Bank,2025-06-20,14.72,2.29,.88,33.708800000000004
Nifty Bank,2025-06-23,14.67,2.29,.85,33.5943
Nifty Bank,2025-06-24,14.78,2.3,.84,33.99399999999999
Nifty Bank,2025-06-25,14.82,2.28,.84,33.7896
Nifty Bank,2025-06-26,14.97,2.3,.83,34.431
Nifty Bank,2025-06-27,15.03,2.31,1.14,34.7193
Nifty Bank,2025-06-30,15.19,2.36,.94,35.8484
Nifty Bank,2025-07-01,15.23,2.37,.94,36.0951
Nifty Bank,2025-07-02,15.11,2.35,.94,35.5085
Nifty Bank,2025-07-03,15.06,2.34,.95,35.2404
Nifty Bank,2025-07-04,15.12,2.35,.95,35.532
Nifty Bank,2025-07-07,15.1,2.31,.96,34.881
Nifty Bank,2025-07-08,15.18,2.32,.95,35.2176
Nifty Bank,2025-07-09,15.17,2.32,.95,35.194399999999995
Nifty Bank,2025-07-10,15.1,2.31,.96,34.881
Nifty Bank,2025-07-11,15.05,2.3,.97,34.615
Nifty Bank,2025-07-14,15.05,2.3,.96,34.615
Nifty Bank,2025-07-15,15.11,2.31,.96,34.9041
Nifty Bank,2025-07-16,15.16,2.32,.95,35.1712
Nifty Bank,2025-07-17,15.07,2.3,.96,34.661
Nifty Bank,2025-07-18,14.92,2.2,.98,32.824000000000005
Nifty Bank,2025-07-21,15.11,2.2,.96,33.242000000000004
Nifty Bank,2025-07-22,14.95,2.19,.96,32.7405
Nifty Bank,2025-07-23,15.07,2.21,.95,33.3047
Nifty Bank,2025-07-24,15.02,2.2,.96,33.044000000000004
Nifty Bank,2025-07-25,14.88,2.18,1.04,32.4384
Nifty Bank,2025-07-28,14.81,2.16,1.04,31.989600000000003
Nifty Bank,2025-07-29,15.07,2.17,1.04,32.7019
Nifty Bank,2025-07-30,15.25,2.17,1.04,33.0925
Nifty Bank,2025-07-31,15.2,2.16,1.05,32.832
Nifty Bank,2025-08-01,15.19,2.15,1.05,32.6585
Nifty Bank,2025-08-04,15.19,2.15,1.05,32.6585
Nifty Bank,2025-08-05,15.14,2.14,1.06,32.39960000000001
Nifty Bank,2025-08-06,15.15,2.14,1.06,32.421
Nifty Bank,2025-08-07,15.18,2.14,1.06,32.4852
Nifty Bank,2025-08-08,15.04,2.12,1.07,31.8848
Nifty Bank,2025-08-11,15.18,2.14,1.06,32.4852
Nifty Bank,2025-08-12,14.99,2.06,1.09,30.8794
Nifty Bank,2025-08-13,15.03,2.07,1.08,31.112099999999995
Nifty Bank,2025-08-14,15.07,2.07,1.08,31.194899999999997
Nifty Bank,2025-08-18,15.18,2.09,1.07,31.7262
Nifty Bank,2025-08-19,15.22,2.09,1.07,31.8098
Nifty Bank,2025-08-20,15.17,2.07,1.07,31.401899999999998
Nifty Bank,2025-08-21,15.19,2.07,1.07,31.443299999999997
Nifty Bank,2025-08-22,15.02,2.05,1.1,30.790999999999997
Nifty Bank,2025-08-25,15.02,2.05,1.08,30.790999999999997
Nifty Bank,2025-08-26,14.83,2.02,1.1,29.9566
Nifty Bank,2025-08-28,14.66,2.0,1.11,29.32
Nifty Bank,2025-08-29,14.61,1.99,1.11,29.0739
Nifty Bank,2025-09-01,14.71,2.0,1.11,29.42
Nifty Bank,2025-09-02,14.62,1.99,1.11,29.093799999999998
Nifty Bank,2025-09-03,14.73,2.01,1.1,29.6073
Nifty Bank,2025-09-04,14.73,2.01,1.1,29.6073
Nifty Bank,2025-09-05,14.74,2.01,1.1,29.627399999999998
Nifty Bank,2025-09-08,14.76,2.01,1.1,29.667599999999997
Nifty Bank,2025-09-09,14.77,2.01,1.1,29.687699999999996
Nifty Bank,2025-09-10,14.85,2.02,1.1,29.997
Nifty Bank,2025-09-11,14.89,2.03,1.09,30.226699999999997
Nifty Bank,2025-09-12,14.93,2.03,1.09,30.307899999999997
Nifty Bank,2025-09-15,14.95,2.04,1.09,30.497999999999998
Nifty Bank,2025-09-16,15.02,2.05,1.08,30.790999999999997
Nifty Bank,2025-09-17,15.12,2.06,1.08,31.147199999999998
Nifty Bank,2025-09-18,15.18,2.07,1.07,31.422599999999996
Nifty Bank,2025-09-19,15.11,2.06,1.08,31.1266
Nifty Bank,2025-09-22,15.06,2.05,1.08,30.872999999999998
Nifty Bank,2025-09-23,15.12,2.06,1.08,31.147199999999998
Nifty Bank,2025-09-24,15.01,2.05,1.08,30.7705
Nifty Bank,2025-09-25,14.97,2.04,1.09,30.538800000000002
Nifty Bank,2025-09-26,14.81,2.02,1.1,29.9162
Nifty Bank,2025-09-29,14.83,2.02,1.1,29.9566
Nifty Bank,2025-09-30,15.09,2.06,1.07,31.0854
Nifty Bank,2025-10-01,15.28,2.08,1.05,31.7824
Nifty Bank,2025-10-03,15.35,2.09,1.05,32.0815
Nifty Bank,2025-10-06,15.49,2.11,1.04,32.6839
Nifty Bank,2025-10-07,15.53,2.12,1.04,32.9236
Nifty Bank,2025-10-08,15.47,2.11,1.04,32.6417
Nifty Bank,2025-10-09,15.52,2.11,1.04,32.7472
Nifty Bank,2025-10-10,15.63,2.13,1.03,33.2919
Nifty Bank,2025-10-13,15.63,2.13,1.03,33.2919
Nifty Bank,2025-10-14,15.6,2.13,1.03,33.227999999999994
Nifty Bank,2025-10-15,15.68,2.14,1.03,33.5552
Nifty Bank,2025-10-16,15.97,2.16,1.02,34.495200000000004
Nifty Bank,2025-10-17,16.05,2.17,1.01,34.8285
Nifty Bank,2025-10-20,16.26,2.18,1.01,35.4468
Nifty Bank,2025-10-21,16.26,2.18,1.01,35.4468
Nifty Bank,2025-10-23,16.26,2.18,1.01,35.4468
Nifty Bank,2025-10-24,16.15,2.17,1.01,35.0455
Nifty Bank,2025-10-27,16.3,2.19,1,35.697
Nifty Bank,2025-10-28,16.33,2.19,1,35.762699999999995
Nifty Bank,2025-10-29,16.38,2.2,1,36.036
Nifty Bank,2025-10-30,16.28,2.18,1.01,35.49040000000001
Nifty Bank,2025-10-31,16.17,2.17,1.01,35.0889
Nifty Bank,2025-11-03,16.26,2.19,1,35.6094
Nifty Bank,2025-11-04,16.19,2.18,1.01,35.294200000000004
Nifty Bank,2025-11-06,16.08,2.17,1.01,34.89359999999999
Nifty Bank,2025-11-07,16.17,2.18,1.01,35.250600000000006
Nifty Bank,2025-11-10,16.19,2.18,1.01,35.294200000000004
Nifty Bank,2025-11-11,16.24,2.19,1,35.565599999999996
Nifty Bank,2025-11-12,16.28,2.19,1,35.6532
Nifty Bank,2025-11-13,16.31,2.2,1,35.882
Nifty Bank,2025-11-14,16.35,2.2,1,35.970000000000006
Nifty Bank,2025-11-17,16.47,2.22,.99,36.5634
Nifty Bank,2025-11-18,16.46,2.22,.99,36.5412
Nifty Bank,2025-11-19,16.54,2.23,.99,36.8842
Nifty Bank,2025-11-20,16.58,2.23,.98,36.9734
Nifty Bank,2025-11-21,16.45,2.21,.99,36.354499999999994
Nifty Bank,2025-11-24,16.44,2.21,.99,36.3324
Nifty Bank,2025-11-25,16.43,2.21,.99,36.3103
Nifty Bank,2025-11-26,16.63,2.24,.98,37.251200000000004
Nifty Bank,2025-11-27,16.69,2.25,.98,37.5525
Nifty Bank,2025-11-28,16.7,2.26,.98,37.742
Nifty Bank,2025-12-01,16.68,2.26,.98,37.696799999999996
Nifty Bank,2025-12-02,16.57,2.24,.98,37.116800000000005
Nifty Bank,2025-12-03,16.59,2.24,.98,37.1616
Nifty Bank,2025-12-04,16.57,2.24,.98,37.116800000000005
Nifty Bank,2025-12-05,16.71,2.26,.98,37.7646
Nifty Bank,2025-12-08,16.56,2.24,.99,37.0944
Nifty Bank,2025-12-09,16.55,2.24,.99,37.072
Nifty Bank,2025-12-10,16.48,2.23,.99,36.7504
Nifty Bank,2025-12-11,16.55,2.24,.99,37.072
Nifty Bank,2025-12-12,16.6,2.25,.98,37.35
Nifty Bank,2025-12-15,16.62,2.25,.98,37.395
Nifty Bank,2025-12-16,16.5,2.23,.99,36.795
Nifty Bank,2025-12-17,16.47,2.23,.99,36.7281
Nifty Bank,2025-12-18,16.46,2.23,.99,36.7058
Nifty Bank,2025-12-19,16.51,2.23,.99,36.8173
Nifty Bank,2025-12-22,16.57,2.24,.98,37.116800000000005
Nifty Bank,2025-12-23,16.57,2.24,.98,37.116800000000005
Nifty Bank,2025-12-24,16.54,2.24,.99,37.0496
Nifty Bank,2025-12-26,16.49,2.23,.99,36.77269999999999
Nifty Bank,2025-12-29,16.47,2.23,.99,36.7281
Nifty Bank,2025-12-30,16.54,2.24,.99,37.0496
Nifty Bank,2025-12-31,16.4,2.19,.98,35.916
Nifty Bank,2026-01-01,16.44,2.19,.98,36.0036
Nifty Bank,2026-01-02,16.56,2.21,.97,36.5976
Nifty Bank,2026-01-05,16.53,2.2,.97,36.36600000000001
Nifty Bank,2026-01-06,16.55,2.21,.97,36.5755
Nifty Bank,2026-01-07,16.52,2.2,.98,36.344
Nifty Bank,2026-01-08,16.43,2.19,.98,35.9817
Nifty Bank,2026-01-09,16.31,2.17,.99,35.3927
Nifty Bank,2026-01-12,16.37,2.18,.98,35.686600000000006
Nifty Bank,2026-01-13,16.4,2.19,.98,35.916
Nifty Bank,2026-01-14,16.4,2.19,.98,35.916
Nifty Bank,2026-01-16,16.55,2.2,.97,36.410000000000004
Nifty Bank,2026-01-19,16.48,2.2,.98,36.25600000000001
Nifty Bank,2026-01-20,16.23,2.18,.99,35.381400000000006
Nifty Bank,2026-01-21,16.02,2.16,1,34.6032
Nifty Bank,2026-01-22,16.11,2.17,.99,34.9587
Nifty Bank,2026-01-23,15.91,2.15,1,34.2065
Nifty Bank,2026-01-27,16.11,2.17,.99,34.9587
Nifty Bank,2026-01-28,16.39,2.19,.98,35.8941
Nifty Bank,2026-01-29,16.47,2.2,.98,36.234
Nifty Bank,2026-01-30,16.22,2.13,.98,34.54859999999999
Nifty Bank,2026-02-01,15.8,2.09,1,33.022
Nifty Bank,2026-02-02,15.85,2.09,1,33.1265
Nifty Bank,2026-02-03,16.24,2.14,.98,34.7536
Nifty Bank,2026-02-04,16.29,2.15,.97,35.0235
Nifty Bank,2026-02-05,16.24,2.14,.98,34.7536
Nifty Bank,2026-02-06,16.26,2.15,.97,34.959
Nifty Bank,2026-02-09,16.41,2.17,.97,35.6097
Nifty Bank,2026-02-10,16.32,2.16,.97,35.251200000000004
Nifty Bank,2026-02-11,16.35,2.17,.96,35.4795
Nifty Bank,2026-02-12,16.35,2.17,.96,35.4795
Nifty Bank,2026-02-13,16.2,2.15,.97,34.83
Nifty Bank,2026-02-16,16.41,2.18,.96,35.7738
Nifty Bank,2026-02-17,16.47,2.18,.96,35.9046
Nifty Bank,2026-02-18,16.57,2.2,.95,36.454
Nifty Bank,2026-02-19,16.35,2.17,.96,35.4795
Nifty Bank,2026-02-20,16.47,2.18,.96,35.9046
Nifty Bank,2026-02-23,16.49,2.19,.96,36.113099999999996
Nifty Bank,2026-02-24,16.44,2.18,.96,35.839200000000005
Nifty Bank,2026-02-25,16.43,2.18,.96,35.8174
Nifty Bank,2026-02-26,16.47,2.19,.96,36.0693
Nifty Bank,2026-02-27,16.21,2.11,.97,34.2031
Nifty Bank,2026-03-02,16.03,2.09,.98,33.5027
Nifty Bank,2026-03-04,15.74,2.05,1,32.266999999999996
Nifty Bank,2026-03-05,15.82,2.06,.99,32.5892
Nifty Bank,2026-03-06,15.48,2.02,1.01,31.2696
Nifty Bank,2026-03-09,15.01,1.96,1.05,29.4196
Nifty Bank,2026-03-10,15.26,1.99,1.03,30.3674
Nifty Bank,2026-03-11,14.93,1.95,1.05,29.1135
Nifty Bank,2026-03-12,14.76,1.92,1.06,28.339199999999998
Nifty Bank,2026-03-13,14.4,1.88,1.09,27.072
Nifty Bank,2026-03-16,14.58,1.9,1.08,27.701999999999998
Nifty Bank,2026-03-17,14.7,1.92,1.07,28.223999999999997
Nifty Bank,2026-03-18,14.82,1.93,1.06,28.6026
Nifty Bank,2026-03-19,14.32,1.87,1.1,26.7784
Nifty Bank,2026-03-20,14.31,1.87,1.1,26.759700000000002
Nifty Bank,2026-03-23,13.78,1.8,1.14,24.804
Nifty Bank,2026-03-24,14.09,1.84,1.11,25.9256
Nifty Bank,2026-03-25,14.39,1.88,1.09,27.0532
Nifty Bank,2026-03-27,14.0,1.83,1.12,25.62
Nifty Bank,2026-03-30,13.38,1.71,1.17,22.8798
Nifty Bank,2026-04-01,13.69,1.75,1.14,23.9575
Nifty Bank,2026-04-02,13.72,1.76,1.14,24.1472
Nifty Bank,2026-04-06,14.0,1.79,1.12,25.060000000000002
Nifty Bank,2026-04-07,14.03,1.8,1.12,25.253999999999998
Nifty Bank,2026-04-08,14.82,1.9,1.06,28.157999999999998
Nifty Bank,2026-04-09,14.59,1.87,1.07,27.2833
Nifty Bank,2026-04-10,14.88,1.91,1.05,28.4208
Nifty Bank,2026-04-13,14.8,1.9,1.06,28.12
Nifty Bank,2026-04-15,14.98,1.92,1.05,28.7616
Nifty Bank,2026-04-16,14.93,1.91,1.05,28.516299999999998
Nifty Bank,2026-04-17,15.05,1.93,1.04,29.0465
Nifty Bank,2026-04-20,15.06,1.93,1.04,29.0658
Nifty Bank,2026-04-21,15.13,1.96,1.03,29.6548
Nifty Bank,2026-04-22,15.06,1.95,1.03,29.367
Nifty Bank,2026-04-23,14.85,1.92,1.05,28.511999999999997
Nifty Bank,2026-04-24,14.79,1.91,1.05,28.248899999999995
Nifty Bank,2026-04-27,14.81,1.92,1.05,28.4352
Nifty Bank,2026-04-28,14.09,1.89,1.06,26.6301
Nifty Bank,2026-04-29,14.08,1.89,1.06,26.6112
Nifty Bank,2026-04-30,13.95,1.87,1.07,26.0865
Nifty Bank,2026-05-04,13.88,1.87,1.07,25.955600000000004
Nifty Bank,2026-05-05,13.79,1.86,1.08,25.6494
Nifty Bank,2026-05-06,14.16,1.91,1.05,27.0456
Nifty Bank,2026-05-07,14.14,1.91,1.05,27.0074
