Index Name,DATE,pe,pb,divYield,pe*pb
Nifty Smallcap 250,2016-04-01,86.86,1.35,1.20,117.26100000000001
Nifty Smallcap 250,2016-04-04,82.83,1.36,1.19,112.64880000000001
Nifty Smallcap 250,2016-04-05,81.38,1.34,1.21,109.0492
Nifty Smallcap 250,2016-04-06,82.37,1.35,1.20,111.19950000000001
Nifty Smallcap 250,2016-04-07,82.1,1.35,1.20,110.835
Nifty Smallcap 250,2016-04-08,82.76,1.36,1.19,112.55360000000002
Nifty Smallcap 250,2016-04-11,83.34,1.37,1.18,114.17580000000001
Nifty Smallcap 250,2016-04-12,84.22,1.38,1.17,116.22359999999999
Nifty Smallcap 250,2016-04-13,85.13,1.4,1.16,119.18199999999999
Nifty Smallcap 250,2016-04-18,91.19,1.41,1.15,128.5779
Nifty Smallcap 250,2016-04-20,92.89,1.42,1.14,131.9038
Nifty Smallcap 250,2016-04-21,87.4,1.42,1.14,124.108
Nifty Smallcap 250,2016-04-22,86.2,1.42,1.14,122.404
Nifty Smallcap 250,2016-04-25,90.51,1.41,1.15,127.6191
Nifty Smallcap 250,2016-04-26,90.94,1.42,1.14,129.13479999999998
Nifty Smallcap 250,2016-04-27,91.16,1.42,1.14,129.44719999999998
Nifty Smallcap 250,2016-04-28,90.17,1.41,1.15,127.13969999999999
Nifty Smallcap 250,2016-04-29,93.33,1.42,1.16,132.52859999999998
Nifty Smallcap 250,2016-05-02,93.32,1.42,1.15,132.5144
Nifty Smallcap 250,2016-05-03,93.18,1.42,1.15,132.3156
Nifty Smallcap 250,2016-05-04,91.97,1.4,1.17,128.75799999999998
Nifty Smallcap 250,2016-05-05,90.8,1.4,1.17,127.11999999999999
Nifty Smallcap 250,2016-05-06,91.62,1.4,1.17,128.268
Nifty Smallcap 250,2016-05-09,92.49,1.42,1.15,131.33579999999998
Nifty Smallcap 250,2016-05-10,92.6,1.42,1.15,131.492
Nifty Smallcap 250,2016-05-11,95.32,1.42,1.15,135.35439999999997
Nifty Smallcap 250,2016-05-12,96.24,1.43,1.14,137.6232
Nifty Smallcap 250,2016-05-13,95.08,1.43,1.14,135.96439999999998
Nifty Smallcap 250,2016-05-16,92.24,1.43,1.15,131.9032
Nifty Smallcap 250,2016-05-17,90.33,1.43,1.14,129.1719
Nifty Smallcap 250,2016-05-18,87.51,1.44,1.14,126.01440000000001
Nifty Smallcap 250,2016-05-19,89.81,1.42,1.15,127.5302
Nifty Smallcap 250,2016-05-20,89.46,1.4,1.16,125.24399999999999
Nifty Smallcap 250,2016-05-23,89.59,1.4,1.17,125.426
Nifty Smallcap 250,2016-05-24,90.29,1.38,1.18,124.6002
Nifty Smallcap 250,2016-05-25,94.55,1.4,1.17,132.36999999999998
Nifty Smallcap 250,2016-05-26,94.7,1.41,1.16,133.527
Nifty Smallcap 250,2016-05-27,79.72,1.41,1.16,112.4052
Nifty Smallcap 250,2016-05-30,113.22,1.42,1.15,160.77239999999998
Nifty Smallcap 250,2016-05-31,109.07,1.42,1.15,154.87939999999998
Nifty Smallcap 250,2016-06-01,306.59,1.42,1.15,435.35779999999994
Nifty Smallcap 250,2016-06-02,,1.43,1.15,
Nifty Smallcap 250,2016-06-03,,1.42,1.15,
Nifty Smallcap 250,2016-06-06,,1.43,1.15,
Nifty Smallcap 250,2016-06-07,3202.45,1.44,1.14,4611.527999999999
Nifty Smallcap 250,2016-06-08,3236.47,1.45,1.12,4692.8814999999995
Nifty Smallcap 250,2016-06-09,3239.64,1.45,1.12,4697.478
Nifty Smallcap 250,2016-06-10,3241.32,1.45,1.11,4699.914
Nifty Smallcap 250,2016-06-13,6239.42,1.45,1.11,9047.159
Nifty Smallcap 250,2016-06-14,6277.06,1.46,1.10,9164.5076
Nifty Smallcap 250,2016-06-15,5378.34,1.48,1.09,7959.9432
Nifty Smallcap 250,2016-06-16,5358.36,1.47,1.10,7876.789199999999
Nifty Smallcap 250,2016-06-17,5396.91,1.48,1.08,7987.426799999999
Nifty Smallcap 250,2016-06-20,5407.02,1.48,1.08,8002.3896
Nifty Smallcap 250,2016-06-21,5424.94,1.49,1.07,8083.160599999999
Nifty Smallcap 250,2016-06-22,5392.86,1.48,1.08,7981.4328
Nifty Smallcap 250,2016-06-23,5382.84,1.47,1.08,7912.7748
Nifty Smallcap 250,2016-06-24,5284.67,1.45,1.07,7662.7715
Nifty Smallcap 250,2016-06-27,5394.0,1.48,1.05,7983.12
Nifty Smallcap 250,2016-06-28,1926.39,1.49,1.04,2870.3211
Nifty Smallcap 250,2016-06-29,1958.26,1.51,1.02,2956.9726
Nifty Smallcap 250,2016-06-30,1979.15,1.53,1.01,3028.0995000000003
Nifty Smallcap 250,2016-07-01,1994.24,1.54,1.00,3071.1296
Nifty Smallcap 250,2016-07-04,2017.29,1.56,0.99,3146.9724
Nifty Smallcap 250,2016-07-05,2021.53,1.56,0.99,3153.5868
Nifty Smallcap 250,2016-07-07,2023.9,1.56,0.99,3157.284
Nifty Smallcap 250,2016-07-08,2014.01,1.55,0.99,3121.7155000000002
Nifty Smallcap 250,2016-07-11,2030.86,1.57,0.99,3188.4501999999998
Nifty Smallcap 250,2016-07-12,1653.22,1.57,0.99,2595.5554
Nifty Smallcap 250,2016-07-13,1637.77,1.55,0.99,2538.5435
Nifty Smallcap 250,2016-07-14,1658.92,1.57,0.99,2604.5044000000003
Nifty Smallcap 250,2016-07-15,1530.54,1.56,0.99,2387.6424
Nifty Smallcap 250,2016-07-18,1524.03,1.55,1.00,2362.2465
Nifty Smallcap 250,2016-07-19,1523.91,1.55,1.00,2362.0605
Nifty Smallcap 250,2016-07-20,1538.33,1.56,0.99,2399.7948
Nifty Smallcap 250,2016-07-21,1537.08,1.56,0.99,2397.8448
Nifty Smallcap 250,2016-07-22,1543.21,1.57,0.99,2422.8397
Nifty Smallcap 250,2016-07-25,2161.35,1.58,1.01,3414.933
Nifty Smallcap 250,2016-07-26,2149.61,1.56,1.00,3353.3916000000004
Nifty Smallcap 250,2016-07-27,2158.9,1.56,1.00,3367.8840000000005
Nifty Smallcap 250,2016-07-28,44711.18,1.57,0.99,70196.55260000001
Nifty Smallcap 250,2016-07-29,44692.09,1.56,0.99,69719.6604
Nifty Smallcap 250,2016-08-01,44633.67,1.56,1.00,69628.5252
Nifty Smallcap 250,2016-08-02,44218.93,1.54,1.01,68097.1522
Nifty Smallcap 250,2016-08-03,43740.36,1.53,1.02,66922.75080000001
Nifty Smallcap 250,2016-08-04,43843.54,1.53,1.01,67080.6162
Nifty Smallcap 250,2016-08-05,44505.58,1.55,1.00,68983.649
Nifty Smallcap 250,2016-08-08,38241.95,1.57,0.99,60039.8615
Nifty Smallcap 250,2016-08-09,38101.95,1.56,0.99,59439.041999999994
Nifty Smallcap 250,2016-08-10,37617.81,1.54,1.01,57931.4274
Nifty Smallcap 250,2016-08-11,37561.85,1.53,1.05,57469.6305
Nifty Smallcap 250,2016-08-12,37546.59,1.54,1.05,57821.7486
Nifty Smallcap 250,2016-08-16,37548.45,1.54,1.05,57824.613
Nifty Smallcap 250,2016-08-17,37880.65,1.55,1.04,58715.00750000001
Nifty Smallcap 250,2016-08-18,38361.13,1.57,1.02,60226.9741
Nifty Smallcap 250,2016-08-19,38573.37,1.57,1.02,60560.19090000001
Nifty Smallcap 250,2016-08-22,38546.16,1.57,1.02,60517.47120000001
Nifty Smallcap 250,2016-08-23,,1.57,1.02,
Nifty Smallcap 250,2016-08-24,,1.58,1.02,
Nifty Smallcap 250,2016-08-25,,1.58,1.02,
Nifty Smallcap 250,2016-08-26,,1.57,1.02,
Nifty Smallcap 250,2016-08-29,,1.57,1.01,
Nifty Smallcap 250,2016-08-30,,1.58,1.01,
Nifty Smallcap 250,2016-08-31,,1.59,1.00,
Nifty Smallcap 250,2016-09-01,,1.57,1.01,
Nifty Smallcap 250,2016-09-02,,1.58,1.01,
Nifty Smallcap 250,2016-09-06,,1.6,1.00,
Nifty Smallcap 250,2016-09-07,,1.6,0.99,
Nifty Smallcap 250,2016-09-08,,1.62,0.98,
Nifty Smallcap 250,2016-09-09,,1.62,0.99,
Nifty Smallcap 250,2016-09-12,,1.57,1.02,
Nifty Smallcap 250,2016-09-14,,1.59,1.00,
Nifty Smallcap 250,2016-09-15,,1.6,1.00,
Nifty Smallcap 250,2016-09-16,,1.6,0.94,
Nifty Smallcap 250,2016-09-19,,1.62,0.94,
Nifty Smallcap 250,2016-09-20,,1.62,0.94,
Nifty Smallcap 250,2016-09-21,,1.62,0.94,
Nifty Smallcap 250,2016-09-22,,1.64,0.93,
Nifty Smallcap 250,2016-09-23,,1.63,0.93,
Nifty Smallcap 250,2016-09-26,,1.62,0.94,
Nifty Smallcap 250,2016-09-27,,1.62,0.95,
Nifty Smallcap 250,2016-09-28,,1.63,0.94,
Nifty Smallcap 250,2016-09-29,,1.56,0.98,
Nifty Smallcap 250,2016-09-30,,1.58,0.87,
Nifty Smallcap 250,2016-10-03,,1.62,0.85,
Nifty Smallcap 250,2016-10-04,,1.63,0.84,
Nifty Smallcap 250,2016-10-05,34089.55,1.65,0.84,56247.7575
Nifty Smallcap 250,2016-10-06,,1.64,0.84,
Nifty Smallcap 250,2016-10-07,,1.63,0.84,
Nifty Smallcap 250,2016-10-10,,1.64,0.84,
Nifty Smallcap 250,2016-10-13,6577.3,1.63,0.85,10720.999
Nifty Smallcap 250,2016-10-14,6101.18,1.64,0.85,10005.9352
Nifty Smallcap 250,2016-10-17,,1.64,0.85,
Nifty Smallcap 250,2016-10-18,,1.66,0.84,
Nifty Smallcap 250,2016-10-19,6169.87,1.67,0.84,10303.6829
Nifty Smallcap 250,2016-10-20,,1.7,0.82,
Nifty Smallcap 250,2016-10-21,,1.7,0.82,
Nifty Smallcap 250,2016-10-24,,1.72,0.81,
Nifty Smallcap 250,2016-10-25,,1.72,0.81,
Nifty Smallcap 250,2016-10-26,,1.7,0.82,
Nifty Smallcap 250,2016-10-27,,1.69,0.82,
Nifty Smallcap 250,2016-10-28,,1.7,0.82,
Nifty Smallcap 250,2016-10-30,,1.71,0.81,
Nifty Smallcap 250,2016-11-01,,1.71,0.81,
Nifty Smallcap 250,2016-11-02,,1.68,0.83,
Nifty Smallcap 250,2016-11-03,,1.66,0.84,
Nifty Smallcap 250,2016-11-04,,1.63,0.85,
Nifty Smallcap 250,2016-11-07,,1.65,0.84,
Nifty Smallcap 250,2016-11-08,,1.65,0.84,
Nifty Smallcap 250,2016-11-09,,1.61,0.87,
Nifty Smallcap 250,2016-11-10,,1.63,0.85,
Nifty Smallcap 250,2016-11-11,,1.57,0.88,
Nifty Smallcap 250,2016-11-15,,1.5,0.93,
Nifty Smallcap 250,2016-11-16,,1.5,0.93,
Nifty Smallcap 250,2016-11-17,,1.49,0.93,
Nifty Smallcap 250,2016-11-18,,1.5,0.93,
Nifty Smallcap 250,2016-11-21,,1.45,0.96,
Nifty Smallcap 250,2016-11-22,,1.46,0.95,
Nifty Smallcap 250,2016-11-23,,1.49,0.94,
Nifty Smallcap 250,2016-11-24,,1.49,0.94,
Nifty Smallcap 250,2016-11-25,,1.52,0.92,
Nifty Smallcap 250,2016-11-28,,1.54,0.91,
Nifty Smallcap 250,2016-11-29,,1.55,0.90,
Nifty Smallcap 250,2016-11-30,,1.57,0.89,
Nifty Smallcap 250,2016-12-01,,1.56,0.90,
Nifty Smallcap 250,2016-12-02,,1.54,0.91,
Nifty Smallcap 250,2016-12-05,,1.54,0.91,
Nifty Smallcap 250,2016-12-06,,1.54,0.91,
Nifty Smallcap 250,2016-12-07,,1.54,0.91,
Nifty Smallcap 250,2016-12-08,,1.55,0.90,
Nifty Smallcap 250,2016-12-09,,1.56,0.89,
Nifty Smallcap 250,2016-12-12,,1.55,0.90,
Nifty Smallcap 250,2016-12-13,,1.55,0.90,
Nifty Smallcap 250,2016-12-14,,1.54,0.91,
Nifty Smallcap 250,2016-12-15,,1.54,0.91,
Nifty Smallcap 250,2016-12-16,,1.54,0.91,
Nifty Smallcap 250,2016-12-19,,1.53,0.91,
Nifty Smallcap 250,2016-12-20,,1.52,0.92,
Nifty Smallcap 250,2016-12-21,,1.52,0.92,
Nifty Smallcap 250,2016-12-22,,1.5,0.93,
Nifty Smallcap 250,2016-12-23,,1.5,0.93,
Nifty Smallcap 250,2016-12-26,,1.46,0.95,
Nifty Smallcap 250,2016-12-27,,1.49,0.94,
Nifty Smallcap 250,2016-12-28,,1.5,0.93,
Nifty Smallcap 250,2016-12-29,,1.51,0.93,
Nifty Smallcap 250,2016-12-30,,1.53,0.92,
Nifty Smallcap 250,2017-01-02,,1.55,0.90,
Nifty Smallcap 250,2017-01-03,,1.57,0.89,
Nifty Smallcap 250,2017-01-04,,1.58,0.89,
Nifty Smallcap 250,2017-01-05,,1.59,0.88,
Nifty Smallcap 250,2017-01-06,,1.58,0.88,
Nifty Smallcap 250,2017-01-09,,1.59,0.88,
Nifty Smallcap 250,2017-01-10,,1.61,0.87,
Nifty Smallcap 250,2017-01-11,,1.62,0.86,
Nifty Smallcap 250,2017-01-12,,1.62,0.86,
Nifty Smallcap 250,2017-01-13,,1.62,0.86,
Nifty Smallcap 250,2017-01-16,,1.63,0.86,
Nifty Smallcap 250,2017-01-17,,1.64,0.86,
Nifty Smallcap 250,2017-01-18,,1.64,0.85,
Nifty Smallcap 250,2017-01-19,,1.65,0.85,
Nifty Smallcap 250,2017-01-20,,1.62,0.86,
Nifty Smallcap 250,2017-01-23,,1.64,0.85,
Nifty Smallcap 250,2017-01-24,,1.65,0.85,
Nifty Smallcap 250,2017-01-25,,1.67,0.84,
Nifty Smallcap 250,2017-01-27,,1.68,0.83,
Nifty Smallcap 250,2017-01-30,,1.68,0.83,
Nifty Smallcap 250,2017-01-31,,1.66,0.84,
Nifty Smallcap 250,2017-02-01,,1.69,0.83,
Nifty Smallcap 250,2017-02-02,,1.71,0.82,
Nifty Smallcap 250,2017-02-03,,1.73,0.81,
Nifty Smallcap 250,2017-02-06,,1.75,0.80,
Nifty Smallcap 250,2017-02-07,,1.75,0.80,
Nifty Smallcap 250,2017-02-08,,1.76,0.80,
Nifty Smallcap 250,2017-02-09,,1.76,0.79,
Nifty Smallcap 250,2017-02-10,,1.76,0.80,
Nifty Smallcap 250,2017-02-13,,1.74,0.81,
Nifty Smallcap 250,2017-02-14,,1.73,0.82,
Nifty Smallcap 250,2017-02-15,,1.7,0.83,
Nifty Smallcap 250,2017-02-16,,1.72,0.82,
Nifty Smallcap 250,2017-02-17,,1.74,0.81,
Nifty Smallcap 250,2017-02-20,,1.75,0.81,
Nifty Smallcap 250,2017-02-21,,1.76,0.80,
Nifty Smallcap 250,2017-02-22,,1.75,0.81,
Nifty Smallcap 250,2017-02-23,,1.75,0.81,
Nifty Smallcap 250,2017-02-27,,1.76,0.80,
Nifty Smallcap 250,2017-02-28,,1.78,0.80,
Nifty Smallcap 250,2017-03-01,,1.79,0.79,
Nifty Smallcap 250,2017-03-02,,1.77,0.80,
Nifty Smallcap 250,2017-03-03,,1.77,0.80,
Nifty Smallcap 250,2017-03-06,,1.78,0.79,
Nifty Smallcap 250,2017-03-07,,1.78,0.79,
Nifty Smallcap 250,2017-03-08,,1.77,0.80,
Nifty Smallcap 250,2017-03-09,,1.77,0.80,
Nifty Smallcap 250,2017-03-10,,1.77,0.80,
Nifty Smallcap 250,2017-03-14,,1.78,0.78,
Nifty Smallcap 250,2017-03-15,,1.79,0.78,
Nifty Smallcap 250,2017-03-16,,1.86,0.76,
Nifty Smallcap 250,2017-03-17,,1.85,0.76,
Nifty Smallcap 250,2017-03-20,,1.86,0.76,
Nifty Smallcap 250,2017-03-21,,1.86,0.76,
Nifty Smallcap 250,2017-03-22,,1.84,0.76,
Nifty Smallcap 250,2017-03-23,,1.86,0.76,
Nifty Smallcap 250,2017-03-24,,1.87,0.75,
Nifty Smallcap 250,2017-03-27,,1.86,0.75,
Nifty Smallcap 250,2017-03-28,,1.87,0.75,
Nifty Smallcap 250,2017-03-29,,1.88,0.75,
Nifty Smallcap 250,2017-03-30,,1.89,0.74,
Nifty Smallcap 250,2017-03-31,99.48,2.02,0.73,200.9496
Nifty Smallcap 250,2017-04-03,100.8,2.05,0.72,206.64
Nifty Smallcap 250,2017-04-05,102.05,2.07,0.71,211.24349999999998
Nifty Smallcap 250,2017-04-06,101.69,2.07,0.72,210.49829999999997
Nifty Smallcap 250,2017-04-07,100.88,2.05,0.72,206.80399999999997
Nifty Smallcap 250,2017-04-10,101.6,2.06,0.72,209.296
Nifty Smallcap 250,2017-04-11,102.84,2.09,0.71,214.9356
Nifty Smallcap 250,2017-04-12,102.35,2.08,0.71,212.888
Nifty Smallcap 250,2017-04-13,102.56,2.08,0.71,213.3248
Nifty Smallcap 250,2017-04-17,103.14,2.1,0.71,216.59400000000002
Nifty Smallcap 250,2017-04-18,102.17,2.08,0.71,212.5136
Nifty Smallcap 250,2017-04-19,103.14,2.1,0.71,216.59400000000002
Nifty Smallcap 250,2017-04-20,104.7,2.13,0.70,223.011
Nifty Smallcap 250,2017-04-21,105.33,2.14,0.69,225.4062
Nifty Smallcap 250,2017-04-24,106.36,2.17,0.68,230.8012
Nifty Smallcap 250,2017-04-25,107.0,2.18,0.68,233.26000000000002
Nifty Smallcap 250,2017-04-26,105.91,2.16,0.69,228.7656
Nifty Smallcap 250,2017-04-27,105.98,2.16,0.69,228.91680000000002
Nifty Smallcap 250,2017-04-28,106.67,2.17,0.68,231.4739
Nifty Smallcap 250,2017-05-02,107.0,2.18,0.68,233.26000000000002
Nifty Smallcap 250,2017-05-03,107.25,2.18,0.68,233.805
Nifty Smallcap 250,2017-05-04,107.6,2.19,0.67,235.64399999999998
Nifty Smallcap 250,2017-05-05,106.4,2.17,0.68,230.888
Nifty Smallcap 250,2017-05-08,107.35,2.19,0.68,235.0965
Nifty Smallcap 250,2017-05-09,108.0,2.2,0.67,237.60000000000002
Nifty Smallcap 250,2017-05-10,108.88,2.22,0.67,241.7136
Nifty Smallcap 250,2017-05-11,108.74,2.21,0.67,240.31539999999998
Nifty Smallcap 250,2017-05-12,108.92,2.2,0.67,239.62400000000002
Nifty Smallcap 250,2017-05-15,109.84,2.22,0.67,243.84480000000002
Nifty Smallcap 250,2017-05-16,110.91,2.24,0.66,248.43840000000003
Nifty Smallcap 250,2017-05-17,125.12,2.23,0.66,279.0176
Nifty Smallcap 250,2017-05-18,122.06,2.19,0.68,267.3114
Nifty Smallcap 250,2017-05-19,121.05,2.17,0.68,262.6785
Nifty Smallcap 250,2017-05-22,119.45,2.14,0.69,255.62300000000002
Nifty Smallcap 250,2017-05-23,115.8,2.09,0.71,242.022
Nifty Smallcap 250,2017-05-24,111.29,2.06,0.72,229.25740000000002
Nifty Smallcap 250,2017-05-25,116.31,2.1,0.70,244.251
Nifty Smallcap 250,2017-05-26,118.32,2.14,0.69,253.2048
Nifty Smallcap 250,2017-05-29,105.2,2.1,0.70,220.92000000000002
Nifty Smallcap 250,2017-05-30,84.85,2.11,0.70,179.03349999999998
Nifty Smallcap 250,2017-05-31,85.93,2.13,0.69,183.0309
Nifty Smallcap 250,2017-06-01,86.71,2.15,0.68,186.42649999999998
Nifty Smallcap 250,2017-06-02,88.39,2.17,0.68,191.8063
Nifty Smallcap 250,2017-06-05,87.76,2.18,0.67,191.31680000000003
Nifty Smallcap 250,2017-06-06,86.62,2.16,0.68,187.09920000000002
Nifty Smallcap 250,2017-06-07,86.56,2.17,0.67,187.8352
Nifty Smallcap 250,2017-06-08,89.06,2.18,0.67,194.15080000000003
Nifty Smallcap 250,2017-06-09,90.44,2.19,0.67,198.06359999999998
Nifty Smallcap 250,2017-06-12,90.3,2.18,0.67,196.854
Nifty Smallcap 250,2017-06-13,88.42,2.19,0.67,193.6398
Nifty Smallcap 250,2017-06-14,89.22,2.19,0.67,195.3918
Nifty Smallcap 250,2017-06-15,87.8,2.2,0.67,193.16
Nifty Smallcap 250,2017-06-16,93.77,2.21,0.65,207.2317
Nifty Smallcap 250,2017-06-19,107.68,2.21,0.65,237.9728
Nifty Smallcap 250,2017-06-20,107.49,2.21,0.65,237.5529
Nifty Smallcap 250,2017-06-21,107.4,2.21,0.65,237.354
Nifty Smallcap 250,2017-06-22,106.67,2.2,0.65,234.67400000000004
Nifty Smallcap 250,2017-06-23,107.47,2.16,0.66,232.13520000000003
Nifty Smallcap 250,2017-06-27,105.59,2.12,0.67,223.85080000000002
Nifty Smallcap 250,2017-06-28,105.77,2.13,0.67,225.29009999999997
Nifty Smallcap 250,2017-06-29,106.82,2.15,0.66,229.66299999999998
Nifty Smallcap 250,2017-06-30,107.21,2.14,0.63,229.4294
Nifty Smallcap 250,2017-07-03,108.48,2.17,0.63,235.4016
Nifty Smallcap 250,2017-07-04,108.39,2.17,0.63,235.2063
Nifty Smallcap 250,2017-07-05,109.61,2.19,0.62,240.0459
Nifty Smallcap 250,2017-07-06,110.01,2.2,0.62,242.02200000000002
Nifty Smallcap 250,2017-07-07,110.35,2.2,0.62,242.77
Nifty Smallcap 250,2017-07-10,110.33,2.21,0.61,243.8293
Nifty Smallcap 250,2017-07-11,109.48,2.2,0.62,240.85600000000002
Nifty Smallcap 250,2017-07-12,110.39,2.21,0.61,243.96189999999999
Nifty Smallcap 250,2017-07-13,110.83,2.22,0.61,246.04260000000002
Nifty Smallcap 250,2017-07-14,110.37,2.21,0.61,243.9177
Nifty Smallcap 250,2017-07-17,109.85,2.22,0.61,243.86700000000002
Nifty Smallcap 250,2017-07-18,109.2,2.18,0.57,238.056
Nifty Smallcap 250,2017-07-19,110.38,2.2,0.54,242.836
Nifty Smallcap 250,2017-07-20,110.49,2.2,0.54,243.078
Nifty Smallcap 250,2017-07-21,110.79,2.2,0.54,243.73800000000003
Nifty Smallcap 250,2017-07-24,110.96,2.2,0.54,244.112
Nifty Smallcap 250,2017-07-25,111.0,2.2,0.54,244.20000000000002
Nifty Smallcap 250,2017-07-26,111.68,2.21,0.54,246.8128
Nifty Smallcap 250,2017-07-27,109.85,2.19,0.54,240.5715
Nifty Smallcap 250,2017-07-28,118.12,2.2,0.53,259.86400000000003
Nifty Smallcap 250,2017-07-31,117.96,2.2,0.53,259.512
Nifty Smallcap 250,2017-08-01,116.48,2.2,0.53,256.25600000000003
Nifty Smallcap 250,2017-08-02,116.7,2.19,0.53,255.573
Nifty Smallcap 250,2017-08-03,115.43,2.17,0.53,250.4831
Nifty Smallcap 250,2017-08-04,114.1,2.17,0.53,247.59699999999998
Nifty Smallcap 250,2017-08-07,110.09,2.19,0.53,241.0971
Nifty Smallcap 250,2017-08-08,108.48,2.15,0.54,233.232
Nifty Smallcap 250,2017-08-09,106.39,2.12,0.55,225.54680000000002
Nifty Smallcap 250,2017-08-10,102.23,2.04,0.57,208.5492
Nifty Smallcap 250,2017-08-11,102.07,2.03,0.57,207.20209999999997
Nifty Smallcap 250,2017-08-14,104.56,2.08,0.55,217.4848
Nifty Smallcap 250,2017-08-16,105.95,2.11,0.55,223.5545
Nifty Smallcap 250,2017-08-17,106.63,2.12,0.54,226.0556
Nifty Smallcap 250,2017-08-18,105.52,2.11,0.55,222.64719999999997
Nifty Smallcap 250,2017-08-21,109.92,2.08,0.55,228.6336
Nifty Smallcap 250,2017-08-22,111.05,2.07,0.56,229.87349999999998
Nifty Smallcap 250,2017-08-23,112.47,2.1,0.55,236.187
Nifty Smallcap 250,2017-08-24,116.46,2.11,0.54,245.73059999999998
Nifty Smallcap 250,2017-08-28,120.72,2.14,0.53,258.3408
Nifty Smallcap 250,2017-08-29,119.19,2.11,0.54,251.49089999999998
Nifty Smallcap 250,2017-08-30,120.93,2.14,0.53,258.7902
Nifty Smallcap 250,2017-08-31,121.73,2.16,0.53,262.9368
Nifty Smallcap 250,2017-09-01,116.85,2.18,0.52,254.733
Nifty Smallcap 250,2017-09-04,115.99,2.16,0.53,250.5384
Nifty Smallcap 250,2017-09-05,97.49,2.18,0.52,212.5282
Nifty Smallcap 250,2017-09-06,97.91,2.19,0.52,214.4229
Nifty Smallcap 250,2017-09-07,101.07,2.2,0.52,222.354
Nifty Smallcap 250,2017-09-08,100.89,2.2,0.51,221.95800000000003
Nifty Smallcap 250,2017-09-11,101.19,2.2,0.50,222.61800000000002
Nifty Smallcap 250,2017-09-12,101.22,2.23,0.50,225.7206
Nifty Smallcap 250,2017-09-13,100.45,2.22,0.50,222.99900000000002
Nifty Smallcap 250,2017-09-14,100.67,2.23,0.50,224.4941
Nifty Smallcap 250,2017-09-15,100.77,2.23,0.50,224.7171
Nifty Smallcap 250,2017-09-18,101.67,2.25,0.50,228.7575
Nifty Smallcap 250,2017-09-19,102.2,2.26,0.49,230.97199999999998
Nifty Smallcap 250,2017-09-20,102.41,2.25,0.49,230.42249999999999
Nifty Smallcap 250,2017-09-21,104.05,2.24,0.50,233.072
Nifty Smallcap 250,2017-09-22,100.85,2.17,0.51,218.84449999999998
Nifty Smallcap 250,2017-09-25,98.97,2.12,0.52,209.81640000000002
Nifty Smallcap 250,2017-09-26,99.64,2.14,0.52,213.2296
Nifty Smallcap 250,2017-09-27,112.85,2.1,0.53,236.98499999999999
Nifty Smallcap 250,2017-09-28,113.67,2.11,0.53,239.84369999999998
Nifty Smallcap 250,2017-09-29,68.97,2.12,0.53,146.2164
Nifty Smallcap 250,2017-10-03,69.24,2.13,0.53,147.48119999999997
Nifty Smallcap 250,2017-10-04,69.77,2.14,0.52,149.3078
Nifty Smallcap 250,2017-10-05,69.92,2.16,0.52,151.02720000000002
Nifty Smallcap 250,2017-10-06,71.18,2.18,0.50,155.17240000000004
Nifty Smallcap 250,2017-10-09,71.59,2.19,0.50,156.7821
Nifty Smallcap 250,2017-10-10,72.16,2.21,0.49,159.47359999999998
Nifty Smallcap 250,2017-10-11,72.65,2.18,0.50,158.37700000000004
Nifty Smallcap 250,2017-10-12,74.07,2.21,0.49,163.69469999999998
Nifty Smallcap 250,2017-10-13,74.4,2.22,0.49,165.16800000000003
Nifty Smallcap 250,2017-10-16,76.18,2.27,0.47,172.92860000000002
Nifty Smallcap 250,2017-10-17,76.73,2.29,0.47,175.7117
Nifty Smallcap 250,2017-10-18,76.66,2.29,0.47,175.5514
Nifty Smallcap 250,2017-10-19,76.73,2.29,0.47,175.7117
Nifty Smallcap 250,2017-10-23,76.65,2.3,0.46,176.295
Nifty Smallcap 250,2017-10-24,77.49,2.31,0.46,179.0019
Nifty Smallcap 250,2017-10-25,77.63,2.32,0.46,180.1016
Nifty Smallcap 250,2017-10-26,78.25,2.33,0.46,182.32250000000002
Nifty Smallcap 250,2017-10-27,77.99,2.34,0.46,182.49659999999997
Nifty Smallcap 250,2017-10-30,82.26,2.36,0.45,194.1336
Nifty Smallcap 250,2017-10-31,82.32,2.32,0.43,190.98239999999998
Nifty Smallcap 250,2017-11-01,82.41,2.33,0.42,192.0153
Nifty Smallcap 250,2017-11-02,82.52,2.34,0.42,193.09679999999997
Nifty Smallcap 250,2017-11-03,82.6,2.35,0.42,194.10999999999999
Nifty Smallcap 250,2017-11-06,84.46,2.36,0.42,199.32559999999998
Nifty Smallcap 250,2017-11-07,83.11,2.33,0.42,193.6463
Nifty Smallcap 250,2017-11-08,78.82,2.31,0.43,182.0742
Nifty Smallcap 250,2017-11-09,76.65,2.32,0.43,177.828
Nifty Smallcap 250,2017-11-10,86.77,2.36,0.42,204.7772
Nifty Smallcap 250,2017-11-13,86.01,2.35,0.42,202.1235
Nifty Smallcap 250,2017-11-14,87.15,2.35,0.42,204.8025
Nifty Smallcap 250,2017-11-15,85.75,2.31,0.42,198.0825
Nifty Smallcap 250,2017-11-16,86.47,2.33,0.42,201.4751
Nifty Smallcap 250,2017-11-17,87.1,2.34,0.41,203.81399999999996
Nifty Smallcap 250,2017-11-20,88.37,2.36,0.41,208.5532
Nifty Smallcap 250,2017-11-21,84.97,2.36,0.40,200.52919999999997
Nifty Smallcap 250,2017-11-22,85.7,2.37,0.40,203.109
Nifty Smallcap 250,2017-11-23,86.35,2.38,0.40,205.51299999999998
Nifty Smallcap 250,2017-11-24,89.14,2.39,0.40,213.0446
Nifty Smallcap 250,2017-11-27,89.25,2.41,0.40,215.0925
Nifty Smallcap 250,2017-11-28,89.49,2.42,0.40,216.56579999999997
Nifty Smallcap 250,2017-11-29,89.45,2.41,0.40,215.57450000000003
Nifty Smallcap 250,2017-11-30,89.55,2.41,0.39,215.81550000000001
Nifty Smallcap 250,2017-12-01,88.28,2.38,0.40,210.10639999999998
Nifty Smallcap 250,2017-12-04,87.62,2.36,0.40,206.7832
Nifty Smallcap 250,2017-12-05,87.64,2.36,0.40,206.8304
Nifty Smallcap 250,2017-12-06,87.2,2.35,0.40,204.92000000000002
Nifty Smallcap 250,2017-12-07,88.37,2.38,0.40,210.3206
Nifty Smallcap 250,2017-12-08,89.26,2.41,0.39,215.11660000000003
Nifty Smallcap 250,2017-12-11,89.31,2.41,0.39,215.23710000000003
Nifty Smallcap 250,2017-12-12,88.38,2.39,0.39,211.2282
Nifty Smallcap 250,2017-12-13,87.66,2.37,0.40,207.7542
Nifty Smallcap 250,2017-12-14,87.16,2.37,0.40,206.5692
Nifty Smallcap 250,2017-12-15,88.35,2.41,0.39,212.9235
Nifty Smallcap 250,2017-12-18,88.61,2.41,0.39,213.55010000000001
Nifty Smallcap 250,2017-12-19,90.21,2.46,0.38,221.9166
Nifty Smallcap 250,2017-12-20,90.96,2.48,0.38,225.58079999999998
Nifty Smallcap 250,2017-12-21,90.2,2.5,0.38,225.5
Nifty Smallcap 250,2017-12-22,90.75,2.52,0.37,228.69
Nifty Smallcap 250,2017-12-26,91.42,2.54,0.37,232.20680000000002
Nifty Smallcap 250,2017-12-27,90.94,2.52,0.37,229.1688
Nifty Smallcap 250,2017-12-28,91.5,2.53,0.37,231.49499999999998
Nifty Smallcap 250,2017-12-29,92.89,2.54,0.37,235.94060000000002
Nifty Smallcap 250,2018-01-01,93.38,2.55,0.37,238.11899999999997
Nifty Smallcap 250,2018-01-02,92.72,2.54,0.37,235.5088
Nifty Smallcap 250,2018-01-03,93.52,2.56,0.37,239.4112
Nifty Smallcap 250,2018-01-04,94.3,2.59,0.36,244.23699999999997
Nifty Smallcap 250,2018-01-05,95.17,2.61,0.36,248.3937
Nifty Smallcap 250,2018-01-08,96.04,2.63,0.36,252.58520000000001
Nifty Smallcap 250,2018-01-09,96.12,2.64,0.36,253.75680000000003
Nifty Smallcap 250,2018-01-10,96.87,2.64,0.36,255.73680000000002
Nifty Smallcap 250,2018-01-11,97.38,2.65,0.36,258.05699999999996
Nifty Smallcap 250,2018-01-12,97.34,2.65,0.36,257.951
Nifty Smallcap 250,2018-01-15,97.65,2.66,0.35,259.749
Nifty Smallcap 250,2018-01-16,95.31,2.6,0.36,247.806
Nifty Smallcap 250,2018-01-17,95.8,2.61,0.36,250.03799999999998
Nifty Smallcap 250,2018-01-18,92.76,2.55,0.37,236.53799999999998
Nifty Smallcap 250,2018-01-19,93.34,2.58,0.37,240.8172
Nifty Smallcap 250,2018-01-22,93.95,2.59,0.36,243.3305
Nifty Smallcap 250,2018-01-23,84.94,2.61,0.36,221.6934
Nifty Smallcap 250,2018-01-24,81.07,2.58,0.37,209.1606
Nifty Smallcap 250,2018-01-25,80.07,2.56,0.37,204.9792
Nifty Smallcap 250,2018-01-29,78.81,2.53,0.37,199.3893
Nifty Smallcap 250,2018-01-30,77.74,2.49,0.38,193.5726
Nifty Smallcap 250,2018-01-31,76.43,2.47,0.38,188.78210000000004
Nifty Smallcap 250,2018-02-01,86.93,2.47,0.38,214.71710000000004
Nifty Smallcap 250,2018-02-02,83.69,2.34,0.40,195.8346
Nifty Smallcap 250,2018-02-05,92.76,2.34,0.41,217.0584
Nifty Smallcap 250,2018-02-06,90.7,2.29,0.42,207.703
Nifty Smallcap 250,2018-02-07,92.45,2.34,0.41,216.333
Nifty Smallcap 250,2018-02-08,94.62,2.39,0.40,226.14180000000002
Nifty Smallcap 250,2018-02-09,96.03,2.4,0.40,230.47199999999998
Nifty Smallcap 250,2018-02-12,97.72,2.44,0.39,238.4368
Nifty Smallcap 250,2018-02-14,100.04,2.44,0.39,244.0976
Nifty Smallcap 250,2018-02-15,97.23,2.41,0.40,234.32430000000002
Nifty Smallcap 250,2018-02-16,97.27,2.38,0.40,231.50259999999997
Nifty Smallcap 250,2018-02-19,96.24,2.35,0.41,226.164
Nifty Smallcap 250,2018-02-20,96.14,2.35,0.41,225.929
Nifty Smallcap 250,2018-02-21,95.79,2.35,0.41,225.1065
Nifty Smallcap 250,2018-02-22,95.24,2.33,0.41,221.9092
Nifty Smallcap 250,2018-02-23,97.67,2.37,0.40,231.4779
Nifty Smallcap 250,2018-02-26,100.41,2.4,0.40,240.98399999999998
Nifty Smallcap 250,2018-02-27,99.17,2.38,0.40,236.0246
Nifty Smallcap 250,2018-02-28,93.0,2.38,0.40,221.34
Nifty Smallcap 250,2018-03-01,91.9,2.37,0.40,217.80300000000003
Nifty Smallcap 250,2018-03-05,91.01,2.35,0.41,213.8735
Nifty Smallcap 250,2018-03-06,89.74,2.31,0.41,207.2994
Nifty Smallcap 250,2018-03-07,87.69,2.26,0.42,198.1794
Nifty Smallcap 250,2018-03-08,88.12,2.27,0.42,200.03240000000002
Nifty Smallcap 250,2018-03-09,87.79,2.26,0.51,198.4054
Nifty Smallcap 250,2018-03-12,88.17,2.27,0.51,200.1459
Nifty Smallcap 250,2018-03-13,79.49,2.35,0.50,186.8015
Nifty Smallcap 250,2018-03-14,85.87,2.35,0.50,201.79450000000003
Nifty Smallcap 250,2018-03-15,86.72,2.37,0.50,205.5264
Nifty Smallcap 250,2018-03-16,86.64,2.34,0.50,202.7376
Nifty Smallcap 250,2018-03-19,89.19,2.29,0.52,204.2451
Nifty Smallcap 250,2018-03-20,100.65,2.29,0.52,230.48850000000002
Nifty Smallcap 250,2018-03-21,101.05,2.3,0.51,232.41499999999996
Nifty Smallcap 250,2018-03-22,99.78,2.27,0.52,226.5006
Nifty Smallcap 250,2018-03-23,98.16,2.23,0.53,218.89679999999998
Nifty Smallcap 250,2018-03-26,98.82,2.25,0.53,222.34499999999997
Nifty Smallcap 250,2018-03-27,100.23,2.28,0.52,228.52439999999999
Nifty Smallcap 250,2018-03-28,98.94,2.25,0.52,222.615
Nifty Smallcap 250,2018-04-02,116.53,2.16,0.54,251.7048
Nifty Smallcap 250,2018-04-03,118.05,2.19,0.53,258.5295
Nifty Smallcap 250,2018-04-04,116.88,2.17,0.54,253.62959999999998
Nifty Smallcap 250,2018-04-05,119.17,2.21,0.53,263.3657
Nifty Smallcap 250,2018-04-06,119.91,2.22,0.52,266.2002
Nifty Smallcap 250,2018-04-09,120.14,2.23,0.52,267.9122
Nifty Smallcap 250,2018-04-10,120.12,2.23,0.52,267.8676
Nifty Smallcap 250,2018-04-11,120.13,2.23,0.52,267.8899
Nifty Smallcap 250,2018-04-12,119.79,2.22,0.52,265.9338
Nifty Smallcap 250,2018-04-13,120.07,2.23,0.52,267.7561
Nifty Smallcap 250,2018-04-16,107.31,2.24,0.52,240.37440000000004
Nifty Smallcap 250,2018-04-17,107.53,2.25,0.52,241.9425
Nifty Smallcap 250,2018-04-18,107.17,2.24,0.52,240.06080000000003
Nifty Smallcap 250,2018-04-19,108.1,2.26,0.51,244.30599999999995
Nifty Smallcap 250,2018-04-20,108.18,2.26,0.51,244.4868
Nifty Smallcap 250,2018-04-23,101.73,2.29,0.51,232.9617
Nifty Smallcap 250,2018-04-24,101.52,2.29,0.51,232.4808
Nifty Smallcap 250,2018-04-25,100.37,2.26,0.52,226.8362
Nifty Smallcap 250,2018-04-26,100.53,2.26,0.52,227.19779999999997
Nifty Smallcap 250,2018-04-27,100.97,2.27,0.52,229.2019
Nifty Smallcap 250,2018-04-30,79.64,2.35,0.51,187.154
Nifty Smallcap 250,2018-05-02,78.77,2.32,0.52,182.74639999999997
Nifty Smallcap 250,2018-05-03,78.03,2.3,0.52,179.469
Nifty Smallcap 250,2018-05-04,77.84,2.29,0.52,178.2536
Nifty Smallcap 250,2018-05-07,78.3,2.31,0.52,180.873
Nifty Smallcap 250,2018-05-08,78.66,2.32,0.52,182.4912
Nifty Smallcap 250,2018-05-09,78.48,2.31,0.52,181.2888
Nifty Smallcap 250,2018-05-10,77.25,2.28,0.53,176.13
Nifty Smallcap 250,2018-05-11,77.05,2.27,0.53,174.9035
Nifty Smallcap 250,2018-05-14,76.2,2.25,0.53,171.45000000000002
Nifty Smallcap 250,2018-05-15,75.5,2.23,0.54,168.365
Nifty Smallcap 250,2018-05-16,75.59,2.23,0.54,168.5657
Nifty Smallcap 250,2018-05-17,76.15,2.24,0.53,170.57600000000002
Nifty Smallcap 250,2018-05-18,74.68,2.2,0.54,164.29600000000002
Nifty Smallcap 250,2018-05-21,72.88,2.15,0.56,156.69199999999998
Nifty Smallcap 250,2018-05-22,73.72,2.17,0.55,159.9724
Nifty Smallcap 250,2018-05-23,73.5,2.17,0.55,159.495
Nifty Smallcap 250,2018-05-24,73.52,2.17,0.55,159.5384
Nifty Smallcap 250,2018-05-25,74.49,2.19,0.55,163.13309999999998
Nifty Smallcap 250,2018-05-28,84.81,2.23,0.54,189.12630000000001
Nifty Smallcap 250,2018-05-29,83.66,2.22,0.54,185.7252
Nifty Smallcap 250,2018-05-30,87.91,2.22,0.54,195.1602
Nifty Smallcap 250,2018-05-31,89.26,2.19,0.54,195.4794
Nifty Smallcap 250,2018-06-01,86.15,2.16,0.55,186.08400000000003
Nifty Smallcap 250,2018-06-04,84.02,2.11,0.57,177.2822
Nifty Smallcap 250,2018-06-05,81.76,2.05,0.58,167.608
Nifty Smallcap 250,2018-06-06,82.42,2.08,0.57,171.4336
Nifty Smallcap 250,2018-06-07,83.7,2.13,0.56,178.281
Nifty Smallcap 250,2018-06-08,83.78,2.14,0.56,179.28920000000002
Nifty Smallcap 250,2018-06-11,84.21,2.15,0.55,181.05149999999998
Nifty Smallcap 250,2018-06-12,84.52,2.17,0.55,183.40839999999997
Nifty Smallcap 250,2018-06-13,85.72,2.16,0.55,185.1552
Nifty Smallcap 250,2018-06-14,85.6,2.16,0.55,184.896
Nifty Smallcap 250,2018-06-15,85.07,2.14,0.56,182.0498
Nifty Smallcap 250,2018-06-18,78.43,2.13,0.56,167.0559
Nifty Smallcap 250,2018-06-19,77.37,2.1,0.57,162.477
Nifty Smallcap 250,2018-06-20,76.82,2.1,0.57,161.322
Nifty Smallcap 250,2018-06-21,75.19,2.08,0.57,156.3952
Nifty Smallcap 250,2018-06-22,75.19,2.08,0.57,156.3952
Nifty Smallcap 250,2018-06-25,74.59,2.07,0.58,154.4013
Nifty Smallcap 250,2018-06-26,101.68,2.05,0.58,208.444
Nifty Smallcap 250,2018-06-27,101.18,2.01,0.59,203.37179999999998
Nifty Smallcap 250,2018-06-28,98.82,1.98,0.60,195.66359999999997
Nifty Smallcap 250,2018-06-29,87.88,1.96,0.61,172.2448
Nifty Smallcap 250,2018-07-02,86.66,1.94,0.61,168.1204
Nifty Smallcap 250,2018-07-03,82.3,1.95,0.61,160.48499999999999
Nifty Smallcap 250,2018-07-04,100.41,1.96,0.61,196.8036
Nifty Smallcap 250,2018-07-05,106.04,1.95,0.61,206.77800000000002
Nifty Smallcap 250,2018-07-06,111.9,1.96,0.61,219.324
Nifty Smallcap 250,2018-07-09,106.14,1.99,0.60,211.2186
Nifty Smallcap 250,2018-07-10,107.27,2.01,0.59,215.61269999999996
Nifty Smallcap 250,2018-07-11,110.27,2.01,0.59,221.64269999999996
Nifty Smallcap 250,2018-07-12,110.53,2.01,0.59,222.16529999999997
Nifty Smallcap 250,2018-07-13,108.51,1.97,0.60,213.7647
Nifty Smallcap 250,2018-07-16,105.33,1.92,0.62,202.2336
Nifty Smallcap 250,2018-07-17,106.39,1.94,0.61,206.3966
Nifty Smallcap 250,2018-07-18,105.36,1.92,0.62,202.2912
Nifty Smallcap 250,2018-07-19,104.45,1.9,0.62,198.45499999999998
Nifty Smallcap 250,2018-07-20,104.82,1.9,0.64,199.158
Nifty Smallcap 250,2018-07-23,105.86,1.92,0.63,203.25119999999998
Nifty Smallcap 250,2018-07-24,108.28,1.97,0.61,213.3116
Nifty Smallcap 250,2018-07-25,108.6,1.97,0.61,213.94199999999998
Nifty Smallcap 250,2018-07-26,109.02,1.98,0.61,215.8596
Nifty Smallcap 250,2018-07-27,110.13,1.99,0.63,219.15869999999998
Nifty Smallcap 250,2018-07-30,110.61,2.0,0.63,221.22
Nifty Smallcap 250,2018-07-31,110.79,2.0,0.63,221.58
Nifty Smallcap 250,2018-08-01,110.9,2.0,0.63,221.8
Nifty Smallcap 250,2018-08-02,111.01,2.0,0.63,222.02
Nifty Smallcap 250,2018-08-03,103.06,2.03,0.62,209.21179999999998
Nifty Smallcap 250,2018-08-06,100.01,2.04,0.62,204.02040000000002
Nifty Smallcap 250,2018-08-07,99.54,2.03,0.62,202.06619999999998
Nifty Smallcap 250,2018-08-08,119.32,2.03,0.62,242.21959999999996
Nifty Smallcap 250,2018-08-09,119.96,2.04,0.62,244.7184
Nifty Smallcap 250,2018-08-10,118.48,2.02,0.63,239.3296
Nifty Smallcap 250,2018-08-13,120.4,2.0,0.63,240.8
Nifty Smallcap 250,2018-08-14,120.84,2.01,0.63,242.8884
Nifty Smallcap 250,2018-08-16,120.45,2.0,0.63,240.9
Nifty Smallcap 250,2018-08-17,121.61,2.02,0.63,245.6522
Nifty Smallcap 250,2018-08-20,120.77,2.03,0.62,245.16309999999996
Nifty Smallcap 250,2018-08-21,121.41,2.04,0.62,247.6764
Nifty Smallcap 250,2018-08-23,121.18,2.03,0.62,245.9954
Nifty Smallcap 250,2018-08-24,118.37,2.03,0.62,240.2911
Nifty Smallcap 250,2018-08-27,,2.04,0.62,
Nifty Smallcap 250,2018-08-28,,2.04,0.62,
Nifty Smallcap 250,2018-08-29,,2.02,0.68,
Nifty Smallcap 250,2018-08-30,,2.04,0.67,
Nifty Smallcap 250,2018-08-31,,2.05,0.67,
Nifty Smallcap 250,2018-09-03,,2.04,0.67,
Nifty Smallcap 250,2018-09-04,,2.0,0.69,
Nifty Smallcap 250,2018-09-05,,2.0,0.69,
Nifty Smallcap 250,2018-09-06,,2.01,0.68,
Nifty Smallcap 250,2018-09-07,,2.02,0.68,
Nifty Smallcap 250,2018-09-10,,1.99,0.69,
Nifty Smallcap 250,2018-09-11,,1.97,0.70,
Nifty Smallcap 250,2018-09-12,,1.96,0.70,
Nifty Smallcap 250,2018-09-14,,1.99,0.69,
Nifty Smallcap 250,2018-09-17,,1.99,0.69,
Nifty Smallcap 250,2018-09-18,,1.96,0.70,
Nifty Smallcap 250,2018-09-19,,1.94,0.71,
Nifty Smallcap 250,2018-09-21,,1.88,0.73,
Nifty Smallcap 250,2018-09-24,,1.83,0.75,
Nifty Smallcap 250,2018-09-25,,1.81,0.76,
Nifty Smallcap 250,2018-09-26,,1.84,0.84,
Nifty Smallcap 250,2018-09-27,,1.8,0.86,
Nifty Smallcap 250,2018-09-28,63.81,1.88,0.91,119.9628
Nifty Smallcap 250,2018-10-01,63.86,1.89,0.91,120.69539999999999
Nifty Smallcap 250,2018-10-03,64.17,1.89,0.91,121.2813
Nifty Smallcap 250,2018-10-04,62.81,1.85,0.93,116.19850000000001
Nifty Smallcap 250,2018-10-05,61.48,1.82,0.95,111.89359999999999
Nifty Smallcap 250,2018-10-08,60.34,1.78,0.96,107.40520000000001
Nifty Smallcap 250,2018-10-09,60.05,1.77,0.97,106.2885
Nifty Smallcap 250,2018-10-10,62.24,1.84,0.94,114.5216
Nifty Smallcap 250,2018-10-11,61.15,1.81,0.95,110.6815
Nifty Smallcap 250,2018-10-12,62.7,1.85,0.93,115.995
Nifty Smallcap 250,2018-10-15,63.47,1.88,0.92,119.32359999999998
Nifty Smallcap 250,2018-10-16,64.45,1.9,0.90,122.455
Nifty Smallcap 250,2018-10-17,63.63,1.86,0.92,118.35180000000001
Nifty Smallcap 250,2018-10-19,62.94,1.84,0.93,115.8096
Nifty Smallcap 250,2018-10-22,61.78,1.81,0.95,111.82180000000001
Nifty Smallcap 250,2018-10-23,60.97,1.78,0.96,108.5266
Nifty Smallcap 250,2018-10-24,61.4,1.8,0.96,110.52
Nifty Smallcap 250,2018-10-25,60.77,1.78,0.97,108.17060000000001
Nifty Smallcap 250,2018-10-26,60.27,1.78,0.97,107.2806
Nifty Smallcap 250,2018-10-29,61.67,1.82,0.95,112.2394
Nifty Smallcap 250,2018-10-30,60.93,1.84,0.94,112.11120000000001
Nifty Smallcap 250,2018-10-31,61.46,1.84,0.96,113.08640000000001
Nifty Smallcap 250,2018-11-01,62.21,1.86,0.95,115.71060000000001
Nifty Smallcap 250,2018-11-02,62.9,1.89,0.94,118.88099999999999
Nifty Smallcap 250,2018-11-05,62.65,1.88,0.95,117.782
Nifty Smallcap 250,2018-11-06,63.57,1.88,0.95,119.51159999999999
Nifty Smallcap 250,2018-11-07,64.28,1.9,0.94,122.13199999999999
Nifty Smallcap 250,2018-11-09,64.82,1.91,0.93,123.80619999999998
Nifty Smallcap 250,2018-11-12,64.26,1.89,0.94,121.4514
Nifty Smallcap 250,2018-11-13,64.26,1.9,0.94,122.09400000000001
Nifty Smallcap 250,2018-11-14,64.16,1.89,0.94,121.26239999999999
Nifty Smallcap 250,2018-11-15,64.17,1.89,0.94,121.2813
Nifty Smallcap 250,2018-11-16,63.99,1.89,0.94,120.94109999999999
Nifty Smallcap 250,2018-11-19,64.24,1.9,0.94,122.05599999999998
Nifty Smallcap 250,2018-11-20,39.18,1.87,0.95,73.2666
Nifty Smallcap 250,2018-11-21,39.51,1.87,0.95,73.8837
Nifty Smallcap 250,2018-11-22,44.05,1.87,0.96,82.37349999999999
Nifty Smallcap 250,2018-11-26,44.69,1.86,0.96,83.1234
Nifty Smallcap 250,2018-11-27,43.92,1.87,0.96,82.13040000000001
Nifty Smallcap 250,2018-11-28,42.96,1.86,0.96,79.9056
Nifty Smallcap 250,2018-11-29,42.99,1.86,0.96,79.96140000000001
Nifty Smallcap 250,2018-11-30,43.14,1.87,0.96,80.6718
Nifty Smallcap 250,2018-12-03,41.15,1.89,0.95,77.7735
Nifty Smallcap 250,2018-12-04,41.33,1.89,0.95,78.1137
Nifty Smallcap 250,2018-12-05,40.77,1.87,0.96,76.2399
Nifty Smallcap 250,2018-12-06,40.24,1.84,0.97,74.0416
Nifty Smallcap 250,2018-12-07,40.26,1.84,0.97,74.0784
Nifty Smallcap 250,2018-12-10,39.32,1.81,0.99,71.1692
Nifty Smallcap 250,2018-12-11,39.89,1.83,0.98,72.9987
Nifty Smallcap 250,2018-12-12,40.96,1.88,0.96,77.0048
Nifty Smallcap 250,2018-12-13,41.27,1.9,0.95,78.413
Nifty Smallcap 250,2018-12-14,41.32,1.9,0.95,78.508
Nifty Smallcap 250,2018-12-17,41.47,1.91,0.95,79.20769999999999
Nifty Smallcap 250,2018-12-18,41.73,1.92,0.94,80.12159999999999
Nifty Smallcap 250,2018-12-19,42.21,1.94,0.93,81.8874
Nifty Smallcap 250,2018-12-20,42.27,1.94,0.93,82.0038
Nifty Smallcap 250,2018-12-21,41.87,1.92,0.94,80.39039999999999
Nifty Smallcap 250,2018-12-24,41.47,1.9,0.95,78.79299999999999
Nifty Smallcap 250,2018-12-26,41.42,1.9,0.95,78.698
Nifty Smallcap 250,2018-12-27,41.5,1.91,0.94,79.265
Nifty Smallcap 250,2018-12-28,42.84,1.91,0.94,81.8244
Nifty Smallcap 250,2018-12-31,43.17,1.88,0.93,81.1596
Nifty Smallcap 250,2019-01-01,43.33,1.89,0.93,81.8937
Nifty Smallcap 250,2019-01-02,43.01,1.87,0.93,80.4287
Nifty Smallcap 250,2019-01-03,42.76,1.86,0.94,79.5336
Nifty Smallcap 250,2019-01-04,42.83,1.86,0.94,79.6638
Nifty Smallcap 250,2019-01-07,42.86,1.87,0.94,80.1482
Nifty Smallcap 250,2019-01-08,42.92,1.87,0.94,80.2604
Nifty Smallcap 250,2019-01-09,42.87,1.87,0.94,80.1669
Nifty Smallcap 250,2019-01-10,42.98,1.87,0.94,80.3726
Nifty Smallcap 250,2019-01-11,42.89,1.87,0.94,80.2043
Nifty Smallcap 250,2019-01-14,42.7,1.86,0.94,79.42200000000001
Nifty Smallcap 250,2019-01-15,43.09,1.87,0.93,80.57830000000001
Nifty Smallcap 250,2019-01-16,43.27,1.88,0.93,81.3476
Nifty Smallcap 250,2019-01-17,43.05,1.87,0.93,80.5035
Nifty Smallcap 250,2019-01-18,42.65,1.86,0.94,79.32900000000001
Nifty Smallcap 250,2019-01-21,42.22,1.86,0.94,78.5292
Nifty Smallcap 250,2019-01-22,41.94,1.84,0.95,77.1696
Nifty Smallcap 250,2019-01-23,41.82,1.84,0.95,76.9488
Nifty Smallcap 250,2019-01-24,41.59,1.83,0.96,76.1097
Nifty Smallcap 250,2019-01-25,41.05,1.81,0.97,74.3005
Nifty Smallcap 250,2019-01-28,41.6,1.8,0.97,74.88000000000001
Nifty Smallcap 250,2019-01-29,41.6,1.8,0.97,74.88000000000001
Nifty Smallcap 250,2019-01-30,41.85,1.81,0.97,75.7485
Nifty Smallcap 250,2019-01-31,42.01,1.82,0.96,76.4582
Nifty Smallcap 250,2019-02-01,43.6,1.82,0.96,79.352
Nifty Smallcap 250,2019-02-04,42.93,1.79,0.98,76.8447
Nifty Smallcap 250,2019-02-05,42.53,1.78,0.98,75.7034
Nifty Smallcap 250,2019-02-06,42.66,1.78,0.98,75.9348
Nifty Smallcap 250,2019-02-07,42.86,1.79,0.98,76.71940000000001
Nifty Smallcap 250,2019-02-08,42.21,1.77,0.99,74.71170000000001
Nifty Smallcap 250,2019-02-11,41.56,1.74,1.00,72.3144
Nifty Smallcap 250,2019-02-12,41.81,1.74,1.01,72.74940000000001
Nifty Smallcap 250,2019-02-13,41.62,1.73,1.01,72.0026
Nifty Smallcap 250,2019-02-14,41.6,1.73,1.01,71.968
Nifty Smallcap 250,2019-02-15,41.26,1.71,1.02,70.5546
Nifty Smallcap 250,2019-02-18,40.9,1.7,1.03,69.53
Nifty Smallcap 250,2019-02-19,40.3,1.7,1.03,68.50999999999999
Nifty Smallcap 250,2019-02-20,41.49,1.72,1.02,71.36280000000001
Nifty Smallcap 250,2019-02-21,41.93,1.74,1.00,72.9582
Nifty Smallcap 250,2019-02-22,42.26,1.78,1.00,75.22279999999999
Nifty Smallcap 250,2019-02-25,42.59,1.79,0.99,76.23610000000001
Nifty Smallcap 250,2019-02-26,42.1,1.78,1.00,74.938
Nifty Smallcap 250,2019-02-27,42.23,1.79,0.99,75.5917
Nifty Smallcap 250,2019-02-28,42.4,1.8,0.98,76.32
Nifty Smallcap 250,2019-03-01,43.39,1.85,0.96,80.2715
Nifty Smallcap 250,2019-03-05,45.02,1.92,0.93,86.4384
Nifty Smallcap 250,2019-03-06,45.4,1.94,0.92,88.076
Nifty Smallcap 250,2019-03-07,45.36,1.94,0.92,87.99839999999999
Nifty Smallcap 250,2019-03-08,45.36,1.93,0.92,87.5448
Nifty Smallcap 250,2019-03-11,46.21,1.97,0.90,91.0337
Nifty Smallcap 250,2019-03-12,46.71,1.99,0.89,92.9529
Nifty Smallcap 250,2019-03-13,46.54,1.98,0.90,92.1492
Nifty Smallcap 250,2019-03-14,46.52,1.98,0.90,92.1096
Nifty Smallcap 250,2019-03-15,46.28,1.97,0.90,91.1716
Nifty Smallcap 250,2019-03-18,46.2,1.97,0.90,91.01400000000001
Nifty Smallcap 250,2019-03-19,46.4,1.98,0.90,91.872
Nifty Smallcap 250,2019-03-20,46.25,1.97,0.90,91.1125
Nifty Smallcap 250,2019-03-22,46.0,1.96,0.91,90.16
Nifty Smallcap 250,2019-03-25,45.48,1.94,0.92,88.23119999999999
Nifty Smallcap 250,2019-03-26,45.86,1.95,0.91,89.42699999999999
Nifty Smallcap 250,2019-03-27,46.32,1.97,0.90,91.2504
Nifty Smallcap 250,2019-03-28,46.67,1.99,0.89,92.8733
Nifty Smallcap 250,2019-03-29,34.27,2.11,0.94,72.3097
Nifty Smallcap 250,2019-04-01,34.6,2.13,0.93,73.698
Nifty Smallcap 250,2019-04-02,34.57,2.12,0.93,73.28840000000001
Nifty Smallcap 250,2019-04-03,34.24,2.1,0.94,71.90400000000001
Nifty Smallcap 250,2019-04-04,34.08,2.09,0.94,71.2272
Nifty Smallcap 250,2019-04-05,34.39,2.11,0.93,72.5629
Nifty Smallcap 250,2019-04-08,34.28,2.11,0.94,72.3308
Nifty Smallcap 250,2019-04-09,34.24,2.1,0.94,71.90400000000001
Nifty Smallcap 250,2019-04-10,34.25,2.11,0.94,72.2675
Nifty Smallcap 250,2019-04-11,34.28,2.11,0.94,72.3308
Nifty Smallcap 250,2019-04-12,34.48,2.12,0.93,73.0976
Nifty Smallcap 250,2019-04-15,34.64,2.13,0.93,73.7832
Nifty Smallcap 250,2019-04-16,34.74,2.14,0.92,74.34360000000001
Nifty Smallcap 250,2019-04-18,34.33,2.12,0.94,72.7796
Nifty Smallcap 250,2019-04-22,33.82,2.08,0.95,70.3456
Nifty Smallcap 250,2019-04-23,33.72,2.08,0.95,70.1376
Nifty Smallcap 250,2019-04-24,33.91,2.09,0.95,70.87189999999998
Nifty Smallcap 250,2019-04-25,33.91,2.09,0.95,70.87189999999998
Nifty Smallcap 250,2019-04-26,33.87,2.09,0.95,70.78829999999999
Nifty Smallcap 250,2019-04-30,33.48,2.06,0.96,68.9688
Nifty Smallcap 250,2019-05-02,32.26,2.07,0.97,66.77819999999998
Nifty Smallcap 250,2019-05-03,32.21,2.07,0.97,66.6747
Nifty Smallcap 250,2019-05-06,31.95,2.05,0.97,65.49749999999999
Nifty Smallcap 250,2019-05-07,31.68,2.03,0.98,64.31039999999999
Nifty Smallcap 250,2019-05-08,31.22,2.01,1.00,62.75219999999999
Nifty Smallcap 250,2019-05-09,31.11,2.0,1.00,62.22
Nifty Smallcap 250,2019-05-10,30.84,2.01,1.00,61.98839999999999
Nifty Smallcap 250,2019-05-13,29.68,1.97,1.02,58.4696
Nifty Smallcap 250,2019-05-14,29.81,1.98,1.01,59.023799999999994
Nifty Smallcap 250,2019-05-15,29.56,1.96,1.02,57.937599999999996
Nifty Smallcap 250,2019-05-16,29.6,1.97,1.02,58.312000000000005
Nifty Smallcap 250,2019-05-17,29.73,1.97,1.02,58.5681
Nifty Smallcap 250,2019-05-20,30.79,2.05,0.98,63.119499999999995
Nifty Smallcap 250,2019-05-21,30.64,2.04,0.98,62.5056
Nifty Smallcap 250,2019-05-22,30.29,2.05,0.98,62.09449999999999
Nifty Smallcap 250,2019-05-23,29.84,2.05,0.98,61.172
Nifty Smallcap 250,2019-05-24,30.57,2.1,0.96,64.197
Nifty Smallcap 250,2019-05-27,30.69,2.13,0.94,65.3697
Nifty Smallcap 250,2019-05-28,30.78,2.13,0.93,65.5614
Nifty Smallcap 250,2019-05-29,32.19,2.12,0.94,68.2428
Nifty Smallcap 250,2019-05-30,32.26,2.12,0.94,68.3912
Nifty Smallcap 250,2019-05-31,42.89,2.11,0.95,90.4979
Nifty Smallcap 250,2019-06-03,42.94,2.11,0.95,90.6034
Nifty Smallcap 250,2019-06-04,42.92,2.11,0.95,90.5612
Nifty Smallcap 250,2019-06-06,42.22,2.07,0.96,87.3954
Nifty Smallcap 250,2019-06-07,42.18,2.07,0.96,87.31259999999999
Nifty Smallcap 250,2019-06-10,41.9,2.06,0.97,86.314
Nifty Smallcap 250,2019-06-11,41.97,2.06,0.97,86.4582
Nifty Smallcap 250,2019-06-12,41.81,2.05,0.97,85.7105
Nifty Smallcap 250,2019-06-13,41.58,2.04,0.98,84.8232
Nifty Smallcap 250,2019-06-14,41.32,2.01,0.98,83.05319999999999
Nifty Smallcap 250,2019-06-17,40.45,1.99,1.00,80.4955
Nifty Smallcap 250,2019-06-18,40.25,1.98,1.00,79.695
Nifty Smallcap 250,2019-06-19,39.7,1.95,1.02,77.415
Nifty Smallcap 250,2019-06-20,40.15,1.97,1.01,79.0955
Nifty Smallcap 250,2019-06-21,40.14,1.97,1.01,79.0758
Nifty Smallcap 250,2019-06-24,40.12,1.96,1.01,78.6352
Nifty Smallcap 250,2019-06-25,40.29,1.97,1.00,79.37129999999999
Nifty Smallcap 250,2019-06-26,40.44,1.98,1.00,80.07119999999999
Nifty Smallcap 250,2019-06-27,40.76,1.99,1.00,81.1124
Nifty Smallcap 250,2019-06-28,34.66,1.98,1.02,68.62679999999999
Nifty Smallcap 250,2019-07-01,34.83,1.99,1.01,69.3117
Nifty Smallcap 250,2019-07-02,34.78,1.99,1.01,69.2122
Nifty Smallcap 250,2019-07-03,34.87,2.0,1.01,69.74
Nifty Smallcap 250,2019-07-04,34.98,2.0,1.01,69.96
Nifty Smallcap 250,2019-07-05,34.53,1.98,1.02,68.3694
Nifty Smallcap 250,2019-07-08,33.79,1.93,1.04,65.2147
Nifty Smallcap 250,2019-07-09,33.8,1.94,1.04,65.57199999999999
Nifty Smallcap 250,2019-07-10,33.56,1.92,1.05,64.43520000000001
Nifty Smallcap 250,2019-07-11,33.68,1.93,1.05,65.0024
Nifty Smallcap 250,2019-07-12,33.72,1.92,1.08,64.74239999999999
Nifty Smallcap 250,2019-07-15,33.44,1.9,1.09,63.535999999999994
Nifty Smallcap 250,2019-07-16,33.44,1.9,1.09,63.535999999999994
Nifty Smallcap 250,2019-07-17,33.59,1.9,1.09,63.821000000000005
Nifty Smallcap 250,2019-07-18,33.24,1.88,1.10,62.4912
Nifty Smallcap 250,2019-07-19,32.68,1.85,1.12,60.458000000000006
Nifty Smallcap 250,2019-07-22,32.25,1.82,1.14,58.695
Nifty Smallcap 250,2019-07-23,32.38,1.83,1.13,59.25540000000001
Nifty Smallcap 250,2019-07-24,31.92,1.81,1.15,57.775200000000005
Nifty Smallcap 250,2019-07-25,32.02,1.81,1.15,57.95620000000001
Nifty Smallcap 250,2019-07-26,32.07,1.81,1.15,58.0467
Nifty Smallcap 250,2019-07-29,31.74,1.79,1.16,56.8146
Nifty Smallcap 250,2019-07-30,31.24,1.75,1.19,54.669999999999995
Nifty Smallcap 250,2019-07-31,31.25,1.73,1.20,54.0625
Nifty Smallcap 250,2019-08-01,30.89,1.71,1.21,52.8219
Nifty Smallcap 250,2019-08-02,30.75,1.7,1.22,52.275
Nifty Smallcap 250,2019-08-05,30.18,1.67,1.25,50.4006
Nifty Smallcap 250,2019-08-06,30.7,1.7,1.23,52.19
Nifty Smallcap 250,2019-08-07,29.78,1.69,1.23,50.3282
Nifty Smallcap 250,2019-08-08,29.86,1.71,1.22,51.0606
Nifty Smallcap 250,2019-08-09,29.8,1.72,1.21,51.256
Nifty Smallcap 250,2019-08-13,29.47,1.7,1.23,50.099
Nifty Smallcap 250,2019-08-14,29.72,1.7,1.22,50.523999999999994
Nifty Smallcap 250,2019-08-16,29.99,1.7,1.22,50.983
Nifty Smallcap 250,2019-08-19,30.66,1.71,1.21,52.428599999999996
Nifty Smallcap 250,2019-08-20,30.51,1.7,1.22,51.867000000000004
Nifty Smallcap 250,2019-08-21,29.96,1.67,1.24,50.0332
Nifty Smallcap 250,2019-08-22,29.31,1.63,1.27,47.775299999999994
Nifty Smallcap 250,2019-08-23,29.49,1.64,1.26,48.36359999999999
Nifty Smallcap 250,2019-08-26,30.1,1.68,1.24,50.568
Nifty Smallcap 250,2019-08-27,30.55,1.7,1.22,51.935
Nifty Smallcap 250,2019-08-28,30.37,1.69,1.23,51.3253
Nifty Smallcap 250,2019-08-29,30.12,1.68,1.24,50.6016
Nifty Smallcap 250,2019-08-30,30.39,1.71,1.23,51.9669
Nifty Smallcap 250,2019-09-03,29.94,1.69,1.25,50.5986
Nifty Smallcap 250,2019-09-04,29.99,1.69,1.25,50.683099999999996
Nifty Smallcap 250,2019-09-05,30.14,1.7,1.24,51.238
Nifty Smallcap 250,2019-09-06,30.47,1.72,1.23,52.4084
Nifty Smallcap 250,2019-09-09,30.57,1.73,1.22,52.8861
Nifty Smallcap 250,2019-09-11,30.84,1.76,1.20,54.2784
Nifty Smallcap 250,2019-09-12,31.1,1.76,1.20,54.736000000000004
Nifty Smallcap 250,2019-09-13,31.28,1.78,1.19,55.6784
Nifty Smallcap 250,2019-09-16,31.4,1.78,1.18,55.891999999999996
Nifty Smallcap 250,2019-09-17,30.9,1.75,1.20,54.074999999999996
Nifty Smallcap 250,2019-09-18,30.95,1.76,1.20,54.472
Nifty Smallcap 250,2019-09-19,30.51,1.73,1.22,52.7823
Nifty Smallcap 250,2019-09-20,31.56,1.79,1.18,56.492399999999996
Nifty Smallcap 250,2019-09-23,32.58,1.85,1.14,60.273
Nifty Smallcap 250,2019-09-24,31.26,1.84,1.14,57.51840000000001
Nifty Smallcap 250,2019-09-25,27.23,1.81,1.16,49.286300000000004
Nifty Smallcap 250,2019-09-26,27.37,1.81,1.15,49.5397
Nifty Smallcap 250,2019-09-27,51.75,1.73,1.27,89.5275
Nifty Smallcap 250,2019-09-30,51.16,1.69,1.29,86.46039999999999
Nifty Smallcap 250,2019-10-01,50.29,1.67,1.31,83.98429999999999
Nifty Smallcap 250,2019-10-03,50.06,1.66,1.32,83.0996
Nifty Smallcap 250,2019-10-04,49.61,1.64,1.33,81.3604
Nifty Smallcap 250,2019-10-07,49.09,1.63,1.35,80.0167
Nifty Smallcap 250,2019-10-09,49.4,1.64,1.34,81.01599999999999
Nifty Smallcap 250,2019-10-10,49.14,1.63,1.34,80.09819999999999
Nifty Smallcap 250,2019-10-11,49.3,1.63,1.34,80.359
Nifty Smallcap 250,2019-10-14,49.3,1.63,1.34,80.359
Nifty Smallcap 250,2019-10-15,49.27,1.63,1.34,80.3101
Nifty Smallcap 250,2019-10-16,49.37,1.63,1.34,80.47309999999999
Nifty Smallcap 250,2019-10-17,49.85,1.66,1.32,82.751
Nifty Smallcap 250,2019-10-18,50.79,1.69,1.29,85.8351
Nifty Smallcap 250,2019-10-22,51.26,1.71,1.28,87.65459999999999
Nifty Smallcap 250,2019-10-23,51.32,1.71,1.28,87.7572
Nifty Smallcap 250,2019-10-24,51.07,1.7,1.29,86.819
Nifty Smallcap 250,2019-10-25,50.86,1.69,1.29,85.9534
Nifty Smallcap 250,2019-10-27,51.43,1.71,1.28,87.9453
Nifty Smallcap 250,2019-10-29,51.75,1.72,1.27,89.01
Nifty Smallcap 250,2019-10-30,52.08,1.73,1.26,90.0984
Nifty Smallcap 250,2019-10-31,52.43,1.75,1.25,91.7525
Nifty Smallcap 250,2019-11-01,52.74,1.76,1.25,92.8224
Nifty Smallcap 250,2019-11-04,52.97,1.76,1.24,93.2272
Nifty Smallcap 250,2019-11-05,63.53,1.75,1.25,111.17750000000001
Nifty Smallcap 250,2019-11-06,63.24,1.74,1.26,110.0376
Nifty Smallcap 250,2019-11-07,63.56,1.75,1.25,111.23
Nifty Smallcap 250,2019-11-08,63.26,1.74,1.26,110.0724
Nifty Smallcap 250,2019-11-11,63.32,1.74,1.26,110.1768
Nifty Smallcap 250,2019-11-13,62.64,1.73,1.27,108.3672
Nifty Smallcap 250,2019-11-14,62.64,1.73,1.27,108.3672
Nifty Smallcap 250,2019-11-15,62.51,1.73,1.27,108.14229999999999
Nifty Smallcap 250,2019-11-18,62.63,1.73,1.27,108.3499
Nifty Smallcap 250,2019-11-19,62.8,1.73,1.27,108.64399999999999
Nifty Smallcap 250,2019-11-20,62.83,1.74,1.26,109.32419999999999
Nifty Smallcap 250,2019-11-21,62.65,1.73,1.27,108.3845
Nifty Smallcap 250,2019-11-22,62.66,1.73,1.27,108.4018
Nifty Smallcap 250,2019-11-25,63.2,1.75,1.26,110.60000000000001
Nifty Smallcap 250,2019-11-26,62.92,1.74,1.26,109.4808
Nifty Smallcap 250,2019-11-27,62.96,1.74,1.26,109.5504
Nifty Smallcap 250,2019-11-28,63.35,1.75,1.25,110.8625
Nifty Smallcap 250,2019-11-29,63.8,1.77,1.25,112.926
Nifty Smallcap 250,2019-12-02,63.34,1.76,1.25,111.47840000000001
Nifty Smallcap 250,2019-12-03,62.83,1.74,1.26,109.32419999999999
Nifty Smallcap 250,2019-12-04,63.06,1.75,1.26,110.355
Nifty Smallcap 250,2019-12-05,63.14,1.75,1.26,110.495
Nifty Smallcap 250,2019-12-06,62.49,1.73,1.27,108.10770000000001
Nifty Smallcap 250,2019-12-09,62.16,1.72,1.28,106.9152
Nifty Smallcap 250,2019-12-10,61.59,1.7,1.29,104.703
Nifty Smallcap 250,2019-12-11,61.42,1.7,1.30,104.414
Nifty Smallcap 250,2019-12-12,61.75,1.71,1.29,105.5925
Nifty Smallcap 250,2019-12-13,62.27,1.72,1.28,107.1044
Nifty Smallcap 250,2019-12-16,54.65,1.72,1.28,93.99799999999999
Nifty Smallcap 250,2019-12-17,55.03,1.73,1.27,95.2019
Nifty Smallcap 250,2019-12-18,55.04,1.73,1.27,95.2192
Nifty Smallcap 250,2019-12-19,55.04,1.73,1.27,95.2192
Nifty Smallcap 250,2019-12-20,55.08,1.73,1.27,95.2884
Nifty Smallcap 250,2019-12-23,55.08,1.74,1.27,95.83919999999999
Nifty Smallcap 250,2019-12-24,55.1,1.74,1.27,95.874
Nifty Smallcap 250,2019-12-26,49.11,1.77,1.26,86.9247
Nifty Smallcap 250,2019-12-27,48.9,1.81,1.26,88.509
Nifty Smallcap 250,2019-12-30,49.3,1.82,1.25,89.726
Nifty Smallcap 250,2019-12-31,49.53,1.87,1.24,92.62110000000001
Nifty Smallcap 250,2020-01-01,49.89,1.88,1.23,93.7932
Nifty Smallcap 250,2020-01-02,50.7,1.91,1.21,96.837
Nifty Smallcap 250,2020-01-03,50.81,1.92,1.21,97.5552
Nifty Smallcap 250,2020-01-06,49.84,1.88,1.23,93.6992
Nifty Smallcap 250,2020-01-07,50.44,1.9,1.22,95.83599999999998
Nifty Smallcap 250,2020-01-08,50.43,1.9,1.22,95.817
Nifty Smallcap 250,2020-01-09,51.37,1.94,1.20,99.6578
Nifty Smallcap 250,2020-01-10,51.71,1.95,1.19,100.8345
Nifty Smallcap 250,2020-01-13,52.21,1.97,1.18,102.8537
Nifty Smallcap 250,2020-01-14,51.8,1.98,1.17,102.564
Nifty Smallcap 250,2020-01-15,52.29,2.0,1.16,104.58
Nifty Smallcap 250,2020-01-16,54.35,2.01,1.15,109.2435
Nifty Smallcap 250,2020-01-17,54.56,2.02,1.15,110.2112
Nifty Smallcap 250,2020-01-20,53.32,2.01,1.15,107.1732
Nifty Smallcap 250,2020-01-21,51.69,2.01,1.15,103.89689999999999
Nifty Smallcap 250,2020-01-22,51.4,2.0,1.16,102.8
Nifty Smallcap 250,2020-01-23,51.62,2.02,1.15,104.27239999999999
Nifty Smallcap 250,2020-01-24,51.84,2.03,1.14,105.23519999999999
Nifty Smallcap 250,2020-01-27,90.14,2.03,1.14,182.9842
Nifty Smallcap 250,2020-01-28,90.81,2.01,1.17,182.5281
Nifty Smallcap 250,2020-01-29,90.58,1.99,1.15,180.2542
Nifty Smallcap 250,2020-01-30,88.68,1.97,1.16,174.6996
Nifty Smallcap 250,2020-01-31,88.63,1.98,1.17,175.48739999999998
Nifty Smallcap 250,2020-02-01,86.4,1.93,1.20,166.752
Nifty Smallcap 250,2020-02-03,87.11,1.93,1.20,168.1223
Nifty Smallcap 250,2020-02-04,95.95,1.96,1.18,188.062
Nifty Smallcap 250,2020-02-05,94.51,1.98,1.17,187.12980000000002
Nifty Smallcap 250,2020-02-06,94.02,1.99,1.16,187.0998
Nifty Smallcap 250,2020-02-07,91.92,2.0,1.16,183.84
Nifty Smallcap 250,2020-02-10,91.33,1.99,1.17,181.7467
Nifty Smallcap 250,2020-02-11,88.77,1.99,1.17,176.6523
Nifty Smallcap 250,2020-02-12,88.29,1.98,1.17,174.8142
Nifty Smallcap 250,2020-02-13,95.94,1.98,1.17,189.9612
Nifty Smallcap 250,2020-02-14,95.5,1.98,1.17,189.09
Nifty Smallcap 250,2020-02-17,101.37,1.96,1.18,198.6852
Nifty Smallcap 250,2020-02-18,100.86,1.95,1.19,196.677
Nifty Smallcap 250,2020-02-19,102.22,1.97,1.17,201.3734
Nifty Smallcap 250,2020-02-20,102.63,1.98,1.17,203.20739999999998
Nifty Smallcap 250,2020-02-24,92.65,1.95,1.19,180.66750000000002
Nifty Smallcap 250,2020-02-25,92.39,1.94,1.19,179.2366
Nifty Smallcap 250,2020-02-26,88.87,1.93,1.20,171.5191
Nifty Smallcap 250,2020-02-27,87.99,1.91,1.21,168.06089999999998
Nifty Smallcap 250,2020-02-28,84.63,1.84,1.26,155.7192
Nifty Smallcap 250,2020-03-02,83.67,1.82,1.28,152.2794
Nifty Smallcap 250,2020-03-03,84.64,1.84,1.26,155.73760000000001
Nifty Smallcap 250,2020-03-04,83.32,1.81,1.28,150.8092
Nifty Smallcap 250,2020-03-05,83.69,1.82,1.28,152.3158
Nifty Smallcap 250,2020-03-06,81.76,1.77,1.31,144.7152
Nifty Smallcap 250,2020-03-09,77.95,1.69,1.37,131.7355
Nifty Smallcap 250,2020-03-11,77.32,1.69,1.37,130.67079999999999
Nifty Smallcap 250,2020-03-12,70.48,1.54,1.51,108.53920000000001
Nifty Smallcap 250,2020-03-13,70.95,1.55,1.50,109.97250000000001
Nifty Smallcap 250,2020-03-16,67.1,1.46,1.58,97.966
Nifty Smallcap 250,2020-03-17,65.57,1.43,1.62,93.76509999999999
Nifty Smallcap 250,2020-03-18,61.58,1.34,1.73,82.5172
Nifty Smallcap 250,2020-03-19,57.08,1.26,1.85,71.9208
Nifty Smallcap 250,2020-03-20,58.37,1.28,1.81,74.7136
Nifty Smallcap 250,2020-03-23,51.12,1.12,2.07,57.254400000000004
Nifty Smallcap 250,2020-03-24,50.63,1.11,2.09,56.19930000000001
Nifty Smallcap 250,2020-03-25,51.89,1.14,2.04,59.154599999999995
Nifty Smallcap 250,2020-03-26,53.69,1.18,1.97,63.35419999999999
Nifty Smallcap 250,2020-03-27,54.17,1.19,1.95,64.4623
Nifty Smallcap 250,2020-03-30,52.91,1.16,2.00,61.37559999999999
Nifty Smallcap 250,2020-03-31,54.62,1.2,1.93,65.544
Nifty Smallcap 250,2020-04-01,54.09,1.19,1.95,64.36710000000001
Nifty Smallcap 250,2020-04-03,53.49,1.18,1.97,63.1182
Nifty Smallcap 250,2020-04-07,55.35,1.22,1.91,67.527
Nifty Smallcap 250,2020-04-08,56.29,1.24,1.88,69.7996
Nifty Smallcap 250,2020-04-09,58.22,1.28,1.81,74.5216
Nifty Smallcap 250,2020-04-13,57.98,1.27,1.82,73.63459999999999
Nifty Smallcap 250,2020-04-15,58.6,1.29,1.80,75.59400000000001
Nifty Smallcap 250,2020-04-16,59.79,1.31,1.77,78.3249
Nifty Smallcap 250,2020-04-17,61.58,1.35,1.72,83.13300000000001
Nifty Smallcap 250,2020-04-20,61.99,1.36,1.70,84.30640000000001
Nifty Smallcap 250,2020-04-21,59.76,1.32,1.77,78.8832
Nifty Smallcap 250,2020-04-22,60.03,1.32,1.76,79.23960000000001
Nifty Smallcap 250,2020-04-23,60.83,1.34,1.73,81.5122
Nifty Smallcap 250,2020-04-24,59.68,1.31,1.77,78.1808
Nifty Smallcap 250,2020-04-27,60.17,1.33,1.75,80.0261
Nifty Smallcap 250,2020-04-28,60.6,1.33,1.74,80.59800000000001
Nifty Smallcap 250,2020-04-29,61.15,1.35,1.72,82.55250000000001
Nifty Smallcap 250,2020-04-30,61.58,1.36,1.71,83.7488
Nifty Smallcap 250,2020-05-04,59.56,1.31,1.77,78.0236
Nifty Smallcap 250,2020-05-05,58.82,1.3,1.79,76.46600000000001
Nifty Smallcap 250,2020-05-06,58.93,1.3,1.78,76.60900000000001
Nifty Smallcap 250,2020-05-07,58.51,1.31,1.78,76.6481
Nifty Smallcap 250,2020-05-08,59.33,1.3,1.79,77.129
Nifty Smallcap 250,2020-05-11,61.94,1.29,1.80,79.90259999999999
Nifty Smallcap 250,2020-05-12,61.71,1.28,1.81,78.9888
Nifty Smallcap 250,2020-05-13,62.92,1.31,1.77,82.4252
Nifty Smallcap 250,2020-05-14,62.36,1.3,1.79,81.068
Nifty Smallcap 250,2020-05-15,62.48,1.3,1.79,81.224
Nifty Smallcap 250,2020-05-18,60.81,1.26,1.85,76.62060000000001
Nifty Smallcap 250,2020-05-19,60.76,1.26,1.85,76.5576
Nifty Smallcap 250,2020-05-20,61.5,1.27,1.82,78.105
Nifty Smallcap 250,2020-05-21,71.09,1.28,1.81,90.99520000000001
Nifty Smallcap 250,2020-05-22,70.74,1.28,1.82,90.54719999999999
Nifty Smallcap 250,2020-05-26,71.5,1.28,1.81,91.52
Nifty Smallcap 250,2020-05-27,71.86,1.29,1.80,92.6994
Nifty Smallcap 250,2020-05-28,75.65,1.31,1.77,99.10150000000002
Nifty Smallcap 250,2020-05-29,76.68,1.33,1.75,101.98440000000001
Nifty Smallcap 250,2020-06-01,84.63,1.37,1.70,115.9431
Nifty Smallcap 250,2020-06-02,86.55,1.4,1.66,121.16999999999999
Nifty Smallcap 250,2020-06-03,87.67,1.42,1.64,124.4914
Nifty Smallcap 250,2020-06-04,86.16,1.42,1.64,122.34719999999999
Nifty Smallcap 250,2020-06-05,89.17,1.46,1.59,130.1882
Nifty Smallcap 250,2020-06-08,90.41,1.47,1.57,132.90269999999998
Nifty Smallcap 250,2020-06-09,96.09,1.46,1.59,140.2914
Nifty Smallcap 250,2020-06-10,96.8,1.47,1.58,142.296
Nifty Smallcap 250,2020-06-11,95.71,1.45,1.60,138.77949999999998
Nifty Smallcap 250,2020-06-12,116.24,1.45,1.60,168.54799999999997
Nifty Smallcap 250,2020-06-15,116.64,1.46,1.59,170.2944
Nifty Smallcap 250,2020-06-16,114.16,1.46,1.60,166.6736
Nifty Smallcap 250,2020-06-17,114.31,1.46,1.59,166.8926
Nifty Smallcap 250,2020-06-18,109.66,1.49,1.56,163.39339999999999
Nifty Smallcap 250,2020-06-19,108.39,1.51,1.54,163.6689
Nifty Smallcap 250,2020-06-22,126.57,1.54,1.51,194.9178
Nifty Smallcap 250,2020-06-23,130.79,1.56,1.49,204.0324
Nifty Smallcap 250,2020-06-24,,1.54,1.51,
Nifty Smallcap 250,2020-06-25,,1.55,1.50,
Nifty Smallcap 250,2020-06-26,27.65,1.8,1.57,49.769999999999996
Nifty Smallcap 250,2020-06-29,27.35,1.78,1.59,48.683
Nifty Smallcap 250,2020-06-30,28.24,1.77,1.60,49.9848
Nifty Smallcap 250,2020-07-01,28.55,1.78,1.59,50.819
Nifty Smallcap 250,2020-07-02,28.77,1.8,1.58,51.786
Nifty Smallcap 250,2020-07-03,29.27,1.8,1.57,52.686
Nifty Smallcap 250,2020-07-06,29.73,1.83,1.55,54.4059
Nifty Smallcap 250,2020-07-07,30.0,1.84,1.54,55.2
Nifty Smallcap 250,2020-07-08,30.03,1.84,1.54,55.2552
Nifty Smallcap 250,2020-07-09,23.62,1.85,1.53,43.697
Nifty Smallcap 250,2020-07-10,23.53,1.85,1.53,43.5305
Nifty Smallcap 250,2020-07-13,23.56,1.85,1.53,43.586
Nifty Smallcap 250,2020-07-14,23.36,1.82,1.55,42.5152
Nifty Smallcap 250,2020-07-15,23.34,1.82,1.55,42.4788
Nifty Smallcap 250,2020-07-16,23.4,1.82,1.56,42.588
Nifty Smallcap 250,2020-07-17,23.88,1.84,1.54,43.9392
Nifty Smallcap 250,2020-07-20,24.02,1.86,1.52,44.6772
Nifty Smallcap 250,2020-07-21,24.16,1.87,1.52,45.1792
Nifty Smallcap 250,2020-07-22,24.23,1.86,1.52,45.067800000000005
Nifty Smallcap 250,2020-07-23,24.68,1.88,1.51,46.398399999999995
Nifty Smallcap 250,2020-07-24,24.62,1.87,1.51,46.03940000000001
Nifty Smallcap 250,2020-07-27,24.6,1.86,1.53,45.75600000000001
Nifty Smallcap 250,2020-07-28,24.81,1.86,1.78,46.1466
Nifty Smallcap 250,2020-07-29,25.17,1.86,1.78,46.81620000000001
Nifty Smallcap 250,2020-07-30,24.69,1.85,1.80,45.676500000000004
Nifty Smallcap 250,2020-07-31,25.6,1.87,1.78,47.87200000000001
Nifty Smallcap 250,2020-08-03,25.61,1.89,1.76,48.402899999999995
Nifty Smallcap 250,2020-08-04,26.07,1.91,1.74,49.7937
Nifty Smallcap 250,2020-08-05,26.35,1.93,1.72,50.8555
Nifty Smallcap 250,2020-08-06,26.62,1.95,1.71,51.909
Nifty Smallcap 250,2020-08-07,26.76,1.96,1.69,52.449600000000004
Nifty Smallcap 250,2020-08-10,26.59,1.98,1.67,52.6482
Nifty Smallcap 250,2020-08-11,26.79,1.99,1.66,53.3121
Nifty Smallcap 250,2020-08-12,27.16,2.0,1.66,54.32
Nifty Smallcap 250,2020-08-13,27.53,2.01,1.64,55.3353
Nifty Smallcap 250,2020-08-14,27.54,2.0,1.65,55.08
Nifty Smallcap 250,2020-08-17,28.68,2.02,1.64,57.9336
Nifty Smallcap 250,2020-08-18,29.05,2.05,1.62,59.552499999999995
Nifty Smallcap 250,2020-08-19,29.52,2.07,1.60,61.106399999999994
Nifty Smallcap 250,2020-08-20,29.68,2.07,1.62,61.437599999999996
Nifty Smallcap 250,2020-08-21,30.15,2.09,1.65,63.01349999999999
Nifty Smallcap 250,2020-08-24,30.7,2.12,1.62,65.084
Nifty Smallcap 250,2020-08-25,30.98,2.13,1.62,65.9874
Nifty Smallcap 250,2020-08-26,31.34,2.15,1.60,67.381
Nifty Smallcap 250,2020-08-27,31.49,2.16,1.60,68.0184
Nifty Smallcap 250,2020-08-28,31.4,2.15,1.60,67.50999999999999
Nifty Smallcap 250,2020-08-31,30.2,2.06,1.68,62.212
Nifty Smallcap 250,2020-09-01,30.5,2.06,1.67,62.83
Nifty Smallcap 250,2020-09-02,30.98,2.09,1.65,64.7482
Nifty Smallcap 250,2020-09-03,31.18,2.09,1.72,65.16619999999999
Nifty Smallcap 250,2020-09-04,30.84,2.06,1.74,63.5304
Nifty Smallcap 250,2020-09-07,30.87,2.07,1.74,63.9009
Nifty Smallcap 250,2020-09-08,30.58,2.05,1.76,62.68899999999999
Nifty Smallcap 250,2020-09-09,30.15,2.02,1.78,60.903
Nifty Smallcap 250,2020-09-10,30.76,2.05,1.76,63.058
Nifty Smallcap 250,2020-09-11,30.82,2.05,1.76,63.181
Nifty Smallcap 250,2020-09-14,32.3,2.15,1.68,69.445
Nifty Smallcap 250,2020-09-15,32.97,2.17,1.66,71.5449
Nifty Smallcap 250,2020-09-16,33.91,2.2,1.65,74.602
Nifty Smallcap 250,2020-09-17,33.62,2.19,1.66,73.6278
Nifty Smallcap 250,2020-09-18,34.44,2.18,1.67,75.0792
Nifty Smallcap 250,2020-09-21,33.13,2.1,1.73,69.57300000000001
Nifty Smallcap 250,2020-09-22,32.52,2.06,1.77,66.9912
Nifty Smallcap 250,2020-09-23,32.52,2.06,1.77,66.9912
Nifty Smallcap 250,2020-09-24,31.76,2.01,1.81,63.837599999999995
Nifty Smallcap 250,2020-09-25,55.84,2.14,1.80,119.49760000000002
Nifty Smallcap 250,2020-09-28,57.48,2.2,1.75,126.456
Nifty Smallcap 250,2020-09-29,57.34,2.2,1.76,126.14800000000002
Nifty Smallcap 250,2020-09-30,57.29,2.2,1.76,126.03800000000001
Nifty Smallcap 250,2020-10-01,57.73,2.21,1.74,127.5833
Nifty Smallcap 250,2020-10-05,58.03,2.22,1.73,128.8266
Nifty Smallcap 250,2020-10-06,58.35,2.24,1.73,130.704
Nifty Smallcap 250,2020-10-07,58.07,2.22,1.75,128.9154
Nifty Smallcap 250,2020-10-08,57.9,2.21,1.75,127.95899999999999
Nifty Smallcap 250,2020-10-09,57.72,2.2,1.76,126.98400000000001
Nifty Smallcap 250,2020-10-12,57.33,2.19,1.77,125.55269999999999
Nifty Smallcap 250,2020-10-13,57.33,2.18,1.77,124.97940000000001
Nifty Smallcap 250,2020-10-14,57.38,2.19,1.77,125.6622
Nifty Smallcap 250,2020-10-15,56.38,2.15,1.80,121.217
Nifty Smallcap 250,2020-10-16,56.1,2.18,1.78,122.29800000000002
Nifty Smallcap 250,2020-10-19,56.82,2.2,1.76,125.004
Nifty Smallcap 250,2020-10-20,57.3,2.2,1.76,126.06
Nifty Smallcap 250,2020-10-21,58.0,2.2,1.76,127.60000000000001
Nifty Smallcap 250,2020-10-22,59.08,2.22,1.75,131.1576
Nifty Smallcap 250,2020-10-23,58.68,2.24,1.73,131.44320000000002
Nifty Smallcap 250,2020-10-26,58.05,2.19,1.76,127.1295
Nifty Smallcap 250,2020-10-27,57.42,2.2,1.76,126.32400000000001
Nifty Smallcap 250,2020-10-28,57.17,2.18,1.77,124.63060000000002
Nifty Smallcap 250,2020-10-29,56.14,2.16,1.79,121.26240000000001
Nifty Smallcap 250,2020-10-30,53.72,2.16,1.79,116.0352
Nifty Smallcap 250,2020-11-02,54.09,2.14,1.81,115.75260000000002
Nifty Smallcap 250,2020-11-03,54.25,2.14,1.80,116.09500000000001
Nifty Smallcap 250,2020-11-04,54.99,2.14,1.80,117.67860000000002
Nifty Smallcap 250,2020-11-05,56.6,2.18,1.77,123.388
Nifty Smallcap 250,2020-11-06,56.32,2.19,1.76,123.3408
Nifty Smallcap 250,2020-11-09,55.84,2.2,1.76,122.84800000000001
Nifty Smallcap 250,2020-11-10,51.87,2.19,1.76,113.5953
Nifty Smallcap 250,2020-11-11,52.36,2.21,1.75,115.7156
Nifty Smallcap 250,2020-11-12,54.65,2.23,1.73,121.8695
Nifty Smallcap 250,2020-11-13,50.86,2.25,1.71,114.435
Nifty Smallcap 250,2020-11-14,51.33,2.27,1.70,116.5191
Nifty Smallcap 250,2020-11-17,51.47,2.28,1.69,117.35159999999999
Nifty Smallcap 250,2020-11-18,40.08,2.3,1.68,92.18399999999998
Nifty Smallcap 250,2020-11-19,40.08,2.3,1.68,92.18399999999998
Nifty Smallcap 250,2020-11-20,40.51,2.32,1.66,93.98319999999998
Nifty Smallcap 250,2020-11-23,41.19,2.36,1.63,97.20839999999998
Nifty Smallcap 250,2020-11-24,41.55,2.38,1.62,98.889
Nifty Smallcap 250,2020-11-25,41.14,2.36,1.72,97.0904
Nifty Smallcap 250,2020-11-26,41.46,2.38,1.70,98.67479999999999
Nifty Smallcap 250,2020-11-27,42.51,2.44,1.66,103.72439999999999
Nifty Smallcap 250,2020-12-01,43.0,2.47,1.64,106.21000000000001
Nifty Smallcap 250,2020-12-02,43.13,2.47,1.64,106.53110000000001
Nifty Smallcap 250,2020-12-03,43.51,2.5,1.62,108.77499999999999
Nifty Smallcap 250,2020-12-04,43.73,2.51,1.62,109.76229999999998
Nifty Smallcap 250,2020-12-07,44.33,2.54,1.59,112.59819999999999
Nifty Smallcap 250,2020-12-08,39.43,2.49,1.60,98.1807
Nifty Smallcap 250,2020-12-09,39.73,2.51,1.59,99.72229999999999
Nifty Smallcap 250,2020-12-10,39.48,2.49,1.60,98.3052
Nifty Smallcap 250,2020-12-11,39.68,2.51,1.59,99.59679999999999
Nifty Smallcap 250,2020-12-14,40.0,2.53,1.58,101.19999999999999
Nifty Smallcap 250,2020-12-15,40.08,2.53,1.57,101.40239999999999
Nifty Smallcap 250,2020-12-16,40.47,2.56,1.56,103.6032
Nifty Smallcap 250,2020-12-17,40.45,2.56,1.56,103.552
Nifty Smallcap 250,2020-12-18,40.3,2.55,1.56,102.76499999999999
Nifty Smallcap 250,2020-12-21,38.33,2.42,1.64,92.75859999999999
Nifty Smallcap 250,2020-12-22,38.68,2.44,1.63,94.3792
Nifty Smallcap 250,2020-12-23,39.79,2.51,1.58,99.87289999999999
Nifty Smallcap 250,2020-12-24,40.09,2.53,1.57,101.4277
Nifty Smallcap 250,2020-12-28,40.77,2.57,1.54,104.77890000000001
Nifty Smallcap 250,2020-12-29,40.77,2.57,1.54,104.77890000000001
Nifty Smallcap 250,2020-12-30,41.01,2.59,1.53,106.21589999999999
Nifty Smallcap 250,2020-12-31,41.1,2.59,1.53,106.449
Nifty Smallcap 250,2021-01-01,42.69,2.65,1.49,113.12849999999999
Nifty Smallcap 250,2021-01-04,43.25,2.68,1.47,115.91000000000001
Nifty Smallcap 250,2021-01-05,43.51,2.7,1.47,117.477
Nifty Smallcap 250,2021-01-06,43.4,2.69,1.47,116.746
Nifty Smallcap 250,2021-01-07,43.9,2.72,1.45,119.408
Nifty Smallcap 250,2021-01-08,44.21,2.74,1.44,121.13540000000002
Nifty Smallcap 250,2021-01-11,44.17,2.74,1.44,121.02580000000002
Nifty Smallcap 250,2021-01-12,44.3,2.75,1.44,121.82499999999999
Nifty Smallcap 250,2021-01-13,44.18,2.74,1.44,121.0532
Nifty Smallcap 250,2021-01-14,44.27,2.75,1.44,121.7425
Nifty Smallcap 250,2021-01-15,43.8,2.72,1.45,119.136
Nifty Smallcap 250,2021-01-18,42.94,2.67,1.48,114.64979999999998
Nifty Smallcap 250,2021-01-19,43.85,2.72,1.46,119.272
Nifty Smallcap 250,2021-01-20,43.81,2.73,1.45,119.60130000000001
Nifty Smallcap 250,2021-01-21,42.15,2.72,1.46,114.64800000000001
Nifty Smallcap 250,2021-01-22,41.76,2.7,1.47,112.752
Nifty Smallcap 250,2021-01-25,41.51,2.67,1.48,110.8317
Nifty Smallcap 250,2021-01-27,41.23,2.67,1.48,110.08409999999999
Nifty Smallcap 250,2021-01-28,41.33,2.65,1.49,109.52449999999999
Nifty Smallcap 250,2021-01-29,40.95,2.65,1.50,108.5175
Nifty Smallcap 250,2021-02-01,40.42,2.7,1.47,109.13400000000001
Nifty Smallcap 250,2021-02-02,40.77,2.73,1.45,111.30210000000001
Nifty Smallcap 250,2021-02-03,41.28,2.77,1.43,114.3456
Nifty Smallcap 250,2021-02-04,41.39,2.81,1.41,116.30590000000001
Nifty Smallcap 250,2021-02-05,41.56,2.81,1.41,116.7836
Nifty Smallcap 250,2021-02-08,41.76,2.86,1.38,119.43359999999998
Nifty Smallcap 250,2021-02-09,40.4,2.85,1.39,115.14
Nifty Smallcap 250,2021-02-10,40.38,2.86,1.38,115.4868
Nifty Smallcap 250,2021-02-11,40.6,2.9,1.37,117.74
Nifty Smallcap 250,2021-02-12,40.47,2.89,1.37,116.95830000000001
Nifty Smallcap 250,2021-02-15,40.55,2.91,1.36,118.0005
Nifty Smallcap 250,2021-02-16,41.02,2.91,1.36,119.36820000000002
Nifty Smallcap 250,2021-02-17,41.17,2.92,1.35,120.21640000000001
Nifty Smallcap 250,2021-02-18,41.52,2.95,1.34,122.48400000000002
Nifty Smallcap 250,2021-02-19,41.18,2.92,1.35,120.2456
Nifty Smallcap 250,2021-02-22,40.78,2.9,1.37,118.262
Nifty Smallcap 250,2021-02-23,41.14,2.92,1.35,120.1288
Nifty Smallcap 250,2021-02-24,41.66,2.96,1.34,123.3136
Nifty Smallcap 250,2021-02-25,42.34,3.01,1.31,127.4434
Nifty Smallcap 250,2021-02-26,41.95,2.98,1.33,125.01100000000001
Nifty Smallcap 250,2021-03-01,42.72,3.03,1.31,129.4416
Nifty Smallcap 250,2021-03-02,43.22,3.07,1.29,132.6854
Nifty Smallcap 250,2021-03-03,44.08,3.09,1.28,136.2072
Nifty Smallcap 250,2021-03-04,44.5,3.12,1.27,138.84
Nifty Smallcap 250,2021-03-05,43.83,3.08,1.29,134.9964
Nifty Smallcap 250,2021-03-08,44.13,3.1,1.28,136.80300000000003
Nifty Smallcap 250,2021-03-09,43.75,3.07,1.29,134.3125
Nifty Smallcap 250,2021-03-10,44.22,3.1,1.27,137.082
Nifty Smallcap 250,2021-03-12,44.37,3.12,1.27,138.4344
Nifty Smallcap 250,2021-03-15,44.04,3.09,1.28,136.0836
Nifty Smallcap 250,2021-03-16,44.16,3.1,1.28,136.896
Nifty Smallcap 250,2021-03-17,43.18,3.03,1.30,130.8354
Nifty Smallcap 250,2021-03-18,42.56,2.99,1.32,127.25440000000002
Nifty Smallcap 250,2021-03-19,42.75,3.0,1.32,128.25
Nifty Smallcap 250,2021-03-22,42.85,3.01,1.31,128.9785
Nifty Smallcap 250,2021-03-23,43.15,3.03,1.31,130.7445
Nifty Smallcap 250,2021-03-24,42.33,2.97,1.33,125.7201
Nifty Smallcap 250,2021-03-25,41.52,2.92,1.36,121.23840000000001
Nifty Smallcap 250,2021-03-26,42.01,2.95,1.34,123.9295
Nifty Smallcap 250,2021-03-30,42.54,2.99,1.32,127.19460000000001
Nifty Smallcap 250,2021-03-31,43.3,2.91,0.67,126.003
Nifty Smallcap 250,2021-04-01,44.16,2.97,0.65,131.1552
Nifty Smallcap 250,2021-04-05,43.46,2.92,0.66,126.9032
Nifty Smallcap 250,2021-04-06,43.93,2.96,0.66,130.0328
Nifty Smallcap 250,2021-04-07,44.54,3.0,0.66,133.62
Nifty Smallcap 250,2021-04-08,45.01,3.03,0.66,136.38029999999998
Nifty Smallcap 250,2021-04-09,45.25,3.04,0.65,137.56
Nifty Smallcap 250,2021-04-12,42.81,2.88,0.69,123.2928
Nifty Smallcap 250,2021-04-13,43.53,2.93,0.68,127.54290000000002
Nifty Smallcap 250,2021-04-15,43.39,2.92,0.68,126.6988
Nifty Smallcap 250,2021-04-16,43.76,2.94,0.68,128.65439999999998
Nifty Smallcap 250,2021-04-19,43.14,2.89,0.69,124.67460000000001
Nifty Smallcap 250,2021-04-20,43.42,2.91,0.69,126.35220000000001
Nifty Smallcap 250,2021-04-22,43.74,2.93,0.68,128.15820000000002
Nifty Smallcap 250,2021-04-23,41.97,2.94,0.67,123.39179999999999
Nifty Smallcap 250,2021-04-26,42.29,2.97,0.67,125.60130000000001
Nifty Smallcap 250,2021-04-27,42.62,3.02,0.66,128.7124
Nifty Smallcap 250,2021-04-28,42.9,3.05,0.65,130.845
Nifty Smallcap 250,2021-04-29,48.15,3.07,0.65,147.82049999999998
Nifty Smallcap 250,2021-04-30,48.01,3.06,0.65,146.9106
Nifty Smallcap 250,2021-05-03,47.41,3.1,0.64,146.971
Nifty Smallcap 250,2021-05-04,46.47,3.08,0.65,143.1276
Nifty Smallcap 250,2021-05-05,46.6,3.1,0.64,144.46
Nifty Smallcap 250,2021-05-06,46.91,3.12,0.64,146.3592
Nifty Smallcap 250,2021-05-07,46.89,3.14,0.64,147.2346
Nifty Smallcap 250,2021-05-10,47.04,3.19,0.63,150.0576
Nifty Smallcap 250,2021-05-11,47.18,3.22,0.63,151.9196
Nifty Smallcap 250,2021-05-12,45.71,3.19,0.63,145.8149
Nifty Smallcap 250,2021-05-14,44.84,3.16,0.64,141.69440000000003
Nifty Smallcap 250,2021-05-17,45.11,3.2,0.63,144.352
Nifty Smallcap 250,2021-05-18,45.38,3.24,0.62,147.0312
Nifty Smallcap 250,2021-05-19,44.43,3.26,0.62,144.84179999999998
Nifty Smallcap 250,2021-05-20,43.75,3.27,0.62,143.0625
Nifty Smallcap 250,2021-05-21,43.26,3.29,0.61,142.3254
Nifty Smallcap 250,2021-05-24,43.46,3.32,0.61,144.28719999999998
Nifty Smallcap 250,2021-05-25,43.31,3.32,0.62,143.7892
Nifty Smallcap 250,2021-05-26,43.35,3.35,0.61,145.2225
Nifty Smallcap 250,2021-05-27,43.13,3.37,0.61,145.34810000000002
Nifty Smallcap 250,2021-05-28,42.89,3.35,0.61,143.6815
Nifty Smallcap 250,2021-05-31,41.78,3.36,0.61,140.3808
Nifty Smallcap 250,2021-06-01,40.32,3.34,0.61,134.6688
Nifty Smallcap 250,2021-06-02,40.74,3.38,0.61,137.7012
Nifty Smallcap 250,2021-06-03,41.15,3.42,0.62,140.733
Nifty Smallcap 250,2021-06-04,41.7,3.44,0.62,143.448
Nifty Smallcap 250,2021-06-07,42.21,3.49,0.61,147.3129
Nifty Smallcap 250,2021-06-08,41.77,3.5,0.61,146.19500000000002
Nifty Smallcap 250,2021-06-09,41.2,3.46,0.62,142.55200000000002
Nifty Smallcap 250,2021-06-10,41.97,3.52,0.61,147.7344
Nifty Smallcap 250,2021-06-11,42.04,3.53,0.61,148.4012
Nifty Smallcap 250,2021-06-14,41.52,3.51,0.61,145.7352
Nifty Smallcap 250,2021-06-15,37.93,3.53,0.61,133.8929
Nifty Smallcap 250,2021-06-16,37.06,3.51,0.62,130.0806
Nifty Smallcap 250,2021-06-17,36.84,3.49,0.62,128.57160000000002
Nifty Smallcap 250,2021-06-18,36.55,3.46,0.62,126.463
Nifty Smallcap 250,2021-06-21,36.83,3.47,0.62,127.8001
Nifty Smallcap 250,2021-06-22,37.12,3.5,0.61,129.92
Nifty Smallcap 250,2021-06-23,36.99,3.49,0.62,129.0951
Nifty Smallcap 250,2021-06-24,36.96,3.48,0.62,128.6208
Nifty Smallcap 250,2021-06-25,37.1,3.49,0.62,129.479
Nifty Smallcap 250,2021-06-28,37.27,3.51,0.62,130.8177
Nifty Smallcap 250,2021-06-29,36.79,3.51,0.62,129.13289999999998
Nifty Smallcap 250,2021-06-30,36.81,3.56,0.62,131.0436
Nifty Smallcap 250,2021-07-01,36.86,3.58,0.61,131.9588
Nifty Smallcap 250,2021-07-02,36.5,3.62,0.60,132.13
Nifty Smallcap 250,2021-07-05,36.92,3.66,0.60,135.12720000000002
Nifty Smallcap 250,2021-07-06,36.3,3.64,0.60,132.132
Nifty Smallcap 250,2021-07-07,36.54,3.66,0.60,133.7364
Nifty Smallcap 250,2021-07-08,36.53,3.66,0.61,133.6998
Nifty Smallcap 250,2021-07-09,36.73,3.68,0.61,135.16639999999998
Nifty Smallcap 250,2021-07-12,36.79,3.7,0.60,136.123
Nifty Smallcap 250,2021-07-13,37.1,3.73,0.60,138.383
Nifty Smallcap 250,2021-07-14,37.09,3.74,0.60,138.71660000000003
Nifty Smallcap 250,2021-07-15,37.35,3.77,0.60,140.8095
Nifty Smallcap 250,2021-07-16,37.66,3.8,0.63,143.10799999999998
Nifty Smallcap 250,2021-07-19,37.57,3.8,0.65,142.766
Nifty Smallcap 250,2021-07-20,37.05,3.73,0.68,138.1965
Nifty Smallcap 250,2021-07-22,37.22,3.79,0.67,141.0638
Nifty Smallcap 250,2021-07-23,32.83,3.78,0.66,124.0974
Nifty Smallcap 250,2021-07-26,32.72,3.73,0.66,122.0456
Nifty Smallcap 250,2021-07-27,32.62,3.66,0.66,119.38919999999999
Nifty Smallcap 250,2021-07-28,32.21,3.64,0.67,117.24440000000001
Nifty Smallcap 250,2021-07-29,32.34,3.68,0.66,119.01120000000002
Nifty Smallcap 250,2021-07-30,32.21,3.69,0.66,118.8549
Nifty Smallcap 250,2021-08-02,32.56,3.72,0.65,121.12320000000001
Nifty Smallcap 250,2021-08-03,31.82,3.72,0.66,118.3704
Nifty Smallcap 250,2021-08-04,31.39,3.67,0.66,115.2013
Nifty Smallcap 250,2021-08-05,31.14,3.65,0.70,113.661
Nifty Smallcap 250,2021-08-06,31.08,3.66,0.71,113.7528
Nifty Smallcap 250,2021-08-09,30.46,3.61,0.74,109.9606
Nifty Smallcap 250,2021-08-10,29.15,3.47,0.76,101.1505
Nifty Smallcap 250,2021-08-11,28.99,3.45,0.76,100.0155
Nifty Smallcap 250,2021-08-12,29.49,3.53,0.75,104.09969999999998
Nifty Smallcap 250,2021-08-13,29.7,3.52,0.75,104.544
Nifty Smallcap 250,2021-08-16,29.2,3.49,0.75,101.908
Nifty Smallcap 250,2021-08-17,29.14,3.48,0.75,101.4072
Nifty Smallcap 250,2021-08-18,29.02,3.47,0.78,100.6994
Nifty Smallcap 250,2021-08-20,28.33,3.39,0.79,96.03869999999999
Nifty Smallcap 250,2021-08-23,27.77,3.32,0.79,92.1964
Nifty Smallcap 250,2021-08-24,28.35,3.39,0.78,96.10650000000001
Nifty Smallcap 250,2021-08-25,28.56,3.41,0.77,97.3896
Nifty Smallcap 250,2021-08-26,28.63,3.42,0.79,97.9146
Nifty Smallcap 250,2021-08-27,28.85,3.45,0.79,99.53250000000001
Nifty Smallcap 250,2021-08-30,29.25,3.5,0.77,102.375
Nifty Smallcap 250,2021-08-31,29.45,3.48,0.77,102.48599999999999
Nifty Smallcap 250,2021-09-01,29.51,3.47,0.78,102.39970000000001
Nifty Smallcap 250,2021-09-02,29.79,3.51,0.77,104.56289999999998
Nifty Smallcap 250,2021-09-03,29.96,3.52,0.76,105.45920000000001
Nifty Smallcap 250,2021-09-06,30.2,3.55,0.76,107.21
Nifty Smallcap 250,2021-09-07,30.12,3.54,0.76,106.62480000000001
Nifty Smallcap 250,2021-09-08,30.31,3.57,0.77,108.20669999999998
Nifty Smallcap 250,2021-09-09,30.55,3.59,0.76,109.6745
Nifty Smallcap 250,2021-09-13,30.78,3.62,0.73,111.42360000000001
Nifty Smallcap 250,2021-09-14,30.93,3.64,0.74,112.5852
Nifty Smallcap 250,2021-09-15,31.14,3.66,0.74,113.97240000000001
Nifty Smallcap 250,2021-09-16,31.13,3.66,0.77,113.9358
Nifty Smallcap 250,2021-09-17,30.91,3.64,0.77,112.5124
Nifty Smallcap 250,2021-09-20,30.31,3.57,0.80,108.20669999999998
Nifty Smallcap 250,2021-09-21,30.32,3.57,0.80,108.24239999999999
Nifty Smallcap 250,2021-09-22,30.71,3.61,0.79,110.8631
Nifty Smallcap 250,2021-09-23,30.97,3.64,0.80,112.7308
Nifty Smallcap 250,2021-09-24,30.95,3.65,0.80,112.9675
Nifty Smallcap 250,2021-09-27,31.0,3.66,0.80,113.46000000000001
Nifty Smallcap 250,2021-09-28,30.85,3.59,0.80,110.75150000000001
Nifty Smallcap 250,2021-09-29,30.94,3.55,0.80,109.837
Nifty Smallcap 250,2021-09-30,28.86,3.6,0.86,103.896
Nifty Smallcap 250,2021-10-01,28.94,3.61,0.86,104.4734
Nifty Smallcap 250,2021-10-04,29.36,3.67,0.85,107.7512
Nifty Smallcap 250,2021-10-05,29.52,3.69,0.84,108.9288
Nifty Smallcap 250,2021-10-06,29.26,3.65,0.85,106.799
Nifty Smallcap 250,2021-10-07,29.61,3.7,0.84,109.557
Nifty Smallcap 250,2021-10-08,29.85,3.73,0.83,111.3405
Nifty Smallcap 250,2021-10-11,30.17,3.77,0.82,113.74090000000001
Nifty Smallcap 250,2021-10-12,30.35,3.79,0.82,115.02650000000001
Nifty Smallcap 250,2021-10-13,30.39,3.8,0.82,115.482
Nifty Smallcap 250,2021-10-14,30.55,3.82,0.81,116.701
Nifty Smallcap 250,2021-10-18,30.8,3.85,0.81,118.58000000000001
Nifty Smallcap 250,2021-10-19,30.09,3.76,0.82,113.13839999999999
Nifty Smallcap 250,2021-10-20,30.84,3.68,0.84,113.4912
Nifty Smallcap 250,2021-10-21,30.49,3.66,0.85,111.5934
Nifty Smallcap 250,2021-10-22,30.12,3.62,0.86,109.0344
Nifty Smallcap 250,2021-10-25,29.37,3.55,0.87,104.2635
Nifty Smallcap 250,2021-10-26,30.12,3.64,0.86,109.63680000000001
Nifty Smallcap 250,2021-10-27,30.33,3.66,0.86,111.0078
Nifty Smallcap 250,2021-10-28,29.55,3.6,0.88,106.38000000000001
Nifty Smallcap 250,2021-10-29,29.11,3.59,0.89,104.50489999999999
Nifty Smallcap 250,2021-11-01,29.07,3.63,0.88,105.5241
Nifty Smallcap 250,2021-11-02,29.19,3.67,0.89,107.1273
Nifty Smallcap 250,2021-11-03,28.94,3.66,0.91,105.92040000000001
Nifty Smallcap 250,2021-11-04,29.33,3.71,0.89,108.81429999999999
Nifty Smallcap 250,2021-11-08,29.49,3.74,0.89,110.29260000000001
Nifty Smallcap 250,2021-11-09,29.66,3.75,0.88,111.225
Nifty Smallcap 250,2021-11-10,29.68,3.75,0.88,111.3
Nifty Smallcap 250,2021-11-11,28.98,3.73,0.90,108.0954
Nifty Smallcap 250,2021-11-12,29.26,3.74,0.88,109.43240000000002
Nifty Smallcap 250,2021-11-15,29.28,3.73,0.89,109.2144
Nifty Smallcap 250,2021-11-16,30.32,3.74,0.88,113.39680000000001
Nifty Smallcap 250,2021-11-17,30.47,3.74,0.89,113.9578
Nifty Smallcap 250,2021-11-18,29.99,3.68,0.88,110.36319999999999
Nifty Smallcap 250,2021-11-22,29.39,3.58,0.90,105.2162
Nifty Smallcap 250,2021-11-23,29.95,3.65,0.89,109.3175
Nifty Smallcap 250,2021-11-24,30.1,3.67,0.89,110.467
Nifty Smallcap 250,2021-11-25,30.35,3.7,0.88,112.29500000000002
Nifty Smallcap 250,2021-11-26,29.48,3.59,0.91,105.83319999999999
Nifty Smallcap 250,2021-11-29,28.73,3.5,0.93,100.555
Nifty Smallcap 250,2021-11-30,29.34,3.57,0.91,104.7438
Nifty Smallcap 250,2021-12-01,29.42,3.58,0.91,105.32360000000001
Nifty Smallcap 250,2021-12-02,29.74,3.62,0.90,107.6588
Nifty Smallcap 250,2021-12-03,29.91,3.64,0.90,108.8724
Nifty Smallcap 250,2021-12-06,29.54,3.6,0.91,106.344
Nifty Smallcap 250,2021-12-07,29.9,3.64,0.90,108.836
Nifty Smallcap 250,2021-12-08,30.35,3.7,0.88,112.29500000000002
Nifty Smallcap 250,2021-12-09,30.63,3.73,0.87,114.2499
Nifty Smallcap 250,2021-12-10,30.91,3.76,0.86,116.2216
Nifty Smallcap 250,2021-12-13,30.91,3.77,0.86,116.5307
Nifty Smallcap 250,2021-12-14,31.01,3.78,0.86,117.2178
Nifty Smallcap 250,2021-12-15,30.9,3.76,0.86,116.18399999999998
Nifty Smallcap 250,2021-12-16,30.6,3.73,0.87,114.138
Nifty Smallcap 250,2021-12-17,29.9,3.64,0.89,108.836
Nifty Smallcap 250,2021-12-20,28.86,3.52,0.92,101.5872
Nifty Smallcap 250,2021-12-21,29.22,3.56,0.91,104.0232
Nifty Smallcap 250,2021-12-22,29.71,3.62,0.89,107.5502
Nifty Smallcap 250,2021-12-23,29.94,3.65,0.89,109.281
Nifty Smallcap 250,2021-12-24,29.75,3.62,0.89,107.69500000000001
Nifty Smallcap 250,2021-12-27,29.86,3.64,0.89,108.6904
Nifty Smallcap 250,2021-12-28,30.3,3.69,0.88,111.807
Nifty Smallcap 250,2021-12-29,30.52,3.72,0.87,113.5344
Nifty Smallcap 250,2021-12-30,30.56,3.73,0.87,113.9888
Nifty Smallcap 250,2021-12-31,31.04,3.81,0.85,118.2624
Nifty Smallcap 250,2022-01-03,31.44,3.85,0.84,121.04400000000001
Nifty Smallcap 250,2022-01-04,31.61,3.87,0.84,122.33070000000001
Nifty Smallcap 250,2022-01-05,31.62,3.88,0.84,122.6856
Nifty Smallcap 250,2022-01-06,31.66,3.88,0.84,122.8408
Nifty Smallcap 250,2022-01-07,31.79,3.9,0.84,123.981
Nifty Smallcap 250,2022-01-10,32.28,3.95,0.82,127.50600000000001
Nifty Smallcap 250,2022-01-11,32.31,3.96,0.82,127.94760000000001
Nifty Smallcap 250,2022-01-12,32.51,3.98,0.82,129.38979999999998
Nifty Smallcap 250,2022-01-13,32.64,4.0,0.81,130.56
Nifty Smallcap 250,2022-01-14,32.87,4.03,0.80,132.4661
Nifty Smallcap 250,2022-01-17,33.01,4.05,0.81,133.6905
Nifty Smallcap 250,2022-01-18,32.34,3.97,0.83,128.3898
Nifty Smallcap 250,2022-01-19,32.34,3.98,0.82,128.7132
Nifty Smallcap 250,2022-01-20,32.28,3.97,0.83,128.1516
Nifty Smallcap 250,2022-01-21,31.89,3.9,0.84,124.371
Nifty Smallcap 250,2022-01-24,30.41,3.72,0.89,113.1252
Nifty Smallcap 250,2022-01-25,30.41,3.76,0.88,114.3416
Nifty Smallcap 250,2022-01-27,30.26,3.74,0.88,113.17240000000001
Nifty Smallcap 250,2022-01-28,30.61,3.76,0.87,115.0936
Nifty Smallcap 250,2022-01-31,30.31,3.8,0.86,115.17799999999998
Nifty Smallcap 250,2022-02-01,29.96,3.83,0.86,114.74680000000001
Nifty Smallcap 250,2022-02-02,30.19,3.89,0.85,117.43910000000001
Nifty Smallcap 250,2022-02-03,30.11,3.89,0.87,117.1279
Nifty Smallcap 250,2022-02-04,29.87,3.87,0.88,115.5969
Nifty Smallcap 250,2022-02-07,29.53,3.83,0.89,113.0999
Nifty Smallcap 250,2022-02-08,28.9,3.77,0.90,108.95299999999999
Nifty Smallcap 250,2022-02-09,28.9,3.78,0.90,109.24199999999999
Nifty Smallcap 250,2022-02-10,28.66,3.79,0.91,108.62140000000001
Nifty Smallcap 250,2022-02-11,28.15,3.72,0.89,104.718
Nifty Smallcap 250,2022-02-14,27.02,3.56,0.93,96.1912
Nifty Smallcap 250,2022-02-15,27.13,3.63,0.91,98.4819
Nifty Smallcap 250,2022-02-16,27.56,3.66,0.91,100.8696
Nifty Smallcap 250,2022-02-17,27.52,3.63,0.89,99.8976
Nifty Smallcap 250,2022-02-18,27.29,3.6,0.90,98.244
Nifty Smallcap 250,2022-02-21,26.59,3.51,0.94,93.3309
Nifty Smallcap 250,2022-02-22,26.07,3.44,0.96,89.6808
Nifty Smallcap 250,2022-02-23,26.38,3.48,0.94,91.80239999999999
Nifty Smallcap 250,2022-02-24,24.84,3.27,1.01,81.2268
Nifty Smallcap 250,2022-02-25,25.89,3.41,0.97,88.28490000000001
Nifty Smallcap 250,2022-02-28,26.16,3.44,0.96,89.9904
Nifty Smallcap 250,2022-03-02,26.43,3.45,0.95,91.18350000000001
Nifty Smallcap 250,2022-03-03,26.53,3.47,0.95,92.05910000000002
Nifty Smallcap 250,2022-03-04,26.11,3.41,0.97,89.0351
Nifty Smallcap 250,2022-03-07,25.51,3.33,0.99,84.9483
Nifty Smallcap 250,2022-03-08,25.86,3.38,0.98,87.40679999999999
Nifty Smallcap 250,2022-03-09,26.41,3.45,0.96,91.1145
Nifty Smallcap 250,2022-03-10,26.78,3.5,0.95,93.73
Nifty Smallcap 250,2022-03-11,27.02,3.53,0.94,95.38059999999999
Nifty Smallcap 250,2022-03-14,27.13,3.54,0.94,96.0402
Nifty Smallcap 250,2022-03-15,26.91,3.52,0.95,94.7232
Nifty Smallcap 250,2022-03-16,27.2,3.55,0.95,96.55999999999999
Nifty Smallcap 250,2022-03-17,27.53,3.6,0.94,99.108
Nifty Smallcap 250,2022-03-21,27.6,3.61,0.92,99.636
Nifty Smallcap 250,2022-03-22,27.68,3.62,0.92,100.2016
Nifty Smallcap 250,2022-03-23,27.64,3.61,0.92,99.7804
Nifty Smallcap 250,2022-03-24,27.73,3.62,0.93,100.38260000000001
Nifty Smallcap 250,2022-03-25,27.63,3.61,0.93,99.7443
Nifty Smallcap 250,2022-03-28,27.46,3.59,0.94,98.5814
Nifty Smallcap 250,2022-03-29,27.63,3.61,0.94,99.7443
Nifty Smallcap 250,2022-03-30,27.88,3.64,0.93,101.4832
Nifty Smallcap 250,2022-03-31,24.41,3.46,0.96,84.4586
Nifty Smallcap 250,2022-04-01,24.87,3.52,0.95,87.5424
Nifty Smallcap 250,2022-04-04,25.25,3.58,0.93,90.395
Nifty Smallcap 250,2022-04-05,25.49,3.61,0.92,92.01889999999999
Nifty Smallcap 250,2022-04-06,25.6,3.63,0.91,92.928
Nifty Smallcap 250,2022-04-07,25.61,3.61,0.91,92.4521
Nifty Smallcap 250,2022-04-08,25.81,3.64,0.90,93.94839999999999
Nifty Smallcap 250,2022-04-11,25.85,3.65,0.90,94.3525
Nifty Smallcap 250,2022-04-12,25.48,3.6,0.91,91.72800000000001
Nifty Smallcap 250,2022-04-13,25.57,3.61,0.91,92.3077
Nifty Smallcap 250,2022-04-18,25.35,3.58,0.92,90.753
Nifty Smallcap 250,2022-04-19,24.88,3.53,0.95,87.82639999999999
Nifty Smallcap 250,2022-04-20,24.88,3.53,0.95,87.82639999999999
Nifty Smallcap 250,2022-04-21,25.21,3.57,0.94,89.9997
Nifty Smallcap 250,2022-04-22,25.11,3.56,0.92,89.3916
Nifty Smallcap 250,2022-04-25,24.59,3.49,0.94,85.8191
Nifty Smallcap 250,2022-04-26,24.84,3.53,0.93,87.6852
Nifty Smallcap 250,2022-04-27,24.64,3.51,0.94,86.4864
Nifty Smallcap 250,2022-04-28,24.7,3.52,0.93,86.944
Nifty Smallcap 250,2022-04-29,24.46,3.48,0.94,85.1208
Nifty Smallcap 250,2022-05-02,24.25,3.44,0.95,83.42
Nifty Smallcap 250,2022-05-04,23.69,3.37,0.97,79.8353
Nifty Smallcap 250,2022-05-05,23.41,3.35,0.98,78.4235
Nifty Smallcap 250,2022-05-06,22.88,3.27,1.00,74.8176
Nifty Smallcap 250,2022-05-09,22.45,3.21,1.02,72.0645
Nifty Smallcap 250,2022-05-10,21.75,3.14,1.04,68.295
Nifty Smallcap 250,2022-05-11,20.87,3.06,1.06,63.8622
Nifty Smallcap 250,2022-05-12,20.55,3.01,1.09,61.8555
Nifty Smallcap 250,2022-05-13,20.55,3.04,1.08,62.472
Nifty Smallcap 250,2022-05-16,20.6,3.08,1.06,63.44800000000001
Nifty Smallcap 250,2022-05-17,21.05,3.17,1.04,66.7285
Nifty Smallcap 250,2022-05-18,21.11,3.17,1.04,66.9187
Nifty Smallcap 250,2022-05-19,20.45,3.1,1.06,63.395
Nifty Smallcap 250,2022-05-20,20.86,3.17,1.04,66.1262
Nifty Smallcap 250,2022-05-23,20.69,3.14,1.06,64.9666
Nifty Smallcap 250,2022-05-24,20.24,3.11,1.08,62.94639999999999
Nifty Smallcap 250,2022-05-25,19.63,3.01,1.11,59.086299999999994
Nifty Smallcap 250,2022-05-26,19.71,3.04,1.10,59.918400000000005
Nifty Smallcap 250,2022-05-27,19.98,3.07,1.09,61.3386
Nifty Smallcap 250,2022-05-30,20.35,3.14,1.01,63.89900000000001
Nifty Smallcap 250,2022-05-31,20.91,3.18,1.01,66.49380000000001
Nifty Smallcap 250,2022-06-01,21.12,3.2,1.01,67.584
Nifty Smallcap 250,2022-06-02,21.2,3.21,1.03,68.05199999999999
Nifty Smallcap 250,2022-06-03,21.06,3.19,1.02,67.1814
Nifty Smallcap 250,2022-06-06,20.93,3.17,1.03,66.3481
Nifty Smallcap 250,2022-06-07,20.81,3.15,1.04,65.55149999999999
Nifty Smallcap 250,2022-06-08,20.77,3.14,1.04,65.2178
Nifty Smallcap 250,2022-06-09,20.78,3.14,1.05,65.2492
Nifty Smallcap 250,2022-06-10,20.6,3.12,1.06,64.272
Nifty Smallcap 250,2022-06-13,19.87,3.01,1.10,59.8087
Nifty Smallcap 250,2022-06-14,19.81,2.99,1.10,59.2319
Nifty Smallcap 250,2022-06-15,19.92,3.01,1.12,59.9592
Nifty Smallcap 250,2022-06-16,19.31,2.92,1.15,56.3852
Nifty Smallcap 250,2022-06-17,19.15,2.9,1.15,55.535
Nifty Smallcap 250,2022-06-20,18.56,2.81,1.20,52.1536
Nifty Smallcap 250,2022-06-21,19.13,2.89,1.16,55.2857
Nifty Smallcap 250,2022-06-22,18.93,2.86,1.17,54.139799999999994
Nifty Smallcap 250,2022-06-23,19.15,2.89,1.19,55.3435
Nifty Smallcap 250,2022-06-24,19.48,2.94,1.17,57.2712
Nifty Smallcap 250,2022-06-27,19.79,2.99,1.15,59.1721
Nifty Smallcap 250,2022-06-28,19.78,2.99,1.16,59.14220000000001
Nifty Smallcap 250,2022-06-29,19.67,2.97,1.16,58.419900000000005
Nifty Smallcap 250,2022-06-30,19.63,2.99,1.16,58.6937
Nifty Smallcap 250,2022-07-01,19.68,3.0,1.16,59.04
Nifty Smallcap 250,2022-07-04,19.77,3.01,1.15,59.50769999999999
Nifty Smallcap 250,2022-07-05,19.82,3.02,1.15,59.8564
Nifty Smallcap 250,2022-07-06,19.93,3.03,1.15,60.387899999999995
Nifty Smallcap 250,2022-07-07,20.19,3.07,1.14,61.9833
Nifty Smallcap 250,2022-07-08,20.24,3.08,1.14,62.3392
Nifty Smallcap 250,2022-07-11,20.41,3.05,1.13,62.250499999999995
Nifty Smallcap 250,2022-07-12,20.34,3.04,1.13,61.8336
Nifty Smallcap 250,2022-07-13,20.38,3.05,1.13,62.15899999999999
Nifty Smallcap 250,2022-07-14,20.23,3.03,1.20,61.2969
Nifty Smallcap 250,2022-07-15,20.31,3.04,1.22,61.742399999999996
Nifty Smallcap 250,2022-07-18,20.63,3.09,1.16,63.7467
Nifty Smallcap 250,2022-07-19,20.79,3.11,1.14,64.6569
Nifty Smallcap 250,2022-07-20,20.92,3.13,1.11,65.4796
Nifty Smallcap 250,2022-07-21,21.11,3.16,1.13,66.7076
Nifty Smallcap 250,2022-07-22,21.16,3.17,1.12,67.0772
Nifty Smallcap 250,2022-07-25,20.51,3.15,1.13,64.6065
Nifty Smallcap 250,2022-07-26,20.29,3.12,1.15,63.3048
Nifty Smallcap 250,2022-07-27,20.18,3.12,1.16,62.961600000000004
Nifty Smallcap 250,2022-07-28,20.36,3.14,1.14,63.9304
Nifty Smallcap 250,2022-07-29,20.58,3.19,1.11,65.6502
Nifty Smallcap 250,2022-08-01,20.67,3.24,1.10,66.97080000000001
Nifty Smallcap 250,2022-08-02,20.38,3.26,1.09,66.43879999999999
Nifty Smallcap 250,2022-08-03,20.29,3.25,1.09,65.9425
Nifty Smallcap 250,2022-08-04,20.25,3.24,1.11,65.61
Nifty Smallcap 250,2022-08-05,20.16,3.24,1.07,65.31840000000001
Nifty Smallcap 250,2022-08-08,20.35,3.27,1.07,66.5445
Nifty Smallcap 250,2022-08-10,20.31,3.26,1.06,66.21059999999999
Nifty Smallcap 250,2022-08-11,19.81,3.28,1.09,64.9768
Nifty Smallcap 250,2022-08-12,19.67,3.27,1.09,64.32090000000001
Nifty Smallcap 250,2022-08-16,19.03,3.3,1.08,62.799
Nifty Smallcap 250,2022-08-17,18.96,3.24,1.07,61.430400000000006
Nifty Smallcap 250,2022-08-18,19.01,3.2,1.06,60.83200000000001
Nifty Smallcap 250,2022-08-19,18.84,3.17,1.08,59.7228
Nifty Smallcap 250,2022-08-22,18.67,3.14,1.10,58.62380000000001
Nifty Smallcap 250,2022-08-23,18.86,3.17,1.09,59.786199999999994
Nifty Smallcap 250,2022-08-24,19.02,3.2,1.09,60.864000000000004
Nifty Smallcap 250,2022-08-25,19.09,3.21,1.09,61.2789
Nifty Smallcap 250,2022-08-26,19.22,3.23,1.06,62.0806
Nifty Smallcap 250,2022-08-29,19.11,3.21,1.06,61.3431
Nifty Smallcap 250,2022-08-30,19.35,3.22,1.04,62.30700000000001
Nifty Smallcap 250,2022-09-01,19.4,3.2,1.04,62.08
Nifty Smallcap 250,2022-09-02,19.45,3.2,1.04,62.24
Nifty Smallcap 250,2022-09-05,19.64,3.23,1.03,63.437200000000004
Nifty Smallcap 250,2022-09-06,19.7,3.25,1.02,64.02499999999999
Nifty Smallcap 250,2022-09-07,19.86,3.27,1.03,64.9422
Nifty Smallcap 250,2022-09-08,20.0,3.29,1.02,65.8
Nifty Smallcap 250,2022-09-09,20.02,3.29,1.04,65.8658
Nifty Smallcap 250,2022-09-12,20.21,3.32,1.03,67.0972
Nifty Smallcap 250,2022-09-13,20.23,3.32,1.02,67.1636
Nifty Smallcap 250,2022-09-14,20.25,3.33,1.01,67.4325
Nifty Smallcap 250,2022-09-15,20.24,3.32,1.02,67.1968
Nifty Smallcap 250,2022-09-16,19.78,3.25,1.02,64.285
Nifty Smallcap 250,2022-09-19,19.63,3.22,1.04,63.208600000000004
Nifty Smallcap 250,2022-09-20,19.86,3.26,1.03,64.7436
Nifty Smallcap 250,2022-09-21,19.73,3.24,1.04,63.925200000000004
Nifty Smallcap 250,2022-09-22,19.84,3.26,1.04,64.6784
Nifty Smallcap 250,2022-09-23,19.45,3.2,1.06,62.24
Nifty Smallcap 250,2022-09-26,18.8,3.09,1.09,58.092
Nifty Smallcap 250,2022-09-27,18.9,3.1,1.09,58.589999999999996
Nifty Smallcap 250,2022-09-28,18.82,3.09,1.09,58.1538
Nifty Smallcap 250,2022-09-29,18.93,3.11,1.09,58.872299999999996
Nifty Smallcap 250,2022-09-30,18.82,2.95,1.07,55.519000000000005
Nifty Smallcap 250,2022-10-03,18.74,2.93,1.13,54.9082
Nifty Smallcap 250,2022-10-04,18.99,2.97,1.12,56.4003
Nifty Smallcap 250,2022-10-06,19.19,3.0,1.10,57.57000000000001
Nifty Smallcap 250,2022-10-07,19.26,3.01,1.10,57.9726
Nifty Smallcap 250,2022-10-10,19.15,3.0,1.11,57.449999999999996
Nifty Smallcap 250,2022-10-11,18.85,2.95,1.12,55.60750000000001
Nifty Smallcap 250,2022-10-12,18.94,2.96,1.12,56.062400000000004
Nifty Smallcap 250,2022-10-13,18.81,2.95,1.12,55.4895
Nifty Smallcap 250,2022-10-14,18.82,2.95,1.12,55.519000000000005
Nifty Smallcap 250,2022-10-17,18.86,2.96,1.12,55.825599999999994
Nifty Smallcap 250,2022-10-18,19.03,2.98,1.11,56.7094
Nifty Smallcap 250,2022-10-19,19.02,2.98,1.11,56.6796
Nifty Smallcap 250,2022-10-20,19.03,2.98,1.11,56.7094
Nifty Smallcap 250,2022-10-21,18.95,2.96,1.12,56.092
Nifty Smallcap 250,2022-10-24,19.13,2.99,1.11,57.1987
Nifty Smallcap 250,2022-10-25,18.95,2.99,1.12,56.6605
Nifty Smallcap 250,2022-10-27,19.03,3.0,1.10,57.09
Nifty Smallcap 250,2022-10-28,18.96,2.98,1.11,56.500800000000005
Nifty Smallcap 250,2022-10-31,19.05,2.99,1.11,56.959500000000006
Nifty Smallcap 250,2022-11-01,19.15,3.0,1.11,57.449999999999996
Nifty Smallcap 250,2022-11-02,19.18,3.0,1.09,57.54
Nifty Smallcap 250,2022-11-03,19.21,3.0,1.08,57.63
Nifty Smallcap 250,2022-11-04,19.25,3.01,1.08,57.942499999999995
Nifty Smallcap 250,2022-11-07,19.23,3.04,1.07,58.4592
Nifty Smallcap 250,2022-11-09,19.16,3.03,1.07,58.0548
Nifty Smallcap 250,2022-11-10,18.98,2.99,1.08,56.75020000000001
Nifty Smallcap 250,2022-11-11,19.1,3.0,1.07,57.300000000000004
Nifty Smallcap 250,2022-11-14,19.12,3.01,1.07,57.5512
Nifty Smallcap 250,2022-11-15,18.82,3.01,1.08,56.648199999999996
Nifty Smallcap 250,2022-11-16,18.61,3.0,1.08,55.83
Nifty Smallcap 250,2022-11-17,18.58,3.0,1.08,55.739999999999995
Nifty Smallcap 250,2022-11-18,18.48,2.99,1.10,55.2552
Nifty Smallcap 250,2022-11-21,18.5,2.99,1.10,55.315000000000005
Nifty Smallcap 250,2022-11-22,18.48,2.99,1.12,55.2552
Nifty Smallcap 250,2022-11-23,18.59,3.0,1.11,55.769999999999996
Nifty Smallcap 250,2022-11-24,18.69,3.02,1.09,56.4438
Nifty Smallcap 250,2022-11-25,18.84,3.04,1.08,57.2736
Nifty Smallcap 250,2022-11-28,19.04,3.08,1.07,58.6432
Nifty Smallcap 250,2022-11-29,18.97,3.07,1.07,58.237899999999996
Nifty Smallcap 250,2022-11-30,19.07,3.08,1.07,58.735600000000005
Nifty Smallcap 250,2022-12-01,19.15,3.09,1.06,59.17349999999999
Nifty Smallcap 250,2022-12-02,19.28,3.12,1.05,60.153600000000004
Nifty Smallcap 250,2022-12-05,19.34,3.13,1.05,60.5342
Nifty Smallcap 250,2022-12-06,19.3,3.12,1.05,60.216
Nifty Smallcap 250,2022-12-07,19.22,3.1,1.06,59.582
Nifty Smallcap 250,2022-12-08,19.33,3.12,1.06,60.309599999999996
Nifty Smallcap 250,2022-12-09,19.13,3.09,1.07,59.11169999999999
Nifty Smallcap 250,2022-12-12,19.23,3.11,1.06,59.805299999999995
Nifty Smallcap 250,2022-12-13,19.34,3.12,1.06,60.3408
Nifty Smallcap 250,2022-12-14,19.47,3.14,1.05,61.135799999999996
Nifty Smallcap 250,2022-12-15,19.38,3.13,1.06,60.6594
Nifty Smallcap 250,2022-12-16,19.23,3.1,1.07,59.613
Nifty Smallcap 250,2022-12-19,19.28,3.11,1.06,59.9608
Nifty Smallcap 250,2022-12-20,19.24,3.11,1.06,59.83639999999999
Nifty Smallcap 250,2022-12-21,18.85,3.04,1.09,57.304
Nifty Smallcap 250,2022-12-22,18.52,2.99,1.11,55.3748
Nifty Smallcap 250,2022-12-23,17.71,2.86,1.16,50.6506
Nifty Smallcap 250,2022-12-26,18.3,2.96,1.12,54.168
Nifty Smallcap 250,2022-12-27,18.52,2.99,1.10,55.3748
Nifty Smallcap 250,2022-12-28,18.56,3.0,1.10,55.67999999999999
Nifty Smallcap 250,2022-12-29,18.59,3.0,1.10,55.769999999999996
Nifty Smallcap 250,2022-12-30,19.04,3.06,1.08,58.2624
Nifty Smallcap 250,2023-01-02,19.18,3.08,1.07,59.0744
Nifty Smallcap 250,2023-01-03,19.21,3.09,1.07,59.3589
Nifty Smallcap 250,2023-01-04,19.04,3.06,1.08,58.2624
Nifty Smallcap 250,2023-01-05,19.03,3.06,1.08,58.23180000000001
Nifty Smallcap 250,2023-01-06,18.89,3.04,1.08,57.4256
Nifty Smallcap 250,2023-01-09,18.96,3.05,1.08,57.827999999999996
Nifty Smallcap 250,2023-01-10,18.87,3.03,1.09,57.1761
Nifty Smallcap 250,2023-01-11,18.88,3.04,1.09,57.395199999999996
Nifty Smallcap 250,2023-01-12,18.89,3.04,1.08,57.4256
Nifty Smallcap 250,2023-01-13,18.94,3.05,1.08,57.767
Nifty Smallcap 250,2023-01-16,18.93,3.04,1.08,57.5472
Nifty Smallcap 250,2023-01-17,18.87,3.04,1.07,57.3648
Nifty Smallcap 250,2023-01-18,18.95,3.04,1.07,57.608
Nifty Smallcap 250,2023-01-19,18.91,3.03,1.07,57.2973
Nifty Smallcap 250,2023-01-20,18.75,3.02,1.08,56.625
Nifty Smallcap 250,2023-01-23,18.7,3.01,1.08,56.28699999999999
Nifty Smallcap 250,2023-01-24,18.58,3.0,1.05,55.739999999999995
Nifty Smallcap 250,2023-01-25,18.38,2.97,1.06,54.5886
Nifty Smallcap 250,2023-01-27,18.06,2.92,1.08,52.73519999999999
Nifty Smallcap 250,2023-01-30,17.98,2.91,1.09,52.3218
Nifty Smallcap 250,2023-01-31,18.48,2.99,1.06,55.2552
Nifty Smallcap 250,2023-02-01,18.27,2.96,1.07,54.0792
Nifty Smallcap 250,2023-02-02,18.24,2.97,1.06,54.1728
Nifty Smallcap 250,2023-02-03,18.13,2.96,1.06,53.6648
Nifty Smallcap 250,2023-02-06,18.15,2.96,1.05,53.724
Nifty Smallcap 250,2023-02-07,18.01,2.95,1.05,53.12950000000001
Nifty Smallcap 250,2023-02-08,18.13,2.98,1.05,54.0274
Nifty Smallcap 250,2023-02-09,18.1,2.97,1.05,53.757000000000005
Nifty Smallcap 250,2023-02-10,18.15,2.98,1.07,54.086999999999996
Nifty Smallcap 250,2023-02-13,17.87,2.94,1.26,52.537800000000004
Nifty Smallcap 250,2023-02-14,17.76,2.93,1.27,52.03680000000001
Nifty Smallcap 250,2023-02-15,17.88,2.94,1.27,52.56719999999999
Nifty Smallcap 250,2023-02-16,18.11,2.96,1.27,53.605599999999995
Nifty Smallcap 250,2023-02-17,18.26,2.95,1.27,53.867000000000004
Nifty Smallcap 250,2023-02-20,18.2,2.94,1.28,53.507999999999996
Nifty Smallcap 250,2023-02-21,18.14,2.93,1.26,53.150200000000005
Nifty Smallcap 250,2023-02-22,17.94,2.9,1.28,52.026
Nifty Smallcap 250,2023-02-23,17.97,2.9,1.28,52.11299999999999
Nifty Smallcap 250,2023-02-24,17.92,2.9,1.31,51.968
Nifty Smallcap 250,2023-02-27,17.71,2.86,1.32,50.6506
Nifty Smallcap 250,2023-02-28,17.77,2.87,1.32,50.999900000000004
Nifty Smallcap 250,2023-03-01,17.99,2.91,1.30,52.350899999999996
Nifty Smallcap 250,2023-03-02,17.93,2.91,1.30,52.176300000000005
Nifty Smallcap 250,2023-03-03,18.06,2.93,1.30,52.9158
Nifty Smallcap 250,2023-03-06,18.24,2.96,1.28,53.990399999999994
Nifty Smallcap 250,2023-03-08,18.29,2.97,1.28,54.3213
Nifty Smallcap 250,2023-03-09,18.23,2.96,1.28,53.9608
Nifty Smallcap 250,2023-03-10,18.1,2.93,1.28,53.03300000000001
Nifty Smallcap 250,2023-03-13,17.72,2.87,1.31,50.8564
Nifty Smallcap 250,2023-03-14,17.57,2.85,1.32,50.0745
Nifty Smallcap 250,2023-03-15,17.6,2.85,1.32,50.160000000000004
Nifty Smallcap 250,2023-03-16,17.48,2.83,1.33,49.4684
Nifty Smallcap 250,2023-03-17,17.59,2.85,1.32,50.1315
Nifty Smallcap 250,2023-03-20,17.44,2.83,1.33,49.3552
Nifty Smallcap 250,2023-03-21,17.52,2.84,1.33,49.7568
Nifty Smallcap 250,2023-03-22,17.62,2.86,1.32,50.3932
Nifty Smallcap 250,2023-03-23,17.56,2.85,1.32,50.046
Nifty Smallcap 250,2023-03-24,17.3,2.8,1.33,48.44
Nifty Smallcap 250,2023-03-27,17.04,2.76,1.35,47.03039999999999
Nifty Smallcap 250,2023-03-28,16.9,2.74,1.36,46.306
Nifty Smallcap 250,2023-03-29,17.19,2.79,1.33,47.960100000000004
Nifty Smallcap 250,2023-03-31,16.94,2.87,1.38,48.6178
Nifty Smallcap 250,2023-04-03,17.07,2.89,1.37,49.332300000000004
Nifty Smallcap 250,2023-04-05,17.2,2.91,1.36,50.052
Nifty Smallcap 250,2023-04-06,17.33,2.93,1.36,50.7769
Nifty Smallcap 250,2023-04-10,17.36,2.94,1.35,51.038399999999996
Nifty Smallcap 250,2023-04-11,17.44,2.95,1.34,51.44800000000001
Nifty Smallcap 250,2023-04-12,17.5,2.96,1.29,51.8
Nifty Smallcap 250,2023-04-13,17.56,2.97,1.28,52.1532
Nifty Smallcap 250,2023-04-17,17.59,2.98,1.28,52.4182
Nifty Smallcap 250,2023-04-18,17.6,2.98,1.28,52.448
Nifty Smallcap 250,2023-04-19,17.59,2.98,1.27,52.4182
Nifty Smallcap 250,2023-04-20,17.68,2.99,1.26,52.863200000000006
Nifty Smallcap 250,2023-04-21,17.65,2.98,1.27,52.596999999999994
Nifty Smallcap 250,2023-04-24,17.76,3.0,1.26,53.28
Nifty Smallcap 250,2023-04-25,17.81,3.01,1.26,53.60809999999999
Nifty Smallcap 250,2023-04-26,17.88,3.02,1.25,53.9976
Nifty Smallcap 250,2023-04-27,17.99,3.04,1.25,54.6896
Nifty Smallcap 250,2023-04-28,18.23,3.11,1.26,56.695299999999996
Nifty Smallcap 250,2023-05-02,18.31,3.13,1.25,57.31029999999999
Nifty Smallcap 250,2023-05-03,18.3,3.13,1.25,57.279
Nifty Smallcap 250,2023-05-04,18.48,3.16,1.26,58.396800000000006
Nifty Smallcap 250,2023-05-05,18.36,3.14,1.27,57.6504
Nifty Smallcap 250,2023-05-08,18.56,3.16,1.26,58.6496
Nifty Smallcap 250,2023-05-09,18.5,3.15,1.26,58.275
Nifty Smallcap 250,2023-05-10,18.48,3.16,1.26,58.396800000000006
Nifty Smallcap 250,2023-05-11,18.66,3.19,1.25,59.5254
Nifty Smallcap 250,2023-05-12,18.61,3.17,1.27,58.9937
Nifty Smallcap 250,2023-05-15,18.75,3.2,1.26,60.0
Nifty Smallcap 250,2023-05-16,18.53,3.2,1.26,59.29600000000001
Nifty Smallcap 250,2023-05-17,18.62,3.21,1.24,59.7702
Nifty Smallcap 250,2023-05-18,18.54,3.2,1.25,59.328
Nifty Smallcap 250,2023-05-19,18.52,3.2,1.26,59.264
Nifty Smallcap 250,2023-05-22,18.65,3.21,1.25,59.866499999999995
Nifty Smallcap 250,2023-05-23,18.76,3.21,1.25,60.21960000000001
Nifty Smallcap 250,2023-05-24,18.85,3.22,1.26,60.69700000000001
Nifty Smallcap 250,2023-05-25,18.94,3.23,1.26,61.1762
Nifty Smallcap 250,2023-05-26,19.12,3.24,1.25,61.948800000000006
Nifty Smallcap 250,2023-05-29,19.19,3.25,1.24,62.36750000000001
Nifty Smallcap 250,2023-05-30,19.35,3.25,1.24,62.8875
Nifty Smallcap 250,2023-05-31,19.5,3.28,1.24,63.959999999999994
Nifty Smallcap 250,2023-06-01,19.77,3.3,1.22,65.241
Nifty Smallcap 250,2023-06-02,20.01,3.32,1.19,66.4332
Nifty Smallcap 250,2023-06-05,20.03,3.33,1.19,66.6999
Nifty Smallcap 250,2023-06-06,20.14,3.35,1.18,67.46900000000001
Nifty Smallcap 250,2023-06-07,20.36,3.38,1.17,68.8168
Nifty Smallcap 250,2023-06-08,20.23,3.36,1.17,67.97279999999999
Nifty Smallcap 250,2023-06-09,20.21,3.36,1.16,67.9056
Nifty Smallcap 250,2023-06-12,20.34,3.38,1.18,68.7492
Nifty Smallcap 250,2023-06-13,20.49,3.4,1.17,69.666
Nifty Smallcap 250,2023-06-14,20.55,3.41,1.16,70.0755
Nifty Smallcap 250,2023-06-15,20.61,3.42,1.14,70.4862
Nifty Smallcap 250,2023-06-16,20.78,3.45,1.14,71.691
Nifty Smallcap 250,2023-06-19,20.84,3.46,1.14,72.1064
Nifty Smallcap 250,2023-06-20,20.93,3.48,1.14,72.8364
Nifty Smallcap 250,2023-06-21,20.94,3.48,1.14,72.8712
Nifty Smallcap 250,2023-06-22,20.79,3.45,1.15,71.7255
Nifty Smallcap 250,2023-06-23,20.57,3.42,1.14,70.3494
Nifty Smallcap 250,2023-06-26,20.71,3.44,1.13,71.2424
Nifty Smallcap 250,2023-06-27,20.83,3.46,1.12,72.0718
Nifty Smallcap 250,2023-06-28,20.86,3.47,1.12,72.3842
Nifty Smallcap 250,2023-06-30,20.79,3.45,1.10,71.7255
Nifty Smallcap 250,2023-07-03,20.98,3.48,1.10,73.0104
Nifty Smallcap 250,2023-07-04,21.0,3.49,1.09,73.29
Nifty Smallcap 250,2023-07-05,21.13,3.51,1.09,74.16629999999999
Nifty Smallcap 250,2023-07-06,21.31,3.54,1.09,75.4374
Nifty Smallcap 250,2023-07-07,21.24,3.53,1.13,74.9772
Nifty Smallcap 250,2023-07-10,21.17,3.51,1.13,74.3067
Nifty Smallcap 250,2023-07-11,21.37,3.55,1.12,75.8635
Nifty Smallcap 250,2023-07-12,21.48,3.56,1.11,76.4688
Nifty Smallcap 250,2023-07-13,21.33,3.54,1.12,75.50819999999999
Nifty Smallcap 250,2023-07-14,21.61,3.59,1.07,77.5799
Nifty Smallcap 250,2023-07-17,21.74,3.61,1.05,78.4814
Nifty Smallcap 250,2023-07-18,21.56,3.59,1.07,77.40039999999999
Nifty Smallcap 250,2023-07-19,21.66,3.61,1.05,78.1926
Nifty Smallcap 250,2023-07-20,21.71,3.62,1.05,78.59020000000001
Nifty Smallcap 250,2023-07-21,21.76,3.63,1.06,78.9888
Nifty Smallcap 250,2023-07-24,21.77,3.64,1.06,79.2428
Nifty Smallcap 250,2023-07-25,21.71,3.63,1.06,78.8073
Nifty Smallcap 250,2023-07-26,21.77,3.64,1.06,79.2428
Nifty Smallcap 250,2023-07-27,21.8,3.65,1.05,79.57000000000001
Nifty Smallcap 250,2023-07-28,22.49,3.66,1.08,82.3134
Nifty Smallcap 250,2023-07-31,22.67,3.7,1.07,83.879
Nifty Smallcap 250,2023-08-01,22.76,3.71,1.07,84.4396
Nifty Smallcap 250,2023-08-02,22.47,3.66,1.09,82.2402
Nifty Smallcap 250,2023-08-03,22.54,3.67,1.09,82.7218
Nifty Smallcap 250,2023-08-04,22.64,3.69,1.10,83.5416
Nifty Smallcap 250,2023-08-07,22.61,3.7,1.09,83.657
Nifty Smallcap 250,2023-08-08,22.74,3.71,1.10,84.3654
Nifty Smallcap 250,2023-08-09,22.87,3.73,1.09,85.30510000000001
Nifty Smallcap 250,2023-08-10,23.05,3.72,1.09,85.74600000000001
Nifty Smallcap 250,2023-08-11,22.8,3.71,1.07,84.58800000000001
Nifty Smallcap 250,2023-08-14,22.66,3.68,1.09,83.3888
Nifty Smallcap 250,2023-08-16,22.78,3.7,1.09,84.286
Nifty Smallcap 250,2023-08-17,22.82,3.71,1.08,84.6622
Nifty Smallcap 250,2023-08-18,22.76,3.7,1.09,84.212
Nifty Smallcap 250,2023-08-21,22.95,3.73,1.08,85.6035
Nifty Smallcap 250,2023-08-22,23.19,3.75,1.07,86.9625
Nifty Smallcap 250,2023-08-23,23.36,3.78,1.06,88.3008
Nifty Smallcap 250,2023-08-24,23.33,3.74,1.06,87.2542
Nifty Smallcap 250,2023-08-25,23.27,3.73,1.09,86.7971
Nifty Smallcap 250,2023-08-28,23.37,3.62,1.08,84.5994
Nifty Smallcap 250,2023-08-29,23.52,3.57,1.08,83.9664
Nifty Smallcap 250,2023-08-30,23.73,3.6,1.07,85.428
Nifty Smallcap 250,2023-08-31,24.05,3.65,1.06,87.7825
Nifty Smallcap 250,2023-09-01,24.22,3.64,1.06,88.1608
Nifty Smallcap 250,2023-09-04,24.47,3.67,1.05,89.80489999999999
Nifty Smallcap 250,2023-09-05,24.62,3.68,1.04,90.6016
Nifty Smallcap 250,2023-09-06,24.64,3.69,1.04,90.9216
Nifty Smallcap 250,2023-09-07,24.79,3.71,1.04,91.9709
Nifty Smallcap 250,2023-09-08,24.93,3.73,1.04,92.9889
Nifty Smallcap 250,2023-09-11,25.18,3.76,1.02,94.6768
Nifty Smallcap 250,2023-09-12,24.2,3.62,1.06,87.604
Nifty Smallcap 250,2023-09-13,24.44,3.65,1.05,89.206
Nifty Smallcap 250,2023-09-14,24.74,3.7,1.04,91.538
Nifty Smallcap 250,2023-09-15,24.8,3.71,1.04,92.008
Nifty Smallcap 250,2023-09-18,24.67,3.69,1.08,91.0323
Nifty Smallcap 250,2023-09-20,24.53,3.67,1.07,90.02510000000001
Nifty Smallcap 250,2023-09-21,24.26,3.63,1.07,88.0638
Nifty Smallcap 250,2023-09-22,24.26,3.63,1.07,88.0638
Nifty Smallcap 250,2023-09-25,24.29,3.63,1.07,88.17269999999999
Nifty Smallcap 250,2023-09-26,24.38,3.65,1.07,88.987
Nifty Smallcap 250,2023-09-27,24.56,3.51,1.06,86.20559999999999
Nifty Smallcap 250,2023-09-28,24.48,3.5,1.06,85.68
Nifty Smallcap 250,2023-09-29,24.54,3.22,1.05,79.0188
Nifty Smallcap 250,2023-10-03,24.69,3.24,1.00,79.99560000000001
Nifty Smallcap 250,2023-10-04,24.41,3.2,1.01,78.11200000000001
Nifty Smallcap 250,2023-10-05,24.55,3.22,1.01,79.051
Nifty Smallcap 250,2023-10-06,24.71,3.24,1.00,80.0604
Nifty Smallcap 250,2023-10-09,24.31,3.19,1.02,77.54889999999999
Nifty Smallcap 250,2023-10-10,24.58,3.23,1.01,79.3934
Nifty Smallcap 250,2023-10-11,24.75,3.25,1.00,80.4375
Nifty Smallcap 250,2023-10-12,24.93,3.27,0.99,81.5211
Nifty Smallcap 250,2023-10-13,24.89,3.26,0.99,81.14139999999999
Nifty Smallcap 250,2023-10-16,24.94,3.27,0.99,81.55380000000001
Nifty Smallcap 250,2023-10-17,25.11,3.3,0.99,82.863
Nifty Smallcap 250,2023-10-18,24.9,3.28,0.99,81.672
Nifty Smallcap 250,2023-10-19,24.87,3.29,0.99,81.8223
Nifty Smallcap 250,2023-10-20,24.67,3.26,1.00,80.4242
Nifty Smallcap 250,2023-10-23,23.58,3.14,1.04,74.0412
Nifty Smallcap 250,2023-10-25,23.26,3.12,1.04,72.5712
Nifty Smallcap 250,2023-10-26,23.21,3.12,1.04,72.4152
Nifty Smallcap 250,2023-10-27,23.65,3.18,1.02,75.207
Nifty Smallcap 250,2023-10-30,23.54,3.18,1.02,74.8572
Nifty Smallcap 250,2023-10-31,23.46,3.17,1.01,74.3682
Nifty Smallcap 250,2023-11-01,23.66,3.16,1.02,74.7656
Nifty Smallcap 250,2023-11-02,23.72,3.2,1.00,75.904
Nifty Smallcap 250,2023-11-03,23.96,3.49,0.99,83.6204
Nifty Smallcap 250,2023-11-06,24.24,3.52,0.98,85.3248
Nifty Smallcap 250,2023-11-07,24.32,3.54,0.98,86.0928
Nifty Smallcap 250,2023-11-08,24.55,3.56,0.99,87.39800000000001
Nifty Smallcap 250,2023-11-09,24.5,3.55,1.00,86.975
Nifty Smallcap 250,2023-11-10,24.39,3.57,1.00,87.0723
Nifty Smallcap 250,2023-11-12,24.7,3.61,0.99,89.16699999999999
Nifty Smallcap 250,2023-11-13,24.64,3.62,0.98,89.19680000000001
Nifty Smallcap 250,2023-11-15,24.94,3.66,0.97,91.28040000000001
Nifty Smallcap 250,2023-11-16,25.01,3.68,0.96,92.03680000000001
Nifty Smallcap 250,2023-11-17,25.1,3.69,0.96,92.619
Nifty Smallcap 250,2023-11-20,25.11,3.69,0.96,92.6559
Nifty Smallcap 250,2023-11-21,25.16,3.7,0.97,93.092
Nifty Smallcap 250,2023-11-22,24.94,3.67,0.98,91.52980000000001
Nifty Smallcap 250,2023-11-23,25.07,3.69,0.97,92.5083
Nifty Smallcap 250,2023-11-24,25.11,3.69,0.97,92.6559
Nifty Smallcap 250,2023-11-28,25.17,3.7,0.97,93.129
Nifty Smallcap 250,2023-11-29,25.36,3.73,0.96,94.5928
Nifty Smallcap 250,2023-11-30,25.63,3.77,0.95,96.6251
Nifty Smallcap 250,2023-12-01,25.77,3.79,0.94,97.6683
Nifty Smallcap 250,2023-12-04,26.09,3.84,0.93,100.1856
Nifty Smallcap 250,2023-12-05,26.13,3.84,0.93,100.33919999999999
Nifty Smallcap 250,2023-12-06,26.2,3.85,0.93,100.87
Nifty Smallcap 250,2023-12-07,26.28,3.86,0.92,101.4408
Nifty Smallcap 250,2023-12-08,26.05,3.83,0.93,99.7715
Nifty Smallcap 250,2023-12-11,26.2,3.85,0.92,100.87
Nifty Smallcap 250,2023-12-12,26.17,3.85,0.92,100.75450000000001
Nifty Smallcap 250,2023-12-13,26.33,3.87,0.92,101.8971
Nifty Smallcap 250,2023-12-14,26.54,3.9,0.92,103.506
Nifty Smallcap 250,2023-12-15,26.73,3.93,0.91,105.0489
Nifty Smallcap 250,2023-12-18,26.84,3.95,0.90,106.018
Nifty Smallcap 250,2023-12-19,26.86,3.95,0.90,106.09700000000001
Nifty Smallcap 250,2023-12-20,25.96,3.82,0.93,99.1672
Nifty Smallcap 250,2023-12-21,26.4,3.88,0.92,102.43199999999999
Nifty Smallcap 250,2023-12-22,26.67,3.92,0.91,104.5464
Nifty Smallcap 250,2023-12-26,26.75,3.93,0.91,105.1275
Nifty Smallcap 250,2023-12-27,26.83,3.95,0.90,105.9785
Nifty Smallcap 250,2023-12-28,26.99,3.97,0.90,107.1503
Nifty Smallcap 250,2023-12-29,27.37,4.02,0.89,110.02739999999999
Nifty Smallcap 250,2024-01-01,27.54,4.05,0.88,111.53699999999999
Nifty Smallcap 250,2024-01-02,27.53,4.04,0.88,111.22120000000001
Nifty Smallcap 250,2024-01-03,27.57,4.05,0.88,111.65849999999999
Nifty Smallcap 250,2024-01-04,27.85,4.09,0.87,113.90650000000001
Nifty Smallcap 250,2024-01-05,28.04,4.12,0.86,115.5248
Nifty Smallcap 250,2024-01-08,27.87,4.09,0.87,113.9883
Nifty Smallcap 250,2024-01-09,27.97,4.11,0.87,114.9567
Nifty Smallcap 250,2024-01-10,28.03,4.12,0.86,115.48360000000001
Nifty Smallcap 250,2024-01-11,28.28,4.15,0.86,117.36200000000001
Nifty Smallcap 250,2024-01-12,28.39,4.17,0.85,118.3863
Nifty Smallcap 250,2024-01-15,28.45,4.18,0.85,118.92099999999999
Nifty Smallcap 250,2024-01-16,28.37,4.16,0.86,118.01920000000001
Nifty Smallcap 250,2024-01-17,28.05,4.12,0.86,115.566
Nifty Smallcap 250,2024-01-18,28.01,4.12,0.86,115.4012
Nifty Smallcap 250,2024-01-19,28.26,4.16,0.85,117.56160000000001
Nifty Smallcap 250,2024-01-20,28.38,4.18,0.85,118.62839999999998
Nifty Smallcap 250,2024-01-23,27.58,4.07,0.88,112.2506
Nifty Smallcap 250,2024-01-24,27.92,4.14,0.86,115.58879999999999
Nifty Smallcap 250,2024-01-25,27.99,4.16,0.86,116.4384
Nifty Smallcap 250,2024-01-29,28.19,4.21,0.85,118.6799
Nifty Smallcap 250,2024-01-30,28.22,4.22,0.85,119.0884
Nifty Smallcap 250,2024-01-31,28.76,4.31,0.83,123.95559999999999
Nifty Smallcap 250,2024-02-01,28.71,4.31,0.92,123.7401
Nifty Smallcap 250,2024-02-02,28.82,4.34,0.92,125.0788
Nifty Smallcap 250,2024-02-05,28.87,4.34,0.92,125.2958
Nifty Smallcap 250,2024-02-06,29.07,4.38,0.91,127.3266
Nifty Smallcap 250,2024-02-07,29.11,4.4,0.90,128.084
Nifty Smallcap 250,2024-02-08,28.91,4.38,0.91,126.6258
Nifty Smallcap 250,2024-02-09,28.52,4.32,0.93,123.2064
Nifty Smallcap 250,2024-02-12,27.39,4.17,0.96,114.2163
Nifty Smallcap 250,2024-02-13,27.54,4.19,0.86,115.3926
Nifty Smallcap 250,2024-02-14,27.93,4.24,0.85,118.42320000000001
Nifty Smallcap 250,2024-02-15,28.29,4.29,0.84,121.3641
Nifty Smallcap 250,2024-02-16,28.6,4.32,0.86,123.55200000000002
Nifty Smallcap 250,2024-02-19,28.85,4.34,0.83,125.209
Nifty Smallcap 250,2024-02-20,28.74,4.32,0.83,124.1568
Nifty Smallcap 250,2024-02-21,28.52,4.29,0.84,122.35079999999999
Nifty Smallcap 250,2024-02-22,28.69,4.31,0.83,123.6539
Nifty Smallcap 250,2024-02-23,28.85,4.34,0.84,125.209
Nifty Smallcap 250,2024-02-26,28.81,4.33,0.82,124.7473
Nifty Smallcap 250,2024-02-27,29.27,4.34,0.82,127.03179999999999
Nifty Smallcap 250,2024-02-28,28.71,4.26,0.83,122.3046
Nifty Smallcap 250,2024-02-29,28.85,4.28,0.83,123.47800000000001
Nifty Smallcap 250,2024-03-01,29.03,4.31,0.82,125.1193
Nifty Smallcap 250,2024-03-02,29.24,4.34,0.82,126.90159999999999
Nifty Smallcap 250,2024-03-04,29.06,4.31,0.82,125.24859999999998
Nifty Smallcap 250,2024-03-05,28.87,4.28,0.83,123.56360000000001
Nifty Smallcap 250,2024-03-06,28.3,4.2,0.85,118.86000000000001
Nifty Smallcap 250,2024-03-07,28.53,4.23,0.84,120.68190000000001
Nifty Smallcap 250,2024-03-11,27.96,4.15,0.86,116.03400000000002
Nifty Smallcap 250,2024-03-12,27.39,4.06,0.88,111.20339999999999
Nifty Smallcap 250,2024-03-13,25.97,3.85,0.92,99.9845
Nifty Smallcap 250,2024-03-14,26.78,3.97,0.90,106.31660000000001
Nifty Smallcap 250,2024-03-15,26.84,3.98,0.89,106.8232
Nifty Smallcap 250,2024-03-18,26.76,3.97,0.90,106.23720000000002
Nifty Smallcap 250,2024-03-19,26.44,3.92,0.91,103.6448
Nifty Smallcap 250,2024-03-20,26.47,3.93,0.91,104.0271
Nifty Smallcap 250,2024-03-21,27.07,4.01,0.88,108.55069999999999
Nifty Smallcap 250,2024-03-22,27.29,4.05,0.88,110.52449999999999
Nifty Smallcap 250,2024-03-26,27.3,4.05,0.87,110.565
Nifty Smallcap 250,2024-03-27,27.53,4.08,0.87,112.3224
Nifty Smallcap 250,2024-03-28,26.6,4.15,0.87,110.39000000000001
Nifty Smallcap 250,2024-04-01,27.41,4.28,0.84,117.3148
Nifty Smallcap 250,2024-04-02,27.68,4.32,0.83,119.5776
Nifty Smallcap 250,2024-04-03,27.97,4.37,0.82,122.2289
Nifty Smallcap 250,2024-04-04,28.14,4.39,0.82,123.5346
Nifty Smallcap 250,2024-04-05,28.31,4.42,0.81,125.13019999999999
Nifty Smallcap 250,2024-04-08,28.38,4.43,0.81,125.72339999999998
Nifty Smallcap 250,2024-04-09,28.39,4.43,0.81,125.76769999999999
Nifty Smallcap 250,2024-04-10,28.56,4.46,0.80,127.37759999999999
Nifty Smallcap 250,2024-04-12,28.44,3.96,.81,112.6224
Nifty Smallcap 250,2024-04-15,28.01,3.9,.82,109.239
Nifty Smallcap 250,2024-04-16,28.18,3.92,.81,110.4656
Nifty Smallcap 250,2024-04-18,28.18,3.92,.81,110.4656
Nifty Smallcap 250,2024-04-19,28.12,3.92,.82,110.2304
Nifty Smallcap 250,2024-04-22,28.5,3.96,.8,112.86
Nifty Smallcap 250,2024-04-23,28.65,4.0,.88,114.6
Nifty Smallcap 250,2024-04-24,28.83,4.03,.88,116.1849
Nifty Smallcap 250,2024-04-25,29.05,4.06,.87,117.943
Nifty Smallcap 250,2024-04-26,29.18,4.06,.87,118.47079999999998
Nifty Smallcap 250,2024-04-29,29.1,4.07,.84,118.43700000000001
Nifty Smallcap 250,2024-04-30,28.98,4.07,.84,117.94860000000001
Nifty Smallcap 250,2024-05-02,28.87,4.07,.84,117.50090000000002
Nifty Smallcap 250,2024-05-03,28.51,4.05,.85,115.4655
Nifty Smallcap 250,2024-05-06,28.2,4.01,.85,113.082
Nifty Smallcap 250,2024-05-07,27.61,3.94,.87,108.7834
Nifty Smallcap 250,2024-05-08,27.76,3.96,.86,109.92960000000001
Nifty Smallcap 250,2024-05-09,26.82,3.85,.89,103.257
Nifty Smallcap 250,2024-05-10,26.96,3.88,.88,104.6048
Nifty Smallcap 250,2024-05-13,26.87,3.86,.88,103.7182
Nifty Smallcap 250,2024-05-14,27.25,3.93,.86,107.0925
Nifty Smallcap 250,2024-05-15,27.4,3.96,.86,108.50399999999999
Nifty Smallcap 250,2024-05-16,27.31,3.99,.85,108.9669
Nifty Smallcap 250,2024-05-17,27.79,4.05,.84,112.5495
Nifty Smallcap 250,2024-05-18,28.04,4.09,.83,114.6836
Nifty Smallcap 250,2024-05-21,27.92,4.07,.83,113.63440000000001
Nifty Smallcap 250,2024-05-22,27.92,4.07,.84,113.63440000000001
Nifty Smallcap 250,2024-05-23,27.99,4.08,.84,114.19919999999999
Nifty Smallcap 250,2024-05-24,27.98,4.07,.83,113.8786
Nifty Smallcap 250,2024-05-27,28.08,4.09,.83,114.84719999999999
Nifty Smallcap 250,2024-05-28,28.05,4.05,.84,113.60249999999999
Nifty Smallcap 250,2024-05-29,27.96,4.05,.84,113.238
Nifty Smallcap 250,2024-05-30,27.58,3.99,.85,110.0442
Nifty Smallcap 250,2024-05-31,27.72,4.02,.85,111.43439999999998
Nifty Smallcap 250,2024-06-03,28.25,4.1,.83,115.82499999999999
Nifty Smallcap 250,2024-06-04,26.36,3.79,.9,99.9044
Nifty Smallcap 250,2024-06-05,27.25,3.92,.87,106.82
Nifty Smallcap 250,2024-06-06,28.08,4.05,.85,113.72399999999999
Nifty Smallcap 250,2024-06-07,28.68,4.14,.84,118.73519999999999
Nifty Smallcap 250,2024-06-10,29.06,4.19,.82,121.76140000000001
Nifty Smallcap 250,2024-06-11,29.24,4.22,.82,123.39279999999998
Nifty Smallcap 250,2024-06-12,29.52,4.26,.8,125.75519999999999
Nifty Smallcap 250,2024-06-13,29.76,4.29,.8,127.6704
Nifty Smallcap 250,2024-06-14,30.01,4.33,.8,129.94330000000002
Nifty Smallcap 250,2024-06-18,30.31,4.36,.79,132.1516
Nifty Smallcap 250,2024-06-19,30.15,4.34,.8,130.851
Nifty Smallcap 250,2024-06-20,30.35,4.36,.79,132.32600000000002
Nifty Smallcap 250,2024-06-21,30.33,4.34,.8,131.63219999999998
Nifty Smallcap 250,2024-06-24,30.34,4.34,.8,131.6756
Nifty Smallcap 250,2024-06-25,30.36,4.35,.81,132.06599999999997
Nifty Smallcap 250,2024-06-26,30.42,4.35,.81,132.327
Nifty Smallcap 250,2024-06-27,30.25,4.33,.81,130.98250000000002
Nifty Smallcap 250,2024-06-28,30.7,4.39,.84,134.773
Nifty Smallcap 250,2024-07-01,31.16,4.45,.82,138.662
Nifty Smallcap 250,2024-07-02,31.11,4.45,.82,138.4395
Nifty Smallcap 250,2024-07-03,31.39,4.48,.82,140.62720000000002
Nifty Smallcap 250,2024-07-04,31.56,4.51,.81,142.3356
Nifty Smallcap 250,2024-07-05,31.77,4.54,.83,144.2358
Nifty Smallcap 250,2024-07-08,31.69,4.53,.79,143.5557
Nifty Smallcap 250,2024-07-09,31.76,4.54,.79,144.1904
Nifty Smallcap 250,2024-07-10,31.55,4.51,.81,142.2905
Nifty Smallcap 250,2024-07-11,31.74,4.53,.81,143.7822
Nifty Smallcap 250,2024-07-12,31.71,4.53,.83,143.64630000000002
Nifty Smallcap 250,2024-07-15,31.82,4.54,.82,144.46280000000002
Nifty Smallcap 250,2024-07-16,31.88,4.51,.84,143.7788
Nifty Smallcap 250,2024-07-18,31.49,4.46,.86,140.44539999999998
Nifty Smallcap 250,2024-07-19,30.8,4.35,.91,133.98
Nifty Smallcap 250,2024-07-22,30.98,4.36,.88,135.0728
Nifty Smallcap 250,2024-07-23,30.64,4.33,.89,132.6712
Nifty Smallcap 250,2024-07-24,31.25,4.41,.88,137.8125
Nifty Smallcap 250,2024-07-25,31.16,4.4,.88,137.104
Nifty Smallcap 250,2024-07-26,31.46,4.44,.88,139.68240000000003
Nifty Smallcap 250,2024-07-29,31.78,4.49,.85,142.6922
Nifty Smallcap 250,2024-07-30,31.91,4.52,.85,144.23319999999998
Nifty Smallcap 250,2024-07-31,31.81,4.52,.85,143.78119999999998
Nifty Smallcap 250,2024-08-01,31.54,4.49,.86,141.6146
Nifty Smallcap 250,2024-08-02,31.25,4.45,.87,139.0625
Nifty Smallcap 250,2024-08-05,29.86,4.26,.89,127.2036
Nifty Smallcap 250,2024-08-06,29.68,4.25,.9,126.14
Nifty Smallcap 250,2024-08-07,30.45,4.35,.89,132.45749999999998
Nifty Smallcap 250,2024-08-08,30.57,4.34,.88,132.6738
Nifty Smallcap 250,2024-08-09,30.68,4.36,.9,133.7648
Nifty Smallcap 250,2024-08-12,30.67,4.38,.89,134.3346
Nifty Smallcap 250,2024-08-13,30.03,4.32,.9,129.7296
Nifty Smallcap 250,2024-08-14,29.65,4.3,.91,127.49499999999999
Nifty Smallcap 250,2024-08-16,30.21,4.37,.9,132.01770000000002
Nifty Smallcap 250,2024-08-19,30.65,4.44,.87,136.086
Nifty Smallcap 250,2024-08-20,30.82,4.46,.87,137.4572
Nifty Smallcap 250,2024-08-21,31.16,4.51,.86,140.5316
Nifty Smallcap 250,2024-08-22,31.25,4.53,.86,141.5625
Nifty Smallcap 250,2024-08-23,31.29,4.53,.86,141.7437
Nifty Smallcap 250,2024-08-26,31.42,4.55,.84,142.961
Nifty Smallcap 250,2024-08-27,31.66,4.59,.83,145.3194
Nifty Smallcap 250,2024-08-28,31.6,4.58,.83,144.728
Nifty Smallcap 250,2024-08-29,31.42,4.55,.84,142.961
Nifty Smallcap 250,2024-08-30,31.58,4.57,.84,144.3206
Nifty Smallcap 250,2024-09-02,31.55,4.57,.83,144.1835
Nifty Smallcap 250,2024-09-03,31.74,4.6,.82,146.004
Nifty Smallcap 250,2024-09-04,31.84,4.61,.82,146.7824
Nifty Smallcap 250,2024-09-05,32.14,4.66,.82,149.7724
Nifty Smallcap 250,2024-09-06,31.81,4.61,.85,146.6441
Nifty Smallcap 250,2024-09-09,31.55,4.57,.84,144.1835
Nifty Smallcap 250,2024-09-10,31.94,4.52,.83,144.3688
Nifty Smallcap 250,2024-09-11,31.69,4.36,.84,138.16840000000002
Nifty Smallcap 250,2024-09-12,31.94,4.31,.83,137.6614
Nifty Smallcap 250,2024-09-13,32.22,4.32,.83,139.1904
Nifty Smallcap 250,2024-09-16,32.27,4.32,.82,139.40640000000002
Nifty Smallcap 250,2024-09-17,32.05,4.3,.83,137.81499999999997
Nifty Smallcap 250,2024-09-18,31.94,4.28,.81,136.7032
Nifty Smallcap 250,2024-09-19,31.58,4.24,.83,133.8992
Nifty Smallcap 250,2024-09-20,31.91,4.27,.84,136.2557
Nifty Smallcap 250,2024-09-23,32.15,4.3,.83,138.24499999999998
Nifty Smallcap 250,2024-09-24,32.08,4.29,.83,137.6232
Nifty Smallcap 250,2024-09-25,31.97,4.28,.83,136.8316
Nifty Smallcap 250,2024-09-26,31.82,4.26,.84,135.5532
Nifty Smallcap 250,2024-09-27,31.76,4.25,.84,134.98000000000002
Nifty Smallcap 250,2024-09-30,33.49,4.32,.83,144.67680000000001
Nifty Smallcap 250,2024-10-01,33.71,4.35,.83,146.6385
Nifty Smallcap 250,2024-10-03,33.07,4.27,.84,141.2089
Nifty Smallcap 250,2024-10-04,32.78,4.23,.85,138.6594
Nifty Smallcap 250,2024-10-07,31.86,4.11,.88,130.9446
Nifty Smallcap 250,2024-10-08,32.53,4.2,.86,136.626
Nifty Smallcap 250,2024-10-09,32.93,4.25,.85,139.9525
Nifty Smallcap 250,2024-10-10,33.15,4.32,.85,143.208
Nifty Smallcap 250,2024-10-11,33.3,4.34,.84,144.522
Nifty Smallcap 250,2024-10-14,33.4,4.35,.84,145.29
Nifty Smallcap 250,2024-10-15,33.77,4.4,.83,148.58800000000002
Nifty Smallcap 250,2024-10-16,33.85,4.43,.83,149.9555
Nifty Smallcap 250,2024-10-17,33.39,4.36,.84,145.58040000000003
Nifty Smallcap 250,2024-10-18,33.37,4.36,.84,145.4932
Nifty Smallcap 250,2024-10-21,32.79,4.29,.85,140.6691
Nifty Smallcap 250,2024-10-22,31.37,4.13,.88,129.5581
Nifty Smallcap 250,2024-10-23,31.65,4.18,.87,132.297
Nifty Smallcap 250,2024-10-24,31.72,4.15,.88,131.638
Nifty Smallcap 250,2024-10-25,31.01,4.06,.9,125.9006
Nifty Smallcap 250,2024-10-28,31.58,4.1,.89,129.47799999999998
Nifty Smallcap 250,2024-10-29,31.75,4.13,.88,131.1275
Nifty Smallcap 250,2024-10-30,32.13,4.18,.87,134.3034
Nifty Smallcap 250,2024-10-31,32.37,4.25,.86,137.5725
Nifty Smallcap 250,2024-11-01,32.71,4.29,.84,140.32590000000002
Nifty Smallcap 250,2024-11-04,32.03,4.21,.86,134.8463
Nifty Smallcap 250,2024-11-05,32.19,4.23,.85,136.1637
Nifty Smallcap 250,2024-11-06,32.81,4.31,.84,141.4111
Nifty Smallcap 250,2024-11-07,32.64,4.29,.85,140.0256
Nifty Smallcap 250,2024-11-08,32.14,4.22,.87,135.6308
Nifty Smallcap 250,2024-11-11,31.82,4.17,.87,132.6894
Nifty Smallcap 250,2024-11-12,31.47,4.11,.88,129.3417
Nifty Smallcap 250,2024-11-13,30.62,3.99,.91,122.17380000000001
Nifty Smallcap 250,2024-11-14,30.85,4.02,.91,124.017
Nifty Smallcap 250,2024-11-18,30.54,3.99,.91,121.8546
Nifty Smallcap 250,2024-11-19,30.49,4.03,.92,122.8747
Nifty Smallcap 250,2024-11-21,32.15,4.01,.91,128.92149999999998
Nifty Smallcap 250,2024-11-22,32.52,4.05,.9,131.70600000000002
Nifty Smallcap 250,2024-11-25,33.2,4.13,.88,137.116
Nifty Smallcap 250,2024-11-26,33.41,4.16,.87,138.98559999999998
Nifty Smallcap 250,2024-11-27,33.75,4.15,.87,140.0625
Nifty Smallcap 250,2024-11-28,33.8,4.09,.87,138.242
Nifty Smallcap 250,2024-11-29,34.11,4.13,.88,140.8743
Nifty Smallcap 250,2024-12-02,34.34,4.16,.87,142.85440000000003
Nifty Smallcap 250,2024-12-03,34.67,4.2,.86,145.614
Nifty Smallcap 250,2024-12-04,34.93,4.23,.86,147.75390000000002
Nifty Smallcap 250,2024-12-05,35.1,4.25,.86,149.175
Nifty Smallcap 250,2024-12-06,35.29,4.27,.85,150.68829999999997
Nifty Smallcap 250,2024-12-09,35.42,4.29,.85,151.95180000000002
Nifty Smallcap 250,2024-12-10,35.52,4.3,.85,152.73600000000002
Nifty Smallcap 250,2024-12-11,35.62,4.31,.84,153.52219999999997
Nifty Smallcap 250,2024-12-12,35.29,4.27,.85,150.68829999999997
Nifty Smallcap 250,2024-12-13,35.16,4.26,.85,149.78159999999997
Nifty Smallcap 250,2024-12-16,35.31,4.28,.85,151.12680000000003
Nifty Smallcap 250,2024-12-17,35.12,4.25,.85,149.26
Nifty Smallcap 250,2024-12-18,34.88,4.22,.86,147.1936
Nifty Smallcap 250,2024-12-19,34.76,4.21,.86,146.3396
Nifty Smallcap 250,2024-12-20,34.06,4.13,.88,140.6678
Nifty Smallcap 250,2024-12-23,33.92,4.11,.88,139.4112
Nifty Smallcap 250,2024-12-24,34.02,4.03,.88,137.10060000000001
Nifty Smallcap 250,2024-12-26,34.01,4.03,.88,137.0603
Nifty Smallcap 250,2024-12-27,34.1,4.04,.88,137.764
Nifty Smallcap 250,2024-12-30,33.96,4.03,.88,136.8588
Nifty Smallcap 250,2024-12-31,34.39,4.1,.87,140.999
Nifty Smallcap 250,2025-01-01,34.7,4.14,.86,143.658
Nifty Smallcap 250,2025-01-02,34.89,4.16,.85,145.1424
Nifty Smallcap 250,2025-01-03,34.82,4.15,.85,144.50300000000001
Nifty Smallcap 250,2025-01-06,33.82,4.03,.88,136.2946
Nifty Smallcap 250,2025-01-07,34.3,4.09,.87,140.28699999999998
Nifty Smallcap 250,2025-01-08,33.82,4.03,.88,136.2946
Nifty Smallcap 250,2025-01-09,33.43,3.98,.89,133.0514
Nifty Smallcap 250,2025-01-10,32.61,3.89,.91,126.8529
Nifty Smallcap 250,2025-01-13,31.31,3.73,.95,116.7863
Nifty Smallcap 250,2025-01-14,31.84,3.79,.94,120.67360000000001
Nifty Smallcap 250,2025-01-15,31.98,3.81,.93,121.8438
Nifty Smallcap 250,2025-01-16,32.68,3.86,.94,126.14479999999999
Nifty Smallcap 250,2025-01-17,32.69,3.86,.94,126.18339999999999
Nifty Smallcap 250,2025-01-20,32.94,3.89,.93,128.1366
Nifty Smallcap 250,2025-01-21,32.41,3.81,.96,123.48209999999999
Nifty Smallcap 250,2025-01-22,31.8,3.75,.97,119.25
Nifty Smallcap 250,2025-01-23,31.91,3.78,.96,120.6198
Nifty Smallcap 250,2025-01-24,31.23,3.69,.98,115.2387
Nifty Smallcap 250,2025-01-27,30.05,3.56,1.02,106.97800000000001
Nifty Smallcap 250,2025-01-28,29.55,3.49,1.04,103.12950000000001
Nifty Smallcap 250,2025-01-29,29.79,3.61,.99,107.5419
Nifty Smallcap 250,2025-01-30,29.79,3.6,1,107.244
Nifty Smallcap 250,2025-01-31,30.18,3.66,.99,110.4588
Nifty Smallcap 250,2025-02-01,30.39,3.68,.91,111.8352
Nifty Smallcap 250,2025-02-03,29.88,3.62,.93,108.1656
Nifty Smallcap 250,2025-02-04,30.24,3.66,.92,110.6784
Nifty Smallcap 250,2025-02-05,30.7,3.72,.9,114.20400000000001
Nifty Smallcap 250,2025-02-06,30.81,3.72,.9,114.6132
Nifty Smallcap 250,2025-02-07,30.51,3.7,.91,112.88700000000001
Nifty Smallcap 250,2025-02-10,29.8,3.62,.93,107.876
Nifty Smallcap 250,2025-02-11,28.78,3.5,.96,100.73
Nifty Smallcap 250,2025-02-12,28.37,3.48,.96,98.72760000000001
Nifty Smallcap 250,2025-02-13,28.23,3.46,.96,97.6758
Nifty Smallcap 250,2025-02-14,27.52,3.35,1.02,92.19200000000001
Nifty Smallcap 250,2025-02-17,27.52,3.34,1,91.9168
Nifty Smallcap 250,2025-02-18,26.86,3.29,1.02,88.3694
Nifty Smallcap 250,2025-02-19,27.46,3.37,1,92.54020000000001
Nifty Smallcap 250,2025-02-20,27.8,3.41,.99,94.798
Nifty Smallcap 250,2025-02-21,27.64,3.39,1,93.6996
Nifty Smallcap 250,2025-02-24,27.31,3.35,1,91.4885
Nifty Smallcap 250,2025-02-25,27.18,3.33,1,90.5094
Nifty Smallcap 250,2025-02-27,26.73,3.28,1.02,87.67439999999999
Nifty Smallcap 250,2025-02-28,26.09,3.2,1.04,83.488
Nifty Smallcap 250,2025-03-03,25.92,3.18,1.05,82.4256
Nifty Smallcap 250,2025-03-04,26.23,3.21,1.04,84.1983
Nifty Smallcap 250,2025-03-05,26.94,3.3,1.01,88.902
Nifty Smallcap 250,2025-03-06,27.34,3.35,1,91.589
Nifty Smallcap 250,2025-03-07,27.53,3.37,.99,92.77610000000001
Nifty Smallcap 250,2025-03-10,27.0,3.31,1.01,89.37
Nifty Smallcap 250,2025-03-11,26.83,3.29,1.01,88.27069999999999
Nifty Smallcap 250,2025-03-12,26.76,3.28,1.02,87.7728
Nifty Smallcap 250,2025-03-13,26.57,3.26,1.02,86.6182
Nifty Smallcap 250,2025-03-17,26.66,3.27,1.02,87.1782
Nifty Smallcap 250,2025-03-18,27.36,3.35,1.02,91.656
Nifty Smallcap 250,2025-03-19,27.9,3.42,1,95.41799999999999
Nifty Smallcap 250,2025-03-20,28.12,3.45,1,97.01400000000001
Nifty Smallcap 250,2025-03-21,28.89,3.52,.96,101.6928
Nifty Smallcap 250,2025-03-24,29.17,3.55,.95,103.5535
Nifty Smallcap 250,2025-03-25,28.78,3.5,.96,100.73
Nifty Smallcap 250,2025-03-26,28.37,3.46,.98,98.1602
Nifty Smallcap 250,2025-03-27,28.64,3.49,.97,99.95360000000001
Nifty Smallcap 250,2025-03-28,29.42,3.56,.89,104.7352
Nifty Smallcap 250,2025-04-01,29.28,3.54,.9,103.6512
Nifty Smallcap 250,2025-04-02,29.57,3.57,.89,105.5649
Nifty Smallcap 250,2025-04-03,29.77,3.6,.88,107.172
Nifty Smallcap 250,2025-04-04,28.79,3.48,.91,100.1892
Nifty Smallcap 250,2025-04-07,27.64,3.34,.95,92.3176
Nifty Smallcap 250,2025-04-08,28.24,3.41,.93,96.2984
Nifty Smallcap 250,2025-04-09,27.94,3.38,.94,94.4372
Nifty Smallcap 250,2025-04-11,28.84,3.49,.91,100.6516
Nifty Smallcap 250,2025-04-15,29.72,3.6,.88,106.992
Nifty Smallcap 250,2025-04-16,30.0,3.63,.88,108.89999999999999
Nifty Smallcap 250,2025-04-17,30.14,3.65,.87,110.011
Nifty Smallcap 250,2025-04-21,30.72,3.72,.85,114.2784
Nifty Smallcap 250,2025-04-22,30.97,3.75,.85,116.13749999999999
Nifty Smallcap 250,2025-04-23,31.04,3.76,.7,116.71039999999999
Nifty Smallcap 250,2025-04-24,31.02,3.76,.7,116.6352
Nifty Smallcap 250,2025-04-25,30.26,3.67,.71,111.05420000000001
Nifty Smallcap 250,2025-04-28,30.32,3.68,.71,111.5776
Nifty Smallcap 250,2025-04-29,30.43,3.69,.71,112.2867
Nifty Smallcap 250,2025-04-30,30.04,3.63,.72,109.0452
Nifty Smallcap 250,2025-05-02,30.03,3.63,.72,109.0089
