Index Name,DATE,pe,pb,divYield,pe*pb
Nifty Financial Services,2011-09-07,18.55,2.71,1.24,50.2705
Nifty Financial Services,2011-09-08,18.59,2.71,1.24,50.3789
Nifty Financial Services,2011-09-09,18.24,2.66,1.27,48.5184
Nifty Financial Services,2011-09-12,17.75,2.59,1.30,45.9725
Nifty Financial Services,2011-09-13,17.65,2.58,1.31,45.537
Nifty Financial Services,2011-09-14,17.84,2.6,1.29,46.384
Nifty Financial Services,2011-09-15,18.17,2.65,1.27,48.1505
Nifty Financial Services,2011-09-16,18.35,2.68,1.26,49.178000000000004
Nifty Financial Services,2011-09-19,18.11,2.64,1.27,47.8104
Nifty Financial Services,2011-09-20,18.57,2.71,1.24,50.3247
Nifty Financial Services,2011-09-21,18.71,2.73,1.23,51.0783
Nifty Financial Services,2011-09-22,17.89,2.61,1.29,46.6929
Nifty Financial Services,2011-09-23,17.56,2.56,1.32,44.953599999999994
Nifty Financial Services,2011-09-26,17.52,2.56,1.32,44.8512
Nifty Financial Services,2011-09-27,17.97,2.62,1.29,47.0814
Nifty Financial Services,2011-09-28,17.77,2.59,1.30,46.0243
Nifty Financial Services,2011-09-29,18.07,2.64,1.28,47.704800000000006
Nifty Financial Services,2011-09-30,17.74,2.59,1.30,45.9466
Nifty Financial Services,2011-10-03,17.29,2.52,1.34,43.5708
Nifty Financial Services,2011-10-04,16.83,2.46,1.37,41.401799999999994
Nifty Financial Services,2011-10-05,16.54,2.41,1.40,39.8614
Nifty Financial Services,2011-10-07,17.16,2.51,1.35,43.0716
Nifty Financial Services,2011-10-10,17.49,2.55,1.32,44.59949999999999
Nifty Financial Services,2011-10-11,17.55,2.56,1.32,44.928000000000004
Nifty Financial Services,2011-10-12,18.02,2.63,1.28,47.392599999999995
Nifty Financial Services,2011-10-13,18.1,2.64,1.28,47.784000000000006
Nifty Financial Services,2011-10-14,18.22,2.66,1.27,48.4652
Nifty Financial Services,2011-10-17,18.33,2.68,1.26,49.1244
Nifty Financial Services,2011-10-18,18.01,2.65,1.27,47.7265
Nifty Financial Services,2011-10-19,18.41,2.7,1.25,49.707
Nifty Financial Services,2011-10-20,17.92,2.66,1.27,47.66720000000001
Nifty Financial Services,2011-10-21,17.78,2.64,1.28,46.93920000000001
Nifty Financial Services,2011-10-24,17.7,2.64,1.28,46.728
Nifty Financial Services,2011-10-25,17.72,2.64,1.28,46.7808
Nifty Financial Services,2011-10-26,17.75,2.65,1.27,47.0375
Nifty Financial Services,2011-10-28,18.41,2.75,1.23,50.6275
Nifty Financial Services,2011-10-31,18.46,2.75,1.22,50.765
Nifty Financial Services,2011-11-01,17.94,2.71,1.24,48.6174
Nifty Financial Services,2011-11-02,17.87,2.7,1.25,48.249
Nifty Financial Services,2011-11-03,17.87,2.7,1.25,48.249
Nifty Financial Services,2011-11-04,17.96,2.72,1.24,48.851200000000006
Nifty Financial Services,2011-11-08,17.97,2.72,1.24,48.8784
Nifty Financial Services,2011-11-09,17.49,2.66,1.27,46.523399999999995
Nifty Financial Services,2011-11-11,16.92,2.58,1.31,43.653600000000004
Nifty Financial Services,2011-11-14,16.91,2.58,1.31,43.6278
Nifty Financial Services,2011-11-15,16.62,2.53,1.33,42.0486
Nifty Financial Services,2011-11-16,16.54,2.51,1.34,41.51539999999999
Nifty Financial Services,2011-11-17,16.28,2.47,1.36,40.211600000000004
Nifty Financial Services,2011-11-18,16.22,2.46,1.37,39.901199999999996
Nifty Financial Services,2011-11-21,15.69,2.38,1.41,37.3422
Nifty Financial Services,2011-11-22,15.87,2.41,1.40,38.2467
Nifty Financial Services,2011-11-23,15.47,2.35,1.43,36.3545
Nifty Financial Services,2011-11-24,15.56,2.36,1.43,36.7216
Nifty Financial Services,2011-11-25,15.48,2.35,1.43,36.378
Nifty Financial Services,2011-11-28,16.12,2.45,1.38,39.49400000000001
Nifty Financial Services,2011-11-29,15.85,2.41,1.40,38.1985
Nifty Financial Services,2011-11-30,15.8,2.4,1.40,37.92
Nifty Financial Services,2011-12-01,16.35,2.48,1.36,40.548
Nifty Financial Services,2011-12-02,16.84,2.56,1.32,43.1104
Nifty Financial Services,2011-12-05,16.82,2.56,1.32,43.059200000000004
Nifty Financial Services,2011-12-07,16.91,2.57,1.31,43.4587
Nifty Financial Services,2011-12-08,16.48,2.5,1.35,41.2
Nifty Financial Services,2011-12-09,16.22,2.46,1.37,39.901199999999996
Nifty Financial Services,2011-12-12,15.76,2.39,1.41,37.6664
Nifty Financial Services,2011-12-13,15.81,2.4,1.40,37.944
Nifty Financial Services,2011-12-14,15.65,2.38,1.42,37.247
Nifty Financial Services,2011-12-15,15.59,2.37,1.42,36.9483
Nifty Financial Services,2011-12-16,15.15,2.3,1.46,34.845
Nifty Financial Services,2011-12-19,14.74,2.24,1.50,33.0176
Nifty Financial Services,2011-12-20,14.64,2.22,1.51,32.500800000000005
Nifty Financial Services,2011-12-21,15.32,2.33,1.45,35.6956
Nifty Financial Services,2011-12-22,15.62,2.37,1.42,37.0194
Nifty Financial Services,2011-12-23,15.49,2.35,1.43,36.4015
Nifty Financial Services,2011-12-26,15.62,2.37,1.42,37.0194
Nifty Financial Services,2011-12-27,15.5,2.36,1.43,36.58
Nifty Financial Services,2011-12-28,15.25,2.32,1.45,35.379999999999995
Nifty Financial Services,2011-12-29,15.08,2.29,1.47,34.5332
Nifty Financial Services,2011-12-30,14.98,2.28,1.48,34.154399999999995
Nifty Financial Services,2012-01-02,14.99,2.28,1.48,34.1772
Nifty Financial Services,2012-01-03,15.55,2.36,1.43,36.698
Nifty Financial Services,2012-01-04,15.63,2.38,1.42,37.1994
Nifty Financial Services,2012-01-05,15.8,2.4,1.40,37.92
Nifty Financial Services,2012-01-06,15.83,2.41,1.40,38.1503
Nifty Financial Services,2012-01-07,15.77,2.4,1.41,37.848
Nifty Financial Services,2012-01-09,15.79,2.4,1.40,37.895999999999994
Nifty Financial Services,2012-01-10,16.24,2.47,1.37,40.1128
Nifty Financial Services,2012-01-11,16.38,2.49,1.35,40.7862
Nifty Financial Services,2012-01-12,16.55,2.51,1.34,41.5405
Nifty Financial Services,2012-01-13,16.56,2.52,1.34,41.731199999999994
Nifty Financial Services,2012-01-16,16.51,2.52,1.34,41.6052
Nifty Financial Services,2012-01-17,16.68,2.53,1.34,42.200399999999995
Nifty Financial Services,2012-01-18,16.7,2.53,1.34,42.251
Nifty Financial Services,2012-01-19,17.04,2.58,1.31,43.9632
Nifty Financial Services,2012-01-20,17.43,2.64,1.28,46.0152
Nifty Financial Services,2012-01-23,17.42,2.64,1.28,45.988800000000005
Nifty Financial Services,2012-01-24,17.58,2.71,1.25,47.641799999999996
Nifty Financial Services,2012-01-25,17.7,2.72,1.24,48.144
Nifty Financial Services,2012-01-27,17.63,2.71,1.25,47.7773
Nifty Financial Services,2012-01-30,17.15,2.64,1.28,45.275999999999996
Nifty Financial Services,2012-01-31,17.75,2.73,1.24,48.4575
Nifty Financial Services,2012-02-01,17.81,2.74,1.24,48.7994
Nifty Financial Services,2012-02-02,17.53,2.74,1.24,48.03220000000001
Nifty Financial Services,2012-02-03,17.83,2.78,1.22,49.56739999999999
Nifty Financial Services,2012-02-06,17.95,2.81,1.20,50.4395
Nifty Financial Services,2012-02-07,17.9,2.8,1.21,50.11999999999999
Nifty Financial Services,2012-02-08,17.95,2.76,1.26,49.541999999999994
Nifty Financial Services,2012-02-09,18.22,2.8,1.25,51.01599999999999
Nifty Financial Services,2012-02-10,18.06,2.77,1.26,50.026199999999996
Nifty Financial Services,2012-02-13,18.06,2.78,1.25,50.206799999999994
Nifty Financial Services,2012-02-14,18.08,2.8,1.24,50.623999999999995
Nifty Financial Services,2012-02-15,18.64,2.89,1.21,53.869600000000005
Nifty Financial Services,2012-02-16,18.72,2.9,1.20,54.288
Nifty Financial Services,2012-02-17,18.95,2.94,1.19,55.712999999999994
Nifty Financial Services,2012-02-21,19.07,2.99,1.18,57.01930000000001
Nifty Financial Services,2012-02-22,18.45,2.89,1.22,53.3205
Nifty Financial Services,2012-02-23,18.37,2.89,1.22,53.08930000000001
Nifty Financial Services,2012-02-24,17.94,2.82,1.25,50.5908
Nifty Financial Services,2012-02-27,17.35,2.73,1.30,47.365500000000004
Nifty Financial Services,2012-02-28,17.88,2.81,1.26,50.242799999999995
Nifty Financial Services,2012-02-29,17.78,2.8,1.26,49.784
Nifty Financial Services,2012-03-01,17.61,2.77,1.28,48.7797
Nifty Financial Services,2012-03-02,17.8,2.8,1.26,49.839999999999996
Nifty Financial Services,2012-03-03,17.81,2.8,1.26,49.867999999999995
Nifty Financial Services,2012-03-05,17.39,2.74,1.29,47.6486
Nifty Financial Services,2012-03-06,17.19,2.71,1.31,46.584900000000005
Nifty Financial Services,2012-03-07,17.3,2.72,1.30,47.056000000000004
Nifty Financial Services,2012-03-09,17.97,2.83,1.25,50.8551
Nifty Financial Services,2012-03-12,18.24,2.88,1.24,52.53119999999999
Nifty Financial Services,2012-03-13,18.4,2.91,1.23,53.544
Nifty Financial Services,2012-03-14,18.62,2.94,1.22,54.7428
Nifty Financial Services,2012-03-15,18.12,2.86,1.25,51.8232
Nifty Financial Services,2012-03-16,17.91,2.83,1.26,50.685300000000005
Nifty Financial Services,2012-03-19,17.54,2.77,1.29,48.5858
Nifty Financial Services,2012-03-20,17.7,2.8,1.28,49.559999999999995
Nifty Financial Services,2012-03-21,18.11,2.86,1.25,51.794599999999996
Nifty Financial Services,2012-03-22,17.57,2.78,1.29,48.8446
Nifty Financial Services,2012-03-23,17.74,2.8,1.28,49.67199999999999
Nifty Financial Services,2012-03-26,17.32,2.74,1.31,47.4568
Nifty Financial Services,2012-03-27,17.55,2.77,1.29,48.6135
Nifty Financial Services,2012-03-28,17.25,2.73,1.31,47.0925
Nifty Financial Services,2012-03-29,17.25,2.73,1.31,47.0925
Nifty Financial Services,2012-03-30,17.66,2.79,1.28,49.2714
Nifty Financial Services,2012-04-02,17.87,2.82,1.27,50.3934
Nifty Financial Services,2012-04-03,18.09,2.86,1.25,51.737399999999994
Nifty Financial Services,2012-04-04,17.94,2.84,1.26,50.949600000000004
Nifty Financial Services,2012-04-09,17.54,2.77,1.29,48.5858
Nifty Financial Services,2012-04-10,17.66,2.79,1.28,49.2714
Nifty Financial Services,2012-04-11,17.7,2.8,1.28,49.559999999999995
Nifty Financial Services,2012-04-12,17.96,2.84,1.26,51.0064
Nifty Financial Services,2012-04-13,17.83,2.82,1.27,50.28059999999999
Nifty Financial Services,2012-04-16,18.11,2.87,1.25,51.9757
Nifty Financial Services,2012-04-17,18.29,2.9,1.24,53.041
Nifty Financial Services,2012-04-18,18.26,2.89,1.24,52.77140000000001
Nifty Financial Services,2012-04-19,18.23,2.91,1.23,53.0493
Nifty Financial Services,2012-04-20,18.02,2.88,1.24,51.8976
Nifty Financial Services,2012-04-23,17.74,2.84,1.26,50.38159999999999
Nifty Financial Services,2012-04-24,17.68,2.83,1.27,50.0344
Nifty Financial Services,2012-04-25,17.56,2.81,1.28,49.343599999999995
Nifty Financial Services,2012-04-26,17.48,2.8,1.28,48.943999999999996
Nifty Financial Services,2012-04-27,17.53,2.8,1.28,49.084
Nifty Financial Services,2012-04-28,17.63,2.82,1.27,49.71659999999999
Nifty Financial Services,2012-04-30,17.68,2.83,1.27,50.0344
Nifty Financial Services,2012-05-02,17.32,2.83,1.26,49.0156
Nifty Financial Services,2012-05-03,17.06,2.79,1.28,47.5974
Nifty Financial Services,2012-05-04,16.59,2.71,1.32,44.9589
Nifty Financial Services,2012-05-07,16.71,2.73,1.31,45.618300000000005
Nifty Financial Services,2012-05-08,16.29,2.67,1.34,43.494299999999996
Nifty Financial Services,2012-05-09,16.03,2.63,1.36,42.1589
Nifty Financial Services,2012-05-10,16.03,2.63,1.36,42.1589
Nifty Financial Services,2012-05-11,15.91,2.62,1.37,41.684200000000004
Nifty Financial Services,2012-05-14,15.85,2.6,1.38,41.21
Nifty Financial Services,2012-05-15,15.95,2.61,1.37,41.62949999999999
Nifty Financial Services,2012-05-16,15.6,2.55,1.40,39.779999999999994
Nifty Financial Services,2012-05-17,15.67,2.57,1.40,40.271899999999995
Nifty Financial Services,2012-05-18,15.87,2.6,1.38,41.262
Nifty Financial Services,2012-05-21,15.17,2.63,1.36,39.897099999999995
Nifty Financial Services,2012-05-22,14.98,2.59,1.38,38.7982
Nifty Financial Services,2012-05-23,14.88,2.58,1.39,38.3904
Nifty Financial Services,2012-05-24,15.24,2.65,1.35,40.385999999999996
Nifty Financial Services,2012-05-25,15.23,2.65,1.35,40.3595
Nifty Financial Services,2012-05-28,15.56,2.71,1.32,42.1676
Nifty Financial Services,2012-05-29,15.45,2.7,1.33,41.715
Nifty Financial Services,2012-05-30,15.21,2.66,1.35,40.458600000000004
Nifty Financial Services,2012-05-31,15.09,2.64,1.36,39.8376
Nifty Financial Services,2012-06-01,14.82,2.59,1.38,38.3838
Nifty Financial Services,2012-06-04,14.91,2.61,1.37,38.915099999999995
Nifty Financial Services,2012-06-05,15.02,2.63,1.36,39.502599999999994
Nifty Financial Services,2012-06-06,15.43,2.7,1.33,41.661
Nifty Financial Services,2012-06-07,15.7,2.75,1.30,43.175
Nifty Financial Services,2012-06-08,15.74,2.76,1.30,43.4424
Nifty Financial Services,2012-06-11,15.73,2.75,1.30,43.2575
Nifty Financial Services,2012-06-12,15.95,2.79,1.28,44.500499999999995
Nifty Financial Services,2012-06-13,15.96,2.8,1.28,44.688
Nifty Financial Services,2012-06-14,15.54,2.72,1.32,42.2688
Nifty Financial Services,2012-06-15,15.84,2.77,1.29,43.8768
Nifty Financial Services,2012-06-18,15.42,2.7,1.33,41.634
Nifty Financial Services,2012-06-19,15.51,2.72,1.32,42.187200000000004
Nifty Financial Services,2012-06-20,15.55,2.72,1.32,42.29600000000001
Nifty Financial Services,2012-06-21,15.83,2.77,1.29,43.8491
Nifty Financial Services,2012-06-22,15.78,2.76,1.30,43.5528
Nifty Financial Services,2012-06-25,15.67,2.74,1.31,42.9358
Nifty Financial Services,2012-06-26,15.71,2.75,1.30,43.2025
Nifty Financial Services,2012-06-27,15.81,2.77,1.29,43.7937
Nifty Financial Services,2012-06-28,15.79,2.77,1.30,43.738299999999995
Nifty Financial Services,2012-06-29,16.27,2.85,1.26,46.3695
Nifty Financial Services,2012-07-02,16.41,2.87,1.25,47.096700000000006
Nifty Financial Services,2012-07-03,16.56,2.9,1.24,48.023999999999994
Nifty Financial Services,2012-07-04,16.64,2.91,1.23,48.4224
Nifty Financial Services,2012-07-05,16.8,2.94,1.22,49.392
Nifty Financial Services,2012-07-06,16.85,2.95,1.21,49.70750000000001
Nifty Financial Services,2012-07-09,16.75,2.93,1.22,49.0775
Nifty Financial Services,2012-07-10,17.0,2.98,1.20,50.66
Nifty Financial Services,2012-07-11,16.93,2.96,1.21,50.1128
Nifty Financial Services,2012-07-12,16.78,2.94,1.22,49.333200000000005
Nifty Financial Services,2012-07-13,16.67,2.94,1.22,49.009800000000006
Nifty Financial Services,2012-07-16,16.52,2.93,1.22,48.403600000000004
Nifty Financial Services,2012-07-17,16.51,2.93,1.22,48.374300000000005
Nifty Financial Services,2012-07-18,16.61,2.95,1.21,48.999500000000005
Nifty Financial Services,2012-07-19,16.62,2.96,1.21,49.1952
Nifty Financial Services,2012-07-20,16.37,2.92,1.23,47.8004
Nifty Financial Services,2012-07-23,16.08,2.87,1.25,46.1496
Nifty Financial Services,2012-07-24,16.1,2.87,1.25,46.20700000000001
Nifty Financial Services,2012-07-25,16.06,2.81,1.29,45.1286
Nifty Financial Services,2012-07-26,15.84,2.77,1.31,43.8768
Nifty Financial Services,2012-07-27,15.68,2.79,1.30,43.7472
Nifty Financial Services,2012-07-30,16.04,2.85,1.27,45.714
Nifty Financial Services,2012-07-31,16.05,2.86,1.27,45.903
Nifty Financial Services,2012-08-01,16.16,2.88,1.26,46.5408
Nifty Financial Services,2012-08-02,16.1,2.87,1.26,46.20700000000001
Nifty Financial Services,2012-08-03,16.02,2.86,1.27,45.8172
Nifty Financial Services,2012-08-06,16.27,2.9,1.25,47.183
Nifty Financial Services,2012-08-07,16.49,2.94,1.23,48.480599999999995
Nifty Financial Services,2012-08-08,16.42,2.93,1.24,48.110600000000005
Nifty Financial Services,2012-08-09,16.24,2.9,1.25,47.096
Nifty Financial Services,2012-08-10,16.12,2.87,1.26,46.2644
Nifty Financial Services,2012-08-13,16.34,2.92,1.24,47.7128
Nifty Financial Services,2012-08-14,15.97,2.9,1.30,46.313
Nifty Financial Services,2012-08-16,15.91,2.78,1.33,44.2298
Nifty Financial Services,2012-08-17,15.9,2.59,1.42,41.181
Nifty Financial Services,2012-08-21,16.09,2.62,1.40,42.1558
Nifty Financial Services,2012-08-22,16.04,2.61,1.41,41.864399999999996
Nifty Financial Services,2012-08-23,15.98,2.6,1.41,41.548
Nifty Financial Services,2012-08-24,15.85,2.58,1.42,40.893
Nifty Financial Services,2012-08-27,15.63,2.54,1.44,39.7002
Nifty Financial Services,2012-08-28,15.53,2.52,1.45,39.1356
Nifty Financial Services,2012-08-29,15.42,2.51,1.46,38.70419999999999
Nifty Financial Services,2012-08-30,15.57,2.53,1.45,39.3921
Nifty Financial Services,2012-08-31,15.49,2.52,1.46,39.034800000000004
Nifty Financial Services,2012-09-03,15.43,2.51,1.46,38.729299999999995
Nifty Financial Services,2012-09-04,15.44,2.51,1.46,38.7544
Nifty Financial Services,2012-09-05,15.22,2.48,1.48,37.7456
Nifty Financial Services,2012-09-06,15.3,2.49,1.48,38.09700000000001
Nifty Financial Services,2012-09-07,15.6,2.54,1.45,39.624
Nifty Financial Services,2012-09-08,15.64,2.54,1.44,39.7256
Nifty Financial Services,2012-09-10,15.61,2.54,1.45,39.6494
Nifty Financial Services,2012-09-11,15.86,2.58,1.42,40.9188
Nifty Financial Services,2012-09-12,15.89,2.58,1.42,40.9962
Nifty Financial Services,2012-09-13,15.89,2.58,1.42,40.9962
Nifty Financial Services,2012-09-14,16.49,2.68,1.37,44.1932
Nifty Financial Services,2012-09-17,16.93,2.75,1.33,46.5575
Nifty Financial Services,2012-09-18,16.95,2.76,1.33,46.782
Nifty Financial Services,2012-09-20,16.74,2.71,1.35,45.365399999999994
Nifty Financial Services,2012-09-21,17.34,2.81,1.30,48.7254
Nifty Financial Services,2012-09-24,17.37,2.81,1.30,48.80970000000001
Nifty Financial Services,2012-09-25,17.41,2.82,1.30,49.096199999999996
Nifty Financial Services,2012-09-26,17.35,2.81,1.30,48.7535
Nifty Financial Services,2012-09-27,17.34,2.81,1.30,48.7254
Nifty Financial Services,2012-09-28,17.43,2.83,1.29,49.3269
Nifty Financial Services,2012-10-01,17.35,2.81,1.30,48.7535
Nifty Financial Services,2012-10-03,17.43,2.83,1.29,49.3269
Nifty Financial Services,2012-10-04,17.76,2.88,1.27,51.1488
Nifty Financial Services,2012-10-05,17.42,2.82,1.30,49.1244
Nifty Financial Services,2012-10-08,17.24,2.79,1.31,48.099599999999995
Nifty Financial Services,2012-10-09,17.34,2.81,1.30,48.7254
Nifty Financial Services,2012-10-10,17.1,2.77,1.32,47.367000000000004
Nifty Financial Services,2012-10-11,17.3,2.8,1.30,48.44
Nifty Financial Services,2012-10-12,17.19,2.79,1.31,47.960100000000004
Nifty Financial Services,2012-10-15,17.25,2.8,1.31,48.3
Nifty Financial Services,2012-10-16,16.94,2.78,1.32,47.0932
Nifty Financial Services,2012-10-17,16.98,2.78,1.32,47.2044
Nifty Financial Services,2012-10-18,17.27,2.83,1.29,48.8741
Nifty Financial Services,2012-10-19,17.11,2.81,1.31,48.0791
Nifty Financial Services,2012-10-22,17.12,2.83,1.30,48.449600000000004
Nifty Financial Services,2012-10-23,17.08,2.79,1.30,47.6532
Nifty Financial Services,2012-10-25,17.19,2.8,1.29,48.132
Nifty Financial Services,2012-10-26,16.82,2.78,1.31,46.7596
Nifty Financial Services,2012-10-29,16.82,2.77,1.31,46.5914
Nifty Financial Services,2012-10-30,16.51,2.72,1.33,44.90720000000001
Nifty Financial Services,2012-10-31,16.59,2.75,1.32,45.6225
Nifty Financial Services,2012-11-01,16.67,2.76,1.32,46.0092
Nifty Financial Services,2012-11-02,16.82,2.78,1.30,46.7596
Nifty Financial Services,2012-11-05,16.8,2.79,1.30,46.872
Nifty Financial Services,2012-11-06,16.92,2.81,1.29,47.54520000000001
Nifty Financial Services,2012-11-07,17.0,2.81,1.28,47.77
Nifty Financial Services,2012-11-08,16.9,2.8,1.29,47.31999999999999
Nifty Financial Services,2012-11-09,16.57,2.77,1.31,45.8989
Nifty Financial Services,2012-11-12,16.73,2.8,1.29,46.844
Nifty Financial Services,2012-11-13,16.64,2.78,1.30,46.2592
Nifty Financial Services,2012-11-15,16.69,2.79,1.30,46.5651
Nifty Financial Services,2012-11-16,16.39,2.74,1.32,44.90860000000001
Nifty Financial Services,2012-11-19,16.3,2.74,1.32,44.662000000000006
Nifty Financial Services,2012-11-20,16.4,2.75,1.31,45.099999999999994
Nifty Financial Services,2012-11-21,16.54,2.78,1.30,45.981199999999994
Nifty Financial Services,2012-11-22,16.58,2.78,1.30,46.09239999999999
Nifty Financial Services,2012-11-23,16.57,2.78,1.30,46.0646
Nifty Financial Services,2012-11-26,16.42,2.76,1.31,45.3192
Nifty Financial Services,2012-11-27,16.76,2.81,1.28,47.095600000000005
Nifty Financial Services,2012-11-29,17.24,2.89,1.25,49.8236
Nifty Financial Services,2012-11-30,17.54,2.95,1.23,51.743
Nifty Financial Services,2012-12-03,17.45,2.93,1.23,51.1285
Nifty Financial Services,2012-12-04,17.58,2.95,1.22,51.861
Nifty Financial Services,2012-12-05,17.65,2.97,1.22,52.4205
Nifty Financial Services,2012-12-06,17.85,3.0,1.21,53.550000000000004
Nifty Financial Services,2012-12-07,17.76,2.98,1.21,52.924800000000005
Nifty Financial Services,2012-12-10,17.88,3.0,1.20,53.64
Nifty Financial Services,2012-12-11,17.9,3.01,1.20,53.87899999999999
Nifty Financial Services,2012-12-12,17.8,2.99,1.21,53.22200000000001
Nifty Financial Services,2012-12-13,17.74,2.98,1.21,52.865199999999994
Nifty Financial Services,2012-12-14,17.87,3.0,1.20,53.61
Nifty Financial Services,2012-12-17,17.79,2.99,1.21,53.1921
Nifty Financial Services,2012-12-18,17.91,3.01,1.20,53.909099999999995
Nifty Financial Services,2012-12-19,17.88,3.0,1.20,53.64
Nifty Financial Services,2012-12-20,17.83,2.99,1.21,53.3117
Nifty Financial Services,2012-12-21,17.63,2.96,1.22,52.184799999999996
Nifty Financial Services,2012-12-24,17.64,2.96,1.22,52.2144
Nifty Financial Services,2012-12-26,17.85,3.0,1.21,53.550000000000004
Nifty Financial Services,2012-12-27,17.78,2.99,1.21,53.162200000000006
Nifty Financial Services,2012-12-28,17.83,3.0,1.21,53.489999999999995
Nifty Financial Services,2012-12-31,17.81,2.99,1.21,53.2519
Nifty Financial Services,2013-01-01,18.01,3.03,1.19,54.5703
Nifty Financial Services,2013-01-02,18.23,3.06,1.18,55.7838
Nifty Financial Services,2013-01-03,18.23,3.06,1.18,55.7838
Nifty Financial Services,2013-01-04,18.23,3.06,1.18,55.7838
Nifty Financial Services,2013-01-07,18.05,3.03,1.19,54.6915
Nifty Financial Services,2013-01-08,18.14,3.05,1.19,55.327
Nifty Financial Services,2013-01-09,18.06,3.03,1.19,54.721799999999995
Nifty Financial Services,2013-01-10,18.12,3.04,1.19,55.0848
Nifty Financial Services,2013-01-11,17.83,3.0,1.21,53.489999999999995
Nifty Financial Services,2013-01-14,18.06,3.03,1.19,54.721799999999995
Nifty Financial Services,2013-01-15,18.05,3.05,1.19,55.0525
Nifty Financial Services,2013-01-16,17.78,3.0,1.20,53.34
Nifty Financial Services,2013-01-17,17.74,2.99,1.21,53.0426
Nifty Financial Services,2013-01-18,17.68,3.01,1.20,53.21679999999999
Nifty Financial Services,2013-01-21,17.62,3.01,1.20,53.0362
Nifty Financial Services,2013-01-22,17.44,2.99,1.21,52.14560000000001
Nifty Financial Services,2013-01-23,17.52,3.0,1.20,52.56
Nifty Financial Services,2013-01-24,17.33,2.97,1.22,51.470099999999995
Nifty Financial Services,2013-01-25,17.49,3.0,1.20,52.47
Nifty Financial Services,2013-01-28,17.58,3.02,1.20,53.09159999999999
Nifty Financial Services,2013-01-29,17.53,3.01,1.20,52.765299999999996
Nifty Financial Services,2013-01-30,17.54,3.01,1.20,52.795399999999994
Nifty Financial Services,2013-01-31,17.1,2.99,1.21,51.129000000000005
Nifty Financial Services,2013-02-01,16.94,2.96,1.22,50.1424
Nifty Financial Services,2013-02-04,16.98,2.97,1.22,50.430600000000005
Nifty Financial Services,2013-02-05,16.85,2.96,1.22,49.876000000000005
Nifty Financial Services,2013-02-06,16.86,2.96,1.22,49.9056
Nifty Financial Services,2013-02-07,16.82,2.95,1.22,49.61900000000001
Nifty Financial Services,2013-02-08,16.73,2.94,1.23,49.1862
Nifty Financial Services,2013-02-11,16.69,2.94,1.23,49.0686
Nifty Financial Services,2013-02-12,16.73,2.94,1.23,49.1862
Nifty Financial Services,2013-02-13,16.78,2.95,1.22,49.501000000000005
Nifty Financial Services,2013-02-14,16.67,2.93,1.23,48.84310000000001
Nifty Financial Services,2013-02-15,16.67,2.94,1.23,49.009800000000006
Nifty Financial Services,2013-02-18,16.84,2.97,1.21,50.0148
Nifty Financial Services,2013-02-19,16.92,2.98,1.21,50.421600000000005
Nifty Financial Services,2013-02-20,16.85,2.97,1.21,50.044500000000006
Nifty Financial Services,2013-02-21,16.49,2.91,1.24,47.9859
Nifty Financial Services,2013-02-22,16.44,2.9,1.24,47.676
Nifty Financial Services,2013-02-25,16.46,2.9,1.24,47.734
Nifty Financial Services,2013-02-26,16.09,2.84,1.27,45.6956
Nifty Financial Services,2013-02-27,16.23,2.86,1.26,46.4178
Nifty Financial Services,2013-02-28,15.67,2.76,1.31,43.249199999999995
Nifty Financial Services,2013-03-01,15.78,2.78,1.30,43.868399999999994
Nifty Financial Services,2013-03-04,15.79,2.78,1.30,43.89619999999999
Nifty Financial Services,2013-03-05,16.04,2.83,1.28,45.3932
Nifty Financial Services,2013-03-06,16.17,2.85,1.27,46.084500000000006
Nifty Financial Services,2013-03-07,16.3,2.87,1.26,46.781000000000006
Nifty Financial Services,2013-03-08,16.68,2.94,1.23,49.0392
Nifty Financial Services,2013-03-11,16.71,2.94,1.23,49.1274
Nifty Financial Services,2013-03-12,16.54,2.91,1.24,48.1314
Nifty Financial Services,2013-03-13,16.17,2.85,1.27,46.084500000000006
Nifty Financial Services,2013-03-14,16.46,2.9,1.24,47.734
Nifty Financial Services,2013-03-15,16.28,2.87,1.26,46.723600000000005
Nifty Financial Services,2013-03-18,16.16,2.85,1.27,46.056000000000004
Nifty Financial Services,2013-03-19,15.8,2.78,1.30,43.924
Nifty Financial Services,2013-03-20,15.49,2.73,1.32,42.2877
Nifty Financial Services,2013-03-21,15.54,2.74,1.32,42.5796
Nifty Financial Services,2013-03-22,15.52,2.73,1.32,42.3696
Nifty Financial Services,2013-03-25,15.49,2.73,1.32,42.2877
Nifty Financial Services,2013-03-26,15.61,2.75,1.31,42.927499999999995
Nifty Financial Services,2013-03-28,15.83,2.79,1.29,44.1657
Nifty Financial Services,2013-04-01,15.9,2.8,1.29,44.519999999999996
Nifty Financial Services,2013-04-02,15.95,2.81,1.28,44.8195
Nifty Financial Services,2013-04-03,15.75,2.77,1.30,43.6275
Nifty Financial Services,2013-04-04,15.45,2.72,1.33,42.024
Nifty Financial Services,2013-04-05,15.33,2.7,1.34,41.391000000000005
Nifty Financial Services,2013-04-08,15.21,2.68,1.35,40.762800000000006
Nifty Financial Services,2013-04-09,15.11,2.66,1.36,40.1926
Nifty Financial Services,2013-04-10,15.45,2.72,1.33,42.024
Nifty Financial Services,2013-04-11,15.53,2.74,1.32,42.5522
Nifty Financial Services,2013-04-12,15.65,2.76,1.31,43.193999999999996
Nifty Financial Services,2013-04-15,15.78,2.78,1.30,43.868399999999994
Nifty Financial Services,2013-04-16,16.27,2.87,1.26,46.6949
Nifty Financial Services,2013-04-17,16.31,2.87,1.26,46.8097
Nifty Financial Services,2013-04-18,16.74,2.95,1.22,49.382999999999996
Nifty Financial Services,2013-04-22,17.09,3.01,1.20,51.4409
Nifty Financial Services,2013-04-23,17.06,3.01,1.20,51.35059999999999
Nifty Financial Services,2013-04-25,17.38,3.06,1.18,53.1828
Nifty Financial Services,2013-04-26,17.08,3.04,1.19,51.923199999999994
Nifty Financial Services,2013-04-29,17.01,3.04,1.19,51.71040000000001
Nifty Financial Services,2013-04-30,16.9,3.02,1.19,51.038
Nifty Financial Services,2013-05-02,17.12,3.06,1.18,52.38720000000001
Nifty Financial Services,2013-05-03,16.74,3.0,1.20,50.22
Nifty Financial Services,2013-05-06,16.73,3.0,1.20,50.19
Nifty Financial Services,2013-05-07,17.01,3.04,1.18,51.71040000000001
Nifty Financial Services,2013-05-08,17.16,3.07,1.17,52.6812
Nifty Financial Services,2013-05-09,17.03,3.06,1.18,52.1118
Nifty Financial Services,2013-05-10,17.01,3.08,1.17,52.390800000000006
Nifty Financial Services,2013-05-11,17.02,3.08,1.17,52.4216
Nifty Financial Services,2013-05-13,16.74,3.03,1.19,50.722199999999994
Nifty Financial Services,2013-05-14,16.83,3.05,1.18,51.33149999999999
Nifty Financial Services,2013-05-15,17.49,3.17,1.14,55.443299999999994
Nifty Financial Services,2013-05-16,17.46,3.2,1.13,55.87200000000001
Nifty Financial Services,2013-05-17,17.54,3.22,1.12,56.4788
Nifty Financial Services,2013-05-20,17.39,3.19,1.13,55.4741
Nifty Financial Services,2013-05-21,17.29,3.17,1.14,54.80929999999999
Nifty Financial Services,2013-05-22,17.3,3.16,1.14,54.668000000000006
Nifty Financial Services,2013-05-23,16.99,3.09,1.17,52.49909999999999
Nifty Financial Services,2013-05-24,17.14,3.12,1.16,53.476800000000004
Nifty Financial Services,2013-05-27,17.43,3.17,1.14,55.253099999999996
Nifty Financial Services,2013-05-28,17.39,3.17,1.14,55.1263
Nifty Financial Services,2013-05-29,17.41,3.14,1.15,54.6674
Nifty Financial Services,2013-05-30,17.38,3.14,1.15,54.5732
Nifty Financial Services,2013-05-31,16.88,3.05,1.18,51.483999999999995
Nifty Financial Services,2013-06-03,16.7,3.02,1.20,50.434
Nifty Financial Services,2013-06-04,16.52,2.98,1.21,49.2296
Nifty Financial Services,2013-06-05,16.48,2.98,1.21,49.1104
Nifty Financial Services,2013-06-06,16.57,2.99,1.21,49.54430000000001
Nifty Financial Services,2013-06-07,16.41,2.96,1.22,48.5736
Nifty Financial Services,2013-06-10,16.36,2.95,1.22,48.262
Nifty Financial Services,2013-06-11,15.93,2.89,1.25,46.0377
Nifty Financial Services,2013-06-12,15.84,2.87,1.26,45.4608
Nifty Financial Services,2013-06-13,15.67,2.84,1.27,44.5028
Nifty Financial Services,2013-06-14,16.04,2.91,1.24,46.6764
Nifty Financial Services,2013-06-17,16.12,2.93,1.23,47.23160000000001
Nifty Financial Services,2013-06-18,15.95,2.9,1.25,46.254999999999995
Nifty Financial Services,2013-06-19,16.04,2.91,1.24,46.6764
Nifty Financial Services,2013-06-20,15.44,2.8,1.29,43.232
Nifty Financial Services,2013-06-21,15.41,2.8,1.29,43.147999999999996
Nifty Financial Services,2013-06-24,15.24,2.77,1.30,42.214800000000004
Nifty Financial Services,2013-06-25,15.19,2.76,1.31,41.9244
Nifty Financial Services,2013-06-26,15.07,2.74,1.32,41.2918
Nifty Financial Services,2013-06-27,15.36,2.76,1.31,42.39359999999999
Nifty Financial Services,2013-06-28,15.92,2.85,1.26,45.372
Nifty Financial Services,2013-07-01,16.04,2.86,1.26,45.874399999999994
Nifty Financial Services,2013-07-02,15.89,2.83,1.27,44.968700000000005
Nifty Financial Services,2013-07-03,15.53,2.76,1.30,42.86279999999999
Nifty Financial Services,2013-07-04,15.54,2.7,1.34,41.958
Nifty Financial Services,2013-07-05,15.61,2.71,1.33,42.3031
Nifty Financial Services,2013-07-08,15.32,2.66,1.36,40.751200000000004
Nifty Financial Services,2013-07-09,15.51,2.7,1.34,41.877
Nifty Financial Services,2013-07-10,15.43,2.68,1.35,41.3524
Nifty Financial Services,2013-07-11,15.83,2.75,1.31,43.5325
Nifty Financial Services,2013-07-12,15.91,2.76,1.31,43.9116
Nifty Financial Services,2013-07-15,15.96,2.77,1.30,44.2092
Nifty Financial Services,2013-07-16,15.26,2.65,1.36,40.439
Nifty Financial Services,2013-07-17,15.02,2.61,1.38,39.2022
Nifty Financial Services,2013-07-18,15.14,2.65,1.36,40.121
Nifty Financial Services,2013-07-19,14.83,2.6,1.39,38.558
Nifty Financial Services,2013-07-22,15.05,2.64,1.37,39.732000000000006
Nifty Financial Services,2013-07-23,15.1,2.67,1.36,40.317
Nifty Financial Services,2013-07-24,14.44,2.56,1.41,36.9664
Nifty Financial Services,2013-07-25,14.31,2.54,1.42,36.3474
Nifty Financial Services,2013-07-26,14.17,2.51,1.44,35.5667
Nifty Financial Services,2013-07-29,14.02,2.41,1.53,33.7882
Nifty Financial Services,2013-07-30,13.93,2.4,1.54,33.431999999999995
Nifty Financial Services,2013-07-31,13.68,2.36,1.57,32.2848
Nifty Financial Services,2013-08-01,13.83,2.39,1.55,33.0537
Nifty Financial Services,2013-08-02,13.68,2.37,1.56,32.4216
Nifty Financial Services,2013-08-05,13.77,2.38,1.55,32.7726
Nifty Financial Services,2013-08-06,13.2,2.28,1.62,30.095999999999997
Nifty Financial Services,2013-08-07,12.97,2.28,1.63,29.5716
Nifty Financial Services,2013-08-08,13.11,2.3,1.61,30.152999999999995
Nifty Financial Services,2013-08-12,13.1,2.3,1.61,30.129999999999995
Nifty Financial Services,2013-08-13,13.48,2.36,1.56,31.8128
Nifty Financial Services,2013-08-14,13.5,2.37,1.56,31.995
Nifty Financial Services,2013-08-16,12.78,2.24,1.65,28.627200000000002
Nifty Financial Services,2013-08-19,12.53,2.19,1.69,27.4407
Nifty Financial Services,2013-08-20,12.54,2.19,1.69,27.4626
Nifty Financial Services,2013-08-21,12.65,2.21,1.67,27.956500000000002
Nifty Financial Services,2013-08-22,12.6,2.2,1.68,27.720000000000002
Nifty Financial Services,2013-08-23,12.79,2.24,1.65,28.6496
Nifty Financial Services,2013-08-26,12.68,2.22,1.67,28.149600000000003
Nifty Financial Services,2013-08-27,11.89,2.08,1.77,24.7312
Nifty Financial Services,2013-08-28,11.67,2.05,1.81,23.923499999999997
Nifty Financial Services,2013-08-29,11.99,2.1,1.76,25.179000000000002
Nifty Financial Services,2013-08-30,12.23,2.14,1.73,26.172200000000004
Nifty Financial Services,2013-09-02,12.39,2.17,1.70,26.886300000000002
Nifty Financial Services,2013-09-03,11.78,2.06,1.79,24.2668
Nifty Financial Services,2013-09-04,11.98,2.1,1.76,25.158
Nifty Financial Services,2013-09-05,12.92,2.26,1.63,29.199199999999998
Nifty Financial Services,2013-09-06,13.26,2.32,1.59,30.763199999999998
Nifty Financial Services,2013-09-10,13.74,2.41,1.54,33.113400000000006
Nifty Financial Services,2013-09-11,13.9,2.44,1.52,33.916
Nifty Financial Services,2013-09-12,13.72,2.32,1.57,31.8304
Nifty Financial Services,2013-09-13,13.72,2.31,1.58,31.6932
Nifty Financial Services,2013-09-16,13.9,2.34,1.56,32.525999999999996
Nifty Financial Services,2013-09-17,13.77,2.31,1.59,31.808699999999998
Nifty Financial Services,2013-09-18,13.89,2.33,1.58,32.3637
Nifty Financial Services,2013-09-19,14.71,2.46,1.49,36.1866
Nifty Financial Services,2013-09-20,14.22,2.38,1.54,33.8436
Nifty Financial Services,2013-09-23,13.66,2.28,1.61,31.144799999999996
Nifty Financial Services,2013-09-24,13.67,2.22,1.65,30.347400000000004
Nifty Financial Services,2013-09-25,13.53,2.2,1.66,29.766000000000002
Nifty Financial Services,2013-09-26,13.6,2.21,1.66,30.055999999999997
Nifty Financial Services,2013-09-27,13.37,2.17,1.68,29.0129
Nifty Financial Services,2013-09-30,13.02,2.11,1.73,27.472199999999997
Nifty Financial Services,2013-10-01,13.36,2.17,1.69,28.9912
Nifty Financial Services,2013-10-03,13.74,2.18,1.70,29.953200000000002
Nifty Financial Services,2013-10-04,13.7,2.17,1.70,29.729
Nifty Financial Services,2013-10-07,13.6,2.15,1.72,29.24
Nifty Financial Services,2013-10-08,13.61,2.16,1.72,29.3976
Nifty Financial Services,2013-10-09,13.85,2.19,1.69,30.3315
Nifty Financial Services,2013-10-10,13.82,2.19,1.69,30.2658
Nifty Financial Services,2013-10-11,14.13,2.24,1.65,31.651200000000006
Nifty Financial Services,2013-10-14,14.12,2.24,1.65,31.628800000000002
Nifty Financial Services,2013-10-15,13.88,2.2,1.68,30.536000000000005
Nifty Financial Services,2013-10-17,13.68,2.19,1.69,29.9592
Nifty Financial Services,2013-10-18,14.11,2.26,1.63,31.888599999999997
Nifty Financial Services,2013-10-21,14.17,2.27,1.63,32.1659
Nifty Financial Services,2013-10-22,14.13,2.27,1.63,32.0751
Nifty Financial Services,2013-10-23,14.16,2.27,1.63,32.1432
Nifty Financial Services,2013-10-24,14.21,2.28,1.62,32.3988
Nifty Financial Services,2013-10-25,14.17,2.28,1.62,32.307599999999994
Nifty Financial Services,2013-10-28,14.12,2.27,1.63,32.0524
Nifty Financial Services,2013-10-29,14.65,2.35,1.57,34.4275
Nifty Financial Services,2013-10-30,14.72,2.37,1.56,34.8864
Nifty Financial Services,2013-10-31,14.91,2.4,1.54,35.784
Nifty Financial Services,2013-11-01,15.09,2.42,1.53,36.5178
Nifty Financial Services,2013-11-03,15.06,2.42,1.53,36.4452
Nifty Financial Services,2013-11-05,14.81,2.4,1.54,35.544
Nifty Financial Services,2013-11-06,14.52,2.36,1.57,34.267199999999995
Nifty Financial Services,2013-11-07,14.27,2.33,1.59,33.2491
Nifty Financial Services,2013-11-08,14.01,2.28,1.62,31.9428
Nifty Financial Services,2013-11-11,13.86,2.26,1.64,31.323599999999995
Nifty Financial Services,2013-11-12,13.66,2.23,1.66,30.4618
Nifty Financial Services,2013-11-13,13.59,2.22,1.67,30.169800000000002
Nifty Financial Services,2013-11-14,13.88,2.26,1.63,31.3688
Nifty Financial Services,2013-11-18,14.28,2.33,1.59,33.2724
Nifty Financial Services,2013-11-19,14.41,2.34,1.58,33.7194
Nifty Financial Services,2013-11-20,14.14,2.3,1.61,32.522
Nifty Financial Services,2013-11-21,13.79,2.24,1.65,30.8896
Nifty Financial Services,2013-11-22,13.98,2.24,1.65,31.315200000000004
Nifty Financial Services,2013-11-25,14.47,2.32,1.59,33.5704
Nifty Financial Services,2013-11-26,14.28,2.29,1.61,32.7012
Nifty Financial Services,2013-11-27,14.26,2.29,1.62,32.6554
Nifty Financial Services,2013-11-28,14.28,2.29,1.61,32.7012
Nifty Financial Services,2013-11-29,14.56,2.34,1.58,34.0704
Nifty Financial Services,2013-12-02,14.71,2.36,1.57,34.7156
Nifty Financial Services,2013-12-03,14.64,2.35,1.57,34.404
Nifty Financial Services,2013-12-04,14.51,2.33,1.59,33.8083
Nifty Financial Services,2013-12-05,15.07,2.42,1.53,36.4694
Nifty Financial Services,2013-12-06,15.04,2.41,1.53,36.2464
Nifty Financial Services,2013-12-09,15.39,2.47,1.50,38.0133
Nifty Financial Services,2013-12-10,15.12,2.43,1.52,36.7416
Nifty Financial Services,2013-12-11,15.1,2.42,1.53,36.542
Nifty Financial Services,2013-12-12,15.0,2.41,1.54,36.150000000000006
Nifty Financial Services,2013-12-13,14.66,2.35,1.57,34.451
Nifty Financial Services,2013-12-16,14.66,2.35,1.57,34.451
Nifty Financial Services,2013-12-17,14.51,2.32,1.60,33.663199999999996
Nifty Financial Services,2013-12-18,14.73,2.35,1.57,34.615500000000004
Nifty Financial Services,2013-12-19,14.38,2.29,1.61,32.9302
Nifty Financial Services,2013-12-20,14.71,2.35,1.58,34.5685
Nifty Financial Services,2013-12-23,14.73,2.35,1.57,34.615500000000004
Nifty Financial Services,2013-12-24,14.66,2.34,1.58,34.3044
Nifty Financial Services,2013-12-26,14.71,2.35,1.58,34.5685
Nifty Financial Services,2013-12-27,14.83,2.37,1.56,35.1471
Nifty Financial Services,2013-12-30,14.78,2.36,1.57,34.880799999999994
Nifty Financial Services,2013-12-31,14.81,2.36,1.57,34.9516
Nifty Financial Services,2014-01-01,14.79,2.36,1.57,34.904399999999995
Nifty Financial Services,2014-01-02,14.56,2.32,1.59,33.779199999999996
Nifty Financial Services,2014-01-03,14.56,2.32,1.59,33.779199999999996
Nifty Financial Services,2014-01-06,14.45,2.31,1.60,33.3795
Nifty Financial Services,2014-01-07,14.42,2.3,1.61,33.166
Nifty Financial Services,2014-01-08,14.44,2.31,1.60,33.3564
Nifty Financial Services,2014-01-09,14.35,2.29,1.62,32.8615
Nifty Financial Services,2014-01-10,14.18,2.26,1.63,32.0468
Nifty Financial Services,2014-01-13,14.48,2.31,1.60,33.4488
Nifty Financial Services,2014-01-14,14.41,2.3,1.61,33.143
Nifty Financial Services,2014-01-15,14.67,2.34,1.58,34.327799999999996
Nifty Financial Services,2014-01-16,14.66,2.34,1.58,34.3044
Nifty Financial Services,2014-01-17,14.41,2.3,1.61,33.143
Nifty Financial Services,2014-01-20,14.25,2.31,1.60,32.917500000000004
Nifty Financial Services,2014-01-21,14.41,2.34,1.58,33.7194
Nifty Financial Services,2014-01-22,14.45,2.34,1.58,33.812999999999995
Nifty Financial Services,2014-01-23,14.51,2.35,1.57,34.0985
Nifty Financial Services,2014-01-24,14.28,2.31,1.60,32.9868
Nifty Financial Services,2014-01-27,13.77,2.24,1.65,30.844800000000003
Nifty Financial Services,2014-01-28,13.75,2.24,1.65,30.800000000000004
Nifty Financial Services,2014-01-29,13.69,2.23,1.66,30.528699999999997
Nifty Financial Services,2014-01-30,13.45,2.19,1.69,29.455499999999997
Nifty Financial Services,2014-01-31,13.45,2.19,1.69,29.455499999999997
Nifty Financial Services,2014-02-03,13.33,2.15,1.72,28.659499999999998
Nifty Financial Services,2014-02-04,13.41,2.16,1.71,28.965600000000002
Nifty Financial Services,2014-02-05,13.45,2.17,1.70,29.1865
Nifty Financial Services,2014-02-06,12.81,2.17,1.70,27.7977
Nifty Financial Services,2014-02-07,12.85,2.18,1.70,28.013
Nifty Financial Services,2014-02-10,12.77,2.16,1.71,27.5832
Nifty Financial Services,2014-02-11,12.84,2.18,1.70,27.991200000000003
Nifty Financial Services,2014-02-12,12.98,2.2,1.68,28.556000000000004
Nifty Financial Services,2014-02-13,12.72,2.16,1.72,27.475200000000005
Nifty Financial Services,2014-02-14,12.78,2.17,1.71,27.732599999999998
Nifty Financial Services,2014-02-17,12.97,2.19,1.68,28.4043
Nifty Financial Services,2014-02-18,13.29,2.24,1.64,29.7696
Nifty Financial Services,2014-02-19,13.34,2.25,1.64,30.015
Nifty Financial Services,2014-02-20,13.13,2.22,1.66,29.148600000000005
Nifty Financial Services,2014-02-21,13.38,2.24,1.65,29.971200000000003
Nifty Financial Services,2014-02-24,13.52,2.27,1.63,30.6904
Nifty Financial Services,2014-02-25,13.52,2.26,1.63,30.555199999999996
Nifty Financial Services,2014-02-26,13.61,2.28,1.62,31.030799999999996
Nifty Financial Services,2014-02-28,13.64,2.28,1.61,31.0992
Nifty Financial Services,2014-03-03,13.5,2.26,1.63,30.509999999999998
Nifty Financial Services,2014-03-04,13.77,2.31,1.60,31.808699999999998
Nifty Financial Services,2014-03-05,13.94,2.34,1.58,32.6196
Nifty Financial Services,2014-03-06,14.17,2.37,1.55,33.5829
Nifty Financial Services,2014-03-07,14.74,2.47,1.49,36.4078
Nifty Financial Services,2014-03-10,14.98,2.51,1.47,37.599799999999995
Nifty Financial Services,2014-03-11,14.93,2.5,1.47,37.325
Nifty Financial Services,2014-03-12,14.92,2.5,1.48,37.3
Nifty Financial Services,2014-03-13,15.08,2.53,1.46,38.1524
Nifty Financial Services,2014-03-14,14.96,2.51,1.47,37.5496
Nifty Financial Services,2014-03-18,14.99,2.51,1.47,37.6249
Nifty Financial Services,2014-03-19,15.12,2.53,1.45,38.25359999999999
Nifty Financial Services,2014-03-20,14.88,2.49,1.48,37.05120000000001
Nifty Financial Services,2014-03-21,14.91,2.5,1.48,37.275
Nifty Financial Services,2014-03-22,14.9,2.5,1.48,37.25
Nifty Financial Services,2014-03-24,15.27,2.56,1.44,39.0912
Nifty Financial Services,2014-03-25,15.37,2.58,1.43,39.6546
Nifty Financial Services,2014-03-26,15.4,2.58,1.43,39.732
Nifty Financial Services,2014-03-27,15.53,2.6,1.42,40.378
Nifty Financial Services,2014-03-28,15.68,2.63,1.40,41.2384
Nifty Financial Services,2014-03-31,15.7,2.63,1.40,41.291
Nifty Financial Services,2014-04-01,15.57,2.61,1.41,40.637699999999995
Nifty Financial Services,2014-04-02,15.73,2.64,1.40,41.5272
Nifty Financial Services,2014-04-03,15.59,2.61,1.41,40.689899999999994
Nifty Financial Services,2014-04-04,15.53,2.6,1.42,40.378
Nifty Financial Services,2014-04-07,15.49,2.6,1.42,40.274
Nifty Financial Services,2014-04-09,15.99,2.68,1.38,42.8532
Nifty Financial Services,2014-04-10,16.04,2.69,1.37,43.1476
Nifty Financial Services,2014-04-11,15.92,2.67,1.38,42.5064
Nifty Financial Services,2014-04-15,15.57,2.61,1.41,40.637699999999995
Nifty Financial Services,2014-04-16,15.48,2.59,1.42,40.093199999999996
Nifty Financial Services,2014-04-17,15.73,2.64,1.40,41.5272
Nifty Financial Services,2014-04-21,15.87,2.66,1.39,42.2142
Nifty Financial Services,2014-04-22,15.92,2.67,1.38,42.5064
Nifty Financial Services,2014-04-23,16.04,2.69,1.37,43.1476
Nifty Financial Services,2014-04-25,15.99,2.68,1.38,42.8532
Nifty Financial Services,2014-04-28,15.96,2.68,1.38,42.772800000000004
Nifty Financial Services,2014-04-29,15.9,2.65,1.39,42.135
Nifty Financial Services,2014-04-30,15.88,2.65,1.39,42.082
Nifty Financial Services,2014-05-02,15.79,2.66,1.39,42.0014
Nifty Financial Services,2014-05-05,15.69,2.64,1.39,41.4216
Nifty Financial Services,2014-05-06,15.76,2.65,1.39,41.763999999999996
Nifty Financial Services,2014-05-07,15.63,2.63,1.40,41.1069
Nifty Financial Services,2014-05-08,15.72,2.64,1.39,41.500800000000005
Nifty Financial Services,2014-05-09,16.54,2.77,1.33,45.815799999999996
Nifty Financial Services,2014-05-12,16.79,2.82,1.30,47.34779999999999
Nifty Financial Services,2014-05-13,16.88,2.84,1.29,47.93919999999999
Nifty Financial Services,2014-05-14,16.82,2.83,1.30,47.6006
Nifty Financial Services,2014-05-15,16.93,2.85,1.29,48.2505
Nifty Financial Services,2014-05-16,17.46,2.94,1.25,51.3324
Nifty Financial Services,2014-05-19,18.03,3.03,1.21,54.6309
Nifty Financial Services,2014-05-20,18.07,3.03,1.21,54.7521
Nifty Financial Services,2014-05-21,17.92,3.0,1.22,53.760000000000005
Nifty Financial Services,2014-05-22,17.97,3.01,1.22,54.08969999999999
Nifty Financial Services,2014-05-23,18.25,3.06,1.20,55.845
Nifty Financial Services,2014-05-26,18.15,3.04,1.21,55.175999999999995
Nifty Financial Services,2014-05-27,17.93,3.01,1.22,53.9693
Nifty Financial Services,2014-05-28,18.01,3.03,1.21,54.5703
Nifty Financial Services,2014-05-29,17.83,3.0,1.22,53.489999999999995
Nifty Financial Services,2014-05-30,17.54,2.95,1.24,51.743
Nifty Financial Services,2014-06-02,18.09,3.04,1.21,54.9936
Nifty Financial Services,2014-06-03,18.2,3.05,1.20,55.51
Nifty Financial Services,2014-06-04,18.22,3.05,1.20,55.57099999999999
Nifty Financial Services,2014-06-05,18.25,3.06,1.20,55.845
Nifty Financial Services,2014-06-06,18.61,3.12,1.17,58.0632
Nifty Financial Services,2014-06-09,18.46,3.14,1.17,57.964400000000005
Nifty Financial Services,2014-06-10,18.34,3.11,1.18,57.0374
Nifty Financial Services,2014-06-11,18.33,2.99,1.22,54.8067
Nifty Financial Services,2014-06-12,18.44,3.01,1.21,55.5044
Nifty Financial Services,2014-06-13,18.08,2.95,1.24,53.336
Nifty Financial Services,2014-06-16,17.96,2.93,1.25,52.622800000000005
Nifty Financial Services,2014-06-17,18.26,2.9,1.27,52.954
Nifty Financial Services,2014-06-18,18.08,2.88,1.29,52.07039999999999
Nifty Financial Services,2014-06-19,17.97,2.86,1.29,51.3942
Nifty Financial Services,2014-06-20,17.92,2.85,1.30,51.07200000000001
Nifty Financial Services,2014-06-23,17.96,2.86,1.29,51.3656
Nifty Financial Services,2014-06-24,18.27,2.91,1.27,53.1657
Nifty Financial Services,2014-06-25,18.23,2.9,1.28,52.867
Nifty Financial Services,2014-06-26,17.99,2.86,1.29,51.45139999999999
Nifty Financial Services,2014-06-27,17.93,2.85,1.30,51.100500000000004
Nifty Financial Services,2014-06-30,18.24,2.9,1.27,52.895999999999994
Nifty Financial Services,2014-07-01,18.27,2.9,1.27,52.983
Nifty Financial Services,2014-07-02,18.54,2.95,1.25,54.693
Nifty Financial Services,2014-07-03,18.51,2.94,1.26,54.4194
Nifty Financial Services,2014-07-04,18.65,2.97,1.25,55.3905
Nifty Financial Services,2014-07-07,18.58,2.95,1.25,54.811
Nifty Financial Services,2014-07-08,18.19,2.89,1.28,52.569100000000006
Nifty Financial Services,2014-07-09,18.11,2.88,1.28,52.1568
Nifty Financial Services,2014-07-10,18.11,2.88,1.28,52.1568
Nifty Financial Services,2014-07-11,17.57,2.79,1.32,49.0203
Nifty Financial Services,2014-07-14,17.6,2.8,1.32,49.28
Nifty Financial Services,2014-07-15,17.96,2.86,1.29,51.3656
Nifty Financial Services,2014-07-16,18.31,2.91,1.27,53.2821
Nifty Financial Services,2014-07-17,18.27,2.91,1.27,53.1657
Nifty Financial Services,2014-07-18,18.4,2.93,1.26,53.912
Nifty Financial Services,2014-07-21,18.35,2.94,1.26,53.949000000000005
Nifty Financial Services,2014-07-22,18.45,2.97,1.25,54.7965
Nifty Financial Services,2014-07-23,18.37,2.97,1.25,54.55890000000001
Nifty Financial Services,2014-07-24,18.41,2.98,1.24,54.8618
Nifty Financial Services,2014-07-25,18.29,2.96,1.25,54.1384
Nifty Financial Services,2014-07-28,18.17,2.94,1.26,53.4198
Nifty Financial Services,2014-07-30,18.47,2.99,1.24,55.2253
Nifty Financial Services,2014-07-31,18.25,2.92,1.29,53.29
Nifty Financial Services,2014-08-01,18.02,2.87,1.30,51.7174
Nifty Financial Services,2014-08-04,18.07,2.87,1.30,51.8609
Nifty Financial Services,2014-08-05,18.19,2.89,1.29,52.569100000000006
Nifty Financial Services,2014-08-06,17.74,2.83,1.28,50.2042
Nifty Financial Services,2014-08-07,17.7,2.74,1.25,48.498000000000005
Nifty Financial Services,2014-08-08,17.49,2.7,1.27,47.223
Nifty Financial Services,2014-08-11,17.77,2.75,1.24,48.8675
Nifty Financial Services,2014-08-12,18.13,2.81,1.22,50.945299999999996
Nifty Financial Services,2014-08-13,18.07,2.8,1.22,50.596
Nifty Financial Services,2014-08-14,18.17,2.81,1.21,51.057700000000004
Nifty Financial Services,2014-08-18,18.44,2.86,1.20,52.7384
Nifty Financial Services,2014-08-19,18.41,2.85,1.20,52.4685
Nifty Financial Services,2014-08-20,18.3,2.84,1.20,51.972
Nifty Financial Services,2014-08-21,18.41,2.86,1.19,52.6526
Nifty Financial Services,2014-08-22,18.47,2.87,1.19,53.0089
Nifty Financial Services,2014-08-25,18.37,2.85,1.20,52.3545
Nifty Financial Services,2014-08-26,18.35,2.85,1.20,52.29750000000001
Nifty Financial Services,2014-08-27,18.44,2.86,1.19,52.7384
Nifty Financial Services,2014-08-28,18.49,2.87,1.19,53.0663
Nifty Financial Services,2014-09-01,18.67,2.9,1.18,54.143
Nifty Financial Services,2014-09-02,18.8,2.92,1.17,54.896
Nifty Financial Services,2014-09-03,18.76,2.91,1.17,54.59160000000001
Nifty Financial Services,2014-09-04,18.75,2.91,1.17,54.5625
Nifty Financial Services,2014-09-05,18.63,2.89,1.18,53.8407
Nifty Financial Services,2014-09-08,18.8,2.92,1.17,54.896
Nifty Financial Services,2014-09-09,18.74,2.91,1.17,54.5334
Nifty Financial Services,2014-09-10,18.68,2.9,1.18,54.172
Nifty Financial Services,2014-09-11,18.75,2.91,1.17,54.5625
Nifty Financial Services,2014-09-12,18.82,2.92,1.17,54.9544
Nifty Financial Services,2014-09-15,18.7,2.9,1.18,54.23
Nifty Financial Services,2014-09-16,18.32,2.84,1.20,52.0288
Nifty Financial Services,2014-09-17,18.31,2.84,1.20,52.00039999999999
Nifty Financial Services,2014-09-18,18.72,2.9,1.18,54.288
Nifty Financial Services,2014-09-19,18.78,2.91,1.17,54.649800000000006
Nifty Financial Services,2014-09-22,18.82,2.92,1.17,54.9544
Nifty Financial Services,2014-09-23,18.52,2.87,1.19,53.1524
Nifty Financial Services,2014-09-24,18.34,2.85,1.20,52.269
Nifty Financial Services,2014-09-25,17.96,2.79,1.22,50.1084
Nifty Financial Services,2014-09-26,18.18,2.81,1.22,51.0858
Nifty Financial Services,2014-09-29,18.04,2.79,1.23,50.3316
Nifty Financial Services,2014-09-30,18.05,2.79,1.22,50.359500000000004
Nifty Financial Services,2014-10-01,17.98,2.78,1.23,49.9844
Nifty Financial Services,2014-10-07,17.72,2.74,1.25,48.5528
Nifty Financial Services,2014-10-08,17.84,2.76,1.24,49.2384
Nifty Financial Services,2014-10-09,18.3,2.83,1.21,51.789
Nifty Financial Services,2014-10-10,17.9,2.76,1.24,49.40399999999999
Nifty Financial Services,2014-10-13,18.11,2.79,1.22,50.5269
Nifty Financial Services,2014-10-14,18.15,2.8,1.22,50.81999999999999
Nifty Financial Services,2014-10-16,17.85,2.75,1.24,49.087500000000006
Nifty Financial Services,2014-10-17,18.26,2.82,1.21,51.4932
Nifty Financial Services,2014-10-20,18.61,2.87,1.19,53.4107
Nifty Financial Services,2014-10-21,18.74,2.9,1.18,54.346
Nifty Financial Services,2014-10-22,18.66,2.91,1.17,54.3006
Nifty Financial Services,2014-10-23,18.7,2.92,1.17,54.604
Nifty Financial Services,2014-10-27,18.75,2.92,1.17,54.75
Nifty Financial Services,2014-10-28,18.86,2.95,1.16,55.637
Nifty Financial Services,2014-10-29,18.84,2.94,1.16,55.3896
Nifty Financial Services,2014-10-30,18.97,2.97,1.15,56.3409
Nifty Financial Services,2014-10-31,19.39,3.03,1.13,58.7517
Nifty Financial Services,2014-11-03,19.53,3.05,1.12,59.5665
Nifty Financial Services,2014-11-05,19.5,3.07,1.11,59.864999999999995
Nifty Financial Services,2014-11-07,19.47,3.06,1.11,59.578199999999995
Nifty Financial Services,2014-11-10,19.43,3.06,1.12,59.4558
Nifty Financial Services,2014-11-11,19.62,3.09,1.11,60.6258
Nifty Financial Services,2014-11-12,19.88,3.13,1.09,62.224399999999996
Nifty Financial Services,2014-11-13,19.72,3.1,1.10,61.132
Nifty Financial Services,2014-11-14,19.82,3.12,1.09,61.8384
Nifty Financial Services,2014-11-17,19.93,3.14,1.09,62.580200000000005
Nifty Financial Services,2014-11-18,19.92,3.13,1.09,62.3496
Nifty Financial Services,2014-11-19,19.72,3.12,1.09,61.526399999999995
Nifty Financial Services,2014-11-20,19.81,3.14,1.09,62.203399999999995
Nifty Financial Services,2014-11-21,20.13,3.2,1.07,64.416
Nifty Financial Services,2014-11-24,20.33,3.23,1.06,65.6659
Nifty Financial Services,2014-11-25,20.16,3.2,1.06,64.512
Nifty Financial Services,2014-11-26,20.15,3.2,1.07,64.48
Nifty Financial Services,2014-11-27,20.17,3.2,1.06,64.54400000000001
Nifty Financial Services,2014-11-28,20.6,3.27,1.04,67.36200000000001
Nifty Financial Services,2014-12-01,20.52,3.26,1.05,66.89519999999999
Nifty Financial Services,2014-12-02,20.52,3.26,1.05,66.89519999999999
Nifty Financial Services,2014-12-03,20.55,3.27,1.04,67.1985
Nifty Financial Services,2014-12-04,20.69,3.29,1.04,68.07010000000001
Nifty Financial Services,2014-12-05,20.65,3.28,1.04,67.73199999999999
Nifty Financial Services,2014-12-08,20.43,3.25,1.05,66.3975
Nifty Financial Services,2014-12-09,20.22,3.21,1.06,64.9062
Nifty Financial Services,2014-12-10,20.4,3.24,1.05,66.096
Nifty Financial Services,2014-12-11,20.3,3.23,1.06,65.569
Nifty Financial Services,2014-12-12,20.09,3.19,1.07,64.08709999999999
Nifty Financial Services,2014-12-15,20.35,3.23,1.05,65.7305
Nifty Financial Services,2014-12-16,19.7,3.13,1.09,61.660999999999994
Nifty Financial Services,2014-12-17,19.75,3.14,1.09,62.015
Nifty Financial Services,2014-12-18,20.2,3.21,1.06,64.842
Nifty Financial Services,2014-12-19,20.39,3.24,1.05,66.06360000000001
Nifty Financial Services,2014-12-22,20.73,3.29,1.04,68.2017
Nifty Financial Services,2014-12-23,20.49,3.26,1.05,66.7974
Nifty Financial Services,2014-12-24,20.33,3.23,1.06,65.6659
Nifty Financial Services,2014-12-26,20.42,3.24,1.05,66.16080000000001
Nifty Financial Services,2014-12-29,20.43,3.25,1.05,66.3975
Nifty Financial Services,2014-12-30,20.54,3.26,1.04,66.96039999999999
Nifty Financial Services,2014-12-31,20.64,3.28,1.04,67.6992
Nifty Financial Services,2015-01-01,20.6,3.27,1.04,67.36200000000001
Nifty Financial Services,2015-01-02,21.05,3.35,1.02,70.5175
Nifty Financial Services,2015-01-05,20.95,3.33,1.02,69.7635
Nifty Financial Services,2015-01-06,20.22,3.21,1.06,64.9062
Nifty Financial Services,2015-01-07,20.09,3.19,1.07,64.08709999999999
Nifty Financial Services,2015-01-08,20.53,3.26,1.05,66.9278
Nifty Financial Services,2015-01-09,20.44,3.25,1.05,66.43
Nifty Financial Services,2015-01-12,20.58,3.27,1.04,67.2966
Nifty Financial Services,2015-01-13,20.48,3.25,1.05,66.56
Nifty Financial Services,2015-01-14,20.37,3.24,1.05,65.9988
Nifty Financial Services,2015-01-15,21.29,3.38,1.01,71.9602
Nifty Financial Services,2015-01-16,21.3,3.38,1.01,71.994
Nifty Financial Services,2015-01-19,21.39,3.4,1.00,72.726
Nifty Financial Services,2015-01-20,21.92,3.48,0.98,76.28160000000001
Nifty Financial Services,2015-01-21,21.96,3.51,0.97,77.0796
Nifty Financial Services,2015-01-22,21.98,3.52,0.97,77.3696
Nifty Financial Services,2015-01-23,22.12,3.54,0.96,78.3048
Nifty Financial Services,2015-01-27,22.65,3.62,0.94,81.993
Nifty Financial Services,2015-01-28,22.73,3.64,0.94,82.7372
Nifty Financial Services,2015-01-29,22.68,3.63,0.94,82.3284
Nifty Financial Services,2015-01-30,21.99,3.51,0.97,77.18489999999998
Nifty Financial Services,2015-02-02,22.09,3.53,0.97,77.9777
Nifty Financial Services,2015-02-03,21.47,3.44,0.99,73.85679999999999
Nifty Financial Services,2015-02-04,21.87,3.41,1.00,74.5767
Nifty Financial Services,2015-02-05,21.81,3.4,1.00,74.154
Nifty Financial Services,2015-02-06,21.7,3.38,1.01,73.34599999999999
Nifty Financial Services,2015-02-09,21.34,3.32,1.03,70.8488
Nifty Financial Services,2015-02-10,21.56,3.36,1.02,72.4416
Nifty Financial Services,2015-02-11,21.7,3.38,1.01,73.34599999999999
Nifty Financial Services,2015-02-12,21.94,3.42,1.00,75.0348
Nifty Financial Services,2015-02-13,22.22,3.46,0.99,76.88119999999999
Nifty Financial Services,2015-02-16,22.0,3.45,0.99,75.9
Nifty Financial Services,2015-02-18,22.21,3.49,0.98,77.5129
Nifty Financial Services,2015-02-19,22.01,3.49,0.98,76.81490000000001
Nifty Financial Services,2015-02-20,21.8,3.45,0.99,75.21000000000001
Nifty Financial Services,2015-02-23,21.57,3.42,1.00,73.7694
Nifty Financial Services,2015-02-24,21.55,3.41,1.00,73.4855
Nifty Financial Services,2015-02-25,21.55,3.41,1.00,73.4855
Nifty Financial Services,2015-02-26,21.42,3.39,1.01,72.61380000000001
Nifty Financial Services,2015-02-27,21.88,3.47,0.98,75.92360000000001
Nifty Financial Services,2015-02-28,22.31,3.53,0.97,78.75429999999999
Nifty Financial Services,2015-03-02,22.64,3.59,0.95,81.27759999999999
Nifty Financial Services,2015-03-03,22.72,3.6,0.95,81.792
Nifty Financial Services,2015-03-04,22.45,3.56,0.96,79.922
Nifty Financial Services,2015-03-05,22.64,3.58,0.95,81.05120000000001
Nifty Financial Services,2015-03-09,22.19,3.51,0.97,77.8869
Nifty Financial Services,2015-03-10,21.89,3.47,0.98,75.95830000000001
Nifty Financial Services,2015-03-11,21.91,3.47,0.98,76.02770000000001
Nifty Financial Services,2015-03-12,22.06,3.49,0.98,76.9894
Nifty Financial Services,2015-03-13,21.7,3.44,0.99,74.648
Nifty Financial Services,2015-03-16,21.64,3.43,1.00,74.2252
Nifty Financial Services,2015-03-17,21.96,3.48,0.98,76.4208
Nifty Financial Services,2015-03-18,21.96,3.48,0.98,76.4208
Nifty Financial Services,2015-03-19,21.72,3.44,0.99,74.71679999999999
Nifty Financial Services,2015-03-20,21.57,3.42,1.00,73.7694
Nifty Financial Services,2015-03-23,21.45,3.4,1.00,72.92999999999999
Nifty Financial Services,2015-03-24,21.4,3.39,1.01,72.54599999999999
Nifty Financial Services,2015-03-25,21.36,3.38,1.01,72.1968
Nifty Financial Services,2015-03-26,20.67,3.27,1.04,67.5909
Nifty Financial Services,2015-03-27,20.76,3.29,1.04,68.30040000000001
Nifty Financial Services,2015-03-30,21.23,3.36,1.01,71.33279999999999
Nifty Financial Services,2015-03-31,21.12,3.34,1.02,70.5408
Nifty Financial Services,2015-04-01,21.55,3.41,1.00,73.4855
Nifty Financial Services,2015-04-06,21.54,3.41,1.00,73.4514
Nifty Financial Services,2015-04-07,21.4,3.39,1.01,72.54599999999999
Nifty Financial Services,2015-04-08,21.28,3.37,1.01,71.7136
Nifty Financial Services,2015-04-09,21.66,3.43,0.99,74.2938
Nifty Financial Services,2015-04-10,21.56,3.41,1.00,73.5196
Nifty Financial Services,2015-04-13,21.61,3.42,1.00,73.9062
Nifty Financial Services,2015-04-15,21.42,3.39,1.01,72.61380000000001
Nifty Financial Services,2015-04-16,21.38,3.39,1.01,72.4782
Nifty Financial Services,2015-04-17,21.18,3.35,1.02,70.953
Nifty Financial Services,2015-04-20,20.86,3.3,1.03,68.838
Nifty Financial Services,2015-04-21,20.83,3.3,1.03,68.73899999999999
Nifty Financial Services,2015-04-22,21.02,3.33,1.02,69.9966
Nifty Financial Services,2015-04-23,20.97,3.32,1.03,69.62039999999999
Nifty Financial Services,2015-04-24,20.52,3.28,1.04,67.3056
Nifty Financial Services,2015-04-27,20.31,3.25,1.05,66.0075
Nifty Financial Services,2015-04-28,20.8,3.33,1.03,69.26400000000001
Nifty Financial Services,2015-04-29,20.74,3.32,1.03,68.85679999999999
Nifty Financial Services,2015-04-30,20.54,3.31,1.03,67.9874
Nifty Financial Services,2015-05-04,20.72,3.34,1.02,69.20479999999999
Nifty Financial Services,2015-05-05,20.63,3.32,1.03,68.49159999999999
Nifty Financial Services,2015-05-06,19.94,3.22,1.06,64.2068
Nifty Financial Services,2015-05-07,19.49,3.15,1.08,61.393499999999996
Nifty Financial Services,2015-05-08,19.86,3.23,1.06,64.1478
Nifty Financial Services,2015-05-11,20.37,3.32,1.03,67.6284
Nifty Financial Services,2015-05-12,19.75,3.22,1.06,63.595000000000006
Nifty Financial Services,2015-05-13,20.15,3.3,1.04,66.49499999999999
Nifty Financial Services,2015-05-14,20.12,3.3,1.04,66.396
Nifty Financial Services,2015-05-15,20.26,3.32,1.03,67.2632
Nifty Financial Services,2015-05-18,20.66,3.37,1.01,69.6242
Nifty Financial Services,2015-05-19,20.54,3.35,1.02,68.809
Nifty Financial Services,2015-05-20,20.77,3.39,1.01,70.4103
Nifty Financial Services,2015-05-21,20.7,3.38,1.01,69.966
Nifty Financial Services,2015-05-22,20.75,3.38,1.01,70.13499999999999
Nifty Financial Services,2015-05-25,20.39,3.35,1.02,68.3065
Nifty Financial Services,2015-05-26,20.33,3.34,1.02,67.9022
Nifty Financial Services,2015-05-27,20.51,3.37,1.01,69.1187
Nifty Financial Services,2015-05-28,20.41,3.35,1.02,68.3735
Nifty Financial Services,2015-05-29,20.93,3.49,0.99,73.0457
Nifty Financial Services,2015-06-01,20.85,3.47,1.00,72.3495
Nifty Financial Services,2015-06-02,20.15,3.36,1.03,67.704
Nifty Financial Services,2015-06-03,19.93,3.32,1.04,66.1676
Nifty Financial Services,2015-06-04,19.91,3.33,1.04,66.30030000000001
Nifty Financial Services,2015-06-05,19.74,3.2,1.08,63.168
Nifty Financial Services,2015-06-08,19.58,3.17,1.09,62.068599999999996
Nifty Financial Services,2015-06-09,19.67,3.19,1.08,62.7473
Nifty Financial Services,2015-06-10,19.88,3.22,1.07,64.0136
Nifty Financial Services,2015-06-11,19.44,3.15,1.09,61.236000000000004
Nifty Financial Services,2015-06-12,19.73,3.15,1.09,62.149499999999996
Nifty Financial Services,2015-06-15,19.78,3.15,1.09,62.307
Nifty Financial Services,2015-06-16,19.83,3.16,1.09,62.6628
Nifty Financial Services,2015-06-17,19.83,3.16,1.09,62.6628
Nifty Financial Services,2015-06-18,20.04,3.19,1.08,63.9276
Nifty Financial Services,2015-06-19,20.26,3.23,1.07,65.4398
Nifty Financial Services,2015-06-22,20.79,3.31,1.04,68.8149
Nifty Financial Services,2015-06-23,20.89,3.33,1.03,69.5637
Nifty Financial Services,2015-06-24,20.87,3.33,1.03,69.4971
Nifty Financial Services,2015-06-25,21.04,3.35,1.03,70.484
Nifty Financial Services,2015-06-26,20.85,3.31,1.05,69.01350000000001
Nifty Financial Services,2015-06-29,20.72,3.29,1.05,68.16879999999999
Nifty Financial Services,2015-06-30,20.8,3.14,1.08,65.31200000000001
Nifty Financial Services,2015-07-01,21.02,3.17,1.07,66.6334
Nifty Financial Services,2015-07-02,21.02,3.17,1.07,66.6334
Nifty Financial Services,2015-07-03,21.24,3.2,1.06,67.968
Nifty Financial Services,2015-07-06,21.32,3.21,1.05,68.4372
Nifty Financial Services,2015-07-07,21.4,3.23,1.05,69.122
Nifty Financial Services,2015-07-08,20.97,3.16,1.07,66.2652
Nifty Financial Services,2015-07-09,20.99,3.16,1.07,66.3284
Nifty Financial Services,2015-07-10,21.17,3.13,1.08,66.2621
Nifty Financial Services,2015-07-13,21.44,3.17,1.07,67.9648
Nifty Financial Services,2015-07-14,21.31,3.15,1.07,67.1265
Nifty Financial Services,2015-07-15,21.42,3.17,1.07,67.90140000000001
Nifty Financial Services,2015-07-16,21.81,3.23,1.05,70.4463
Nifty Financial Services,2015-07-17,21.63,3.16,1.08,68.3508
Nifty Financial Services,2015-07-20,21.55,3.15,1.08,67.88250000000001
Nifty Financial Services,2015-07-21,21.24,3.1,1.10,65.844
Nifty Financial Services,2015-07-22,21.6,3.15,1.08,68.04
Nifty Financial Services,2015-07-23,21.52,3.14,1.08,67.5728
Nifty Financial Services,2015-07-24,21.33,3.11,1.09,66.3363
Nifty Financial Services,2015-07-27,20.88,3.05,1.12,63.68399999999999
Nifty Financial Services,2015-07-28,20.65,3.04,1.12,62.775999999999996
Nifty Financial Services,2015-07-29,20.74,3.05,1.12,63.25699999999999
Nifty Financial Services,2015-07-30,20.88,3.07,1.11,64.10159999999999
Nifty Financial Services,2015-07-31,21.13,3.11,1.10,65.7143
Nifty Financial Services,2015-08-03,21.16,3.12,1.09,66.0192
Nifty Financial Services,2015-08-04,21.15,3.12,1.09,65.988
Nifty Financial Services,2015-08-05,21.1,3.12,1.09,65.83200000000001
Nifty Financial Services,2015-08-06,21.2,3.13,1.09,66.356
Nifty Financial Services,2015-08-07,21.08,3.11,1.09,65.55879999999999
Nifty Financial Services,2015-08-10,20.99,3.11,1.10,65.2789
Nifty Financial Services,2015-08-11,20.72,3.07,1.11,63.61039999999999
Nifty Financial Services,2015-08-12,20.14,2.99,1.14,60.21860000000001
Nifty Financial Services,2015-08-13,20.21,3.0,1.14,60.63
Nifty Financial Services,2015-08-14,20.74,3.08,1.11,63.8792
Nifty Financial Services,2015-08-17,20.66,3.08,1.11,63.6328
Nifty Financial Services,2015-08-18,20.55,3.06,1.12,62.883
Nifty Financial Services,2015-08-19,20.47,3.05,1.12,62.433499999999995
Nifty Financial Services,2015-08-20,20.14,3.0,1.14,60.42
Nifty Financial Services,2015-08-21,19.89,2.96,1.16,58.8744
Nifty Financial Services,2015-08-24,18.59,2.77,1.24,51.4943
Nifty Financial Services,2015-08-25,18.83,2.8,1.22,52.72399999999999
Nifty Financial Services,2015-08-26,18.48,2.75,1.24,50.82
Nifty Financial Services,2015-08-27,19.08,2.84,1.20,54.18719999999999
Nifty Financial Services,2015-08-28,19.13,2.85,1.20,54.5205
Nifty Financial Services,2015-08-31,18.99,2.83,1.21,53.741699999999994
Nifty Financial Services,2015-09-01,18.41,2.74,1.25,50.443400000000004
Nifty Financial Services,2015-09-02,18.06,2.69,1.27,48.581399999999995
Nifty Financial Services,2015-09-03,18.48,2.75,1.24,50.82
Nifty Financial Services,2015-09-04,17.99,2.68,1.28,48.2132
Nifty Financial Services,2015-09-07,17.73,2.64,1.30,46.8072
Nifty Financial Services,2015-09-08,18.24,2.72,1.26,49.6128
Nifty Financial Services,2015-09-09,18.55,2.76,1.24,51.198
Nifty Financial Services,2015-09-10,18.44,2.74,1.25,50.525600000000004
Nifty Financial Services,2015-09-11,18.48,2.75,1.24,50.82
Nifty Financial Services,2015-09-14,18.76,2.79,1.22,52.3404
Nifty Financial Services,2015-09-15,18.58,2.77,1.24,51.46659999999999
Nifty Financial Services,2015-09-16,18.81,2.8,1.22,52.66799999999999
Nifty Financial Services,2015-09-18,19.21,2.86,1.20,54.9406
Nifty Financial Services,2015-09-21,19.34,2.88,1.19,55.6992
Nifty Financial Services,2015-09-22,18.79,2.8,1.22,52.611999999999995
Nifty Financial Services,2015-09-23,18.95,2.82,1.21,53.43899999999999
Nifty Financial Services,2015-09-24,18.94,2.82,1.21,53.4108
Nifty Financial Services,2015-09-28,19.07,2.93,1.20,55.8751
Nifty Financial Services,2015-09-29,19.39,2.97,1.18,57.588300000000004
Nifty Financial Services,2015-09-30,19.38,2.97,1.18,57.5586
Nifty Financial Services,2015-10-01,19.24,2.92,1.19,56.18079999999999
Nifty Financial Services,2015-10-05,19.96,3.03,1.15,60.4788
Nifty Financial Services,2015-10-06,19.91,3.02,1.15,60.1282
Nifty Financial Services,2015-10-07,19.96,3.03,1.15,60.4788
Nifty Financial Services,2015-10-08,19.82,3.0,1.16,59.46
Nifty Financial Services,2015-10-09,19.99,3.03,1.15,60.56969999999999
Nifty Financial Services,2015-10-12,19.93,3.02,1.15,60.1886
Nifty Financial Services,2015-10-13,19.95,3.02,1.15,60.248999999999995
Nifty Financial Services,2015-10-14,19.98,3.03,1.15,60.5394
Nifty Financial Services,2015-10-15,20.09,3.05,1.14,61.274499999999996
Nifty Financial Services,2015-10-16,20.33,3.08,1.13,62.6164
Nifty Financial Services,2015-10-19,20.3,3.08,1.13,62.524
Nifty Financial Services,2015-10-20,20.27,3.08,1.13,62.4316
Nifty Financial Services,2015-10-21,20.22,3.07,1.13,62.075399999999995
Nifty Financial Services,2015-10-23,20.32,3.11,1.12,63.1952
Nifty Financial Services,2015-10-26,20.15,3.09,1.13,62.26349999999999
Nifty Financial Services,2015-10-27,20.04,3.07,1.13,61.5228
Nifty Financial Services,2015-10-28,19.67,3.01,1.16,59.2067
Nifty Financial Services,2015-10-29,19.52,2.99,1.16,58.3648
Nifty Financial Services,2015-10-30,19.54,3.0,1.16,58.62
Nifty Financial Services,2015-11-02,19.26,2.98,1.17,57.394800000000004
Nifty Financial Services,2015-11-03,19.27,2.98,1.17,57.4246
Nifty Financial Services,2015-11-04,19.02,2.97,1.17,56.4894
Nifty Financial Services,2015-11-05,18.74,2.93,1.19,54.9082
Nifty Financial Services,2015-11-06,18.74,2.93,1.19,54.9082
Nifty Financial Services,2015-11-09,18.53,2.92,1.19,54.107600000000005
Nifty Financial Services,2015-11-10,18.34,2.89,1.20,53.0026
Nifty Financial Services,2015-11-11,18.47,2.91,1.20,53.7477
Nifty Financial Services,2015-11-13,18.46,2.91,1.20,53.7186
Nifty Financial Services,2015-11-16,18.59,2.94,1.19,54.6546
Nifty Financial Services,2015-11-17,18.64,2.94,1.18,54.8016
Nifty Financial Services,2015-11-18,18.3,2.89,1.21,52.88700000000001
Nifty Financial Services,2015-11-19,18.63,2.94,1.18,54.7722
Nifty Financial Services,2015-11-20,18.59,2.94,1.19,54.6546
Nifty Financial Services,2015-11-23,18.54,2.93,1.19,54.3222
Nifty Financial Services,2015-11-24,18.59,2.93,1.19,54.468700000000005
Nifty Financial Services,2015-11-26,18.64,2.94,1.18,54.8016
Nifty Financial Services,2015-11-27,18.93,2.99,1.17,56.6007
Nifty Financial Services,2015-11-30,18.88,2.98,1.17,56.2624
Nifty Financial Services,2015-12-01,18.92,2.99,1.17,56.57080000000001
Nifty Financial Services,2015-12-02,18.75,2.96,1.18,55.5
Nifty Financial Services,2015-12-03,18.61,2.94,1.19,54.7134
Nifty Financial Services,2015-12-04,18.32,2.89,1.20,52.9448
Nifty Financial Services,2015-12-07,18.4,2.91,1.20,53.544
Nifty Financial Services,2015-12-08,18.23,2.88,1.21,52.5024
Nifty Financial Services,2015-12-09,18.07,2.85,1.22,51.499500000000005
Nifty Financial Services,2015-12-10,18.21,2.87,1.21,52.2627
Nifty Financial Services,2015-12-11,17.91,2.83,1.23,50.685300000000005
Nifty Financial Services,2015-12-14,17.98,2.84,1.23,51.0632
Nifty Financial Services,2015-12-15,18.07,2.85,1.22,51.499500000000005
Nifty Financial Services,2015-12-16,18.26,2.88,1.21,52.5888
Nifty Financial Services,2015-12-17,18.48,2.92,1.19,53.9616
Nifty Financial Services,2015-12-18,18.31,2.89,1.21,52.9159
Nifty Financial Services,2015-12-21,18.54,2.93,1.19,54.3222
Nifty Financial Services,2015-12-22,18.48,2.92,1.19,53.9616
Nifty Financial Services,2015-12-23,18.62,2.94,1.19,54.7428
Nifty Financial Services,2015-12-24,18.52,2.92,1.19,54.078399999999995
Nifty Financial Services,2015-12-28,18.64,2.94,1.18,54.8016
Nifty Financial Services,2015-12-29,18.69,2.95,1.18,55.13550000000001
Nifty Financial Services,2015-12-30,18.62,2.94,1.19,54.7428
Nifty Financial Services,2015-12-31,18.76,2.96,1.18,55.5296
Nifty Financial Services,2016-01-01,18.84,2.98,1.17,56.1432
Nifty Financial Services,2016-01-04,18.36,2.9,1.20,53.244
Nifty Financial Services,2016-01-05,18.31,2.89,1.21,52.9159
Nifty Financial Services,2016-01-06,18.21,2.88,1.21,52.4448
Nifty Financial Services,2016-01-07,17.81,2.81,1.24,50.046099999999996
Nifty Financial Services,2016-01-08,17.86,2.82,1.24,50.365199999999994
Nifty Financial Services,2016-01-11,17.72,2.8,1.25,49.61599999999999
Nifty Financial Services,2016-01-12,17.49,2.76,1.26,48.27239999999999
Nifty Financial Services,2016-01-13,17.63,2.78,1.25,49.011399999999995
Nifty Financial Services,2016-01-14,17.38,2.74,1.27,47.6212
Nifty Financial Services,2016-01-15,16.96,2.68,1.30,45.4528
Nifty Financial Services,2016-01-18,16.7,2.64,1.32,44.088
Nifty Financial Services,2016-01-19,16.95,2.68,1.30,45.426
Nifty Financial Services,2016-01-20,16.64,2.64,1.32,43.9296
Nifty Financial Services,2016-01-21,16.74,2.65,1.31,44.361
Nifty Financial Services,2016-01-22,17.09,2.72,1.28,46.4848
Nifty Financial Services,2016-01-25,17.22,2.74,1.27,47.1828
Nifty Financial Services,2016-01-27,17.17,2.73,1.28,46.874100000000006
Nifty Financial Services,2016-01-28,16.96,2.7,1.29,45.79200000000001
Nifty Financial Services,2016-01-29,17.19,2.73,1.28,46.928700000000006
Nifty Financial Services,2016-02-01,16.93,2.7,1.29,45.711000000000006
Nifty Financial Services,2016-02-02,16.66,2.66,1.31,44.3156
Nifty Financial Services,2016-02-03,16.39,2.62,1.33,42.9418
Nifty Financial Services,2016-02-04,16.45,2.63,1.32,43.26349999999999
Nifty Financial Services,2016-02-05,16.77,2.68,1.30,44.9436
Nifty Financial Services,2016-02-08,16.61,2.66,1.31,44.1826
Nifty Financial Services,2016-02-09,16.46,2.64,1.32,43.45440000000001
Nifty Financial Services,2016-02-10,16.1,2.58,1.35,41.538000000000004
Nifty Financial Services,2016-02-11,15.43,2.47,1.41,38.112100000000005
Nifty Financial Services,2016-02-12,15.42,2.47,1.41,38.0874
Nifty Financial Services,2016-02-15,15.88,2.53,1.38,40.1764
Nifty Financial Services,2016-02-16,15.61,2.49,1.40,38.868900000000004
Nifty Financial Services,2016-02-17,15.57,2.48,1.41,38.6136
Nifty Financial Services,2016-02-18,15.68,2.5,1.40,39.2
Nifty Financial Services,2016-02-19,15.7,2.5,1.39,39.25
Nifty Financial Services,2016-02-22,15.72,2.5,1.39,39.300000000000004
Nifty Financial Services,2016-02-23,15.39,2.45,1.42,37.7055
Nifty Financial Services,2016-02-24,15.1,2.4,1.45,36.239999999999995
Nifty Financial Services,2016-02-25,15.0,2.39,1.46,35.85
Nifty Financial Services,2016-02-26,15.23,2.42,1.44,36.8566
Nifty Financial Services,2016-02-29,15.4,2.45,1.42,37.730000000000004
Nifty Financial Services,2016-03-01,15.83,2.52,1.38,39.891600000000004
Nifty Financial Services,2016-03-02,16.48,2.62,1.33,43.177600000000005
Nifty Financial Services,2016-03-03,16.62,2.64,1.32,43.8768
Nifty Financial Services,2016-03-04,16.76,2.67,1.31,44.7492
Nifty Financial Services,2016-03-08,16.65,2.65,1.31,44.122499999999995
Nifty Financial Services,2016-03-09,16.7,2.66,1.31,44.422
Nifty Financial Services,2016-03-10,16.7,2.66,1.31,44.422
Nifty Financial Services,2016-03-11,16.7,2.66,1.31,44.422
Nifty Financial Services,2016-03-14,16.81,2.67,1.30,44.88269999999999
Nifty Financial Services,2016-03-15,16.67,2.65,1.31,44.1755
Nifty Financial Services,2016-03-16,16.83,2.68,1.30,45.1044
Nifty Financial Services,2016-03-17,16.79,2.67,1.30,44.829299999999996
Nifty Financial Services,2016-03-18,17.01,2.71,1.29,46.097100000000005
Nifty Financial Services,2016-03-21,17.32,2.75,1.26,47.63
Nifty Financial Services,2016-03-22,17.4,2.77,1.26,48.19799999999999
Nifty Financial Services,2016-03-23,17.35,2.76,1.26,47.886
Nifty Financial Services,2016-03-28,17.05,2.71,1.28,46.2055
Nifty Financial Services,2016-03-29,17.02,2.71,1.29,46.124199999999995
Nifty Financial Services,2016-03-30,17.39,2.77,1.26,48.170300000000005
Nifty Financial Services,2016-03-31,17.35,2.76,1.26,47.886
Nifty Financial Services,2016-04-01,17.49,2.8,1.26,48.971999999999994
Nifty Financial Services,2016-04-04,17.47,2.8,1.27,48.916
Nifty Financial Services,2016-04-05,17.07,2.74,1.29,46.771800000000006
Nifty Financial Services,2016-04-06,17.03,2.73,1.30,46.4919
Nifty Financial Services,2016-04-07,16.86,2.7,1.31,45.522
Nifty Financial Services,2016-04-08,16.93,2.71,1.31,45.8803
Nifty Financial Services,2016-04-11,17.1,2.74,1.29,46.854000000000006
Nifty Financial Services,2016-04-12,17.2,2.76,1.29,47.471999999999994
Nifty Financial Services,2016-04-13,17.63,2.83,1.25,49.8929
Nifty Financial Services,2016-04-18,17.65,2.83,1.25,49.9495
Nifty Financial Services,2016-04-20,17.76,2.85,1.24,50.61600000000001
Nifty Financial Services,2016-04-21,18.02,2.89,1.23,52.0778
Nifty Financial Services,2016-04-22,17.99,2.88,1.23,51.81119999999999
Nifty Financial Services,2016-04-25,17.9,2.87,1.23,51.373
Nifty Financial Services,2016-04-26,18.19,2.92,1.21,53.1148
Nifty Financial Services,2016-04-27,18.04,2.9,1.22,52.315999999999995
Nifty Financial Services,2016-04-28,17.75,2.85,1.24,50.5875
Nifty Financial Services,2016-04-29,17.66,2.86,1.24,50.5076
Nifty Financial Services,2016-05-02,17.53,2.84,1.25,49.7852
Nifty Financial Services,2016-05-03,17.43,2.82,1.26,49.1526
Nifty Financial Services,2016-05-04,17.2,2.82,1.26,48.504
Nifty Financial Services,2016-05-05,17.31,2.84,1.25,49.160399999999996
Nifty Financial Services,2016-05-06,17.35,2.85,1.24,49.447500000000005
Nifty Financial Services,2016-05-09,17.77,2.92,1.22,51.8884
Nifty Financial Services,2016-05-10,17.9,2.94,1.21,52.626
Nifty Financial Services,2016-05-11,17.83,2.93,1.21,52.2419
Nifty Financial Services,2016-05-12,17.97,2.95,1.20,53.0115
Nifty Financial Services,2016-05-13,17.69,2.9,1.22,51.301
Nifty Financial Services,2016-05-16,17.77,2.92,1.22,51.8884
Nifty Financial Services,2016-05-17,17.9,2.94,1.21,52.626
Nifty Financial Services,2016-05-18,17.85,2.93,1.21,52.30050000000001
Nifty Financial Services,2016-05-19,17.61,2.89,1.23,50.8929
Nifty Financial Services,2016-05-20,17.52,2.88,1.23,50.4576
Nifty Financial Services,2016-05-23,17.39,2.86,1.24,49.7354
Nifty Financial Services,2016-05-24,17.5,2.88,1.23,50.4
Nifty Financial Services,2016-05-25,18.86,2.96,1.20,55.825599999999994
Nifty Financial Services,2016-05-26,19.17,3.02,1.17,57.89340000000001
Nifty Financial Services,2016-05-27,19.48,3.07,1.15,59.803599999999996
Nifty Financial Services,2016-05-30,19.89,3.06,1.16,60.863400000000006
Nifty Financial Services,2016-05-31,19.94,3.07,1.15,61.2158
Nifty Financial Services,2016-06-01,19.81,3.05,1.16,60.42049999999999
Nifty Financial Services,2016-06-02,19.98,3.08,1.15,61.5384
Nifty Financial Services,2016-06-03,20.07,3.09,1.14,62.0163
Nifty Financial Services,2016-06-06,20.01,3.08,1.15,61.63080000000001
Nifty Financial Services,2016-06-07,20.27,3.12,1.13,63.2424
Nifty Financial Services,2016-06-08,20.31,3.13,1.13,63.570299999999996
Nifty Financial Services,2016-06-09,20.15,3.11,1.14,62.66649999999999
Nifty Financial Services,2016-06-10,20.06,3.03,1.04,60.78179999999999
Nifty Financial Services,2016-06-13,19.73,2.98,1.06,58.7954
Nifty Financial Services,2016-06-14,19.77,2.99,1.06,59.112300000000005
Nifty Financial Services,2016-06-15,20.02,3.02,1.05,60.4604
Nifty Financial Services,2016-06-16,19.81,2.99,1.06,59.2319
Nifty Financial Services,2016-06-17,19.91,2.94,1.05,58.5354
Nifty Financial Services,2016-06-20,19.93,2.95,1.05,58.7935
Nifty Financial Services,2016-06-21,19.91,2.94,1.05,58.5354
Nifty Financial Services,2016-06-22,19.92,2.94,1.05,58.564800000000005
Nifty Financial Services,2016-06-23,20.14,2.98,1.04,60.0172
Nifty Financial Services,2016-06-24,19.65,2.81,1.04,55.216499999999996
Nifty Financial Services,2016-06-27,19.74,2.82,1.04,55.666799999999995
Nifty Financial Services,2016-06-28,19.84,2.83,1.03,56.1472
Nifty Financial Services,2016-06-29,20.03,2.86,1.02,57.2858
Nifty Financial Services,2016-06-30,20.29,2.9,1.01,58.840999999999994
Nifty Financial Services,2016-07-01,20.31,2.9,1.01,58.898999999999994
Nifty Financial Services,2016-07-04,20.46,2.92,1.00,59.7432
Nifty Financial Services,2016-07-05,20.37,2.91,1.00,59.276700000000005
Nifty Financial Services,2016-07-07,20.55,2.93,0.99,60.21150000000001
Nifty Financial Services,2016-07-08,20.47,2.92,1.00,59.7724
Nifty Financial Services,2016-07-11,20.93,2.99,0.98,62.5807
Nifty Financial Services,2016-07-12,21.26,3.04,0.96,64.63040000000001
Nifty Financial Services,2016-07-13,21.21,3.03,0.96,64.2663
Nifty Financial Services,2016-07-14,21.4,3.06,0.95,65.484
Nifty Financial Services,2016-07-15,21.56,3.08,0.95,66.4048
Nifty Financial Services,2016-07-18,21.48,3.07,0.95,65.9436
Nifty Financial Services,2016-07-19,21.46,3.06,0.95,65.66760000000001
Nifty Financial Services,2016-07-20,21.49,3.07,0.95,65.97429999999999
Nifty Financial Services,2016-07-21,21.24,3.03,0.96,64.35719999999999
Nifty Financial Services,2016-07-22,21.38,3.05,0.96,65.20899999999999
Nifty Financial Services,2016-07-25,21.69,2.98,1.01,64.6362
Nifty Financial Services,2016-07-26,21.57,2.97,1.01,64.0629
Nifty Financial Services,2016-07-27,21.77,2.99,1.00,65.09230000000001
Nifty Financial Services,2016-07-28,21.66,2.99,1.00,64.7634
Nifty Financial Services,2016-07-29,21.5,2.97,1.01,63.855000000000004
Nifty Financial Services,2016-08-01,21.36,2.95,1.01,63.012
Nifty Financial Services,2016-08-02,21.17,2.92,1.02,61.8164
Nifty Financial Services,2016-08-03,20.95,2.89,1.03,60.545500000000004
Nifty Financial Services,2016-08-04,20.92,2.89,1.03,60.45880000000001
Nifty Financial Services,2016-08-05,21.3,2.94,1.02,62.622
Nifty Financial Services,2016-08-08,21.4,2.96,1.01,63.343999999999994
Nifty Financial Services,2016-08-09,21.31,2.94,1.02,62.651399999999995
Nifty Financial Services,2016-08-10,21.05,2.91,1.03,61.255500000000005
Nifty Financial Services,2016-08-11,21.14,2.9,1.05,61.306
Nifty Financial Services,2016-08-12,21.52,2.96,1.03,63.6992
Nifty Financial Services,2016-08-16,21.48,2.95,1.03,63.36600000000001
Nifty Financial Services,2016-08-17,21.54,2.96,1.03,63.758399999999995
Nifty Financial Services,2016-08-18,21.79,2.99,1.01,65.1521
Nifty Financial Services,2016-08-19,21.8,2.99,1.01,65.182
Nifty Financial Services,2016-08-22,21.75,2.99,1.02,65.0325
Nifty Financial Services,2016-08-23,22.18,2.98,1.02,66.0964
Nifty Financial Services,2016-08-24,22.24,2.99,1.02,66.4976
Nifty Financial Services,2016-08-25,22.11,2.97,1.02,65.6667
Nifty Financial Services,2016-08-26,21.88,2.99,1.01,65.4212
Nifty Financial Services,2016-08-29,21.94,3.0,1.01,65.82000000000001
Nifty Financial Services,2016-08-30,22.26,3.04,1.00,67.6704
Nifty Financial Services,2016-08-31,22.55,3.08,0.98,69.45400000000001
Nifty Financial Services,2016-09-01,22.63,3.09,0.98,69.9267
Nifty Financial Services,2016-09-02,22.74,3.11,0.97,70.72139999999999
Nifty Financial Services,2016-09-06,23.23,3.17,0.95,73.6391
Nifty Financial Services,2016-09-07,23.09,3.14,0.98,72.5026
Nifty Financial Services,2016-09-08,23.22,3.16,0.98,73.3752
Nifty Financial Services,2016-09-09,22.98,3.13,0.99,71.9274
Nifty Financial Services,2016-09-12,22.54,3.07,1.01,69.1978
Nifty Financial Services,2016-09-14,22.57,3.07,1.01,69.2899
Nifty Financial Services,2016-09-15,22.61,3.08,1.00,69.6388
Nifty Financial Services,2016-09-16,22.62,3.08,1.00,69.6696
Nifty Financial Services,2016-09-19,22.61,3.08,1.00,69.6388
Nifty Financial Services,2016-09-20,22.59,3.07,1.01,69.3513
Nifty Financial Services,2016-09-21,22.58,3.07,1.01,69.32059999999998
Nifty Financial Services,2016-09-22,22.9,3.12,0.99,71.448
Nifty Financial Services,2016-09-23,22.77,3.1,1.00,70.587
Nifty Financial Services,2016-09-26,22.44,3.05,1.01,68.442
Nifty Financial Services,2016-09-27,22.37,3.04,1.01,68.0048
Nifty Financial Services,2016-09-28,22.47,3.06,1.01,68.7582
Nifty Financial Services,2016-09-29,21.96,2.99,1.03,65.66040000000001
Nifty Financial Services,2016-09-30,22.03,3.0,1.03,66.09
Nifty Financial Services,2016-10-03,22.44,3.05,1.01,68.442
Nifty Financial Services,2016-10-04,22.54,3.07,1.01,69.1978
Nifty Financial Services,2016-10-05,22.42,3.05,1.01,68.381
Nifty Financial Services,2016-10-06,22.29,3.03,1.02,67.53869999999999
Nifty Financial Services,2016-10-07,22.23,3.02,1.02,67.1346
Nifty Financial Services,2016-10-10,22.14,3.01,1.03,66.64139999999999
Nifty Financial Services,2016-10-13,21.6,2.94,1.05,63.504000000000005
Nifty Financial Services,2016-10-14,21.6,2.94,1.05,63.504000000000005
Nifty Financial Services,2016-10-17,21.62,2.94,1.05,63.5628
Nifty Financial Services,2016-10-18,22.21,3.02,1.02,67.0742
Nifty Financial Services,2016-10-19,22.1,3.01,1.03,66.521
Nifty Financial Services,2016-10-20,22.35,3.04,1.02,67.944
Nifty Financial Services,2016-10-21,22.32,3.04,1.02,67.8528
Nifty Financial Services,2016-10-24,22.39,3.05,1.01,68.2895
Nifty Financial Services,2016-10-25,22.4,3.05,1.01,68.32
Nifty Financial Services,2016-10-26,22.63,3.01,1.03,68.1163
Nifty Financial Services,2016-10-27,22.83,3.03,1.02,69.1749
Nifty Financial Services,2016-10-28,22.87,3.04,1.02,69.5248
Nifty Financial Services,2016-10-30,22.82,3.03,1.02,69.1446
Nifty Financial Services,2016-11-01,22.87,3.04,1.02,69.5248
Nifty Financial Services,2016-11-02,22.61,3.0,1.03,67.83
Nifty Financial Services,2016-11-03,22.54,2.99,1.03,67.3946
Nifty Financial Services,2016-11-04,22.35,2.97,1.04,66.37950000000001
Nifty Financial Services,2016-11-07,22.23,3.0,1.03,66.69
Nifty Financial Services,2016-11-08,22.48,3.02,1.02,67.8896
Nifty Financial Services,2016-11-09,22.27,2.99,1.03,66.5873
Nifty Financial Services,2016-11-10,22.68,3.05,1.01,69.17399999999999
Nifty Financial Services,2016-11-11,22.0,2.96,1.04,65.12
Nifty Financial Services,2016-11-15,21.64,2.89,1.07,62.53960000000001
Nifty Financial Services,2016-11-16,21.64,2.89,1.07,62.53960000000001
Nifty Financial Services,2016-11-17,21.54,2.88,1.07,62.035199999999996
Nifty Financial Services,2016-11-18,21.43,2.87,1.08,61.5041
Nifty Financial Services,2016-11-21,20.93,2.8,1.10,58.60399999999999
Nifty Financial Services,2016-11-22,21.14,2.83,1.09,59.8262
Nifty Financial Services,2016-11-23,21.1,2.82,1.09,59.502
Nifty Financial Services,2016-11-24,20.83,2.79,1.11,58.1157
Nifty Financial Services,2016-11-25,21.2,2.84,1.09,60.208
Nifty Financial Services,2016-11-28,21.08,2.82,1.09,59.44559999999999
Nifty Financial Services,2016-11-29,21.06,2.82,1.09,59.389199999999995
Nifty Financial Services,2016-11-30,21.44,2.87,1.07,61.53280000000001
Nifty Financial Services,2016-12-01,21.28,2.85,1.08,60.648
Nifty Financial Services,2016-12-02,20.99,2.81,1.10,58.981899999999996
Nifty Financial Services,2016-12-05,21.02,2.81,1.10,59.0662
Nifty Financial Services,2016-12-06,21.12,2.83,1.09,59.769600000000004
Nifty Financial Services,2016-12-07,21.03,2.81,1.09,59.094300000000004
Nifty Financial Services,2016-12-08,21.37,2.86,1.08,61.1182
Nifty Financial Services,2016-12-09,21.42,2.87,1.07,61.47540000000001
Nifty Financial Services,2016-12-12,21.15,2.83,1.09,59.854499999999994
Nifty Financial Services,2016-12-13,21.21,2.84,1.09,60.236399999999996
Nifty Financial Services,2016-12-14,21.06,2.82,1.09,59.389199999999995
Nifty Financial Services,2016-12-15,21.08,2.82,1.09,59.44559999999999
Nifty Financial Services,2016-12-16,21.04,2.82,1.09,59.33279999999999
Nifty Financial Services,2016-12-19,20.88,2.79,1.10,58.255199999999995
Nifty Financial Services,2016-12-20,20.68,2.77,1.11,57.2836
Nifty Financial Services,2016-12-21,20.68,2.77,1.11,57.2836
Nifty Financial Services,2016-12-22,20.43,2.73,1.13,55.7739
Nifty Financial Services,2016-12-23,20.48,2.74,1.12,56.11520000000001
Nifty Financial Services,2016-12-26,20.26,2.71,1.14,54.9046
Nifty Financial Services,2016-12-27,20.51,2.74,1.12,56.19740000000001
Nifty Financial Services,2016-12-28,20.56,2.75,1.12,56.54
Nifty Financial Services,2016-12-29,20.76,2.78,1.11,57.7128
Nifty Financial Services,2016-12-30,20.92,2.8,1.10,58.576
Nifty Financial Services,2017-01-02,20.63,2.76,1.12,56.93879999999999
Nifty Financial Services,2017-01-03,20.67,2.77,1.11,57.255900000000004
Nifty Financial Services,2017-01-04,20.51,2.75,1.12,56.4025
Nifty Financial Services,2017-01-05,20.71,2.77,1.11,57.3667
Nifty Financial Services,2017-01-06,20.81,2.78,1.11,57.85179999999999
Nifty Financial Services,2017-01-09,20.82,2.79,1.11,58.0878
Nifty Financial Services,2017-01-10,20.91,2.8,1.10,58.547999999999995
Nifty Financial Services,2017-01-11,21.22,2.84,1.08,60.264799999999994
Nifty Financial Services,2017-01-12,21.24,2.84,1.08,60.32159999999999
Nifty Financial Services,2017-01-13,21.4,2.86,1.08,61.20399999999999
Nifty Financial Services,2017-01-16,21.6,2.89,1.07,62.42400000000001
Nifty Financial Services,2017-01-17,21.51,2.88,1.07,61.948800000000006
Nifty Financial Services,2017-01-18,21.57,2.89,1.07,62.337300000000006
Nifty Financial Services,2017-01-19,21.51,2.88,1.07,61.948800000000006
Nifty Financial Services,2017-01-20,21.72,2.84,1.09,61.684799999999996
Nifty Financial Services,2017-01-23,21.81,2.85,1.08,62.1585
Nifty Financial Services,2017-01-24,21.87,2.88,1.07,62.9856
Nifty Financial Services,2017-01-25,22.52,2.97,1.04,66.8844
Nifty Financial Services,2017-01-27,22.8,3.02,1.02,68.85600000000001
Nifty Financial Services,2017-01-30,22.74,3.01,1.02,68.44739999999999
Nifty Financial Services,2017-01-31,22.64,2.99,1.03,67.6936
Nifty Financial Services,2017-02-01,23.25,3.07,1.00,71.3775
Nifty Financial Services,2017-02-02,23.43,3.08,1.00,72.1644
Nifty Financial Services,2017-02-03,23.44,3.08,1.00,72.1952
Nifty Financial Services,2017-02-06,23.69,3.11,0.99,73.6759
Nifty Financial Services,2017-02-07,23.62,3.1,0.99,73.22200000000001
Nifty Financial Services,2017-02-08,23.52,3.09,1.00,72.6768
Nifty Financial Services,2017-02-09,23.43,3.08,1.00,72.1644
Nifty Financial Services,2017-02-10,23.44,3.08,1.00,72.1952
Nifty Financial Services,2017-02-13,23.49,3.08,1.00,72.3492
Nifty Financial Services,2017-02-14,23.5,3.08,1.00,72.38
Nifty Financial Services,2017-02-15,23.39,3.08,1.00,72.0412
Nifty Financial Services,2017-02-16,23.48,3.09,1.00,72.5532
Nifty Financial Services,2017-02-17,23.46,3.13,0.98,73.4298
Nifty Financial Services,2017-02-20,23.55,3.14,0.98,73.947
Nifty Financial Services,2017-02-21,23.8,3.17,0.97,75.446
Nifty Financial Services,2017-02-22,23.77,3.17,0.97,75.3509
Nifty Financial Services,2017-02-23,23.75,3.17,0.97,75.2875
Nifty Financial Services,2017-02-27,23.53,3.14,0.98,73.8842
Nifty Financial Services,2017-02-28,23.41,3.14,0.98,73.5074
Nifty Financial Services,2017-03-01,23.66,3.17,0.97,75.0022
Nifty Financial Services,2017-03-02,23.47,3.15,0.98,73.9305
Nifty Financial Services,2017-03-03,23.31,3.12,0.99,72.7272
Nifty Financial Services,2017-03-06,23.42,3.14,0.98,73.53880000000001
Nifty Financial Services,2017-03-07,23.4,3.14,0.98,73.476
Nifty Financial Services,2017-03-08,23.44,3.14,0.98,73.6016
Nifty Financial Services,2017-03-09,23.5,3.15,0.98,74.02499999999999
Nifty Financial Services,2017-03-10,23.5,3.15,0.98,74.02499999999999
Nifty Financial Services,2017-03-14,24.03,3.22,0.96,77.37660000000001
Nifty Financial Services,2017-03-15,24.13,3.23,0.95,77.9399
Nifty Financial Services,2017-03-16,24.29,3.26,0.95,79.18539999999999
Nifty Financial Services,2017-03-17,24.27,3.25,0.95,78.8775
Nifty Financial Services,2017-03-20,24.24,3.25,0.95,78.78
Nifty Financial Services,2017-03-21,24.18,3.24,0.95,78.34320000000001
Nifty Financial Services,2017-03-22,23.93,3.21,0.96,76.8153
Nifty Financial Services,2017-03-23,24.07,3.23,0.96,77.7461
Nifty Financial Services,2017-03-24,24.27,3.25,0.95,78.8775
Nifty Financial Services,2017-03-27,24.2,3.24,0.95,78.408
Nifty Financial Services,2017-03-28,24.49,3.28,0.94,80.32719999999999
Nifty Financial Services,2017-03-29,24.71,3.31,0.93,81.79010000000001
Nifty Financial Services,2017-03-30,24.87,3.33,0.93,82.81710000000001
Nifty Financial Services,2017-03-31,24.67,3.31,0.93,81.6577
Nifty Financial Services,2017-04-03,24.93,3.34,0.92,83.2662
Nifty Financial Services,2017-04-05,24.87,3.33,0.93,82.81710000000001
Nifty Financial Services,2017-04-06,24.83,3.33,0.93,82.6839
Nifty Financial Services,2017-04-07,24.69,3.31,0.93,81.7239
Nifty Financial Services,2017-04-10,24.68,3.31,0.93,81.6908
Nifty Financial Services,2017-04-11,24.96,3.34,0.92,83.3664
Nifty Financial Services,2017-04-12,24.85,3.33,0.93,82.7505
Nifty Financial Services,2017-04-13,24.92,3.34,0.92,83.2328
Nifty Financial Services,2017-04-17,24.87,3.33,0.93,82.81710000000001
Nifty Financial Services,2017-04-18,24.86,3.33,0.93,82.7838
Nifty Financial Services,2017-04-19,24.83,3.33,0.93,82.6839
Nifty Financial Services,2017-04-20,24.88,3.33,0.93,82.8504
Nifty Financial Services,2017-04-21,24.9,3.34,0.92,83.166
Nifty Financial Services,2017-04-24,25.29,3.39,0.91,85.7331
Nifty Financial Services,2017-04-25,25.58,3.43,0.90,87.7394
Nifty Financial Services,2017-04-26,25.77,3.46,0.89,89.1642
Nifty Financial Services,2017-04-27,25.69,3.45,0.90,88.63050000000001
Nifty Financial Services,2017-04-28,25.58,3.43,0.90,87.7394
Nifty Financial Services,2017-05-02,25.73,3.45,0.89,88.7685
Nifty Financial Services,2017-05-03,25.64,3.44,0.90,88.2016
Nifty Financial Services,2017-05-04,26.03,3.49,0.88,90.8447
Nifty Financial Services,2017-05-05,25.86,3.47,0.89,89.7342
Nifty Financial Services,2017-05-08,25.9,3.48,0.89,90.13199999999999
Nifty Financial Services,2017-05-09,25.86,3.47,0.89,89.7342
Nifty Financial Services,2017-05-10,26.18,3.51,0.88,91.89179999999999
Nifty Financial Services,2017-05-11,26.18,3.51,0.88,91.89179999999999
Nifty Financial Services,2017-05-12,26.05,3.49,0.88,90.9145
Nifty Financial Services,2017-05-15,26.27,3.52,0.88,92.4704
Nifty Financial Services,2017-05-16,26.37,3.54,0.87,93.3498
Nifty Financial Services,2017-05-17,26.64,3.54,0.87,94.3056
Nifty Financial Services,2017-05-18,26.4,3.5,0.88,92.39999999999999
Nifty Financial Services,2017-05-19,26.37,3.5,0.88,92.295
Nifty Financial Services,2017-05-22,26.22,3.48,0.89,91.2456
Nifty Financial Services,2017-05-23,26.12,3.47,0.89,90.63640000000001
Nifty Financial Services,2017-05-24,26.07,3.46,0.89,90.2022
Nifty Financial Services,2017-05-25,26.66,3.54,0.87,94.3764
Nifty Financial Services,2017-05-26,26.92,3.59,0.86,96.64280000000001
Nifty Financial Services,2017-05-29,26.77,3.59,0.86,96.1043
Nifty Financial Services,2017-05-30,26.88,3.61,0.86,97.0368
Nifty Financial Services,2017-05-31,26.97,3.59,0.85,96.8223
Nifty Financial Services,2017-06-01,26.87,3.58,0.85,96.19460000000001
Nifty Financial Services,2017-06-02,26.99,3.6,0.85,97.164
Nifty Financial Services,2017-06-05,27.04,3.6,0.85,97.344
Nifty Financial Services,2017-06-06,27.0,3.6,0.85,97.2
Nifty Financial Services,2017-06-07,27.11,3.61,0.85,97.8671
Nifty Financial Services,2017-06-08,27.22,3.63,0.84,98.8086
Nifty Financial Services,2017-06-09,27.4,3.65,0.84,100.00999999999999
Nifty Financial Services,2017-06-12,27.24,3.63,0.84,98.88119999999999
Nifty Financial Services,2017-06-13,28.32,3.64,0.84,103.0848
Nifty Financial Services,2017-06-14,28.26,3.63,0.84,102.5838
Nifty Financial Services,2017-06-15,28.15,3.62,0.84,101.90299999999999
Nifty Financial Services,2017-06-16,27.46,3.48,0.60,95.5608
Nifty Financial Services,2017-06-19,27.75,3.51,0.59,97.40249999999999
Nifty Financial Services,2017-06-20,27.63,3.5,0.60,96.705
Nifty Financial Services,2017-06-21,26.97,3.5,0.60,94.395
Nifty Financial Services,2017-06-22,27.04,3.51,0.59,94.9104
Nifty Financial Services,2017-06-23,26.93,3.47,0.60,93.4471
Nifty Financial Services,2017-06-27,26.64,3.43,0.60,91.3752
Nifty Financial Services,2017-06-28,26.59,3.42,0.60,90.9378
Nifty Financial Services,2017-06-29,26.6,3.43,0.60,91.23800000000001
Nifty Financial Services,2017-06-30,26.51,3.41,0.59,90.3991
Nifty Financial Services,2017-07-03,26.59,3.42,0.59,90.9378
Nifty Financial Services,2017-07-04,26.6,3.42,0.59,90.97200000000001
Nifty Financial Services,2017-07-05,26.66,3.43,0.59,91.44380000000001
Nifty Financial Services,2017-07-06,26.83,3.45,0.58,92.5635
Nifty Financial Services,2017-07-07,26.71,3.44,0.59,91.8824
Nifty Financial Services,2017-07-10,26.9,3.46,0.58,93.074
Nifty Financial Services,2017-07-11,26.82,3.45,0.58,92.52900000000001
Nifty Financial Services,2017-07-12,26.93,3.46,0.58,93.1778
Nifty Financial Services,2017-07-13,27.17,3.5,0.58,95.095
Nifty Financial Services,2017-07-14,27.2,3.5,0.58,95.2
Nifty Financial Services,2017-07-17,27.33,3.52,0.57,96.2016
Nifty Financial Services,2017-07-18,27.29,3.43,0.46,93.60470000000001
Nifty Financial Services,2017-07-19,27.44,3.33,0.31,91.3752
Nifty Financial Services,2017-07-20,27.55,3.34,0.31,92.017
Nifty Financial Services,2017-07-21,27.61,3.35,0.31,92.4935
Nifty Financial Services,2017-07-24,27.72,3.36,0.31,93.13919999999999
Nifty Financial Services,2017-07-25,27.81,3.37,0.31,93.7197
Nifty Financial Services,2017-07-26,27.89,3.38,0.31,94.2682
Nifty Financial Services,2017-07-27,28.58,3.44,0.30,98.31519999999999
Nifty Financial Services,2017-07-28,28.55,3.44,0.30,98.212
Nifty Financial Services,2017-07-31,28.84,3.48,0.30,100.36319999999999
Nifty Financial Services,2017-08-01,28.82,3.48,0.30,100.2936
Nifty Financial Services,2017-08-02,28.38,3.46,0.30,98.1948
Nifty Financial Services,2017-08-03,28.2,3.42,0.30,96.444
Nifty Financial Services,2017-08-04,28.46,3.43,0.30,97.6178
Nifty Financial Services,2017-08-07,28.71,3.45,0.30,99.04950000000001
Nifty Financial Services,2017-08-08,28.44,3.42,0.30,97.26480000000001
Nifty Financial Services,2017-08-09,28.22,3.39,0.30,95.6658
Nifty Financial Services,2017-08-10,27.94,3.36,0.31,93.8784
Nifty Financial Services,2017-08-11,27.7,3.33,0.31,92.241
Nifty Financial Services,2017-08-14,27.9,3.36,0.31,93.74399999999999
Nifty Financial Services,2017-08-16,28.28,3.4,0.30,96.152
Nifty Financial Services,2017-08-17,28.2,3.39,0.30,95.598
Nifty Financial Services,2017-08-18,27.98,3.37,0.31,94.29260000000001
Nifty Financial Services,2017-08-21,27.82,3.35,0.31,93.197
Nifty Financial Services,2017-08-22,27.93,3.36,0.31,93.84479999999999
Nifty Financial Services,2017-08-23,28.34,3.41,0.30,96.63940000000001
Nifty Financial Services,2017-08-24,28.3,3.4,0.30,96.22
Nifty Financial Services,2017-08-28,28.46,3.42,0.30,97.3332
Nifty Financial Services,2017-08-29,28.12,3.38,0.31,95.04560000000001
Nifty Financial Services,2017-08-30,28.38,3.41,0.30,96.7758
Nifty Financial Services,2017-08-31,28.46,3.42,0.30,97.3332
Nifty Financial Services,2017-09-01,28.61,3.42,0.30,97.8462
Nifty Financial Services,2017-09-04,28.42,3.4,0.30,96.628
Nifty Financial Services,2017-09-05,28.52,3.41,0.30,97.2532
Nifty Financial Services,2017-09-06,28.54,3.41,0.30,97.3214
Nifty Financial Services,2017-09-07,28.63,3.42,0.30,97.9146
Nifty Financial Services,2017-09-08,28.66,3.43,0.30,98.30380000000001
Nifty Financial Services,2017-09-11,28.84,3.45,0.30,99.498
Nifty Financial Services,2017-09-12,29.03,3.47,0.30,100.73410000000001
Nifty Financial Services,2017-09-13,29.01,3.47,0.30,100.66470000000001
Nifty Financial Services,2017-09-14,29.05,3.47,0.30,100.80350000000001
Nifty Financial Services,2017-09-15,28.99,3.47,0.30,100.5953
Nifty Financial Services,2017-09-18,29.15,3.49,0.30,101.7335
Nifty Financial Services,2017-09-19,29.07,3.48,0.30,101.1636
Nifty Financial Services,2017-09-20,29.02,3.47,0.30,100.6994
Nifty Financial Services,2017-09-21,28.94,3.46,0.30,100.1324
Nifty Financial Services,2017-09-22,28.5,3.41,0.30,97.185
Nifty Financial Services,2017-09-25,28.18,3.37,0.31,94.9666
Nifty Financial Services,2017-09-26,28.18,3.37,0.31,94.9666
Nifty Financial Services,2017-09-27,27.77,3.32,0.31,92.1964
Nifty Financial Services,2017-09-28,28.09,3.36,0.31,94.38239999999999
Nifty Financial Services,2017-09-29,28.46,3.38,0.27,96.1948
Nifty Financial Services,2017-10-03,28.63,3.4,0.27,97.342
Nifty Financial Services,2017-10-04,28.63,3.4,0.27,97.342
Nifty Financial Services,2017-10-05,28.51,3.38,0.27,96.3638
Nifty Financial Services,2017-10-06,28.59,3.39,0.27,96.9201
Nifty Financial Services,2017-10-09,28.64,3.4,0.27,97.376
Nifty Financial Services,2017-10-10,28.69,3.4,0.26,97.546
Nifty Financial Services,2017-10-11,28.51,3.38,0.27,96.3638
Nifty Financial Services,2017-10-12,28.76,3.41,0.26,98.0716
Nifty Financial Services,2017-10-13,29.1,3.45,0.26,100.39500000000001
Nifty Financial Services,2017-10-16,29.09,3.45,0.26,100.3605
Nifty Financial Services,2017-10-17,29.01,3.44,0.26,99.79440000000001
Nifty Financial Services,2017-10-18,28.69,3.41,0.26,97.83290000000001
Nifty Financial Services,2017-10-19,28.41,3.38,0.27,96.0258
Nifty Financial Services,2017-10-23,28.37,3.37,0.27,95.60690000000001
Nifty Financial Services,2017-10-24,28.29,3.39,0.27,95.9031
Nifty Financial Services,2017-10-25,28.77,3.45,0.26,99.2565
Nifty Financial Services,2017-10-26,28.8,3.45,0.26,99.36000000000001
Nifty Financial Services,2017-10-27,28.87,3.46,0.26,99.89020000000001
Nifty Financial Services,2017-10-30,28.99,3.47,0.26,100.5953
Nifty Financial Services,2017-10-31,28.6,3.48,0.26,99.528
Nifty Financial Services,2017-11-01,29.0,3.55,0.25,102.94999999999999
Nifty Financial Services,2017-11-02,29.73,3.56,0.25,105.8388
Nifty Financial Services,2017-11-03,29.91,3.58,0.25,107.0778
Nifty Financial Services,2017-11-06,29.88,3.58,0.25,106.9704
Nifty Financial Services,2017-11-07,29.56,3.54,0.25,104.6424
Nifty Financial Services,2017-11-08,29.38,3.52,0.26,103.4176
Nifty Financial Services,2017-11-09,29.53,3.52,0.26,103.9456
Nifty Financial Services,2017-11-10,29.66,3.54,0.25,104.99640000000001
Nifty Financial Services,2017-11-13,29.6,3.5,0.25,103.60000000000001
Nifty Financial Services,2017-11-14,29.55,3.5,0.26,103.425
Nifty Financial Services,2017-11-15,29.43,3.48,0.26,102.4164
Nifty Financial Services,2017-11-16,29.7,3.51,0.25,104.24699999999999
Nifty Financial Services,2017-11-17,30.14,3.57,0.25,107.5998
Nifty Financial Services,2017-11-20,30.08,3.56,0.25,107.0848
Nifty Financial Services,2017-11-21,30.12,3.56,0.25,107.22720000000001
Nifty Financial Services,2017-11-22,30.2,3.57,0.25,107.814
Nifty Financial Services,2017-11-23,30.37,3.56,0.25,108.11720000000001
Nifty Financial Services,2017-11-24,30.47,3.57,0.25,108.77789999999999
Nifty Financial Services,2017-11-27,30.58,3.58,0.25,109.4764
Nifty Financial Services,2017-11-28,30.58,3.58,0.25,109.4764
Nifty Financial Services,2017-11-29,30.5,3.57,0.25,108.88499999999999
Nifty Financial Services,2017-11-30,29.94,3.51,0.25,105.0894
Nifty Financial Services,2017-12-01,29.74,3.48,0.26,103.4952
Nifty Financial Services,2017-12-04,29.7,3.48,0.26,103.356
Nifty Financial Services,2017-12-05,29.73,3.48,0.26,103.4604
Nifty Financial Services,2017-12-06,29.35,3.44,0.26,100.964
Nifty Financial Services,2017-12-07,29.58,3.46,0.26,102.34679999999999
Nifty Financial Services,2017-12-08,29.95,3.51,0.25,105.1245
Nifty Financial Services,2017-12-11,30.15,3.53,0.25,106.42949999999999
Nifty Financial Services,2017-12-12,29.87,3.5,0.26,104.545
Nifty Financial Services,2017-12-13,29.72,3.48,0.26,103.42559999999999
Nifty Financial Services,2017-12-14,29.9,3.5,0.25,104.64999999999999
Nifty Financial Services,2017-12-15,30.21,3.54,0.25,106.94340000000001
Nifty Financial Services,2017-12-18,30.41,3.56,0.25,108.2596
Nifty Financial Services,2017-12-19,30.54,3.58,0.25,109.3332
Nifty Financial Services,2017-12-20,30.41,3.56,0.25,108.2596
Nifty Financial Services,2017-12-21,30.4,3.56,0.25,108.22399999999999
Nifty Financial Services,2017-12-22,30.55,3.58,0.25,109.369
Nifty Financial Services,2017-12-26,30.56,3.58,0.25,109.4048
Nifty Financial Services,2017-12-27,30.35,3.55,0.25,107.74249999999999
Nifty Financial Services,2017-12-28,30.3,3.55,0.25,107.565
Nifty Financial Services,2017-12-29,30.45,3.57,0.25,108.70649999999999
Nifty Financial Services,2018-01-01,30.15,3.53,0.25,106.42949999999999
Nifty Financial Services,2018-01-02,30.22,3.54,0.25,106.97879999999999
Nifty Financial Services,2018-01-03,30.19,3.54,0.25,106.8726
Nifty Financial Services,2018-01-04,30.31,3.55,0.25,107.6005
Nifty Financial Services,2018-01-05,30.44,3.56,0.25,108.36640000000001
Nifty Financial Services,2018-01-08,30.58,3.58,0.25,109.4764
Nifty Financial Services,2018-01-09,30.52,3.57,0.25,108.95639999999999
Nifty Financial Services,2018-01-10,30.42,3.56,0.25,108.29520000000001
Nifty Financial Services,2018-01-11,30.48,3.57,0.25,108.8136
Nifty Financial Services,2018-01-12,30.61,3.58,0.25,109.5838
Nifty Financial Services,2018-01-15,31.43,3.7,0.24,116.29100000000001
Nifty Financial Services,2018-01-16,31.28,3.69,0.24,115.42320000000001
Nifty Financial Services,2018-01-17,31.58,3.72,0.23,117.4776
Nifty Financial Services,2018-01-18,31.91,3.76,0.23,119.9816
Nifty Financial Services,2018-01-19,32.27,3.8,0.23,122.626
Nifty Financial Services,2018-01-22,32.32,3.81,0.23,123.1392
Nifty Financial Services,2018-01-23,32.18,3.84,0.23,123.57119999999999
Nifty Financial Services,2018-01-24,32.15,3.85,0.23,123.7775
Nifty Financial Services,2018-01-25,32.14,3.86,0.23,124.0604
Nifty Financial Services,2018-01-29,32.42,3.89,0.22,126.11380000000001
Nifty Financial Services,2018-01-30,31.95,3.85,0.23,123.0075
Nifty Financial Services,2018-01-31,32.11,3.87,0.23,124.2657
Nifty Financial Services,2018-02-01,32.02,3.86,0.23,123.59720000000002
Nifty Financial Services,2018-02-02,28.57,3.74,0.23,106.85180000000001
Nifty Financial Services,2018-02-05,28.04,3.67,0.24,102.90679999999999
Nifty Financial Services,2018-02-06,27.75,3.63,0.24,100.7325
Nifty Financial Services,2018-02-07,27.66,3.62,0.24,100.1292
Nifty Financial Services,2018-02-08,27.97,3.66,0.24,102.3702
Nifty Financial Services,2018-02-09,27.52,3.59,0.24,98.79679999999999
Nifty Financial Services,2018-02-12,27.77,3.63,0.24,100.8051
Nifty Financial Services,2018-02-14,27.6,3.6,0.24,99.36000000000001
Nifty Financial Services,2018-02-15,27.77,3.63,0.24,100.8051
Nifty Financial Services,2018-02-16,27.96,3.59,0.24,100.3764
Nifty Financial Services,2018-02-19,27.89,3.58,0.24,99.84620000000001
Nifty Financial Services,2018-02-20,27.74,3.56,0.24,98.75439999999999
Nifty Financial Services,2018-02-21,27.8,3.57,0.24,99.246
Nifty Financial Services,2018-02-22,29.13,3.57,0.24,103.99409999999999
Nifty Financial Services,2018-02-23,29.47,3.61,0.25,106.38669999999999
Nifty Financial Services,2018-02-26,29.92,3.67,0.25,109.80640000000001
Nifty Financial Services,2018-02-27,29.59,3.63,0.25,107.4117
Nifty Financial Services,2018-02-28,29.25,3.58,0.26,104.715
Nifty Financial Services,2018-03-01,29.06,3.56,0.42,103.4536
Nifty Financial Services,2018-03-05,28.96,3.55,0.42,102.80799999999999
Nifty Financial Services,2018-03-06,28.58,3.5,0.43,100.03
Nifty Financial Services,2018-03-07,28.17,3.45,0.55,97.18650000000001
Nifty Financial Services,2018-03-08,28.6,3.5,0.54,100.10000000000001
Nifty Financial Services,2018-03-09,28.56,3.5,0.55,99.96
Nifty Financial Services,2018-03-12,28.99,3.55,0.54,102.91449999999999
Nifty Financial Services,2018-03-13,29.1,3.56,0.54,103.596
Nifty Financial Services,2018-03-14,29.06,3.57,0.54,103.74419999999999
Nifty Financial Services,2018-03-15,29.02,3.56,0.54,103.3112
Nifty Financial Services,2018-03-16,28.56,3.51,0.55,100.2456
Nifty Financial Services,2018-03-19,28.29,3.47,0.55,98.1663
Nifty Financial Services,2018-03-20,28.35,3.48,0.55,98.658
Nifty Financial Services,2018-03-21,28.53,3.5,0.55,99.855
Nifty Financial Services,2018-03-22,28.37,3.48,0.55,98.72760000000001
Nifty Financial Services,2018-03-23,27.9,3.42,0.56,95.41799999999999
Nifty Financial Services,2018-03-26,28.55,3.5,0.55,99.925
Nifty Financial Services,2018-03-27,28.73,3.53,0.55,101.4169
Nifty Financial Services,2018-03-28,28.55,3.5,0.55,99.925
Nifty Financial Services,2018-04-02,29.66,3.71,0.58,110.0386
Nifty Financial Services,2018-04-03,29.8,3.72,0.58,110.85600000000001
Nifty Financial Services,2018-04-04,29.39,3.67,0.59,107.8613
Nifty Financial Services,2018-04-05,30.1,3.76,0.58,113.176
Nifty Financial Services,2018-04-06,30.26,3.78,0.57,114.3828
Nifty Financial Services,2018-04-09,30.44,3.8,0.57,115.672
Nifty Financial Services,2018-04-10,30.47,3.81,0.57,116.0907
Nifty Financial Services,2018-04-11,30.36,3.79,0.57,115.06439999999999
Nifty Financial Services,2018-04-12,30.51,3.81,0.57,116.24310000000001
Nifty Financial Services,2018-04-13,30.55,3.82,0.57,116.701
Nifty Financial Services,2018-04-16,30.81,3.85,0.56,118.6185
Nifty Financial Services,2018-04-17,30.88,3.86,0.56,119.1968
Nifty Financial Services,2018-04-18,30.65,3.83,0.57,117.3895
Nifty Financial Services,2018-04-19,30.58,3.82,0.57,116.81559999999999
Nifty Financial Services,2018-04-20,30.35,3.79,0.57,115.02650000000001
Nifty Financial Services,2018-04-23,30.29,3.78,0.57,114.49619999999999
Nifty Financial Services,2018-04-24,30.48,3.81,0.57,116.1288
Nifty Financial Services,2018-04-25,30.25,3.78,0.57,114.345
Nifty Financial Services,2018-04-26,30.29,3.78,0.57,114.49619999999999
Nifty Financial Services,2018-04-27,30.68,3.83,0.57,117.5044
Nifty Financial Services,2018-04-30,30.86,3.86,0.56,119.11959999999999
Nifty Financial Services,2018-05-02,31.0,3.87,0.56,119.97
Nifty Financial Services,2018-05-03,31.05,3.88,0.56,120.474
Nifty Financial Services,2018-05-04,31.03,3.88,0.56,120.3964
Nifty Financial Services,2018-05-07,31.25,3.9,0.56,121.875
Nifty Financial Services,2018-05-08,31.4,3.92,0.55,123.088
Nifty Financial Services,2018-05-09,31.41,3.92,0.55,123.1272
Nifty Financial Services,2018-05-10,31.39,3.92,0.55,123.0488
Nifty Financial Services,2018-05-11,31.76,3.97,0.55,126.08720000000001
Nifty Financial Services,2018-05-14,31.82,3.97,0.55,126.3254
Nifty Financial Services,2018-05-15,31.84,3.98,0.54,126.7232
Nifty Financial Services,2018-05-16,31.51,3.94,0.55,124.1494
Nifty Financial Services,2018-05-17,31.43,3.93,0.55,123.5199
Nifty Financial Services,2018-05-18,31.17,3.89,0.56,121.25130000000001
Nifty Financial Services,2018-05-21,30.91,3.86,0.56,119.3126
Nifty Financial Services,2018-05-22,30.99,3.87,0.56,119.9313
Nifty Financial Services,2018-05-23,30.79,3.85,0.56,118.5415
Nifty Financial Services,2018-05-24,31.16,3.89,0.56,121.2124
Nifty Financial Services,2018-05-25,31.46,3.93,0.55,123.63780000000001
Nifty Financial Services,2018-05-28,33.38,3.98,0.54,132.85240000000002
Nifty Financial Services,2018-05-29,33.02,3.93,0.55,129.76860000000002
Nifty Financial Services,2018-05-30,33.04,3.94,0.55,130.17759999999998
Nifty Financial Services,2018-05-31,33.74,4.02,0.54,135.63479999999998
Nifty Financial Services,2018-06-01,33.52,3.99,0.54,133.74480000000003
Nifty Financial Services,2018-06-04,32.98,3.93,0.55,129.6114
Nifty Financial Services,2018-06-05,33.0,3.93,0.55,129.69
Nifty Financial Services,2018-06-06,33.23,3.96,0.55,131.59079999999997
Nifty Financial Services,2018-06-07,33.51,3.99,0.54,133.7049
Nifty Financial Services,2018-06-08,33.35,3.97,0.55,132.39950000000002
Nifty Financial Services,2018-06-11,33.38,3.98,0.54,132.85240000000002
Nifty Financial Services,2018-06-12,33.57,4.0,0.54,134.28
Nifty Financial Services,2018-06-13,33.5,3.99,0.54,133.66500000000002
Nifty Financial Services,2018-06-14,33.37,3.98,0.55,132.8126
Nifty Financial Services,2018-06-15,33.27,3.96,0.55,131.7492
Nifty Financial Services,2018-06-18,33.23,3.96,0.55,131.59079999999997
Nifty Financial Services,2018-06-19,33.13,3.95,0.55,130.86350000000002
Nifty Financial Services,2018-06-20,33.46,3.99,0.54,133.5054
Nifty Financial Services,2018-06-21,33.34,3.99,0.54,133.02660000000003
Nifty Financial Services,2018-06-22,33.85,4.05,0.54,137.0925
Nifty Financial Services,2018-06-25,33.63,4.02,0.54,135.1926
Nifty Financial Services,2018-06-26,33.06,4.02,0.54,132.9012
Nifty Financial Services,2018-06-27,32.78,3.99,0.54,130.7922
Nifty Financial Services,2018-06-28,32.49,3.95,0.55,128.33550000000002
Nifty Financial Services,2018-06-29,32.76,3.71,0.49,121.5396
Nifty Financial Services,2018-07-02,32.54,3.68,0.50,119.7472
Nifty Financial Services,2018-07-03,32.11,3.68,0.50,118.1648
Nifty Financial Services,2018-07-04,32.41,3.71,0.49,120.24109999999999
Nifty Financial Services,2018-07-05,35.8,3.72,0.49,133.176
Nifty Financial Services,2018-07-06,35.22,3.72,0.49,131.0184
Nifty Financial Services,2018-07-09,35.43,3.74,0.49,132.50820000000002
Nifty Financial Services,2018-07-10,35.76,3.77,0.49,134.8152
Nifty Financial Services,2018-07-11,36.47,3.76,0.49,137.1272
Nifty Financial Services,2018-07-12,36.83,3.8,0.48,139.95399999999998
Nifty Financial Services,2018-07-13,36.82,3.8,0.48,139.916
Nifty Financial Services,2018-07-16,36.57,3.77,0.49,137.8689
Nifty Financial Services,2018-07-17,36.9,3.8,0.48,140.22
Nifty Financial Services,2018-07-18,36.88,3.8,0.48,140.144
Nifty Financial Services,2018-07-19,36.65,3.78,0.49,138.53699999999998
Nifty Financial Services,2018-07-20,36.85,3.6,0.65,132.66
Nifty Financial Services,2018-07-23,36.99,3.61,0.65,133.5339
Nifty Financial Services,2018-07-24,37.06,3.62,0.65,134.15720000000002
Nifty Financial Services,2018-07-25,37.27,3.64,0.65,135.6628
Nifty Financial Services,2018-07-26,37.89,3.7,0.64,140.193
Nifty Financial Services,2018-07-27,38.23,3.73,0.63,142.59789999999998
Nifty Financial Services,2018-07-30,38.38,3.74,0.63,143.54120000000003
Nifty Financial Services,2018-07-31,38.14,3.72,0.63,141.88080000000002
Nifty Financial Services,2018-08-01,37.9,3.7,0.64,140.23
Nifty Financial Services,2018-08-02,37.32,3.66,0.64,136.59120000000001
Nifty Financial Services,2018-08-03,37.82,3.71,0.63,140.3122
Nifty Financial Services,2018-08-06,37.88,3.73,0.63,141.29240000000001
Nifty Financial Services,2018-08-07,37.89,3.73,0.63,141.3297
Nifty Financial Services,2018-08-08,37.58,3.75,0.63,140.92499999999998
Nifty Financial Services,2018-08-09,37.69,3.78,0.62,142.4682
Nifty Financial Services,2018-08-10,36.95,3.75,0.63,138.5625
Nifty Financial Services,2018-08-13,38.28,3.7,0.64,141.63600000000002
Nifty Financial Services,2018-08-14,38.82,3.72,0.63,144.4104
Nifty Financial Services,2018-08-16,38.42,3.68,0.64,141.3856
Nifty Financial Services,2018-08-17,38.71,3.71,0.63,143.6141
Nifty Financial Services,2018-08-20,38.99,3.73,0.63,145.4327
Nifty Financial Services,2018-08-21,38.93,3.73,0.63,145.2089
Nifty Financial Services,2018-08-23,38.72,3.71,0.63,143.6512
Nifty Financial Services,2018-08-24,38.6,3.7,0.64,142.82000000000002
Nifty Financial Services,2018-08-27,39.05,3.75,0.63,146.4375
Nifty Financial Services,2018-08-28,39.23,3.76,0.63,147.5048
Nifty Financial Services,2018-08-29,39.32,3.76,0.64,147.8432
Nifty Financial Services,2018-08-30,39.11,3.74,0.64,146.2714
Nifty Financial Services,2018-08-31,38.72,3.73,0.64,144.4256
Nifty Financial Services,2018-09-03,38.44,3.7,0.65,142.228
Nifty Financial Services,2018-09-04,38.07,3.67,0.66,139.7169
Nifty Financial Services,2018-09-05,37.82,3.65,0.66,138.043
Nifty Financial Services,2018-09-06,38.01,3.66,0.66,139.1166
Nifty Financial Services,2018-09-07,37.96,3.66,0.66,138.9336
Nifty Financial Services,2018-09-10,37.47,3.61,0.67,135.2667
Nifty Financial Services,2018-09-11,36.96,3.56,0.68,131.57760000000002
Nifty Financial Services,2018-09-12,37.04,3.57,0.67,132.2328
Nifty Financial Services,2018-09-14,37.68,3.63,0.66,136.7784
Nifty Financial Services,2018-09-17,37.05,3.57,0.67,132.2685
Nifty Financial Services,2018-09-18,36.47,3.52,0.68,128.3744
Nifty Financial Services,2018-09-19,36.17,3.49,0.69,126.23330000000001
Nifty Financial Services,2018-09-21,35.79,3.46,0.70,123.8334
Nifty Financial Services,2018-09-24,34.56,3.34,0.72,115.4304
Nifty Financial Services,2018-09-25,35.21,3.4,0.71,119.714
Nifty Financial Services,2018-09-26,35.28,3.39,0.75,119.59920000000001
Nifty Financial Services,2018-09-27,34.69,3.34,0.76,115.86459999999998
Nifty Financial Services,2018-09-28,35.51,3.41,0.75,121.0891
Nifty Financial Services,2018-10-01,35.94,3.45,0.74,123.993
Nifty Financial Services,2018-10-03,35.55,3.41,0.75,121.2255
Nifty Financial Services,2018-10-04,35.19,3.38,0.76,118.94219999999999
Nifty Financial Services,2018-10-05,34.3,3.29,0.78,112.847
Nifty Financial Services,2018-10-08,34.21,3.28,0.78,112.2088
Nifty Financial Services,2018-10-09,34.33,3.29,0.78,112.9457
Nifty Financial Services,2018-10-10,35.51,3.4,0.75,120.734
Nifty Financial Services,2018-10-11,34.51,3.31,0.77,114.2281
Nifty Financial Services,2018-10-12,35.42,3.39,0.75,120.0738
Nifty Financial Services,2018-10-15,35.4,3.4,0.75,120.35999999999999
Nifty Financial Services,2018-10-16,35.68,3.42,0.75,122.0256
Nifty Financial Services,2018-10-17,34.88,3.36,0.76,117.19680000000001
Nifty Financial Services,2018-10-19,34.44,3.31,0.77,113.9964
Nifty Financial Services,2018-10-22,34.61,3.33,0.77,115.2513
Nifty Financial Services,2018-10-23,34.61,3.33,0.77,115.2513
Nifty Financial Services,2018-10-24,35.09,3.37,0.76,118.25330000000001
Nifty Financial Services,2018-10-25,34.67,3.33,0.77,115.45110000000001
Nifty Financial Services,2018-10-26,34.26,3.31,0.77,113.4006
Nifty Financial Services,2018-10-29,34.86,3.37,0.76,117.4782
Nifty Financial Services,2018-10-30,34.54,3.35,0.76,115.709
Nifty Financial Services,2018-10-31,35.34,3.43,0.75,121.21620000000001
Nifty Financial Services,2018-11-01,35.49,3.44,0.74,122.0856
Nifty Financial Services,2018-11-02,36.09,3.5,0.73,126.31500000000001
Nifty Financial Services,2018-11-05,35.96,3.49,0.73,125.50040000000001
Nifty Financial Services,2018-11-06,35.83,3.48,0.73,124.68839999999999
Nifty Financial Services,2018-11-07,36.03,3.5,0.73,126.105
Nifty Financial Services,2018-11-09,36.07,3.5,0.73,126.245
Nifty Financial Services,2018-11-12,35.68,3.47,0.74,123.8096
Nifty Financial Services,2018-11-13,36.05,3.5,0.73,126.17499999999998
Nifty Financial Services,2018-11-14,36.32,3.52,0.72,127.8464
Nifty Financial Services,2018-11-15,36.72,3.56,0.72,130.7232
Nifty Financial Services,2018-11-16,37.0,3.59,0.71,132.82999999999998
Nifty Financial Services,2018-11-19,36.96,3.59,0.71,132.6864
Nifty Financial Services,2018-11-20,36.64,3.56,0.72,130.4384
Nifty Financial Services,2018-11-21,36.83,3.57,0.71,131.48309999999998
Nifty Financial Services,2018-11-22,36.63,3.54,0.72,129.67020000000002
Nifty Financial Services,2018-11-26,37.11,3.58,0.71,132.8538
Nifty Financial Services,2018-11-27,37.27,3.6,0.71,134.17200000000003
Nifty Financial Services,2018-11-28,37.41,3.62,0.71,135.42419999999998
Nifty Financial Services,2018-11-29,38.15,3.68,0.69,140.392
Nifty Financial Services,2018-11-30,38.18,3.69,0.69,140.8842
Nifty Financial Services,2018-12-03,38.15,3.68,0.69,140.392
Nifty Financial Services,2018-12-04,37.89,3.66,0.70,138.6774
Nifty Financial Services,2018-12-05,37.77,3.65,0.70,137.8605
Nifty Financial Services,2018-12-06,37.24,3.59,0.71,133.6916
Nifty Financial Services,2018-12-07,37.77,3.65,0.70,137.8605
Nifty Financial Services,2018-12-10,36.92,3.56,0.72,131.4352
Nifty Financial Services,2018-12-11,36.99,3.57,0.72,132.0543
Nifty Financial Services,2018-12-12,37.45,3.63,0.70,135.9435
Nifty Financial Services,2018-12-13,37.74,3.66,0.70,138.1284
Nifty Financial Services,2018-12-14,37.6,3.65,0.70,137.24
Nifty Financial Services,2018-12-17,37.98,3.69,0.69,140.1462
Nifty Financial Services,2018-12-18,38.17,3.7,0.69,141.229
Nifty Financial Services,2018-12-19,38.47,3.74,0.68,143.8778
Nifty Financial Services,2018-12-20,38.42,3.74,0.68,143.69080000000002
Nifty Financial Services,2018-12-21,37.83,3.69,0.69,139.59269999999998
Nifty Financial Services,2018-12-24,37.53,3.65,0.70,136.9845
Nifty Financial Services,2018-12-26,37.96,3.7,0.69,140.452
Nifty Financial Services,2018-12-27,37.9,3.69,0.69,139.851
Nifty Financial Services,2018-12-28,38.2,3.72,0.69,142.104
Nifty Financial Services,2018-12-31,38.2,3.72,0.69,142.104
Nifty Financial Services,2019-01-01,38.58,3.75,0.69,144.67499999999998
Nifty Financial Services,2019-01-02,38.2,3.72,0.69,142.104
Nifty Financial Services,2019-01-03,37.78,3.68,0.70,139.03040000000001
Nifty Financial Services,2019-01-04,38.15,3.71,0.69,141.5365
Nifty Financial Services,2019-01-07,38.22,3.72,0.69,142.1784
Nifty Financial Services,2019-01-08,38.36,3.73,0.69,143.0828
Nifty Financial Services,2019-01-09,38.71,3.77,0.68,145.9367
Nifty Financial Services,2019-01-10,38.49,3.75,0.69,144.3375
Nifty Financial Services,2019-01-11,38.55,3.75,0.69,144.5625
Nifty Financial Services,2019-01-14,38.22,3.72,0.69,142.1784
Nifty Financial Services,2019-01-15,38.5,3.74,0.69,143.99
Nifty Financial Services,2019-01-16,38.42,3.74,0.69,143.69080000000002
Nifty Financial Services,2019-01-17,38.59,3.75,0.69,144.7125
Nifty Financial Services,2019-01-18,38.55,3.75,0.69,144.5625
Nifty Financial Services,2019-01-21,38.68,3.76,0.69,145.43679999999998
Nifty Financial Services,2019-01-22,38.48,3.74,0.69,143.9152
Nifty Financial Services,2019-01-23,38.15,3.71,0.69,141.5365
Nifty Financial Services,2019-01-24,37.8,3.7,0.70,139.85999999999999
Nifty Financial Services,2019-01-25,37.56,3.68,0.70,138.22080000000003
Nifty Financial Services,2019-01-28,36.85,3.61,0.71,133.0285
Nifty Financial Services,2019-01-29,36.77,3.6,0.72,132.372
Nifty Financial Services,2019-01-30,36.88,3.62,0.71,133.50560000000002
Nifty Financial Services,2019-01-31,37.45,3.67,0.70,137.44150000000002
Nifty Financial Services,2019-02-01,37.46,3.68,0.70,137.8528
Nifty Financial Services,2019-02-04,40.79,3.69,0.70,150.5151
Nifty Financial Services,2019-02-05,40.88,3.7,0.70,151.25600000000003
Nifty Financial Services,2019-02-06,41.2,3.72,0.69,153.264
Nifty Financial Services,2019-02-07,41.25,3.72,0.69,153.45000000000002
Nifty Financial Services,2019-02-08,41.01,3.7,0.70,151.737
Nifty Financial Services,2019-02-11,40.83,3.69,0.70,150.6627
Nifty Financial Services,2019-02-12,40.41,3.65,0.71,147.4965
Nifty Financial Services,2019-02-13,40.4,3.65,0.71,147.45999999999998
Nifty Financial Services,2019-02-14,40.18,3.63,0.71,145.8534
Nifty Financial Services,2019-02-15,39.85,3.6,0.72,143.46
Nifty Financial Services,2019-02-18,39.62,3.58,0.72,141.8396
Nifty Financial Services,2019-02-19,39.56,3.58,0.72,141.62480000000002
Nifty Financial Services,2019-02-20,39.85,3.62,0.71,144.257
Nifty Financial Services,2019-02-21,40.26,3.65,0.71,146.94899999999998
Nifty Financial Services,2019-02-22,40.02,3.63,0.71,145.2726
Nifty Financial Services,2019-02-25,40.33,3.66,0.70,147.6078
Nifty Financial Services,2019-02-26,39.94,3.62,0.71,144.5828
Nifty Financial Services,2019-02-27,39.72,3.6,0.71,142.992
Nifty Financial Services,2019-02-28,39.7,3.6,0.72,142.92000000000002
Nifty Financial Services,2019-03-01,39.98,3.63,0.71,145.1274
Nifty Financial Services,2019-03-05,40.66,3.69,0.70,150.03539999999998
Nifty Financial Services,2019-03-06,40.95,3.71,0.69,151.92450000000002
Nifty Financial Services,2019-03-07,41.06,3.73,0.69,153.15380000000002
Nifty Financial Services,2019-03-08,41.08,3.73,0.69,153.2284
Nifty Financial Services,2019-03-11,41.41,3.76,0.69,155.70159999999998
Nifty Financial Services,2019-03-12,42.03,3.81,0.68,160.1343
Nifty Financial Services,2019-03-13,42.52,3.86,0.67,164.12720000000002
Nifty Financial Services,2019-03-14,42.5,3.86,0.67,164.04999999999998
Nifty Financial Services,2019-03-15,43.13,3.91,0.66,168.63830000000002
Nifty Financial Services,2019-03-18,43.35,3.93,0.65,170.36550000000003
Nifty Financial Services,2019-03-19,43.51,3.95,0.65,171.8645
Nifty Financial Services,2019-03-20,43.64,3.96,0.65,172.8144
Nifty Financial Services,2019-03-22,43.32,3.93,0.66,170.2476
Nifty Financial Services,2019-03-25,42.88,3.89,0.66,166.8032
Nifty Financial Services,2019-03-26,43.54,3.95,0.65,171.983
Nifty Financial Services,2019-03-27,43.47,3.94,0.65,171.27179999999998
Nifty Financial Services,2019-03-28,44.08,4.0,0.64,176.32
Nifty Financial Services,2019-03-29,45.19,4.06,0.64,183.47139999999996
Nifty Financial Services,2019-04-01,44.97,4.05,0.64,182.12849999999997
Nifty Financial Services,2019-04-02,45.11,4.06,0.64,183.14659999999998
Nifty Financial Services,2019-04-03,45.0,4.05,0.64,182.25
Nifty Financial Services,2019-04-04,44.97,4.05,0.64,182.12849999999997
Nifty Financial Services,2019-04-05,45.38,4.08,0.63,185.15040000000002
Nifty Financial Services,2019-04-08,45.05,4.05,0.64,182.4525
Nifty Financial Services,2019-04-09,45.28,4.07,0.64,184.2896
Nifty Financial Services,2019-04-10,44.77,4.02,0.64,179.9754
Nifty Financial Services,2019-04-11,44.85,4.03,0.64,180.74550000000002
Nifty Financial Services,2019-04-12,45.02,4.04,0.64,181.88080000000002
Nifty Financial Services,2019-04-15,45.16,4.06,0.64,183.34959999999998
Nifty Financial Services,2019-04-16,45.62,4.1,0.63,187.04199999999997
Nifty Financial Services,2019-04-18,45.28,4.07,0.64,184.2896
Nifty Financial Services,2019-04-22,44.48,4.0,0.65,177.92
Nifty Financial Services,2019-04-23,44.3,3.98,0.65,176.314
Nifty Financial Services,2019-04-24,44.85,4.03,0.64,180.74550000000002
Nifty Financial Services,2019-04-25,44.41,4.0,0.65,177.64
Nifty Financial Services,2019-04-26,45.0,4.05,0.64,182.25
Nifty Financial Services,2019-04-30,45.17,4.06,0.64,183.3902
Nifty Financial Services,2019-05-02,45.27,4.07,0.63,184.24890000000002
Nifty Financial Services,2019-05-03,45.47,4.09,0.63,185.9723
Nifty Financial Services,2019-05-06,44.89,4.04,0.64,181.3556
Nifty Financial Services,2019-05-07,44.48,4.0,0.65,177.92
Nifty Financial Services,2019-05-08,43.95,3.95,0.65,173.60250000000002
Nifty Financial Services,2019-05-09,43.8,3.94,0.66,172.57199999999997
Nifty Financial Services,2019-05-10,44.07,3.96,0.65,174.5172
Nifty Financial Services,2019-05-13,43.82,3.94,0.66,172.6508
Nifty Financial Services,2019-05-14,43.99,3.96,0.65,174.2004
Nifty Financial Services,2019-05-15,43.93,3.95,0.65,173.5235
Nifty Financial Services,2019-05-16,44.35,3.99,0.65,176.9565
Nifty Financial Services,2019-05-17,45.48,4.09,0.63,186.01319999999998
Nifty Financial Services,2019-05-20,47.57,4.28,0.60,203.5996
Nifty Financial Services,2019-05-21,47.08,4.23,0.61,199.1484
Nifty Financial Services,2019-05-22,47.33,4.26,0.61,201.62579999999997
Nifty Financial Services,2019-05-23,46.87,4.22,0.61,197.79139999999998
Nifty Financial Services,2019-05-24,47.87,4.31,0.60,206.31969999999998
Nifty Financial Services,2019-05-27,48.56,4.37,0.59,212.20720000000003
Nifty Financial Services,2019-05-28,48.38,4.35,0.59,210.453
Nifty Financial Services,2019-05-29,48.07,4.32,0.60,207.66240000000002
Nifty Financial Services,2019-05-30,48.63,4.37,0.59,212.5131
Nifty Financial Services,2019-05-31,48.5,4.36,0.59,211.46
Nifty Financial Services,2019-06-03,49.06,4.41,0.59,216.3546
Nifty Financial Services,2019-06-04,48.97,4.4,0.59,215.46800000000002
Nifty Financial Services,2019-06-06,48.02,4.32,0.60,207.44640000000004
Nifty Financial Services,2019-06-07,48.45,4.36,0.59,211.24200000000002
Nifty Financial Services,2019-06-10,48.38,4.35,0.59,210.453
Nifty Financial Services,2019-06-11,48.53,4.37,0.59,212.0761
Nifty Financial Services,2019-06-12,48.08,4.32,0.60,207.7056
Nifty Financial Services,2019-06-13,48.51,4.36,0.59,211.5036
Nifty Financial Services,2019-06-14,48.1,4.32,0.60,207.79200000000003
Nifty Financial Services,2019-06-17,47.61,4.27,0.60,203.29469999999998
Nifty Financial Services,2019-06-18,47.67,4.27,0.60,203.55089999999998
Nifty Financial Services,2019-06-19,47.83,4.29,0.60,205.1907
Nifty Financial Services,2019-06-20,48.42,4.34,0.59,210.1428
Nifty Financial Services,2019-06-21,48.01,4.3,0.60,206.44299999999998
Nifty Financial Services,2019-06-24,47.95,4.3,0.60,206.185
Nifty Financial Services,2019-06-25,48.35,4.33,0.60,209.3555
Nifty Financial Services,2019-06-26,48.76,4.37,0.59,213.0812
Nifty Financial Services,2019-06-27,48.99,4.39,0.59,215.0661
Nifty Financial Services,2019-06-28,49.1,4.35,0.59,213.58499999999998
Nifty Financial Services,2019-07-01,49.6,4.4,0.59,218.24000000000004
Nifty Financial Services,2019-07-02,49.77,4.41,0.58,219.4857
Nifty Financial Services,2019-07-03,49.85,4.42,0.58,220.337
Nifty Financial Services,2019-07-04,49.99,4.43,0.58,221.4557
Nifty Financial Services,2019-07-05,49.97,4.43,0.58,221.3671
Nifty Financial Services,2019-07-08,48.53,4.3,0.60,208.679
Nifty Financial Services,2019-07-09,48.42,4.29,0.60,207.7218
Nifty Financial Services,2019-07-10,48.22,4.27,0.60,205.89939999999999
Nifty Financial Services,2019-07-11,48.55,4.3,0.60,208.765
Nifty Financial Services,2019-07-12,48.41,4.27,0.55,206.71069999999997
Nifty Financial Services,2019-07-15,48.4,4.27,0.55,206.66799999999998
Nifty Financial Services,2019-07-16,48.61,4.29,0.54,208.5369
Nifty Financial Services,2019-07-17,48.84,4.31,0.54,210.50039999999998
Nifty Financial Services,2019-07-18,48.89,4.31,0.54,210.71589999999998
Nifty Financial Services,2019-07-19,47.93,4.23,0.55,202.74390000000002
Nifty Financial Services,2019-07-22,46.71,4.12,0.57,192.4452
Nifty Financial Services,2019-07-23,46.37,4.09,0.57,189.65329999999997
Nifty Financial Services,2019-07-24,46.31,4.08,0.57,188.94480000000001
Nifty Financial Services,2019-07-25,45.9,4.09,0.57,187.731
Nifty Financial Services,2019-07-26,46.13,4.11,0.57,189.59430000000003
Nifty Financial Services,2019-07-29,45.94,4.1,0.57,188.35399999999998
Nifty Financial Services,2019-07-30,45.54,4.06,0.57,184.89239999999998
Nifty Financial Services,2019-07-31,45.51,4.05,0.57,184.3155
Nifty Financial Services,2019-08-01,44.75,3.99,0.58,178.5525
Nifty Financial Services,2019-08-02,44.77,3.99,0.58,178.63230000000001
Nifty Financial Services,2019-08-05,44.16,3.93,0.59,173.5488
Nifty Financial Services,2019-08-06,44.85,3.99,0.58,178.9515
Nifty Financial Services,2019-08-07,44.45,3.96,0.59,176.02200000000002
Nifty Financial Services,2019-08-08,45.06,4.01,0.58,180.6906
Nifty Financial Services,2019-08-09,45.76,4.07,0.57,186.2432
Nifty Financial Services,2019-08-13,44.39,3.95,0.59,175.34050000000002
Nifty Financial Services,2019-08-14,44.8,3.99,0.58,178.752
Nifty Financial Services,2019-08-16,44.93,4.0,0.58,179.72
Nifty Financial Services,2019-08-19,44.89,4.0,0.58,179.56
Nifty Financial Services,2019-08-20,44.59,3.97,0.59,177.02230000000003
Nifty Financial Services,2019-08-21,44.26,3.94,0.59,174.3844
Nifty Financial Services,2019-08-22,43.16,3.84,0.60,165.7344
Nifty Financial Services,2019-08-23,43.27,3.85,0.60,166.58950000000002
Nifty Financial Services,2019-08-26,45.0,4.01,0.58,180.45
Nifty Financial Services,2019-08-27,45.29,4.03,0.58,182.5187
Nifty Financial Services,2019-08-28,45.09,4.01,0.58,180.8109
Nifty Financial Services,2019-08-29,44.25,3.94,0.59,174.345
Nifty Financial Services,2019-08-30,44.53,3.79,0.58,168.7687
Nifty Financial Services,2019-09-03,42.45,3.71,0.59,157.48950000000002
Nifty Financial Services,2019-09-04,42.41,3.75,0.58,159.0375
Nifty Financial Services,2019-09-05,41.81,3.7,0.59,154.697
Nifty Financial Services,2019-09-06,42.2,3.74,0.58,157.82800000000003
Nifty Financial Services,2019-09-09,42.55,3.77,0.58,160.4135
Nifty Financial Services,2019-09-11,42.69,3.78,0.58,161.36819999999997
Nifty Financial Services,2019-09-12,42.83,3.79,0.58,162.32569999999998
Nifty Financial Services,2019-09-13,43.14,3.82,0.57,164.7948
Nifty Financial Services,2019-09-16,42.74,3.79,0.58,161.9846
Nifty Financial Services,2019-09-17,41.76,3.7,0.59,154.512
Nifty Financial Services,2019-09-18,41.77,3.7,0.59,154.549
Nifty Financial Services,2019-09-19,41.38,3.67,0.60,151.8646
Nifty Financial Services,2019-09-20,44.34,3.93,0.56,174.2562
Nifty Financial Services,2019-09-23,46.75,4.14,0.53,193.545
Nifty Financial Services,2019-09-24,46.19,4.09,0.53,188.91709999999998
Nifty Financial Services,2019-09-25,33.91,4.01,0.54,135.9791
Nifty Financial Services,2019-09-26,34.29,4.06,0.54,139.21739999999997
Nifty Financial Services,2019-09-27,34.7,4.12,0.53,142.96400000000003
Nifty Financial Services,2019-09-30,34.01,4.03,0.54,137.0603
Nifty Financial Services,2019-10-01,33.95,4.03,0.55,136.81850000000003
Nifty Financial Services,2019-10-03,33.56,3.98,0.55,133.5688
Nifty Financial Services,2019-10-04,32.9,3.9,0.56,128.31
Nifty Financial Services,2019-10-07,32.89,3.9,0.56,128.271
Nifty Financial Services,2019-10-09,34.07,4.04,0.54,137.6428
Nifty Financial Services,2019-10-10,33.42,3.96,0.55,132.3432
Nifty Financial Services,2019-10-11,33.54,3.98,0.55,133.48919999999998
Nifty Financial Services,2019-10-14,33.6,3.98,0.55,133.728
Nifty Financial Services,2019-10-15,33.9,4.02,0.55,136.278
Nifty Financial Services,2019-10-16,34.09,4.04,0.54,137.7236
Nifty Financial Services,2019-10-17,34.53,4.09,0.54,141.2277
Nifty Financial Services,2019-10-18,34.71,4.11,0.53,142.65810000000002
Nifty Financial Services,2019-10-22,35.05,4.15,0.53,145.4575
Nifty Financial Services,2019-10-23,35.2,4.17,0.53,146.78400000000002
Nifty Financial Services,2019-10-24,35.03,4.15,0.53,145.3745
Nifty Financial Services,2019-10-25,35.06,4.15,0.53,145.49900000000002
Nifty Financial Services,2019-10-27,35.19,4.17,0.53,146.7423
Nifty Financial Services,2019-10-29,35.51,4.21,0.52,149.4971
Nifty Financial Services,2019-10-30,35.57,4.21,0.52,149.7497
Nifty Financial Services,2019-10-31,35.51,4.21,0.52,149.4971
Nifty Financial Services,2019-11-01,36.17,4.23,0.52,152.99910000000003
Nifty Financial Services,2019-11-04,36.4,4.26,0.51,155.064
Nifty Financial Services,2019-11-05,36.36,4.26,0.51,154.8936
Nifty Financial Services,2019-11-06,36.78,4.3,0.51,158.154
Nifty Financial Services,2019-11-07,36.69,4.33,0.51,158.86769999999999
Nifty Financial Services,2019-11-08,36.62,4.32,0.51,158.1984
Nifty Financial Services,2019-11-11,36.89,4.35,0.50,160.4715
Nifty Financial Services,2019-11-13,35.36,4.3,0.51,152.048
Nifty Financial Services,2019-11-14,35.72,4.34,0.50,155.0248
Nifty Financial Services,2019-11-15,35.91,4.36,0.50,156.5676
Nifty Financial Services,2019-11-18,35.87,4.36,0.50,156.3932
Nifty Financial Services,2019-11-19,35.88,4.36,0.50,156.43680000000003
Nifty Financial Services,2019-11-20,35.18,4.35,0.50,153.033
Nifty Financial Services,2019-11-21,34.42,4.36,0.50,150.0712
Nifty Financial Services,2019-11-22,34.25,4.34,0.50,148.64499999999998
Nifty Financial Services,2019-11-25,34.75,4.41,0.50,153.2475
Nifty Financial Services,2019-11-26,34.88,4.42,0.50,154.1696
Nifty Financial Services,2019-11-27,35.02,4.44,0.49,155.48880000000003
Nifty Financial Services,2019-11-28,35.08,4.45,0.49,156.106
Nifty Financial Services,2019-11-29,34.88,4.42,0.50,154.1696
Nifty Financial Services,2019-12-02,34.77,4.41,0.50,153.33570000000003
Nifty Financial Services,2019-12-03,34.72,4.4,0.50,152.768
Nifty Financial Services,2019-12-04,34.98,4.43,0.49,154.96139999999997
Nifty Financial Services,2019-12-05,34.85,4.42,0.50,154.037
Nifty Financial Services,2019-12-06,34.47,4.37,0.50,150.6339
Nifty Financial Services,2019-12-09,34.6,4.39,0.50,151.894
Nifty Financial Services,2019-12-10,34.55,4.38,0.50,151.32899999999998
Nifty Financial Services,2019-12-11,34.78,4.41,0.50,153.37980000000002
Nifty Financial Services,2019-12-12,35.09,4.45,0.49,156.15050000000002
Nifty Financial Services,2019-12-13,35.38,4.49,0.49,158.85620000000003
Nifty Financial Services,2019-12-16,34.93,4.49,0.49,156.8357
Nifty Financial Services,2019-12-17,35.26,4.53,0.48,159.7278
Nifty Financial Services,2019-12-18,35.42,4.55,0.48,161.161
Nifty Financial Services,2019-12-19,35.3,4.54,0.48,160.262
Nifty Financial Services,2019-12-20,35.43,4.55,0.48,161.2065
Nifty Financial Services,2019-12-23,35.49,4.56,0.48,161.8344
Nifty Financial Services,2019-12-24,35.38,4.55,0.48,160.979
Nifty Financial Services,2019-12-26,35.18,4.52,0.48,159.0136
Nifty Financial Services,2019-12-27,35.67,4.6,0.48,164.082
Nifty Financial Services,2019-12-30,35.6,4.59,0.48,163.404
Nifty Financial Services,2019-12-31,35.37,4.56,0.48,161.28719999999998
Nifty Financial Services,2020-01-01,35.41,4.57,0.48,161.8237
Nifty Financial Services,2020-01-02,35.71,4.61,0.47,164.62310000000002
Nifty Financial Services,2020-01-03,35.38,4.56,0.48,161.3328
Nifty Financial Services,2020-01-06,34.51,4.45,0.49,153.5695
Nifty Financial Services,2020-01-07,34.78,4.49,0.49,156.1622
Nifty Financial Services,2020-01-08,34.76,4.49,0.49,156.0724
Nifty Financial Services,2020-01-09,35.45,4.57,0.48,162.00650000000002
Nifty Financial Services,2020-01-10,35.5,4.58,0.48,162.59
Nifty Financial Services,2020-01-13,35.56,4.59,0.48,163.2204
Nifty Financial Services,2020-01-14,35.64,4.6,0.48,163.944
Nifty Financial Services,2020-01-15,35.56,4.59,0.48,163.2204
Nifty Financial Services,2020-01-16,35.61,4.19,0.52,149.2059
Nifty Financial Services,2020-01-17,35.38,4.13,0.52,146.1194
Nifty Financial Services,2020-01-20,34.11,4.07,0.53,138.82770000000002
Nifty Financial Services,2020-01-21,33.87,3.99,0.51,135.1413
Nifty Financial Services,2020-01-22,33.56,3.94,0.52,132.2264
Nifty Financial Services,2020-01-23,33.79,3.97,0.51,134.1463
Nifty Financial Services,2020-01-24,34.08,4.01,0.51,136.6608
Nifty Financial Services,2020-01-27,32.37,3.96,0.52,128.18519999999998
Nifty Financial Services,2020-01-28,29.69,3.97,0.51,117.86930000000001
Nifty Financial Services,2020-01-29,29.83,3.99,0.51,119.0217
Nifty Financial Services,2020-01-30,29.63,3.97,0.51,117.6311
Nifty Financial Services,2020-01-31,29.69,3.98,0.51,118.1662
Nifty Financial Services,2020-02-01,28.53,3.82,0.53,108.9846
Nifty Financial Services,2020-02-03,28.66,3.84,0.53,110.0544
Nifty Financial Services,2020-02-04,29.19,3.95,0.52,115.30050000000001
Nifty Financial Services,2020-02-05,29.43,4.01,0.51,118.01429999999999
Nifty Financial Services,2020-02-06,29.9,4.04,0.51,120.79599999999999
Nifty Financial Services,2020-02-07,29.81,4.03,0.51,120.1343
Nifty Financial Services,2020-02-10,29.79,4.03,0.51,120.0537
Nifty Financial Services,2020-02-11,29.97,4.05,0.50,121.37849999999999
Nifty Financial Services,2020-02-12,30.17,4.08,0.50,123.09360000000001
Nifty Financial Services,2020-02-13,30.02,4.05,0.50,121.58099999999999
Nifty Financial Services,2020-02-14,29.81,4.02,0.51,119.83619999999998
Nifty Financial Services,2020-02-17,29.6,3.99,0.51,118.10400000000001
Nifty Financial Services,2020-02-18,29.49,3.98,0.51,117.3702
Nifty Financial Services,2020-02-19,29.91,4.03,0.51,120.5373
Nifty Financial Services,2020-02-20,29.89,4.03,0.51,120.45670000000001
Nifty Financial Services,2020-02-24,29.32,3.96,0.52,116.1072
Nifty Financial Services,2020-02-25,29.32,3.96,0.52,116.1072
Nifty Financial Services,2020-02-26,29.11,3.93,0.52,114.4023
Nifty Financial Services,2020-02-27,29.01,3.91,0.52,113.4291
Nifty Financial Services,2020-02-28,27.93,3.77,0.54,105.2961
Nifty Financial Services,2020-03-02,27.83,3.75,0.54,104.3625
Nifty Financial Services,2020-03-03,28.07,3.79,0.54,106.3853
Nifty Financial Services,2020-03-04,27.67,3.73,0.55,103.2091
Nifty Financial Services,2020-03-05,27.74,3.74,0.55,103.7476
Nifty Financial Services,2020-03-06,26.93,3.63,0.56,97.7559
Nifty Financial Services,2020-03-09,25.78,3.48,0.59,89.7144
Nifty Financial Services,2020-03-11,25.86,3.49,0.59,90.2514
Nifty Financial Services,2020-03-12,23.58,3.18,0.64,74.9844
Nifty Financial Services,2020-03-13,24.91,3.36,0.61,83.6976
Nifty Financial Services,2020-03-16,22.9,3.09,0.66,70.761
Nifty Financial Services,2020-03-17,21.85,2.95,0.69,64.45750000000001
Nifty Financial Services,2020-03-18,20.18,2.72,0.75,54.8896
Nifty Financial Services,2020-03-19,19.79,2.67,0.76,52.839299999999994
Nifty Financial Services,2020-03-20,20.36,2.75,0.74,55.989999999999995
Nifty Financial Services,2020-03-23,17.11,2.31,0.88,39.5241
Nifty Financial Services,2020-03-24,17.36,2.34,0.87,40.6224
Nifty Financial Services,2020-03-25,18.98,2.56,0.80,48.5888
Nifty Financial Services,2020-03-26,20.0,2.7,0.76,54.0
Nifty Financial Services,2020-03-27,20.11,2.71,0.75,54.4981
Nifty Financial Services,2020-03-30,18.62,2.51,0.81,46.7362
Nifty Financial Services,2020-03-31,19.21,2.59,0.79,49.7539
Nifty Financial Services,2020-04-01,18.44,2.49,0.82,45.915600000000005
Nifty Financial Services,2020-04-03,17.66,2.38,0.86,42.0308
Nifty Financial Services,2020-04-07,19.13,2.58,0.79,49.355399999999996
Nifty Financial Services,2020-04-08,19.06,2.57,0.79,48.984199999999994
Nifty Financial Services,2020-04-09,20.22,2.73,0.75,55.200599999999994
Nifty Financial Services,2020-04-13,19.59,2.64,0.77,51.717600000000004
Nifty Financial Services,2020-04-15,19.05,2.57,0.79,48.9585
Nifty Financial Services,2020-04-16,19.37,2.61,0.78,50.5557
Nifty Financial Services,2020-04-17,20.43,2.75,0.74,56.1825
Nifty Financial Services,2020-04-20,20.25,2.76,0.74,55.88999999999999
Nifty Financial Services,2020-04-21,19.31,2.63,0.77,50.78529999999999
Nifty Financial Services,2020-04-22,19.52,2.66,0.77,51.9232
Nifty Financial Services,2020-04-23,20.01,2.73,0.75,54.627300000000005
Nifty Financial Services,2020-04-24,19.24,2.62,0.78,50.4088
Nifty Financial Services,2020-04-27,19.64,2.68,0.76,52.635200000000005
Nifty Financial Services,2020-04-28,20.3,2.77,0.74,56.231
Nifty Financial Services,2020-04-29,21.67,2.86,0.71,61.976200000000006
Nifty Financial Services,2020-04-30,22.26,2.94,0.69,65.4444
Nifty Financial Services,2020-05-04,20.37,2.69,0.76,54.795300000000005
Nifty Financial Services,2020-05-05,19.96,2.64,0.77,52.6944
Nifty Financial Services,2020-05-06,20.47,2.71,0.75,55.473699999999994
Nifty Financial Services,2020-05-07,20.15,2.66,0.77,53.599
Nifty Financial Services,2020-05-08,20.11,2.65,0.77,53.2915
Nifty Financial Services,2020-05-11,19.68,2.6,0.78,51.168
Nifty Financial Services,2020-05-12,19.64,2.6,0.78,51.064
Nifty Financial Services,2020-05-13,20.3,2.68,0.76,54.404
Nifty Financial Services,2020-05-14,19.64,2.59,0.79,50.867599999999996
Nifty Financial Services,2020-05-15,19.51,2.58,0.79,50.335800000000006
Nifty Financial Services,2020-05-18,18.26,2.41,0.85,44.006600000000006
Nifty Financial Services,2020-05-19,18.34,2.41,0.85,44.199400000000004
Nifty Financial Services,2020-05-20,18.93,2.48,0.82,46.9464
Nifty Financial Services,2020-05-21,18.81,2.46,0.83,46.2726
Nifty Financial Services,2020-05-22,18.08,2.38,0.86,43.03039999999999
Nifty Financial Services,2020-05-26,18.28,2.38,0.86,43.5064
Nifty Financial Services,2020-05-27,19.35,2.51,0.81,48.5685
Nifty Financial Services,2020-05-28,19.87,2.58,0.79,51.2646
Nifty Financial Services,2020-05-29,20.08,2.61,0.78,52.40879999999999
Nifty Financial Services,2020-06-01,20.81,2.7,0.75,56.187
Nifty Financial Services,2020-06-02,21.47,2.79,0.73,59.9013
Nifty Financial Services,2020-06-03,21.89,2.84,0.72,62.1676
Nifty Financial Services,2020-06-04,21.31,2.77,0.74,59.02869999999999
Nifty Financial Services,2020-06-05,21.82,2.83,0.72,61.750600000000006
Nifty Financial Services,2020-06-08,21.87,2.84,0.72,62.1108
Nifty Financial Services,2020-06-09,21.11,2.78,0.73,58.68579999999999
Nifty Financial Services,2020-06-10,21.36,2.82,0.72,60.23519999999999
Nifty Financial Services,2020-06-11,20.85,2.75,0.74,57.337500000000006
Nifty Financial Services,2020-06-12,21.12,2.77,0.74,58.5024
Nifty Financial Services,2020-06-15,20.5,2.69,0.76,55.144999999999996
Nifty Financial Services,2020-06-16,21.07,2.76,0.74,58.1532
Nifty Financial Services,2020-06-17,20.9,2.74,0.74,57.266
Nifty Financial Services,2020-06-18,21.66,2.84,0.72,61.514399999999995
Nifty Financial Services,2020-06-19,22.12,2.89,0.71,63.92680000000001
Nifty Financial Services,2020-06-22,22.39,2.92,0.70,65.3788
Nifty Financial Services,2020-06-23,22.84,2.98,0.68,68.0632
Nifty Financial Services,2020-06-24,22.16,2.89,0.71,64.0424
Nifty Financial Services,2020-06-25,22.22,2.9,0.70,64.43799999999999
Nifty Financial Services,2020-06-26,23.2,2.97,0.62,68.904
Nifty Financial Services,2020-06-29,23.18,2.95,0.62,68.381
Nifty Financial Services,2020-06-30,23.24,2.96,0.62,68.79039999999999
Nifty Financial Services,2020-07-01,23.86,3.04,0.61,72.5344
Nifty Financial Services,2020-07-02,24.0,3.06,0.60,73.44
Nifty Financial Services,2020-07-03,23.92,3.05,0.60,72.956
Nifty Financial Services,2020-07-06,24.25,3.09,0.60,74.93249999999999
Nifty Financial Services,2020-07-07,24.63,3.14,0.59,77.3382
Nifty Financial Services,2020-07-08,24.49,3.12,0.59,76.4088
Nifty Financial Services,2020-07-09,24.89,3.17,0.58,78.9013
Nifty Financial Services,2020-07-10,24.42,3.11,0.59,75.9462
Nifty Financial Services,2020-07-13,24.04,3.06,0.60,73.5624
Nifty Financial Services,2020-07-14,23.45,2.99,0.62,70.1155
Nifty Financial Services,2020-07-15,23.37,2.98,0.62,69.6426
Nifty Financial Services,2020-07-16,23.58,3.0,0.61,70.74
Nifty Financial Services,2020-07-17,24.03,3.06,0.60,73.5318
Nifty Financial Services,2020-07-20,24.44,3.12,0.59,76.25280000000001
Nifty Financial Services,2020-07-21,24.61,3.18,0.58,78.2598
Nifty Financial Services,2020-07-22,24.57,3.17,0.58,77.8869
Nifty Financial Services,2020-07-23,24.87,3.2,0.58,79.584
Nifty Financial Services,2020-07-24,24.44,3.14,0.59,76.7416
Nifty Financial Services,2020-07-27,23.84,3.07,0.60,73.1888
Nifty Financial Services,2020-07-28,23.93,2.9,0.71,69.39699999999999
Nifty Financial Services,2020-07-29,23.81,2.84,0.73,67.62039999999999
Nifty Financial Services,2020-07-30,23.39,2.79,0.75,65.2581
Nifty Financial Services,2020-07-31,23.3,2.71,0.77,63.143
Nifty Financial Services,2020-08-03,22.7,2.64,0.79,59.928000000000004
Nifty Financial Services,2020-08-04,22.96,2.7,0.77,61.992000000000004
Nifty Financial Services,2020-08-05,22.92,2.7,0.77,61.88400000000001
Nifty Financial Services,2020-08-06,23.16,2.73,0.76,63.2268
Nifty Financial Services,2020-08-07,23.22,2.73,0.76,63.3906
Nifty Financial Services,2020-08-10,23.41,2.76,0.75,64.6116
Nifty Financial Services,2020-08-11,23.61,2.78,0.75,65.63579999999999
Nifty Financial Services,2020-08-12,23.54,2.78,0.75,65.4412
Nifty Financial Services,2020-08-13,23.5,2.77,0.75,65.095
Nifty Financial Services,2020-08-14,23.03,2.72,0.76,62.64160000000001
Nifty Financial Services,2020-08-17,23.08,2.72,0.76,62.7776
Nifty Financial Services,2020-08-18,23.54,2.78,0.75,65.4412
Nifty Financial Services,2020-08-19,23.64,2.79,0.74,65.9556
Nifty Financial Services,2020-08-20,23.33,2.75,0.75,64.1575
Nifty Financial Services,2020-08-21,23.6,2.78,0.75,65.608
Nifty Financial Services,2020-08-24,24.22,2.85,0.73,69.027
Nifty Financial Services,2020-08-25,24.48,2.87,0.72,70.25760000000001
Nifty Financial Services,2020-08-26,24.6,2.89,0.72,71.09400000000001
Nifty Financial Services,2020-08-27,24.74,2.9,0.71,71.746
Nifty Financial Services,2020-08-28,25.25,2.96,0.70,74.74
Nifty Financial Services,2020-08-31,24.77,2.91,0.71,72.08070000000001
Nifty Financial Services,2020-09-01,25.0,2.93,0.71,73.25
Nifty Financial Services,2020-09-02,24.99,2.93,0.71,73.2207
Nifty Financial Services,2020-09-03,24.73,2.9,0.72,71.717
Nifty Financial Services,2020-09-04,24.27,2.85,0.74,69.1695
Nifty Financial Services,2020-09-07,24.23,2.84,0.74,68.8132
Nifty Financial Services,2020-09-08,24.11,2.83,0.74,68.2313
Nifty Financial Services,2020-09-09,23.68,2.78,0.75,65.8304
Nifty Financial Services,2020-09-10,23.85,2.8,0.75,66.78
Nifty Financial Services,2020-09-11,23.85,2.8,0.75,66.78
Nifty Financial Services,2020-09-14,23.45,2.75,0.76,64.4875
Nifty Financial Services,2020-09-15,23.76,2.79,0.75,66.2904
Nifty Financial Services,2020-09-16,23.96,2.81,0.81,67.3276
Nifty Financial Services,2020-09-17,23.66,2.77,0.82,65.5382
Nifty Financial Services,2020-09-18,23.37,2.74,0.83,64.03380000000001
Nifty Financial Services,2020-09-21,22.89,2.68,0.85,61.345200000000006
Nifty Financial Services,2020-09-22,22.65,2.65,0.86,60.022499999999994
Nifty Financial Services,2020-09-23,22.67,2.66,0.85,60.302200000000006
Nifty Financial Services,2020-09-24,22.04,2.58,0.88,56.8632
Nifty Financial Services,2020-09-25,22.69,2.66,0.85,60.35540000000001
Nifty Financial Services,2020-09-28,23.26,2.73,0.83,63.4998
Nifty Financial Services,2020-09-29,23.2,2.72,0.84,63.104
Nifty Financial Services,2020-09-30,23.33,2.73,0.83,63.69089999999999
Nifty Financial Services,2020-10-01,24.05,2.82,0.81,67.821
Nifty Financial Services,2020-10-05,24.08,2.82,0.80,67.90559999999999
Nifty Financial Services,2020-10-06,24.84,2.91,0.78,72.2844
Nifty Financial Services,2020-10-07,24.91,2.92,0.77,72.7372
Nifty Financial Services,2020-10-08,25.11,2.94,0.76,73.82339999999999
Nifty Financial Services,2020-10-09,25.58,3.0,0.75,76.74
Nifty Financial Services,2020-10-12,25.45,2.98,0.75,75.841
Nifty Financial Services,2020-10-13,25.21,2.95,0.76,74.3695
Nifty Financial Services,2020-10-14,25.67,3.01,0.75,77.2667
Nifty Financial Services,2020-10-15,24.91,2.92,0.77,72.7372
Nifty Financial Services,2020-10-16,25.28,2.96,0.76,74.8288
Nifty Financial Services,2020-10-19,25.92,3.04,0.74,78.7968
Nifty Financial Services,2020-10-20,25.64,3.04,0.74,77.9456
Nifty Financial Services,2020-10-21,25.95,3.08,0.73,79.926
Nifty Financial Services,2020-10-22,25.86,3.07,0.73,79.3902
Nifty Financial Services,2020-10-23,25.99,3.07,0.73,79.7893
Nifty Financial Services,2020-10-26,25.87,3.04,0.74,78.6448
Nifty Financial Services,2020-10-27,26.43,3.11,0.72,82.1973
Nifty Financial Services,2020-10-28,25.69,3.04,0.74,78.0976
Nifty Financial Services,2020-10-29,25.49,3.01,0.75,76.72489999999999
Nifty Financial Services,2020-10-30,24.93,2.99,0.75,74.5407
Nifty Financial Services,2020-11-02,24.72,3.11,0.72,76.8792
Nifty Financial Services,2020-11-03,25.49,3.21,0.70,81.82289999999999
Nifty Financial Services,2020-11-04,25.83,3.2,0.70,82.656
Nifty Financial Services,2020-11-05,26.25,3.26,0.69,85.57499999999999
Nifty Financial Services,2020-11-06,26.51,3.32,0.68,88.0132
Nifty Financial Services,2020-11-09,27.05,3.39,0.66,91.6995
Nifty Financial Services,2020-11-10,28.01,3.52,0.64,98.5952
Nifty Financial Services,2020-11-11,28.4,3.57,0.63,101.38799999999999
Nifty Financial Services,2020-11-12,28.06,3.54,0.63,99.33239999999999
Nifty Financial Services,2020-11-13,28.13,3.54,0.63,99.58019999999999
Nifty Financial Services,2020-11-14,28.25,3.56,0.63,100.57000000000001
Nifty Financial Services,2020-11-17,28.65,3.63,0.62,103.9995
Nifty Financial Services,2020-11-18,29.04,3.68,0.61,106.8672
Nifty Financial Services,2020-11-19,28.38,3.59,0.62,101.88419999999999
Nifty Financial Services,2020-11-20,28.86,3.65,0.61,105.339
Nifty Financial Services,2020-11-23,28.55,3.62,0.62,103.351
Nifty Financial Services,2020-11-24,28.99,3.67,0.61,106.3933
Nifty Financial Services,2020-11-25,28.45,3.6,0.62,102.42
Nifty Financial Services,2020-11-26,28.91,3.66,0.61,105.81060000000001
Nifty Financial Services,2020-11-27,29.02,3.68,0.61,106.7936
Nifty Financial Services,2020-12-01,29.14,3.69,0.61,107.5266
Nifty Financial Services,2020-12-02,28.81,3.65,0.62,105.1565
Nifty Financial Services,2020-12-03,28.71,3.64,0.62,104.5044
Nifty Financial Services,2020-12-04,29.01,3.67,0.61,106.4667
Nifty Financial Services,2020-12-07,29.16,3.69,0.61,107.6004
Nifty Financial Services,2020-12-08,29.21,3.7,0.61,108.07700000000001
Nifty Financial Services,2020-12-09,29.55,3.74,0.60,110.51700000000001
Nifty Financial Services,2020-12-10,29.34,3.72,0.60,109.1448
Nifty Financial Services,2020-12-11,29.45,3.73,0.60,109.8485
Nifty Financial Services,2020-12-14,29.57,3.75,0.60,110.8875
Nifty Financial Services,2020-12-15,29.8,3.77,0.59,112.346
Nifty Financial Services,2020-12-16,30.03,3.8,0.59,114.114
Nifty Financial Services,2020-12-17,30.39,3.85,0.58,117.00150000000001
Nifty Financial Services,2020-12-18,30.21,3.83,0.59,115.7043
Nifty Financial Services,2020-12-21,29.23,3.7,0.61,108.15100000000001
Nifty Financial Services,2020-12-22,29.29,3.71,0.61,108.6659
Nifty Financial Services,2020-12-23,29.48,3.73,0.60,109.9604
Nifty Financial Services,2020-12-24,30.01,3.8,0.59,114.038
Nifty Financial Services,2020-12-28,30.39,3.85,0.58,117.00150000000001
Nifty Financial Services,2020-12-29,30.7,3.89,0.58,119.423
Nifty Financial Services,2020-12-30,30.79,3.9,0.58,120.08099999999999
Nifty Financial Services,2020-12-31,30.88,3.91,0.57,120.74080000000001
Nifty Financial Services,2021-01-01,30.88,3.91,0.57,120.74080000000001
Nifty Financial Services,2021-01-04,30.9,3.91,0.57,120.819
Nifty Financial Services,2021-01-05,31.28,3.96,0.57,123.86880000000001
Nifty Financial Services,2021-01-06,31.31,3.96,0.57,123.9876
Nifty Financial Services,2021-01-07,31.37,3.97,0.57,124.53890000000001
Nifty Financial Services,2021-01-08,31.55,3.99,0.56,125.8845
Nifty Financial Services,2021-01-11,31.74,4.02,0.56,127.59479999999998
Nifty Financial Services,2021-01-12,31.96,4.04,0.56,129.1184
Nifty Financial Services,2021-01-13,31.78,4.02,0.56,127.75559999999999
Nifty Financial Services,2021-01-14,31.75,4.02,0.56,127.63499999999999
Nifty Financial Services,2021-01-15,31.43,3.98,0.56,125.0914
Nifty Financial Services,2021-01-18,31.01,3.92,0.57,121.5592
Nifty Financial Services,2021-01-19,31.34,4.02,0.56,125.98679999999999
Nifty Financial Services,2021-01-20,31.44,4.03,0.56,126.70320000000001
Nifty Financial Services,2021-01-21,31.2,4.0,0.56,124.8
Nifty Financial Services,2021-01-22,30.46,3.9,0.58,118.794
Nifty Financial Services,2021-01-25,30.46,3.9,0.58,118.794
Nifty Financial Services,2021-01-27,29.62,3.79,0.59,112.2598
Nifty Financial Services,2021-01-28,29.3,3.76,0.60,110.16799999999999
Nifty Financial Services,2021-01-29,29.48,3.75,0.60,110.55
Nifty Financial Services,2021-02-01,31.88,4.04,0.56,128.7952
Nifty Financial Services,2021-02-02,32.58,4.17,0.54,135.8586
Nifty Financial Services,2021-02-03,32.97,4.22,0.53,139.1334
Nifty Financial Services,2021-02-04,35.81,4.27,0.53,152.90869999999998
Nifty Financial Services,2021-02-05,36.06,4.3,0.52,155.058
Nifty Financial Services,2021-02-08,36.3,4.34,0.52,157.54199999999997
Nifty Financial Services,2021-02-09,36.39,4.35,0.52,158.29649999999998
Nifty Financial Services,2021-02-10,36.31,4.34,0.52,157.5854
Nifty Financial Services,2021-02-11,36.29,4.34,0.52,157.49859999999998
Nifty Financial Services,2021-02-12,36.63,4.38,0.51,160.4394
Nifty Financial Services,2021-02-15,37.59,4.5,0.50,169.15500000000003
Nifty Financial Services,2021-02-16,37.47,4.49,0.50,168.2403
Nifty Financial Services,2021-02-17,37.05,4.44,0.51,164.502
Nifty Financial Services,2021-02-18,36.53,4.37,0.51,159.6361
Nifty Financial Services,2021-02-19,35.98,4.31,0.52,155.07379999999998
Nifty Financial Services,2021-02-22,35.41,4.24,0.53,150.1384
Nifty Financial Services,2021-02-23,35.23,4.22,0.53,148.67059999999998
Nifty Financial Services,2021-02-24,36.42,4.36,0.51,158.79120000000003
Nifty Financial Services,2021-02-25,36.35,4.35,0.52,158.1225
Nifty Financial Services,2021-02-26,34.56,4.14,0.54,143.0784
Nifty Financial Services,2021-03-01,35.18,4.21,0.53,148.1078
Nifty Financial Services,2021-03-02,35.23,4.22,0.53,148.67059999999998
Nifty Financial Services,2021-03-03,36.21,4.34,0.52,157.1514
Nifty Financial Services,2021-03-04,35.56,4.26,0.53,151.4856
Nifty Financial Services,2021-03-05,35.12,4.21,0.53,147.8552
Nifty Financial Services,2021-03-08,34.99,4.19,0.54,146.60810000000004
Nifty Financial Services,2021-03-09,35.77,4.28,0.52,153.09560000000002
Nifty Financial Services,2021-03-10,35.86,4.29,0.52,153.8394
Nifty Financial Services,2021-03-12,35.47,4.25,0.53,150.7475
Nifty Financial Services,2021-03-15,35.03,4.19,0.54,146.77570000000003
Nifty Financial Services,2021-03-16,34.74,4.16,0.54,144.5184
Nifty Financial Services,2021-03-17,34.33,4.11,0.55,141.0963
Nifty Financial Services,2021-03-18,34.05,4.08,0.55,138.92399999999998
Nifty Financial Services,2021-03-19,34.33,4.11,0.55,141.0963
Nifty Financial Services,2021-03-22,33.94,4.06,0.55,137.79639999999998
Nifty Financial Services,2021-03-23,34.25,4.1,0.55,140.42499999999998
Nifty Financial Services,2021-03-24,33.52,4.01,0.56,134.4152
Nifty Financial Services,2021-03-25,33.24,3.98,0.56,132.2952
Nifty Financial Services,2021-03-26,33.76,4.04,0.56,136.3904
Nifty Financial Services,2021-03-30,34.45,4.13,0.54,142.2785
Nifty Financial Services,2021-03-31,25.86,4.05,0.24,104.73299999999999
Nifty Financial Services,2021-04-01,26.17,4.1,0.24,107.297
Nifty Financial Services,2021-04-05,25.32,3.97,0.26,100.52040000000001
Nifty Financial Services,2021-04-06,25.33,3.97,0.25,100.56009999999999
Nifty Financial Services,2021-04-07,25.63,4.02,0.25,103.03259999999999
Nifty Financial Services,2021-04-08,25.54,4.0,0.25,102.16
Nifty Financial Services,2021-04-09,25.36,3.97,0.25,100.67920000000001
Nifty Financial Services,2021-04-12,24.2,3.79,0.27,91.718
Nifty Financial Services,2021-04-13,25.02,3.92,0.26,98.0784
Nifty Financial Services,2021-04-15,25.32,3.97,0.26,100.52040000000001
Nifty Financial Services,2021-04-16,25.27,3.96,0.26,100.0692
Nifty Financial Services,2021-04-19,24.46,3.87,0.26,94.6602
Nifty Financial Services,2021-04-20,24.33,3.85,0.26,93.67049999999999
Nifty Financial Services,2021-04-22,24.84,3.93,0.27,97.6212
Nifty Financial Services,2021-04-23,24.84,3.93,0.27,97.6212
Nifty Financial Services,2021-04-26,25.16,3.98,0.26,100.1368
Nifty Financial Services,2021-04-27,24.5,4.02,0.26,98.49
Nifty Financial Services,2021-04-28,25.21,4.13,0.25,104.1173
Nifty Financial Services,2021-04-29,25.22,4.14,0.25,104.41079999999998
Nifty Financial Services,2021-04-30,24.45,4.01,0.26,98.04449999999999
Nifty Financial Services,2021-05-03,23.38,4.0,0.26,93.52
Nifty Financial Services,2021-05-04,23.19,3.97,0.26,92.0643
Nifty Financial Services,2021-05-05,23.32,4.01,0.26,93.5132
Nifty Financial Services,2021-05-06,23.46,4.04,0.26,94.7784
Nifty Financial Services,2021-05-07,23.64,4.07,0.26,96.21480000000001
Nifty Financial Services,2021-05-10,23.84,4.1,0.26,97.74399999999999
Nifty Financial Services,2021-05-11,23.22,4.05,0.26,94.041
Nifty Financial Services,2021-05-12,22.94,4.0,0.26,91.76
Nifty Financial Services,2021-05-14,22.8,3.97,0.26,90.516
Nifty Financial Services,2021-05-17,23.32,4.1,0.26,95.612
Nifty Financial Services,2021-05-18,23.66,4.16,0.25,98.4256
Nifty Financial Services,2021-05-19,23.43,4.12,0.25,96.5316
Nifty Financial Services,2021-05-20,23.21,4.08,0.26,94.69680000000001
Nifty Financial Services,2021-05-21,23.96,4.21,0.25,100.8716
Nifty Financial Services,2021-05-24,24.11,4.24,0.25,102.2264
Nifty Financial Services,2021-05-25,24.01,4.21,0.25,101.08210000000001
Nifty Financial Services,2021-05-26,24.14,4.23,0.25,102.11220000000002
Nifty Financial Services,2021-05-27,24.18,4.24,0.25,102.5232
Nifty Financial Services,2021-05-28,24.26,4.25,0.25,103.105
Nifty Financial Services,2021-05-31,24.51,4.3,0.40,105.393
Nifty Financial Services,2021-06-01,24.31,4.29,0.40,104.28989999999999
Nifty Financial Services,2021-06-02,24.28,4.28,0.40,103.9184
Nifty Financial Services,2021-06-03,24.51,4.33,0.45,106.12830000000001
Nifty Financial Services,2021-06-04,24.45,4.32,0.45,105.62400000000001
Nifty Financial Services,2021-06-07,24.39,4.31,0.45,105.12089999999999
Nifty Financial Services,2021-06-08,24.2,4.27,0.46,103.33399999999999
Nifty Financial Services,2021-06-09,24.04,4.24,0.46,101.92960000000001
Nifty Financial Services,2021-06-10,24.33,4.3,0.45,104.61899999999999
Nifty Financial Services,2021-06-11,24.29,4.29,0.45,104.2041
Nifty Financial Services,2021-06-14,24.21,4.27,0.46,103.3767
Nifty Financial Services,2021-06-15,24.35,4.3,0.45,104.705
Nifty Financial Services,2021-06-16,24.2,4.27,0.46,103.33399999999999
Nifty Financial Services,2021-06-17,23.66,4.23,0.47,100.08180000000002
Nifty Financial Services,2021-06-18,23.67,4.15,0.47,98.23050000000002
Nifty Financial Services,2021-06-21,23.84,4.18,0.46,99.65119999999999
Nifty Financial Services,2021-06-22,23.8,4.18,0.47,99.484
Nifty Financial Services,2021-06-23,23.69,4.16,0.47,98.55040000000001
Nifty Financial Services,2021-06-24,23.82,4.18,0.46,99.5676
Nifty Financial Services,2021-06-25,24.11,4.23,0.46,101.98530000000001
Nifty Financial Services,2021-06-28,24.03,4.22,0.46,101.4066
Nifty Financial Services,2021-06-29,23.85,4.18,0.58,99.693
Nifty Financial Services,2021-06-30,23.78,4.01,0.58,95.3578
Nifty Financial Services,2021-07-01,23.68,3.99,0.60,94.48320000000001
Nifty Financial Services,2021-07-02,23.77,4.0,0.59,95.08
Nifty Financial Services,2021-07-05,24.02,4.05,0.59,97.28099999999999
Nifty Financial Services,2021-07-06,24.25,4.09,0.60,99.18249999999999
Nifty Financial Services,2021-07-07,24.4,4.11,0.59,100.284
Nifty Financial Services,2021-07-08,24.1,4.06,0.61,97.84599999999999
Nifty Financial Services,2021-07-09,23.99,4.04,0.47,96.91959999999999
Nifty Financial Services,2021-07-12,24.01,4.04,0.47,97.00040000000001
Nifty Financial Services,2021-07-13,24.37,4.1,0.46,99.917
Nifty Financial Services,2021-07-14,24.33,4.1,0.47,99.75299999999999
Nifty Financial Services,2021-07-15,24.48,4.12,0.46,100.8576
Nifty Financial Services,2021-07-16,24.42,4.11,0.46,100.36620000000002
Nifty Financial Services,2021-07-19,23.95,4.03,0.47,96.5185
Nifty Financial Services,2021-07-20,23.41,3.97,0.48,92.9377
Nifty Financial Services,2021-07-22,23.7,4.02,0.47,95.27399999999999
Nifty Financial Services,2021-07-23,23.9,3.82,0.47,91.29799999999999
Nifty Financial Services,2021-07-26,23.85,3.81,0.47,90.86850000000001
Nifty Financial Services,2021-07-27,23.49,3.8,0.47,89.26199999999999
Nifty Financial Services,2021-07-28,23.36,3.78,0.47,88.3008
Nifty Financial Services,2021-07-29,23.46,3.79,0.52,88.91340000000001
Nifty Financial Services,2021-07-30,23.39,3.78,0.52,88.4142
Nifty Financial Services,2021-08-02,23.58,3.8,0.52,89.60399999999998
Nifty Financial Services,2021-08-03,24.01,3.86,0.52,92.6786
Nifty Financial Services,2021-08-04,24.36,3.96,0.50,96.4656
Nifty Financial Services,2021-08-05,24.28,3.95,0.50,95.906
Nifty Financial Services,2021-08-06,23.98,3.93,0.51,94.2414
Nifty Financial Services,2021-08-09,24.03,3.95,0.50,94.91850000000001
Nifty Financial Services,2021-08-10,24.09,3.96,0.50,95.3964
Nifty Financial Services,2021-08-11,23.94,3.94,0.51,94.3236
Nifty Financial Services,2021-08-12,24.06,3.96,0.51,95.27759999999999
Nifty Financial Services,2021-08-13,24.22,3.98,0.51,96.3956
Nifty Financial Services,2021-08-16,24.23,4.0,0.51,96.92
Nifty Financial Services,2021-08-17,24.16,3.77,0.51,91.0832
Nifty Financial Services,2021-08-18,24.03,3.74,0.51,89.8722
Nifty Financial Services,2021-08-20,23.86,3.72,0.52,88.7592
Nifty Financial Services,2021-08-23,23.95,3.73,0.52,89.3335
Nifty Financial Services,2021-08-24,24.29,3.79,0.51,92.0591
Nifty Financial Services,2021-08-25,24.21,3.77,0.51,91.27170000000001
Nifty Financial Services,2021-08-26,24.26,3.78,0.51,91.7028
Nifty Financial Services,2021-08-27,24.37,3.8,0.51,92.606
Nifty Financial Services,2021-08-30,24.82,3.87,0.50,96.05340000000001
Nifty Financial Services,2021-08-31,25.14,3.92,0.50,98.5488
Nifty Financial Services,2021-09-01,25.09,3.91,0.50,98.1019
Nifty Financial Services,2021-09-02,25.29,3.94,0.50,99.6426
Nifty Financial Services,2021-09-03,25.22,3.93,0.50,99.1146
Nifty Financial Services,2021-09-06,25.15,3.92,0.50,98.588
Nifty Financial Services,2021-09-07,25.18,3.92,0.50,98.7056
Nifty Financial Services,2021-09-08,25.33,3.95,0.50,100.0535
Nifty Financial Services,2021-09-09,25.26,3.94,0.50,99.5244
Nifty Financial Services,2021-09-13,25.21,3.93,0.50,99.07530000000001
Nifty Financial Services,2021-09-14,25.18,3.92,0.50,98.7056
Nifty Financial Services,2021-09-15,25.26,3.94,0.50,99.5244
Nifty Financial Services,2021-09-16,25.53,3.98,0.50,101.60940000000001
Nifty Financial Services,2021-09-17,25.7,4.01,0.49,103.05699999999999
Nifty Financial Services,2021-09-20,25.29,3.94,0.50,99.6426
Nifty Financial Services,2021-09-21,25.47,3.97,0.50,101.1159
Nifty Financial Services,2021-09-22,25.25,3.94,0.50,99.485
Nifty Financial Services,2021-09-23,25.83,4.03,0.49,104.0949
Nifty Financial Services,2021-09-24,25.91,4.0,0.49,103.64
Nifty Financial Services,2021-09-27,26.02,4.01,0.49,104.3402
Nifty Financial Services,2021-09-28,25.78,3.98,0.49,102.6044
Nifty Financial Services,2021-09-29,25.55,3.94,0.50,100.667
Nifty Financial Services,2021-09-30,25.58,3.94,0.50,100.78519999999999
Nifty Financial Services,2021-10-01,25.35,3.91,0.50,99.11850000000001
Nifty Financial Services,2021-10-04,25.59,3.95,0.50,101.0805
Nifty Financial Services,2021-10-05,25.67,3.96,0.50,101.65320000000001
Nifty Financial Services,2021-10-06,25.59,3.95,0.50,101.0805
Nifty Financial Services,2021-10-07,25.62,3.95,0.50,101.19900000000001
Nifty Financial Services,2021-10-08,25.54,3.94,0.50,100.6276
Nifty Financial Services,2021-10-11,25.89,3.99,0.49,103.3011
Nifty Financial Services,2021-10-12,25.98,4.01,0.49,104.1798
Nifty Financial Services,2021-10-13,26.07,4.02,0.49,104.80139999999999
Nifty Financial Services,2021-10-14,26.48,4.08,0.48,108.03840000000001
Nifty Financial Services,2021-10-18,26.6,4.1,0.48,109.06
Nifty Financial Services,2021-10-19,26.4,4.11,0.48,108.504
Nifty Financial Services,2021-10-20,26.24,4.09,0.48,107.32159999999999
Nifty Financial Services,2021-10-21,26.56,4.14,0.47,109.95839999999998
Nifty Financial Services,2021-10-22,26.72,4.16,0.47,111.1552
Nifty Financial Services,2021-10-25,27.08,4.22,0.47,114.27759999999999
Nifty Financial Services,2021-10-26,26.94,4.24,0.46,114.22560000000001
Nifty Financial Services,2021-10-27,26.74,4.2,0.47,112.30799999999999
Nifty Financial Services,2021-10-28,25.7,4.09,0.48,105.113
Nifty Financial Services,2021-10-29,25.43,4.05,0.49,102.99149999999999
Nifty Financial Services,2021-11-01,25.62,4.1,0.48,105.042
Nifty Financial Services,2021-11-02,25.63,4.11,0.48,105.33930000000001
Nifty Financial Services,2021-11-03,25.3,4.08,0.48,103.224
Nifty Financial Services,2021-11-04,25.39,4.09,0.48,103.8451
Nifty Financial Services,2021-11-08,25.68,4.14,0.48,106.31519999999999
Nifty Financial Services,2021-11-09,25.17,4.11,0.48,103.44870000000002
Nifty Financial Services,2021-11-10,25.07,4.1,0.48,102.78699999999999
Nifty Financial Services,2021-11-11,24.75,4.05,0.50,100.2375
Nifty Financial Services,2021-11-12,25.02,4.09,0.49,102.3318
Nifty Financial Services,2021-11-15,24.95,4.09,0.47,102.04549999999999
Nifty Financial Services,2021-11-16,24.75,4.05,0.48,100.2375
Nifty Financial Services,2021-11-17,24.59,4.03,0.48,99.0977
Nifty Financial Services,2021-11-18,24.49,4.01,0.48,98.2049
Nifty Financial Services,2021-11-22,23.92,3.92,0.49,93.7664
Nifty Financial Services,2021-11-23,24.04,3.94,0.49,94.71759999999999
Nifty Financial Services,2021-11-24,24.09,3.94,0.50,94.9146
Nifty Financial Services,2021-11-25,24.04,3.94,0.50,94.71759999999999
Nifty Financial Services,2021-11-26,23.18,3.8,0.52,88.08399999999999
Nifty Financial Services,2021-11-29,23.2,3.8,0.52,88.16
Nifty Financial Services,2021-11-30,23.08,3.78,0.52,87.24239999999999
Nifty Financial Services,2021-12-01,23.37,3.83,0.52,89.50710000000001
Nifty Financial Services,2021-12-02,23.67,3.88,0.51,91.8396
Nifty Financial Services,2021-12-03,23.4,3.83,0.52,89.622
Nifty Financial Services,2021-12-06,23.16,3.79,0.52,87.7764
Nifty Financial Services,2021-12-07,23.66,3.87,0.51,91.5642
Nifty Financial Services,2021-12-08,24.07,3.94,0.50,94.8358
Nifty Financial Services,2021-12-09,23.96,3.92,0.50,93.92320000000001
Nifty Financial Services,2021-12-10,23.91,3.92,0.50,93.7272
Nifty Financial Services,2021-12-13,23.7,3.88,0.51,91.95599999999999
Nifty Financial Services,2021-12-14,23.57,3.86,0.51,90.9802
Nifty Financial Services,2021-12-15,23.4,3.83,0.52,89.622
Nifty Financial Services,2021-12-16,23.31,3.82,0.52,89.04419999999999
Nifty Financial Services,2021-12-17,22.74,3.72,0.53,84.5928
Nifty Financial Services,2021-12-20,22.08,3.62,0.55,79.9296
Nifty Financial Services,2021-12-21,22.17,3.63,0.54,80.47710000000001
Nifty Financial Services,2021-12-22,22.37,3.66,0.54,81.8742
Nifty Financial Services,2021-12-23,22.53,3.69,0.54,83.1357
Nifty Financial Services,2021-12-24,22.32,3.65,0.54,81.468
Nifty Financial Services,2021-12-27,22.52,3.69,0.54,83.0988
Nifty Financial Services,2021-12-28,22.61,3.7,0.53,83.657
Nifty Financial Services,2021-12-29,22.55,3.69,0.54,83.2095
Nifty Financial Services,2021-12-30,22.53,3.69,0.54,83.1357
Nifty Financial Services,2021-12-31,22.85,3.74,0.53,85.459
Nifty Financial Services,2022-01-03,23.42,3.83,0.52,89.69860000000001
Nifty Financial Services,2022-01-04,23.7,3.88,0.51,91.95599999999999
Nifty Financial Services,2022-01-05,24.18,3.96,0.50,95.7528
Nifty Financial Services,2022-01-06,23.97,3.92,0.51,93.96239999999999
Nifty Financial Services,2022-01-07,24.01,3.93,0.50,94.3593
Nifty Financial Services,2022-01-10,24.37,3.99,0.50,97.23630000000001
Nifty Financial Services,2022-01-11,24.45,4.0,0.50,97.8
Nifty Financial Services,2022-01-12,24.64,4.03,0.49,99.29920000000001
Nifty Financial Services,2022-01-13,24.54,4.02,0.49,98.65079999999999
Nifty Financial Services,2022-01-14,24.48,4.01,0.49,98.1648
Nifty Financial Services,2022-01-17,24.42,4.0,0.50,97.68
Nifty Financial Services,2022-01-18,24.07,3.99,0.50,96.03930000000001
Nifty Financial Services,2022-01-19,23.81,3.94,0.50,93.81139999999999
Nifty Financial Services,2022-01-20,23.56,3.91,0.51,92.11959999999999
Nifty Financial Services,2022-01-21,23.44,3.89,0.51,91.1816
Nifty Financial Services,2022-01-24,22.89,3.81,0.52,87.21090000000001
Nifty Financial Services,2022-01-25,22.92,3.84,0.52,88.0128
Nifty Financial Services,2022-01-27,22.5,3.83,0.52,86.175
Nifty Financial Services,2022-01-28,22.37,3.81,0.52,85.22970000000001
Nifty Financial Services,2022-01-31,22.58,3.85,0.52,86.93299999999999
Nifty Financial Services,2022-02-01,22.76,3.9,0.51,88.76400000000001
Nifty Financial Services,2022-02-02,23.2,3.97,0.50,92.104
Nifty Financial Services,2022-02-03,22.87,3.92,0.51,89.6504
Nifty Financial Services,2022-02-04,22.59,3.9,0.51,88.101
Nifty Financial Services,2022-02-07,22.01,3.8,0.52,83.638
Nifty Financial Services,2022-02-08,21.76,3.81,0.52,82.9056
Nifty Financial Services,2022-02-09,22.04,3.85,0.51,84.854
Nifty Financial Services,2022-02-10,22.3,3.9,0.51,86.97
Nifty Financial Services,2022-02-11,21.97,3.84,0.52,84.36479999999999
Nifty Financial Services,2022-02-14,21.04,3.68,0.54,77.4272
Nifty Financial Services,2022-02-15,21.62,3.79,0.54,81.9398
Nifty Financial Services,2022-02-16,21.57,3.79,0.54,81.7503
Nifty Financial Services,2022-02-17,21.49,3.77,0.55,81.01729999999999
Nifty Financial Services,2022-02-18,21.55,3.78,0.54,81.459
Nifty Financial Services,2022-02-21,21.56,3.78,0.54,81.4968
Nifty Financial Services,2022-02-22,21.47,3.77,0.55,80.94189999999999
Nifty Financial Services,2022-02-23,21.43,3.76,0.55,80.57679999999999
Nifty Financial Services,2022-02-24,20.33,3.57,0.58,72.57809999999999
Nifty Financial Services,2022-02-25,20.94,3.67,0.58,76.8498
Nifty Financial Services,2022-02-28,20.83,3.65,0.59,76.0295
Nifty Financial Services,2022-03-02,20.35,3.57,0.60,72.6495
Nifty Financial Services,2022-03-03,20.12,3.53,0.61,71.0236
Nifty Financial Services,2022-03-04,19.77,3.47,0.62,68.6019
Nifty Financial Services,2022-03-07,18.93,3.32,0.65,62.84759999999999
Nifty Financial Services,2022-03-08,19.1,3.35,0.64,63.98500000000001
Nifty Financial Services,2022-03-09,19.49,3.42,0.63,66.6558
Nifty Financial Services,2022-03-10,19.84,3.48,0.62,69.0432
Nifty Financial Services,2022-03-11,19.88,3.49,0.62,69.3812
Nifty Financial Services,2022-03-14,20.31,3.56,0.61,72.3036
Nifty Financial Services,2022-03-15,20.11,3.53,0.62,70.9883
Nifty Financial Services,2022-03-16,20.51,3.6,0.61,73.83600000000001
Nifty Financial Services,2022-03-17,21.07,3.7,0.59,77.959
Nifty Financial Services,2022-03-21,20.83,3.66,0.54,76.2378
Nifty Financial Services,2022-03-22,21.01,3.69,0.54,77.5269
Nifty Financial Services,2022-03-23,20.83,3.66,0.54,76.2378
Nifty Financial Services,2022-03-24,20.5,3.6,0.55,73.8
Nifty Financial Services,2022-03-25,20.43,3.59,0.55,73.3437
Nifty Financial Services,2022-03-28,20.5,3.6,0.55,73.8
Nifty Financial Services,2022-03-29,20.7,3.63,0.55,75.14099999999999
Nifty Financial Services,2022-03-30,21.11,3.7,0.54,78.107
Nifty Financial Services,2022-03-31,21.2,3.74,0.54,79.288
Nifty Financial Services,2022-04-01,21.59,3.81,0.53,82.2579
Nifty Financial Services,2022-04-04,22.59,3.99,0.50,90.1341
Nifty Financial Services,2022-04-05,22.24,3.93,0.50,87.4032
Nifty Financial Services,2022-04-06,21.88,3.86,0.51,84.45679999999999
Nifty Financial Services,2022-04-07,21.73,3.84,0.52,83.4432
Nifty Financial Services,2022-04-08,21.84,3.86,0.51,84.30239999999999
Nifty Financial Services,2022-04-11,21.72,3.84,0.52,83.4048
Nifty Financial Services,2022-04-12,21.72,3.84,0.52,83.4048
Nifty Financial Services,2022-04-13,21.53,3.8,0.52,81.81400000000001
Nifty Financial Services,2022-04-18,21.06,3.72,0.53,78.3432
Nifty Financial Services,2022-04-19,20.41,3.65,0.54,74.4965
Nifty Financial Services,2022-04-20,20.4,3.65,0.54,74.46
Nifty Financial Services,2022-04-21,20.72,3.7,0.53,76.664
Nifty Financial Services,2022-04-22,20.36,3.64,0.54,74.1104
Nifty Financial Services,2022-04-25,20.33,3.63,0.54,73.7979
Nifty Financial Services,2022-04-26,20.12,3.67,0.54,73.8404
Nifty Financial Services,2022-04-27,19.82,3.61,0.55,71.5502
Nifty Financial Services,2022-04-28,19.94,3.65,0.54,72.781
Nifty Financial Services,2022-04-29,19.85,3.63,0.54,72.05550000000001
Nifty Financial Services,2022-05-02,19.63,3.64,0.54,71.4532
Nifty Financial Services,2022-05-04,19.1,3.54,0.56,67.614
Nifty Financial Services,2022-05-05,18.97,3.55,0.56,67.34349999999999
Nifty Financial Services,2022-05-06,18.54,3.47,0.57,64.3338
Nifty Financial Services,2022-05-09,18.48,3.46,0.57,63.9408
Nifty Financial Services,2022-05-10,18.43,3.48,0.57,64.1364
Nifty Financial Services,2022-05-11,18.48,3.49,0.57,64.49520000000001
Nifty Financial Services,2022-05-12,17.92,3.38,0.85,60.5696
Nifty Financial Services,2022-05-13,17.69,3.34,0.86,59.0846
Nifty Financial Services,2022-05-16,17.92,3.38,0.85,60.5696
Nifty Financial Services,2022-05-17,18.06,3.45,0.83,62.307
Nifty Financial Services,2022-05-18,18.01,3.44,0.83,61.95440000000001
Nifty Financial Services,2022-05-19,17.58,3.36,0.85,59.06879999999999
Nifty Financial Services,2022-05-20,18.04,3.45,0.83,62.238
Nifty Financial Services,2022-05-23,18.0,3.44,0.84,61.92
Nifty Financial Services,2022-05-24,18.06,3.45,0.83,62.307
Nifty Financial Services,2022-05-25,18.18,3.47,0.93,63.0846
Nifty Financial Services,2022-05-26,18.54,3.54,0.91,65.63159999999999
Nifty Financial Services,2022-05-27,18.79,3.6,0.90,67.644
Nifty Financial Services,2022-05-30,18.92,3.63,0.89,68.67960000000001
Nifty Financial Services,2022-05-31,18.75,3.6,0.95,67.5
Nifty Financial Services,2022-06-01,18.78,3.6,0.95,67.608
Nifty Financial Services,2022-06-02,18.71,3.59,0.95,67.1689
Nifty Financial Services,2022-06-03,18.58,3.56,0.90,66.14479999999999
Nifty Financial Services,2022-06-06,18.57,3.56,0.90,66.1092
Nifty Financial Services,2022-06-07,18.38,3.53,0.91,64.8814
Nifty Financial Services,2022-06-08,18.37,3.52,0.91,64.6624
Nifty Financial Services,2022-06-09,18.44,3.54,0.93,65.2776
Nifty Financial Services,2022-06-10,18.03,3.46,0.95,62.3838
Nifty Financial Services,2022-06-13,17.47,3.35,0.98,58.524499999999996
Nifty Financial Services,2022-06-14,17.4,3.34,0.98,58.11599999999999
Nifty Financial Services,2022-06-15,17.45,3.35,0.98,58.457499999999996
Nifty Financial Services,2022-06-16,17.07,3.27,0.99,55.8189
Nifty Financial Services,2022-06-17,17.13,3.29,0.99,56.357699999999994
Nifty Financial Services,2022-06-20,17.3,3.32,0.98,57.436
Nifty Financial Services,2022-06-21,17.56,3.37,0.97,59.1772
Nifty Financial Services,2022-06-22,17.38,3.33,0.98,57.8754
Nifty Financial Services,2022-06-23,17.51,3.36,0.97,58.833600000000004
Nifty Financial Services,2022-06-24,17.74,3.4,0.96,60.315999999999995
Nifty Financial Services,2022-06-27,17.81,3.42,0.95,60.910199999999996
Nifty Financial Services,2022-06-28,17.7,3.4,0.96,60.17999999999999
Nifty Financial Services,2022-06-29,17.53,3.36,0.85,58.900800000000004
Nifty Financial Services,2022-06-30,17.63,3.38,0.86,59.5894
Nifty Financial Services,2022-07-01,17.79,3.41,0.84,60.6639
Nifty Financial Services,2022-07-04,17.96,3.45,0.83,61.962
Nifty Financial Services,2022-07-05,17.92,3.44,0.83,61.644800000000004
Nifty Financial Services,2022-07-06,18.2,3.49,0.81,63.518
Nifty Financial Services,2022-07-07,18.43,3.54,0.81,65.2422
Nifty Financial Services,2022-07-08,18.52,3.3,0.79,61.11599999999999
Nifty Financial Services,2022-07-11,18.64,3.28,0.79,61.139199999999995
Nifty Financial Services,2022-07-12,18.45,3.24,0.81,59.778
Nifty Financial Services,2022-07-13,18.28,3.21,0.82,58.6788
Nifty Financial Services,2022-07-14,18.22,3.2,0.84,58.304
Nifty Financial Services,2022-07-15,18.35,3.23,0.83,59.270500000000006
Nifty Financial Services,2022-07-18,18.61,3.27,0.82,60.8547
Nifty Financial Services,2022-07-19,18.72,3.29,0.82,61.5888
Nifty Financial Services,2022-07-20,18.66,3.31,0.81,61.7646
Nifty Financial Services,2022-07-21,18.74,3.32,0.81,62.21679999999999
Nifty Financial Services,2022-07-22,19.02,3.38,0.79,64.2876
Nifty Financial Services,2022-07-25,18.99,3.37,0.80,63.9963
Nifty Financial Services,2022-07-26,18.78,3.35,0.80,62.913000000000004
Nifty Financial Services,2022-07-27,18.38,3.38,0.79,62.124399999999994
Nifty Financial Services,2022-07-28,18.82,3.46,0.78,65.1172
Nifty Financial Services,2022-07-29,18.9,3.49,0.73,65.961
Nifty Financial Services,2022-08-01,18.93,3.52,0.72,66.6336
Nifty Financial Services,2022-08-02,18.83,3.51,0.72,66.09329999999999
Nifty Financial Services,2022-08-03,18.85,3.51,0.72,66.1635
Nifty Financial Services,2022-08-04,18.76,3.5,0.72,65.66000000000001
Nifty Financial Services,2022-08-05,18.83,3.51,0.72,66.09329999999999
Nifty Financial Services,2022-08-08,19.03,3.58,0.82,68.12740000000001
Nifty Financial Services,2022-08-10,19.02,3.58,0.82,68.0916
Nifty Financial Services,2022-08-11,19.32,3.54,0.81,68.39280000000001
Nifty Financial Services,2022-08-12,19.4,3.52,0.81,68.288
Nifty Financial Services,2022-08-16,19.55,3.55,0.80,69.4025
Nifty Financial Services,2022-08-17,19.72,3.58,0.79,70.5976
Nifty Financial Services,2022-08-18,19.78,3.59,0.79,71.0102
Nifty Financial Services,2022-08-19,19.47,3.53,0.80,68.72909999999999
Nifty Financial Services,2022-08-22,19.09,3.46,0.81,66.0514
Nifty Financial Services,2022-08-23,19.23,3.49,0.81,67.1127
Nifty Financial Services,2022-08-24,19.33,3.51,0.80,67.8483
Nifty Financial Services,2022-08-25,19.26,3.49,0.81,67.21740000000001
Nifty Financial Services,2022-08-26,19.27,3.5,0.81,67.445
Nifty Financial Services,2022-08-29,18.95,3.44,0.82,65.188
Nifty Financial Services,2022-08-30,19.6,3.54,0.79,69.384
Nifty Financial Services,2022-09-01,19.41,3.5,0.80,67.935
Nifty Financial Services,2022-09-02,19.5,3.52,0.80,68.64
Nifty Financial Services,2022-09-05,19.63,3.54,0.79,69.4902
Nifty Financial Services,2022-09-06,19.56,3.53,0.80,69.04679999999999
Nifty Financial Services,2022-09-07,19.5,3.52,0.80,68.64
Nifty Financial Services,2022-09-08,19.79,3.57,0.79,70.65029999999999
Nifty Financial Services,2022-09-09,19.76,3.56,0.79,70.3456
Nifty Financial Services,2022-09-12,19.82,3.58,0.78,70.9556
Nifty Financial Services,2022-09-13,20.0,3.61,0.78,72.2
Nifty Financial Services,2022-09-14,20.15,3.64,0.77,73.346
Nifty Financial Services,2022-09-15,20.05,3.62,0.78,72.581
Nifty Financial Services,2022-09-16,19.75,3.56,0.78,70.31
Nifty Financial Services,2022-09-19,19.87,3.59,0.78,71.3333
Nifty Financial Services,2022-09-20,20.15,3.64,0.77,73.346
Nifty Financial Services,2022-09-21,20.06,3.62,0.77,72.6172
Nifty Financial Services,2022-09-22,19.78,3.57,0.78,70.6146
Nifty Financial Services,2022-09-23,19.29,3.48,0.80,67.1292
Nifty Financial Services,2022-09-26,18.88,3.41,0.82,64.3808
Nifty Financial Services,2022-09-27,18.73,3.38,0.82,63.3074
Nifty Financial Services,2022-09-28,18.5,3.34,0.84,61.79
Nifty Financial Services,2022-09-29,18.4,3.32,0.84,61.087999999999994
Nifty Financial Services,2022-09-30,18.86,3.39,0.82,63.9354
Nifty Financial Services,2022-10-03,18.61,3.35,0.83,62.3435
Nifty Financial Services,2022-10-04,19.11,3.44,0.81,65.7384
Nifty Financial Services,2022-10-06,19.12,3.44,0.81,65.7728
Nifty Financial Services,2022-10-07,19.08,3.43,0.81,65.4444
Nifty Financial Services,2022-10-10,18.99,3.42,0.81,64.94579999999999
Nifty Financial Services,2022-10-11,18.81,3.38,0.82,63.577799999999996
Nifty Financial Services,2022-10-12,18.97,3.41,0.81,64.68769999999999
Nifty Financial Services,2022-10-13,18.73,3.37,0.82,63.1201
Nifty Financial Services,2022-10-14,19.07,3.43,0.81,65.4101
Nifty Financial Services,2022-10-17,19.29,3.47,0.80,66.9363
Nifty Financial Services,2022-10-18,19.21,3.49,0.80,67.0429
Nifty Financial Services,2022-10-19,19.29,3.51,0.79,67.7079
Nifty Financial Services,2022-10-20,19.25,3.5,0.79,67.375
Nifty Financial Services,2022-10-21,19.4,3.53,0.79,68.48199999999999
Nifty Financial Services,2022-10-24,19.64,3.57,0.78,70.1148
Nifty Financial Services,2022-10-25,18.84,3.54,0.78,66.6936
Nifty Financial Services,2022-10-27,18.9,3.55,0.79,67.09499999999998
Nifty Financial Services,2022-10-28,18.85,3.54,0.79,66.729
Nifty Financial Services,2022-10-31,19.1,3.59,0.77,68.569
Nifty Financial Services,2022-11-01,19.17,3.61,0.77,69.2037
Nifty Financial Services,2022-11-02,19.14,3.6,0.77,68.90400000000001
Nifty Financial Services,2022-11-03,19.15,3.6,0.77,68.94
Nifty Financial Services,2022-11-04,18.99,3.6,0.77,68.36399999999999
Nifty Financial Services,2022-11-07,18.83,3.63,0.79,68.35289999999999
Nifty Financial Services,2022-11-09,18.78,3.62,0.78,67.98360000000001
Nifty Financial Services,2022-11-10,18.7,3.6,0.79,67.32
Nifty Financial Services,2022-11-11,19.1,3.68,0.76,70.28800000000001
Nifty Financial Services,2022-11-14,19.06,3.68,0.76,70.1408
Nifty Financial Services,2022-11-15,19.17,3.7,0.76,70.92900000000002
Nifty Financial Services,2022-11-16,19.24,3.71,0.76,71.3804
Nifty Financial Services,2022-11-17,19.17,3.7,0.76,70.92900000000002
Nifty Financial Services,2022-11-18,19.16,3.69,0.76,70.7004
Nifty Financial Services,2022-11-21,19.04,3.67,0.76,69.87679999999999
Nifty Financial Services,2022-11-22,19.06,3.68,0.76,70.1408
Nifty Financial Services,2022-11-23,19.16,3.69,0.76,70.7004
Nifty Financial Services,2022-11-24,19.36,3.73,0.75,72.2128
Nifty Financial Services,2022-11-25,19.3,3.72,0.76,71.796
Nifty Financial Services,2022-11-28,19.29,3.72,0.76,71.7588
Nifty Financial Services,2022-11-29,19.32,3.73,0.76,72.0636
Nifty Financial Services,2022-11-30,19.45,3.75,0.75,72.9375
Nifty Financial Services,2022-12-01,19.46,3.75,0.75,72.97500000000001
Nifty Financial Services,2022-12-02,19.34,3.73,0.75,72.1382
Nifty Financial Services,2022-12-05,19.39,3.74,0.75,72.5186
Nifty Financial Services,2022-12-06,19.33,3.73,0.75,72.1009
Nifty Financial Services,2022-12-07,19.27,3.72,0.76,71.6844
Nifty Financial Services,2022-12-08,19.38,3.74,0.75,72.4812
Nifty Financial Services,2022-12-09,19.38,3.74,0.75,72.4812
Nifty Financial Services,2022-12-12,19.4,3.74,0.75,72.556
Nifty Financial Services,2022-12-13,19.5,3.76,0.75,73.32
Nifty Financial Services,2022-12-14,19.55,3.77,0.75,73.7035
Nifty Financial Services,2022-12-15,19.3,3.72,0.76,71.796
Nifty Financial Services,2022-12-16,19.2,3.7,0.76,71.04
Nifty Financial Services,2022-12-19,19.37,3.73,0.75,72.2501
Nifty Financial Services,2022-12-20,19.31,3.72,0.76,71.8332
Nifty Financial Services,2022-12-21,19.01,3.67,0.77,69.7667
Nifty Financial Services,2022-12-22,18.94,3.65,0.77,69.131
Nifty Financial Services,2022-12-23,18.68,3.6,0.78,67.248
Nifty Financial Services,2022-12-26,19.01,3.67,0.77,69.7667
Nifty Financial Services,2022-12-27,19.1,3.68,0.76,70.28800000000001
Nifty Financial Services,2022-12-28,19.07,3.68,0.77,70.1776
Nifty Financial Services,2022-12-29,19.18,3.7,0.76,70.96600000000001
Nifty Financial Services,2022-12-30,19.08,3.67,0.77,70.02359999999999
Nifty Financial Services,2023-01-02,19.17,3.69,0.76,70.7373
Nifty Financial Services,2023-01-03,19.3,3.71,0.77,71.60300000000001
Nifty Financial Services,2023-01-04,19.11,3.67,0.77,70.13369999999999
Nifty Financial Services,2023-01-05,18.88,3.63,0.78,68.53439999999999
Nifty Financial Services,2023-01-06,18.7,3.6,0.79,67.32
Nifty Financial Services,2023-01-09,18.83,3.62,0.79,68.1646
Nifty Financial Services,2023-01-10,18.57,3.57,0.80,66.2949
Nifty Financial Services,2023-01-11,18.66,3.59,0.79,66.9894
Nifty Financial Services,2023-01-12,18.64,3.58,0.79,66.7312
Nifty Financial Services,2023-01-13,18.74,3.6,0.79,67.464
Nifty Financial Services,2023-01-16,18.42,3.58,0.80,65.9436
Nifty Financial Services,2023-01-17,18.51,3.6,0.79,66.63600000000001
Nifty Financial Services,2023-01-18,18.66,3.62,0.79,67.5492
Nifty Financial Services,2023-01-19,18.65,3.62,0.79,67.51299999999999
Nifty Financial Services,2023-01-20,18.68,3.63,0.78,67.80839999999999
Nifty Financial Services,2023-01-23,18.5,3.65,0.78,67.52499999999999
Nifty Financial Services,2023-01-24,18.29,3.65,0.78,66.7585
Nifty Financial Services,2023-01-25,17.9,3.57,0.80,63.90299999999999
Nifty Financial Services,2023-01-27,17.45,3.48,0.82,60.726
Nifty Financial Services,2023-01-30,17.47,3.5,0.81,61.144999999999996
Nifty Financial Services,2023-01-31,17.44,3.5,0.81,61.040000000000006
Nifty Financial Services,2023-02-01,17.43,3.49,0.81,60.8307
Nifty Financial Services,2023-02-02,17.28,3.48,0.82,60.13440000000001
Nifty Financial Services,2023-02-03,17.68,3.57,0.80,63.117599999999996
Nifty Financial Services,2023-02-06,17.52,3.55,0.80,62.196
Nifty Financial Services,2023-02-07,17.29,3.55,0.80,61.37949999999999
Nifty Financial Services,2023-02-08,17.38,3.57,0.79,62.04659999999999
Nifty Financial Services,2023-02-09,17.4,3.58,0.81,62.291999999999994
Nifty Financial Services,2023-02-10,17.4,3.58,0.81,62.291999999999994
Nifty Financial Services,2023-02-13,17.32,3.56,0.81,61.6592
Nifty Financial Services,2023-02-14,17.48,3.59,0.80,62.7532
Nifty Financial Services,2023-02-15,17.52,3.6,0.78,63.072
Nifty Financial Services,2023-02-16,17.45,3.59,0.78,62.6455
Nifty Financial Services,2023-02-17,17.37,3.57,0.79,62.0109
Nifty Financial Services,2023-02-20,17.2,3.54,0.80,60.888
Nifty Financial Services,2023-02-21,17.21,3.54,0.80,60.9234
Nifty Financial Services,2023-02-22,16.9,3.48,0.81,58.812
Nifty Financial Services,2023-02-23,16.88,3.47,0.81,58.5736
Nifty Financial Services,2023-02-24,16.83,3.46,0.83,58.23179999999999
Nifty Financial Services,2023-02-27,16.96,3.49,0.80,59.190400000000004
Nifty Financial Services,2023-02-28,16.95,3.49,0.80,59.1555
Nifty Financial Services,2023-03-01,17.05,3.51,0.79,59.8455
Nifty Financial Services,2023-03-02,16.91,3.48,0.80,58.8468
Nifty Financial Services,2023-03-03,17.21,3.54,0.79,60.9234
Nifty Financial Services,2023-03-06,17.31,3.56,0.78,61.623599999999996
Nifty Financial Services,2023-03-08,17.33,3.57,0.78,61.86809999999999
Nifty Financial Services,2023-03-09,17.2,3.54,0.79,60.888
Nifty Financial Services,2023-03-10,16.89,3.48,0.80,58.7772
Nifty Financial Services,2023-03-13,16.61,3.42,0.81,56.8062
Nifty Financial Services,2023-03-14,16.53,3.4,0.81,56.202000000000005
Nifty Financial Services,2023-03-15,16.4,3.38,0.82,55.431999999999995
Nifty Financial Services,2023-03-16,16.45,3.39,0.82,55.7655
Nifty Financial Services,2023-03-17,16.65,3.43,0.81,57.1095
Nifty Financial Services,2023-03-20,16.53,3.4,0.81,56.202000000000005
Nifty Financial Services,2023-03-21,16.78,3.45,0.80,57.891000000000005
Nifty Financial Services,2023-03-22,16.83,3.46,0.80,58.23179999999999
Nifty Financial Services,2023-03-23,16.72,3.44,0.81,57.516799999999996
Nifty Financial Services,2023-03-24,16.6,3.42,0.81,56.772000000000006
Nifty Financial Services,2023-03-27,16.6,3.41,0.81,56.60600000000001
Nifty Financial Services,2023-03-28,16.64,3.42,0.81,56.9088
Nifty Financial Services,2023-03-29,16.76,3.45,0.80,57.82200000000001
Nifty Financial Services,2023-03-31,17.03,3.5,0.79,59.605000000000004
Nifty Financial Services,2023-04-03,17.13,3.52,0.78,60.297599999999996
Nifty Financial Services,2023-04-05,17.33,3.56,0.77,61.694799999999994
Nifty Financial Services,2023-04-06,17.41,3.58,0.77,62.3278
Nifty Financial Services,2023-04-10,17.34,3.57,0.77,61.9038
Nifty Financial Services,2023-04-11,17.53,3.61,0.76,63.283300000000004
Nifty Financial Services,2023-04-12,17.64,3.63,0.76,64.0332
Nifty Financial Services,2023-04-13,17.78,3.66,0.75,65.07480000000001
Nifty Financial Services,2023-04-17,17.76,3.65,0.75,64.824
Nifty Financial Services,2023-04-18,17.53,3.64,0.76,63.809200000000004
Nifty Financial Services,2023-04-19,17.53,3.64,0.76,63.809200000000004
Nifty Financial Services,2023-04-20,17.55,3.65,0.76,64.0575
Nifty Financial Services,2023-04-21,17.52,3.64,0.76,63.772800000000004
Nifty Financial Services,2023-04-24,17.74,3.68,0.76,65.2832
Nifty Financial Services,2023-04-25,17.5,3.68,0.75,64.4
Nifty Financial Services,2023-04-26,17.54,3.69,0.75,64.7226
Nifty Financial Services,2023-04-27,17.62,3.71,0.74,65.3702
Nifty Financial Services,2023-04-28,17.68,3.72,0.74,65.7696
Nifty Financial Services,2023-05-02,17.65,3.73,0.74,65.83449999999999
Nifty Financial Services,2023-05-03,18.47,3.72,0.74,68.7084
Nifty Financial Services,2023-05-04,18.75,3.78,0.73,70.875
Nifty Financial Services,2023-05-05,18.31,3.69,0.75,67.56389999999999
Nifty Financial Services,2023-05-08,18.46,3.75,0.74,69.22500000000001
Nifty Financial Services,2023-05-09,18.43,3.74,0.74,68.9282
Nifty Financial Services,2023-05-10,18.49,3.75,0.73,69.33749999999999
Nifty Financial Services,2023-05-11,18.55,3.76,0.73,69.748
Nifty Financial Services,2023-05-12,18.65,3.78,0.52,70.49699999999999
Nifty Financial Services,2023-05-15,18.72,3.8,0.52,71.136
Nifty Financial Services,2023-05-16,18.59,3.77,1.03,70.0843
Nifty Financial Services,2023-05-17,18.46,3.74,1.03,69.0404
Nifty Financial Services,2023-05-18,18.51,3.76,1.03,69.5976
Nifty Financial Services,2023-05-19,18.53,3.77,1.03,69.85810000000001
Nifty Financial Services,2023-05-22,18.11,3.76,1.03,68.0936
Nifty Financial Services,2023-05-23,18.13,3.76,1.03,68.16879999999999
Nifty Financial Services,2023-05-24,17.98,3.73,1.04,67.0654
Nifty Financial Services,2023-05-25,17.98,3.73,0.95,67.0654
Nifty Financial Services,2023-05-26,18.1,3.76,0.95,68.056
Nifty Financial Services,2023-05-29,18.25,3.79,0.94,69.1675
Nifty Financial Services,2023-05-30,18.24,3.8,0.93,69.312
Nifty Financial Services,2023-05-31,18.09,3.77,0.90,68.1993
Nifty Financial Services,2023-06-01,17.97,3.75,0.91,67.38749999999999
Nifty Financial Services,2023-06-02,18.02,3.76,0.91,67.75519999999999
Nifty Financial Services,2023-06-05,18.07,3.77,0.91,68.1239
Nifty Financial Services,2023-06-06,18.11,3.78,0.90,68.4558
Nifty Financial Services,2023-06-07,18.17,3.79,0.90,68.8643
Nifty Financial Services,2023-06-08,18.07,3.77,0.91,68.1239
Nifty Financial Services,2023-06-09,18.05,3.77,0.90,68.0485
Nifty Financial Services,2023-06-12,18.04,3.76,0.91,67.8304
Nifty Financial Services,2023-06-13,18.1,3.78,0.91,68.418
Nifty Financial Services,2023-06-14,18.05,3.77,0.91,68.0485
Nifty Financial Services,2023-06-15,17.88,3.73,0.92,66.69239999999999
Nifty Financial Services,2023-06-16,18.09,3.77,0.94,68.1993
Nifty Financial Services,2023-06-19,18.06,3.77,0.95,68.08619999999999
Nifty Financial Services,2023-06-20,18.13,3.78,0.94,68.53139999999999
Nifty Financial Services,2023-06-21,18.25,3.81,0.94,69.5325
Nifty Financial Services,2023-06-22,18.21,3.8,0.94,69.198
Nifty Financial Services,2023-06-23,18.14,3.79,0.94,68.7506
Nifty Financial Services,2023-06-26,18.15,3.79,0.94,68.7885
Nifty Financial Services,2023-06-27,18.4,3.84,0.93,70.65599999999999
Nifty Financial Services,2023-06-28,18.49,3.86,0.92,71.3714
Nifty Financial Services,2023-06-30,18.72,3.91,0.92,73.1952
Nifty Financial Services,2023-07-03,18.9,3.94,0.91,74.466
Nifty Financial Services,2023-07-04,19.05,3.98,0.91,75.819
Nifty Financial Services,2023-07-05,18.9,3.94,0.91,74.466
Nifty Financial Services,2023-07-06,18.92,3.95,0.91,74.73400000000001
Nifty Financial Services,2023-07-07,18.75,3.91,0.92,73.3125
Nifty Financial Services,2023-07-10,18.72,3.91,0.92,73.1952
Nifty Financial Services,2023-07-11,18.64,3.89,0.93,72.5096
Nifty Financial Services,2023-07-12,18.6,3.88,0.91,72.168
Nifty Financial Services,2023-07-13,20.35,4.14,0.73,84.249
Nifty Financial Services,2023-07-14,20.37,4.14,0.75,84.3318
Nifty Financial Services,2023-07-17,20.63,4.19,0.74,86.4397
Nifty Financial Services,2023-07-18,20.59,4.19,0.74,86.27210000000001
Nifty Financial Services,2023-07-19,20.4,4.21,0.74,85.884
Nifty Financial Services,2023-07-20,20.6,4.25,0.73,87.55000000000001
Nifty Financial Services,2023-07-21,20.55,4.24,0.73,87.132
Nifty Financial Services,2023-07-24,20.52,4.24,0.73,87.0048
Nifty Financial Services,2023-07-25,20.0,4.17,0.73,83.4
Nifty Financial Services,2023-07-26,20.0,4.17,0.73,83.4
Nifty Financial Services,2023-07-27,19.85,4.14,0.74,82.179
Nifty Financial Services,2023-07-28,19.53,4.12,0.74,80.46360000000001
Nifty Financial Services,2023-07-31,19.46,4.13,0.74,80.3698
Nifty Financial Services,2023-08-01,19.45,4.13,0.74,80.32849999999999
Nifty Financial Services,2023-08-02,19.2,3.98,0.75,76.416
Nifty Financial Services,2023-08-03,18.98,3.93,0.76,74.59140000000001
Nifty Financial Services,2023-08-04,19.13,3.97,0.76,75.9461
Nifty Financial Services,2023-08-07,19.13,3.97,0.76,75.9461
Nifty Financial Services,2023-08-08,19.2,3.98,0.65,76.416
Nifty Financial Services,2023-08-09,19.15,3.98,0.82,76.217
Nifty Financial Services,2023-08-10,19.01,3.95,0.83,75.08950000000002
Nifty Financial Services,2023-08-11,18.84,3.91,0.83,73.6644
Nifty Financial Services,2023-08-14,18.78,3.9,0.84,73.242
Nifty Financial Services,2023-08-16,18.72,3.84,0.85,71.8848
Nifty Financial Services,2023-08-17,18.68,3.83,0.85,71.5444
Nifty Financial Services,2023-08-18,18.62,3.82,0.86,71.1284
Nifty Financial Services,2023-08-21,18.7,3.84,0.86,71.80799999999999
Nifty Financial Services,2023-08-22,18.06,3.67,0.86,66.2802
Nifty Financial Services,2023-08-23,18.23,3.7,0.85,67.45100000000001
Nifty Financial Services,2023-08-24,18.21,3.57,0.85,65.0097
Nifty Financial Services,2023-08-25,18.15,3.55,0.85,64.43249999999999
Nifty Financial Services,2023-08-28,18.22,3.55,0.85,64.681
Nifty Financial Services,2023-08-29,18.26,3.52,0.85,64.27520000000001
Nifty Financial Services,2023-08-30,18.17,3.51,0.85,63.776700000000005
Nifty Financial Services,2023-08-31,18.07,3.49,0.85,63.0643
Nifty Financial Services,2023-09-01,18.22,3.52,0.84,64.1344
Nifty Financial Services,2023-09-04,18.24,3.52,0.84,64.20479999999999
Nifty Financial Services,2023-09-05,18.21,3.52,0.84,64.09920000000001
Nifty Financial Services,2023-09-06,18.22,3.51,0.84,63.95219999999999
Nifty Financial Services,2023-09-07,18.4,3.55,0.83,65.32
Nifty Financial Services,2023-09-08,18.57,3.58,0.82,66.4806
Nifty Financial Services,2023-09-11,18.72,3.61,0.82,67.5792
Nifty Financial Services,2023-09-12,18.72,3.61,0.82,67.5792
Nifty Financial Services,2023-09-13,18.8,3.63,0.81,68.244
Nifty Financial Services,2023-09-14,18.82,3.63,0.81,68.3166
Nifty Financial Services,2023-09-15,18.93,3.65,0.81,69.0945
Nifty Financial Services,2023-09-18,18.82,3.63,0.81,68.3166
Nifty Financial Services,2023-09-20,18.54,3.58,0.82,66.3732
Nifty Financial Services,2023-09-21,18.27,3.52,0.83,64.3104
Nifty Financial Services,2023-09-22,18.19,3.51,0.83,63.8469
Nifty Financial Services,2023-09-25,18.3,3.53,0.83,64.599
Nifty Financial Services,2023-09-26,18.25,3.52,0.83,64.24
Nifty Financial Services,2023-09-27,18.23,3.5,0.83,63.805
Nifty Financial Services,2023-09-28,18.14,3.48,0.83,63.1272
Nifty Financial Services,2023-09-29,18.46,3.13,0.83,57.7798
Nifty Financial Services,2023-10-03,18.38,3.11,0.83,57.16179999999999
Nifty Financial Services,2023-10-04,18.24,3.09,0.84,56.361599999999996
Nifty Financial Services,2023-10-05,18.33,3.1,0.84,56.82299999999999
Nifty Financial Services,2023-10-06,18.46,3.13,0.83,57.7798
Nifty Financial Services,2023-10-09,18.25,3.09,0.84,56.3925
Nifty Financial Services,2023-10-10,18.48,3.13,0.83,57.8424
Nifty Financial Services,2023-10-11,18.57,3.14,0.83,58.3098
Nifty Financial Services,2023-10-12,18.58,3.15,0.82,58.526999999999994
Nifty Financial Services,2023-10-13,18.47,3.13,0.83,57.811099999999996
Nifty Financial Services,2023-10-16,18.46,3.13,0.83,57.7798
Nifty Financial Services,2023-10-17,18.57,3.15,0.82,58.4955
Nifty Financial Services,2023-10-18,17.77,3.11,0.84,55.2647
Nifty Financial Services,2023-10-19,17.66,3.09,0.84,54.569399999999995
Nifty Financial Services,2023-10-20,17.66,3.09,0.84,54.569399999999995
Nifty Financial Services,2023-10-23,17.48,3.06,0.85,53.488800000000005
Nifty Financial Services,2023-10-25,16.98,3.03,0.86,51.4494
Nifty Financial Services,2023-10-26,16.71,2.99,0.87,49.962900000000005
Nifty Financial Services,2023-10-27,16.84,3.02,0.86,50.8568
Nifty Financial Services,2023-10-30,16.87,3.04,0.86,51.284800000000004
Nifty Financial Services,2023-10-31,16.84,3.03,0.86,51.0252
Nifty Financial Services,2023-11-01,16.78,3.02,0.86,50.6756
Nifty Financial Services,2023-11-02,16.85,3.04,0.85,51.224000000000004
Nifty Financial Services,2023-11-03,16.93,3.09,0.85,52.3137
Nifty Financial Services,2023-11-06,17.03,3.11,0.86,52.963300000000004
Nifty Financial Services,2023-11-07,16.99,3.12,0.84,53.008799999999994
Nifty Financial Services,2023-11-08,16.95,3.11,0.84,52.714499999999994
Nifty Financial Services,2023-11-09,16.93,3.11,0.84,52.6523
Nifty Financial Services,2023-11-10,17.0,3.12,0.84,53.04
Nifty Financial Services,2023-11-12,17.08,3.13,0.84,53.46039999999999
Nifty Financial Services,2023-11-13,16.92,3.11,0.85,52.6212
Nifty Financial Services,2023-11-15,17.07,3.14,0.85,53.5998
Nifty Financial Services,2023-11-16,17.08,3.14,0.85,53.6312
Nifty Financial Services,2023-11-17,16.93,3.12,0.85,52.821600000000004
Nifty Financial Services,2023-11-20,16.9,3.11,0.85,52.55899999999999
Nifty Financial Services,2023-11-21,16.98,3.12,0.85,52.9776
Nifty Financial Services,2023-11-22,16.94,3.12,0.85,52.85280000000001
Nifty Financial Services,2023-11-23,16.96,3.12,0.85,52.915200000000006
Nifty Financial Services,2023-11-24,17.01,3.13,0.86,53.2413
Nifty Financial Services,2023-11-28,17.06,3.14,0.86,53.5684
Nifty Financial Services,2023-11-29,17.31,3.19,0.84,55.2189
Nifty Financial Services,2023-11-30,17.36,3.19,0.84,55.3784
Nifty Financial Services,2023-12-01,17.5,3.22,0.84,56.35
Nifty Financial Services,2023-12-04,18.06,3.32,0.81,59.959199999999996
Nifty Financial Services,2023-12-05,18.23,3.35,0.80,61.0705
Nifty Financial Services,2023-12-06,18.2,3.35,0.80,60.97
Nifty Financial Services,2023-12-07,18.2,3.35,0.80,60.97
Nifty Financial Services,2023-12-08,18.36,3.38,0.80,62.056799999999996
Nifty Financial Services,2023-12-11,18.37,3.38,0.80,62.0906
Nifty Financial Services,2023-12-12,18.33,3.37,0.80,61.772099999999995
Nifty Financial Services,2023-12-13,18.33,3.37,0.80,61.772099999999995
Nifty Financial Services,2023-12-14,18.58,3.42,0.79,63.54359999999999
Nifty Financial Services,2023-12-15,18.64,3.43,0.78,63.9352
Nifty Financial Services,2023-12-18,18.56,3.42,0.79,63.475199999999994
Nifty Financial Services,2023-12-19,18.56,3.41,0.79,63.2896
Nifty Financial Services,2023-12-20,18.35,3.38,0.80,62.023
Nifty Financial Services,2023-12-21,18.46,3.4,0.79,62.764
Nifty Financial Services,2023-12-22,18.35,3.38,0.80,62.023
Nifty Financial Services,2023-12-26,18.41,3.39,0.79,62.4099
Nifty Financial Services,2023-12-27,18.58,3.42,0.79,63.54359999999999
Nifty Financial Services,2023-12-28,18.64,3.43,0.78,63.9352
Nifty Financial Services,2023-12-29,18.63,3.43,0.78,63.9009
Nifty Financial Services,2024-01-01,18.6,3.42,0.78,63.612
Nifty Financial Services,2024-01-02,18.51,3.4,0.79,62.934000000000005
Nifty Financial Services,2024-01-03,18.43,3.39,0.78,62.4777
Nifty Financial Services,2024-01-04,18.66,3.43,0.77,64.0038
Nifty Financial Services,2024-01-05,18.65,3.43,0.77,63.9695
Nifty Financial Services,2024-01-08,18.46,3.4,0.78,62.764
Nifty Financial Services,2024-01-09,18.38,3.38,0.78,62.124399999999994
Nifty Financial Services,2024-01-10,18.4,3.38,0.78,62.19199999999999
Nifty Financial Services,2024-01-11,18.42,3.39,0.78,62.44380000000001
Nifty Financial Services,2024-01-12,18.47,3.4,0.78,62.797999999999995
Nifty Financial Services,2024-01-15,18.6,3.42,0.77,63.612
Nifty Financial Services,2024-01-16,18.59,3.42,0.78,63.577799999999996
Nifty Financial Services,2024-01-17,17.79,3.27,0.81,58.1733
Nifty Financial Services,2024-01-18,17.21,3.24,0.82,55.760400000000004
Nifty Financial Services,2024-01-19,17.29,3.26,0.81,56.365399999999994
Nifty Financial Services,2024-01-20,17.39,3.28,0.81,57.0392
Nifty Financial Services,2024-01-23,17.05,3.21,0.83,54.7305
Nifty Financial Services,2024-01-24,16.88,3.22,0.82,54.3536
Nifty Financial Services,2024-01-25,16.76,3.21,0.83,53.799600000000005
Nifty Financial Services,2024-01-29,17.02,3.26,0.81,55.48519999999999
Nifty Financial Services,2024-01-30,16.9,3.24,0.82,54.756
Nifty Financial Services,2024-01-31,17.05,3.27,0.81,55.7535
Nifty Financial Services,2024-02-01,17.04,3.27,0.81,55.7208
Nifty Financial Services,2024-02-02,16.97,3.26,0.82,55.322199999999995
Nifty Financial Services,2024-02-05,16.87,3.24,0.82,54.65880000000001
Nifty Financial Services,2024-02-06,17.04,3.25,0.83,55.379999999999995
Nifty Financial Services,2024-02-07,17.1,3.26,0.83,55.746
Nifty Financial Services,2024-02-08,16.79,3.2,0.84,53.728
Nifty Financial Services,2024-02-09,16.9,3.22,0.82,54.418
Nifty Financial Services,2024-02-12,16.62,3.18,0.83,52.851600000000005
Nifty Financial Services,2024-02-13,16.85,3.22,0.82,54.257000000000005
Nifty Financial Services,2024-02-14,16.96,3.24,0.82,54.95040000000001
Nifty Financial Services,2024-02-15,17.04,3.26,0.81,55.550399999999996
Nifty Financial Services,2024-02-16,17.08,3.26,0.81,55.68079999999999
Nifty Financial Services,2024-02-19,17.15,3.28,0.81,56.251999999999995
Nifty Financial Services,2024-02-20,17.35,3.32,0.81,57.602000000000004
Nifty Financial Services,2024-02-21,17.26,3.3,0.82,56.958000000000006
Nifty Financial Services,2024-02-22,17.24,3.3,0.82,56.89199999999999
Nifty Financial Services,2024-02-23,17.25,3.3,0.82,56.925
Nifty Financial Services,2024-02-26,17.2,3.29,0.81,56.588
Nifty Financial Services,2024-02-27,17.15,3.28,0.81,56.251999999999995
Nifty Financial Services,2024-02-28,16.97,3.24,0.82,54.9828
Nifty Financial Services,2024-02-29,17.02,3.25,0.82,55.315
Nifty Financial Services,2024-03-01,17.39,3.32,0.80,57.7348
Nifty Financial Services,2024-03-02,17.39,3.32,0.80,57.7348
Nifty Financial Services,2024-03-04,17.46,3.34,0.80,58.3164
Nifty Financial Services,2024-03-05,17.4,3.33,0.80,57.94199999999999
Nifty Financial Services,2024-03-06,17.51,3.35,0.79,58.658500000000004
Nifty Financial Services,2024-03-07,17.52,3.35,0.79,58.692
Nifty Financial Services,2024-03-11,17.4,3.33,0.80,57.94199999999999
Nifty Financial Services,2024-03-12,17.43,3.33,0.80,58.0419
Nifty Financial Services,2024-03-13,17.32,3.31,0.80,57.3292
Nifty Financial Services,2024-03-14,17.29,3.31,0.80,57.2299
Nifty Financial Services,2024-03-15,17.22,3.29,0.81,56.6538
Nifty Financial Services,2024-03-18,17.21,3.29,0.81,56.620900000000006
Nifty Financial Services,2024-03-19,17.19,3.29,0.81,56.5551
Nifty Financial Services,2024-03-20,17.14,3.28,0.81,56.2192
Nifty Financial Services,2024-03-21,17.28,3.3,0.80,57.024
Nifty Financial Services,2024-03-22,17.34,3.31,0.81,57.3954
Nifty Financial Services,2024-03-26,17.27,3.3,0.82,56.99099999999999
Nifty Financial Services,2024-03-27,17.35,3.32,0.81,57.602000000000004
Nifty Financial Services,2024-03-28,17.56,3.34,0.82,58.65039999999999
Nifty Financial Services,2024-04-01,17.74,3.37,0.81,59.7838
Nifty Financial Services,2024-04-02,17.7,3.36,0.81,59.471999999999994
Nifty Financial Services,2024-04-03,17.74,3.37,0.81,59.7838
Nifty Financial Services,2024-04-04,17.89,3.4,0.81,60.826
Nifty Financial Services,2024-04-05,18.04,3.43,0.80,61.8772
Nifty Financial Services,2024-04-08,18.08,3.43,0.80,62.014399999999995
Nifty Financial Services,2024-04-09,18.14,3.45,0.79,62.583000000000006
Nifty Financial Services,2024-04-10,18.17,3.45,0.79,62.68650000000001
Nifty Financial Services,2024-04-12,18.01,3.36,.8,60.513600000000004
Nifty Financial Services,2024-04-15,17.7,3.3,.81,58.41
Nifty Financial Services,2024-04-16,17.66,3.29,.82,58.1014
Nifty Financial Services,2024-04-18,17.49,3.26,.82,57.01739999999999
Nifty Financial Services,2024-04-19,17.72,3.3,.81,58.47599999999999
Nifty Financial Services,2024-04-22,17.85,3.33,.8,59.44050000000001
Nifty Financial Services,2024-04-23,17.39,3.33,.8,57.9087
Nifty Financial Services,2024-04-24,17.47,3.34,.8,58.349799999999995
Nifty Financial Services,2024-04-25,17.56,3.36,.79,59.001599999999996
Nifty Financial Services,2024-04-26,16.45,3.33,.8,54.7785
Nifty Financial Services,2024-04-29,16.78,3.4,.78,57.052
Nifty Financial Services,2024-04-30,16.59,3.41,.78,56.5719
Nifty Financial Services,2024-05-02,16.57,3.41,.78,56.5037
Nifty Financial Services,2024-05-03,16.52,3.4,.78,56.168
Nifty Financial Services,2024-05-06,16.47,3.39,.79,55.8333
Nifty Financial Services,2024-05-07,16.28,3.36,.79,54.7008
Nifty Financial Services,2024-05-08,16.19,3.34,.8,54.074600000000004
Nifty Financial Services,2024-05-09,15.91,3.29,.81,52.3439
Nifty Financial Services,2024-05-10,15.92,3.29,1.22,52.3768
Nifty Financial Services,2024-05-13,15.93,3.31,1.21,52.7283
Nifty Financial Services,2024-05-14,15.93,3.31,1.21,52.7283
Nifty Financial Services,2024-05-15,15.88,3.3,1.22,52.403999999999996
Nifty Financial Services,2024-05-16,16.05,3.34,.91,53.607
Nifty Financial Services,2024-05-17,16.06,3.35,.91,53.800999999999995
Nifty Financial Services,2024-05-18,16.08,3.35,.91,53.867999999999995
Nifty Financial Services,2024-05-21,16.03,3.34,.91,53.5402
Nifty Financial Services,2024-05-22,15.94,3.33,1.06,53.0802
Nifty Financial Services,2024-05-23,16.25,3.39,1.04,55.0875
Nifty Financial Services,2024-05-24,16.34,3.41,1.04,55.7194
Nifty Financial Services,2024-05-27,16.42,3.43,1.03,56.320600000000006
Nifty Financial Services,2024-05-28,16.43,3.43,1.03,56.3549
Nifty Financial Services,2024-05-29,16.16,3.37,1.05,54.4592
Nifty Financial Services,2024-05-30,16.15,3.37,1.05,54.4255
Nifty Financial Services,2024-05-31,16.24,3.39,.93,55.053599999999996
Nifty Financial Services,2024-06-03,16.89,3.52,.9,59.4528
Nifty Financial Services,2024-06-04,15.56,3.25,.97,50.57
Nifty Financial Services,2024-06-05,16.21,3.38,.93,54.7898
Nifty Financial Services,2024-06-06,16.37,3.41,.92,55.82170000000001
Nifty Financial Services,2024-06-07,16.57,3.46,.92,57.3322
Nifty Financial Services,2024-06-10,16.56,3.46,.91,57.297599999999996
Nifty Financial Services,2024-06-11,16.54,3.45,.91,57.063
Nifty Financial Services,2024-06-12,16.62,3.47,.9,57.671400000000006
Nifty Financial Services,2024-06-13,16.66,3.4,.9,56.644
Nifty Financial Services,2024-06-14,16.75,3.42,.89,57.285
Nifty Financial Services,2024-06-18,16.88,3.44,.87,58.06719999999999
Nifty Financial Services,2024-06-19,17.14,3.5,.86,59.99
Nifty Financial Services,2024-06-20,17.21,3.51,.85,60.4071
Nifty Financial Services,2024-06-21,17.18,3.5,.89,60.129999999999995
Nifty Financial Services,2024-06-24,17.24,3.52,.88,60.684799999999996
Nifty Financial Services,2024-06-25,17.57,3.58,.87,62.900600000000004
Nifty Financial Services,2024-06-26,17.63,3.59,.86,63.29169999999999
Nifty Financial Services,2024-06-27,17.65,3.6,.86,63.54
Nifty Financial Services,2024-06-28,17.49,3.56,.89,62.264399999999995
Nifty Financial Services,2024-07-01,17.65,3.59,.86,63.363499999999995
Nifty Financial Services,2024-07-02,17.55,3.57,.86,62.6535
Nifty Financial Services,2024-07-03,17.87,3.64,.85,65.0468
Nifty Financial Services,2024-07-04,17.84,3.63,.85,64.75919999999999
Nifty Financial Services,2024-07-05,17.66,3.6,.86,63.576
Nifty Financial Services,2024-07-08,17.62,3.59,.85,63.2558
Nifty Financial Services,2024-07-09,17.68,3.6,.85,63.648
Nifty Financial Services,2024-07-10,17.63,3.59,.85,63.29169999999999
Nifty Financial Services,2024-07-11,17.63,3.59,.85,63.29169999999999
Nifty Financial Services,2024-07-12,17.63,3.59,.86,63.29169999999999
Nifty Financial Services,2024-07-15,17.7,3.48,.84,61.596
Nifty Financial Services,2024-07-16,17.66,3.48,.85,61.4568
Nifty Financial Services,2024-07-18,17.76,3.47,.84,61.62720000000001
Nifty Financial Services,2024-07-19,17.62,3.44,.86,60.6128
Nifty Financial Services,2024-07-22,17.64,3.45,.85,60.858000000000004
Nifty Financial Services,2024-07-23,16.86,3.4,.88,57.324
Nifty Financial Services,2024-07-24,16.76,3.38,.88,56.6488
Nifty Financial Services,2024-07-25,16.66,3.36,.89,55.977599999999995
Nifty Financial Services,2024-07-26,16.81,3.4,.89,57.153999999999996
Nifty Financial Services,2024-07-29,16.81,3.4,.89,57.153999999999996
Nifty Financial Services,2024-07-30,16.69,3.4,.88,56.746
Nifty Financial Services,2024-07-31,16.74,3.42,.88,57.25079999999999
Nifty Financial Services,2024-08-01,16.76,3.42,.88,57.3192
Nifty Financial Services,2024-08-02,16.71,3.41,.88,56.981100000000005
Nifty Financial Services,2024-08-05,16.28,3.32,.9,54.0496
Nifty Financial Services,2024-08-06,16.07,3.29,.91,52.8703
Nifty Financial Services,2024-08-07,16.29,3.33,.9,54.2457
Nifty Financial Services,2024-08-08,16.27,3.33,.9,54.1791
Nifty Financial Services,2024-08-09,16.38,3.35,.76,54.873
Nifty Financial Services,2024-08-12,16.41,3.36,.94,55.1376
Nifty Financial Services,2024-08-13,16.1,3.3,.96,53.13
Nifty Financial Services,2024-08-14,16.1,3.3,.95,53.13
Nifty Financial Services,2024-08-16,16.37,3.35,.93,54.83950000000001
Nifty Financial Services,2024-08-19,16.33,3.34,.93,54.542199999999994
Nifty Financial Services,2024-08-20,16.51,3.38,.92,55.8038
Nifty Financial Services,2024-08-21,16.48,3.38,.92,55.7024
Nifty Financial Services,2024-08-22,16.56,3.39,.91,56.1384
Nifty Financial Services,2024-08-23,16.55,3.39,.92,56.1045
Nifty Financial Services,2024-08-26,16.66,3.41,.92,56.8106
Nifty Financial Services,2024-08-27,16.79,3.44,.91,57.7576
Nifty Financial Services,2024-08-28,16.75,3.43,.91,57.4525
Nifty Financial Services,2024-08-29,16.8,3.44,.91,57.792
Nifty Financial Services,2024-08-30,16.84,3.45,.92,58.098
Nifty Financial Services,2024-09-02,16.9,3.46,.91,58.474
Nifty Financial Services,2024-09-03,17.04,3.49,.91,59.4696
Nifty Financial Services,2024-09-04,16.97,3.48,.91,59.0556
Nifty Financial Services,2024-09-05,16.99,3.48,.91,59.12519999999999
Nifty Financial Services,2024-09-06,16.76,3.43,.92,57.48680000000001
Nifty Financial Services,2024-09-09,16.9,3.46,.91,58.474
Nifty Financial Services,2024-09-10,16.84,3.28,.92,55.2352
Nifty Financial Services,2024-09-11,16.8,3.22,.92,54.096000000000004
Nifty Financial Services,2024-09-12,17.05,3.27,.91,55.7535
Nifty Financial Services,2024-09-13,17.08,3.27,.9,55.8516
Nifty Financial Services,2024-09-16,17.09,3.28,.9,56.0552
Nifty Financial Services,2024-09-17,17.09,3.28,.9,56.0552
Nifty Financial Services,2024-09-18,17.33,3.32,.89,57.53559999999999
Nifty Financial Services,2024-09-19,17.38,3.33,.89,57.8754
Nifty Financial Services,2024-09-20,17.66,3.38,.87,59.690799999999996
Nifty Financial Services,2024-09-23,17.77,2.98,.87,52.9546
Nifty Financial Services,2024-09-24,17.72,2.97,.87,52.6284
Nifty Financial Services,2024-09-25,17.8,2.99,.87,53.22200000000001
Nifty Financial Services,2024-09-26,17.92,3.01,.86,53.9392
Nifty Financial Services,2024-09-27,17.74,2.98,.87,52.865199999999994
Nifty Financial Services,2024-09-30,17.46,2.93,.89,51.15780000000001
Nifty Financial Services,2024-10-01,17.46,2.93,.89,51.15780000000001
Nifty Financial Services,2024-10-03,17.03,2.86,.91,48.7058
Nifty Financial Services,2024-10-04,16.85,2.83,.92,47.685500000000005
Nifty Financial Services,2024-10-07,16.56,2.78,.93,46.03679999999999
Nifty Financial Services,2024-10-08,16.73,2.81,.92,47.011300000000006
Nifty Financial Services,2024-10-09,16.79,2.82,.92,47.34779999999999
Nifty Financial Services,2024-10-10,17.07,2.87,.91,48.9909
Nifty Financial Services,2024-10-11,16.96,2.85,.91,48.336000000000006
Nifty Financial Services,2024-10-14,17.13,2.88,.9,49.334399999999995
Nifty Financial Services,2024-10-15,17.14,2.88,.9,49.3632
Nifty Financial Services,2024-10-16,17.15,2.89,.9,49.5635
Nifty Financial Services,2024-10-17,16.93,2.85,.91,48.2505
Nifty Financial Services,2024-10-18,17.19,2.89,.9,49.679100000000005
Nifty Financial Services,2024-10-21,17.11,2.89,.9,49.4479
Nifty Financial Services,2024-10-22,16.8,2.86,.91,48.048
Nifty Financial Services,2024-10-23,16.83,2.87,.91,48.302099999999996
Nifty Financial Services,2024-10-24,16.89,2.88,.9,48.6432
Nifty Financial Services,2024-10-25,16.8,2.87,.91,48.216
Nifty Financial Services,2024-10-28,16.9,2.88,.9,48.672
Nifty Financial Services,2024-10-29,17.24,2.94,.88,50.685599999999994
Nifty Financial Services,2024-10-30,17.01,2.9,.9,49.329
Nifty Financial Services,2024-10-31,16.7,2.89,.9,48.263
Nifty Financial Services,2024-11-01,16.74,2.89,.9,48.3786
Nifty Financial Services,2024-11-04,16.55,2.86,.91,47.333
Nifty Financial Services,2024-11-05,16.87,2.92,.89,49.260400000000004
Nifty Financial Services,2024-11-06,16.91,2.92,.88,49.3772
Nifty Financial Services,2024-11-07,16.76,2.9,.9,48.604000000000006
Nifty Financial Services,2024-11-08,16.66,2.88,.92,47.9808
Nifty Financial Services,2024-11-11,16.75,2.89,.91,48.4075
Nifty Financial Services,2024-11-12,16.34,2.85,.93,46.569
Nifty Financial Services,2024-11-13,16.05,2.8,.93,44.94
Nifty Financial Services,2024-11-14,16.09,2.8,.93,45.052
Nifty Financial Services,2024-11-18,16.12,2.81,.93,45.297200000000004
Nifty Financial Services,2024-11-19,16.22,2.83,.92,45.9026
Nifty Financial Services,2024-11-21,16.13,2.81,.93,45.3253
Nifty Financial Services,2024-11-22,16.37,2.85,.91,46.654500000000006
Nifty Financial Services,2024-11-25,16.67,2.91,.89,48.50970000000001
Nifty Financial Services,2024-11-26,16.66,2.91,.89,48.4806
Nifty Financial Services,2024-11-27,16.75,2.91,.89,48.7425
Nifty Financial Services,2024-11-28,16.58,2.88,.9,47.75039999999999
Nifty Financial Services,2024-11-29,16.64,2.89,.9,48.089600000000004
Nifty Financial Services,2024-12-02,16.68,2.9,.89,48.372
Nifty Financial Services,2024-12-03,16.84,2.92,.89,49.172799999999995
Nifty Financial Services,2024-12-04,17.02,2.96,.88,50.3792
Nifty Financial Services,2024-12-05,17.14,2.98,.87,51.077200000000005
Nifty Financial Services,2024-12-06,17.12,2.97,.87,50.84640000000001
Nifty Financial Services,2024-12-09,17.13,2.98,.87,51.047399999999996
Nifty Financial Services,2024-12-10,17.19,2.99,.87,51.39810000000001
Nifty Financial Services,2024-12-11,17.19,2.99,.87,51.39810000000001
Nifty Financial Services,2024-12-12,17.13,2.98,.87,51.047399999999996
Nifty Financial Services,2024-12-13,17.24,2.99,.86,51.547599999999996
Nifty Financial Services,2024-12-16,17.22,2.99,.87,51.4878
Nifty Financial Services,2024-12-17,16.98,2.95,.88,50.091
Nifty Financial Services,2024-12-18,16.77,2.91,.89,48.8007
Nifty Financial Services,2024-12-19,16.57,2.88,.9,47.7216
Nifty Financial Services,2024-12-20,16.35,2.84,.91,46.434000000000005
Nifty Financial Services,2024-12-23,16.48,2.86,.9,47.132799999999996
Nifty Financial Services,2024-12-24,16.45,2.86,.91,47.047
Nifty Financial Services,2024-12-26,16.45,2.86,.91,47.047
Nifty Financial Services,2024-12-27,16.48,2.86,.9,47.132799999999996
Nifty Financial Services,2024-12-30,16.33,2.84,.91,46.377199999999995
Nifty Financial Services,2024-12-31,16.3,2.84,.91,46.292
Nifty Financial Services,2025-01-01,16.38,2.85,.9,46.683
Nifty Financial Services,2025-01-02,16.65,2.9,.89,48.285
Nifty Financial Services,2025-01-03,16.46,2.87,.9,47.2402
Nifty Financial Services,2025-01-06,16.17,2.82,.92,45.5994
Nifty Financial Services,2025-01-07,16.25,2.83,.91,45.987500000000004
Nifty Financial Services,2025-01-08,16.11,2.81,.92,45.2691
Nifty Financial Services,2025-01-09,15.97,2.78,.93,44.3966
Nifty Financial Services,2025-01-10,15.76,2.75,.94,43.339999999999996
Nifty Financial Services,2025-01-13,15.53,2.71,.95,42.086299999999994
Nifty Financial Services,2025-01-14,15.76,2.74,.94,43.1824
Nifty Financial Services,2025-01-15,15.73,2.74,.94,43.10020000000001
Nifty Financial Services,2025-01-16,15.9,2.77,.93,44.043
Nifty Financial Services,2025-01-17,15.67,2.73,.94,42.7791
Nifty Financial Services,2025-01-20,15.88,2.77,.93,43.9876
Nifty Financial Services,2025-01-21,15.59,2.72,.95,42.4048
Nifty Financial Services,2025-01-22,15.66,2.74,.94,42.9084
Nifty Financial Services,2025-01-23,15.63,2.73,.94,42.6699
Nifty Financial Services,2025-01-24,15.52,2.72,.95,42.214400000000005
Nifty Financial Services,2025-01-27,15.43,2.7,.95,41.661
Nifty Financial Services,2025-01-28,15.51,2.75,.94,42.652499999999996
Nifty Financial Services,2025-01-29,15.67,2.78,.93,43.562599999999996
Nifty Financial Services,2025-01-30,15.73,2.79,.92,43.886700000000005
Nifty Financial Services,2025-01-31,15.77,2.8,.93,44.156
Nifty Financial Services,2025-02-01,15.73,2.8,.93,44.044
Nifty Financial Services,2025-02-03,15.69,2.79,.93,43.7751
Nifty Financial Services,2025-02-04,16.0,2.85,.91,45.6
Nifty Financial Services,2025-02-05,16.03,2.86,.91,45.845800000000004
Nifty Financial Services,2025-02-06,16.03,2.86,.9,45.845800000000004
Nifty Financial Services,2025-02-07,15.94,2.84,.91,45.2696
Nifty Financial Services,2025-02-10,15.64,2.83,.91,44.2612
Nifty Financial Services,2025-02-11,15.43,2.79,.93,43.0497
Nifty Financial Services,2025-02-12,15.5,2.8,.92,43.4
Nifty Financial Services,2025-02-13,15.55,2.81,.92,43.6955
Nifty Financial Services,2025-02-14,15.45,2.8,.94,43.26
Nifty Financial Services,2025-02-17,15.51,2.81,.93,43.5831
Nifty Financial Services,2025-02-18,15.51,2.81,.93,43.5831
Nifty Financial Services,2025-02-19,15.61,2.83,.93,44.1763
Nifty Financial Services,2025-02-20,15.49,2.81,.92,43.526900000000005
Nifty Financial Services,2025-02-21,15.42,2.8,.92,43.175999999999995
Nifty Financial Services,2025-02-24,15.3,2.78,.93,42.534
Nifty Financial Services,2025-02-25,15.33,2.78,.93,42.617399999999996
Nifty Financial Services,2025-02-27,15.42,2.8,.93,43.175999999999995
Nifty Financial Services,2025-02-28,15.32,2.78,.95,42.5896
Nifty Financial Services,2025-03-03,15.27,2.77,.95,42.2979
Nifty Financial Services,2025-03-04,15.32,2.78,.95,42.5896
Nifty Financial Services,2025-03-05,15.34,2.78,.94,42.645199999999996
Nifty Financial Services,2025-03-06,15.41,2.8,.94,43.147999999999996
Nifty Financial Services,2025-03-07,15.39,2.79,.94,42.9381
Nifty Financial Services,2025-03-10,15.34,2.79,.95,42.7986
Nifty Financial Services,2025-03-11,15.44,2.8,.94,43.232
Nifty Financial Services,2025-03-12,15.52,2.82,.94,43.7664
Nifty Financial Services,2025-03-13,15.5,2.81,.94,43.555
Nifty Financial Services,2025-03-17,15.66,2.84,.93,44.474399999999996
Nifty Financial Services,2025-03-18,15.95,2.9,.91,46.254999999999995
Nifty Financial Services,2025-03-19,16.06,2.92,.92,46.895199999999996
Nifty Financial Services,2025-03-20,16.17,2.94,.91,47.53980000000001
Nifty Financial Services,2025-03-21,16.35,2.97,.9,48.55950000000001
Nifty Financial Services,2025-03-24,16.67,3.03,.87,50.5101
Nifty Financial Services,2025-03-25,16.69,3.03,.87,50.5707
Nifty Financial Services,2025-03-26,16.52,3.0,.89,49.56
Nifty Financial Services,2025-03-27,16.64,3.02,.88,50.2528
Nifty Financial Services,2025-03-28,16.8,2.9,.86,48.72
Nifty Financial Services,2025-04-01,16.44,2.84,.88,46.6896
Nifty Financial Services,2025-04-02,16.59,2.86,.87,47.447399999999995
Nifty Financial Services,2025-04-03,16.57,2.86,.88,47.3902
Nifty Financial Services,2025-04-04,16.6,2.86,.87,47.476
Nifty Financial Services,2025-04-07,16.02,2.76,.91,44.215199999999996
Nifty Financial Services,2025-04-08,16.29,2.81,.89,45.774899999999995
Nifty Financial Services,2025-04-09,16.17,2.79,.9,45.11430000000001
Nifty Financial Services,2025-04-11,16.46,2.84,.88,46.7464
Nifty Financial Services,2025-04-15,16.94,2.92,.86,49.464800000000004
Nifty Financial Services,2025-04-16,17.08,2.95,.85,50.385999999999996
Nifty Financial Services,2025-04-17,17.47,3.01,.83,52.58469999999999
Nifty Financial Services,2025-04-21,17.72,3.06,.82,54.2232
Nifty Financial Services,2025-04-22,17.84,3.08,.81,54.9472
Nifty Financial Services,2025-04-23,17.49,3.06,.82,53.5194
Nifty Financial Services,2025-04-24,17.39,3.04,.82,52.8656
Nifty Financial Services,2025-04-25,17.21,3.01,.84,51.802099999999996
Nifty Financial Services,2025-04-28,17.39,3.04,.83,52.8656
Nifty Financial Services,2025-04-29,17.32,3.03,.83,52.4796
Nifty Financial Services,2025-04-30,17.26,3.02,.83,52.12520000000001
Nifty Financial Services,2025-05-02,17.27,3.02,.83,52.1554
Nifty Financial Services,2025-05-05,17.26,3.02,.83,52.12520000000001
Nifty Financial Services,2025-05-06,17.18,3.0,.84,51.54
Nifty Financial Services,2025-05-07,17.33,3.02,.83,52.3366
Nifty Financial Services,2025-05-08,17.21,3.0,.84,51.63
Nifty Financial Services,2025-05-09,16.89,2.95,.86,49.825500000000005
Nifty Financial Services,2025-05-12,17.55,3.06,.5,53.703
Nifty Financial Services,2025-05-13,17.35,3.03,.51,52.5705
Nifty Financial Services,2025-05-14,17.31,3.02,.51,52.276199999999996
Nifty Financial Services,2025-05-15,17.54,3.06,.5,53.672399999999996
Nifty Financial Services,2025-05-16,17.53,3.06,.64,53.6418
Nifty Financial Services,2025-05-19,17.55,3.06,.64,53.703
Nifty Financial Services,2025-05-20,17.33,3.03,.65,52.509899999999995
Nifty Financial Services,2025-05-21,17.43,3.04,.64,52.9872
Nifty Financial Services,2025-05-22,17.35,3.03,.53,52.5705
Nifty Financial Services,2025-05-23,17.5,3.06,.52,53.550000000000004
Nifty Financial Services,2025-05-26,17.57,3.07,.52,53.9399
Nifty Financial Services,2025-05-27,17.46,3.05,.52,53.253
Nifty Financial Services,2025-05-28,17.48,3.06,.52,53.488800000000005
Nifty Financial Services,2025-05-29,17.49,3.0,.52,52.47
Nifty Financial Services,2025-05-30,17.51,3.0,.55,52.53
Nifty Financial Services,2025-06-02,17.47,2.99,.54,52.2353
Nifty Financial Services,2025-06-03,17.35,2.97,.55,51.529500000000006
Nifty Financial Services,2025-06-04,17.35,2.97,.55,51.529500000000006
Nifty Financial Services,2025-06-05,17.43,2.98,.54,51.9414
Nifty Financial Services,2025-06-06,17.73,3.04,.56,53.8992
Nifty Financial Services,2025-06-09,17.82,3.05,.55,54.351
Nifty Financial Services,2025-06-10,17.74,3.04,.56,53.92959999999999
Nifty Financial Services,2025-06-11,17.69,3.03,.56,53.6007
Nifty Financial Services,2025-06-12,17.55,3.0,.56,52.650000000000006
Nifty Financial Services,2025-06-13,17.39,2.98,.57,51.8222
Nifty Financial Services,2025-06-16,17.54,3.0,.57,52.62
Nifty Financial Services,2025-06-17,17.47,2.99,.57,52.2353
Nifty Financial Services,2025-06-18,17.43,2.98,.56,51.9414
Nifty Financial Services,2025-06-19,17.37,2.97,.56,51.58890000000001
Nifty Financial Services,2025-06-20,17.6,3.01,.56,52.976
Nifty Financial Services,2025-06-23,17.54,3.0,.53,52.62
Nifty Financial Services,2025-06-24,17.66,3.02,.53,53.3332
Nifty Financial Services,2025-06-25,17.73,3.04,.53,53.8992
Nifty Financial Services,2025-06-26,17.99,3.08,.52,55.4092
Nifty Financial Services,2025-06-27,18.06,3.09,.88,55.80539999999999
Nifty Financial Services,2025-06-30,18.0,3.08,.87,55.44
Nifty Financial Services,2025-07-01,17.96,3.07,.87,55.1372
Nifty Financial Services,2025-07-02,17.79,3.05,.88,54.259499999999996
Nifty Financial Services,2025-07-03,17.71,3.03,.88,53.6613
Nifty Financial Services,2025-07-04,17.79,3.05,.88,54.259499999999996
Nifty Financial Services,2025-07-07,17.77,2.99,.88,53.1323
Nifty Financial Services,2025-07-08,17.89,3.01,.88,53.8489
Nifty Financial Services,2025-07-09,17.92,3.01,.88,53.9392
Nifty Financial Services,2025-07-10,17.87,2.97,.88,53.07390000000001
Nifty Financial Services,2025-07-11,17.78,2.95,.89,52.45100000000001
Nifty Financial Services,2025-07-14,17.75,2.95,.89,52.362500000000004
Nifty Financial Services,2025-07-15,17.83,2.96,.88,52.776799999999994
Nifty Financial Services,2025-07-16,17.83,2.96,.88,52.776799999999994
Nifty Financial Services,2025-07-17,17.75,2.95,.89,52.362500000000004
Nifty Financial Services,2025-07-18,17.59,2.8,.9,49.251999999999995
Nifty Financial Services,2025-07-21,17.88,2.81,.88,50.242799999999995
Nifty Financial Services,2025-07-22,17.75,2.81,.88,49.8775
Nifty Financial Services,2025-07-23,17.89,2.83,.87,50.6287
Nifty Financial Services,2025-07-24,17.79,2.81,.87,49.9899
Nifty Financial Services,2025-07-25,17.63,2.79,.96,49.1877
Nifty Financial Services,2025-07-28,17.45,2.77,.96,48.3365
Nifty Financial Services,2025-07-29,17.62,2.78,.96,48.9836
Nifty Financial Services,2025-07-30,17.62,2.78,.96,48.9836
Nifty Financial Services,2025-07-31,17.59,2.77,.96,48.7243
Nifty Financial Services,2025-08-01,17.48,2.76,.98,48.2448
Nifty Financial Services,2025-08-04,17.47,2.75,.98,48.0425
Nifty Financial Services,2025-08-05,17.4,2.74,.98,47.676
Nifty Financial Services,2025-08-06,17.39,2.74,.98,47.6486
Nifty Financial Services,2025-08-07,17.42,2.74,.98,47.73080000000001
Nifty Financial Services,2025-08-08,17.21,2.71,.99,46.6391
Nifty Financial Services,2025-08-11,17.36,2.73,.97,47.3928
Nifty Financial Services,2025-08-12,17.13,2.61,1,44.70929999999999
Nifty Financial Services,2025-08-13,17.19,2.62,1,45.037800000000004
Nifty Financial Services,2025-08-14,17.26,2.75,1,47.465
Nifty Financial Services,2025-08-18,17.42,2.77,1,48.253400000000006
Nifty Financial Services,2025-08-19,17.41,2.77,1.01,48.2257
Nifty Financial Services,2025-08-20,17.33,2.76,1.01,47.83079999999999
Nifty Financial Services,2025-08-21,17.39,2.75,1.01,47.822500000000005
Nifty Financial Services,2025-08-22,17.22,2.72,1.02,46.8384
Nifty Financial Services,2025-08-25,17.21,2.72,1.02,46.81120000000001
Nifty Financial Services,2025-08-26,16.98,2.68,1.03,45.506400000000006
Nifty Financial Services,2025-08-28,16.78,2.65,1.04,44.467
Nifty Financial Services,2025-08-29,16.73,2.65,1.05,44.3345
Nifty Financial Services,2025-09-01,16.85,2.66,1.03,44.821000000000005
Nifty Financial Services,2025-09-02,16.73,2.65,1.03,44.3345
Nifty Financial Services,2025-09-03,16.84,2.66,1.03,44.7944
Nifty Financial Services,2025-09-04,16.92,2.67,1.02,45.1764
Nifty Financial Services,2025-09-05,16.94,2.68,1.02,45.39920000000001
Nifty Financial Services,2025-09-08,16.98,2.68,1.02,45.506400000000006
Nifty Financial Services,2025-09-09,16.99,2.69,1.02,45.70309999999999
Nifty Financial Services,2025-09-10,17.09,2.7,1.01,46.143
Nifty Financial Services,2025-09-11,17.13,2.71,1.01,46.4223
Nifty Financial Services,2025-09-12,17.25,2.73,1,47.0925
Nifty Financial Services,2025-09-15,17.27,2.73,1,47.1471
Nifty Financial Services,2025-09-16,17.34,2.74,1,47.5116
Nifty Financial Services,2025-09-17,17.38,2.75,1,47.794999999999995
Nifty Financial Services,2025-09-18,17.47,2.76,.99,48.21719999999999
Nifty Financial Services,2025-09-19,17.36,2.74,1,47.5664
Nifty Financial Services,2025-09-22,17.36,2.74,1,47.5664
Nifty Financial Services,2025-09-23,17.38,2.75,1,47.794999999999995
Nifty Financial Services,2025-09-24,17.27,2.73,1,47.1471
Nifty Financial Services,2025-09-25,17.18,2.72,1.01,46.729600000000005
Nifty Financial Services,2025-09-26,17.0,2.69,1.02,45.73
Nifty Financial Services,2025-09-29,17.02,2.69,1.02,45.7838
Nifty Financial Services,2025-09-30,17.14,2.71,1,46.449400000000004
Nifty Financial Services,2025-10-01,17.38,2.75,.98,47.794999999999995
Nifty Financial Services,2025-10-03,17.4,2.75,.98,47.849999999999994
Nifty Financial Services,2025-10-06,17.59,2.78,.97,48.9002
Nifty Financial Services,2025-10-07,17.64,2.79,.97,49.2156
Nifty Financial Services,2025-10-08,17.56,2.78,.97,48.81679999999999
Nifty Financial Services,2025-10-09,17.6,2.78,.97,48.928
Nifty Financial Services,2025-10-10,17.68,2.8,.97,49.504
Nifty Financial Services,2025-10-13,17.71,2.8,.96,49.588
Nifty Financial Services,2025-10-14,17.67,2.8,.97,49.476
Nifty Financial Services,2025-10-15,17.83,2.82,.96,50.28059999999999
Nifty Financial Services,2025-10-16,18.15,2.85,.95,51.7275
Nifty Financial Services,2025-10-17,18.26,2.87,.94,52.406200000000005
Nifty Financial Services,2025-10-20,18.07,2.87,.94,51.8609
Nifty Financial Services,2025-10-21,18.09,2.87,.94,51.9183
Nifty Financial Services,2025-10-23,18.11,2.87,.94,51.9757
Nifty Financial Services,2025-10-24,18.0,2.85,.95,51.300000000000004
Nifty Financial Services,2025-10-27,18.11,2.87,.96,51.9757
Nifty Financial Services,2025-10-28,18.07,2.86,.96,51.6802
Nifty Financial Services,2025-10-29,18.16,2.87,.95,52.1192
Nifty Financial Services,2025-10-30,18.02,2.85,.96,51.357
Nifty Financial Services,2025-10-31,17.86,2.83,.97,50.5438
Nifty Financial Services,2025-11-03,17.97,2.85,.96,51.2145
Nifty Financial Services,2025-11-04,17.89,2.83,.97,50.6287
Nifty Financial Services,2025-11-06,17.74,2.82,.97,50.026799999999994
Nifty Financial Services,2025-11-07,17.87,2.84,.96,50.7508
Nifty Financial Services,2025-11-10,17.89,2.84,.95,50.8076
Nifty Financial Services,2025-11-11,17.85,2.84,.95,50.694
Nifty Financial Services,2025-11-12,17.89,2.85,.95,50.98650000000001
Nifty Financial Services,2025-11-13,17.91,2.85,.95,51.0435
Nifty Financial Services,2025-11-14,17.96,2.86,.95,51.3656
Nifty Financial Services,2025-11-17,18.06,2.88,.94,52.01279999999999
Nifty Financial Services,2025-11-18,17.98,2.87,.94,51.6026
Nifty Financial Services,2025-11-19,18.04,2.88,.94,51.9552
Nifty Financial Services,2025-11-20,18.18,2.9,.93,52.721999999999994
Nifty Financial Services,2025-11-21,17.99,2.87,.94,51.631299999999996
Nifty Financial Services,2025-11-24,17.95,2.87,.95,51.5165
Nifty Financial Services,2025-11-25,17.89,2.86,.94,51.1654
Nifty Financial Services,2025-11-26,18.14,2.9,.94,52.606
Nifty Financial Services,2025-11-27,18.23,2.91,.93,53.0493
Nifty Financial Services,2025-11-28,18.2,2.91,.93,52.962
Nifty Financial Services,2025-12-01,18.15,2.9,.93,52.63499999999999
Nifty Financial Services,2025-12-02,17.98,2.87,.94,51.6026
Nifty Financial Services,2025-12-03,18.03,2.88,.94,51.9264
Nifty Financial Services,2025-12-04,18.01,2.88,.94,51.8688
Nifty Financial Services,2025-12-05,18.19,2.91,.93,52.932900000000004
Nifty Financial Services,2025-12-08,18.06,2.88,.94,52.01279999999999
Nifty Financial Services,2025-12-09,17.97,2.87,.94,51.5739
Nifty Financial Services,2025-12-10,17.88,2.86,.95,51.136799999999994
Nifty Financial Services,2025-12-11,17.98,2.87,.94,51.6026
Nifty Financial Services,2025-12-12,18.05,2.88,.94,51.984
Nifty Financial Services,2025-12-15,18.01,2.88,.94,51.8688
Nifty Financial Services,2025-12-16,17.87,2.85,.95,50.929500000000004
Nifty Financial Services,2025-12-17,17.78,2.84,.95,50.495200000000004
Nifty Financial Services,2025-12-18,17.79,2.84,.95,50.523599999999995
Nifty Financial Services,2025-12-19,17.86,2.85,.95,50.901
Nifty Financial Services,2025-12-22,17.93,2.86,.95,51.279799999999994
Nifty Financial Services,2025-12-23,18.0,2.87,.94,51.660000000000004
Nifty Financial Services,2025-12-24,17.98,2.87,.94,51.6026
Nifty Financial Services,2025-12-26,17.9,2.86,.95,51.193999999999996
Nifty Financial Services,2025-12-29,17.85,2.85,.95,50.8725
Nifty Financial Services,2025-12-30,17.87,2.85,.95,50.929500000000004
Nifty Financial Services,2025-12-31,17.88,2.91,.84,52.0308
Nifty Financial Services,2026-01-01,17.92,2.91,.84,52.147200000000005
Nifty Financial Services,2026-01-02,18.07,2.94,.84,53.1258
Nifty Financial Services,2026-01-05,18.04,2.93,.84,52.8572
Nifty Financial Services,2026-01-06,18.1,2.94,.83,53.214000000000006
Nifty Financial Services,2026-01-07,18.04,2.93,.84,52.8572
Nifty Financial Services,2026-01-08,17.92,2.92,.84,52.32640000000001
Nifty Financial Services,2026-01-09,17.73,2.88,.85,51.0624
Nifty Financial Services,2026-01-12,17.82,2.9,.85,51.678
Nifty Financial Services,2026-01-13,17.87,2.91,.84,52.00170000000001
Nifty Financial Services,2026-01-14,17.81,2.9,.85,51.648999999999994
Nifty Financial Services,2026-01-16,17.83,2.9,.85,51.706999999999994
Nifty Financial Services,2026-01-19,17.82,2.9,.85,51.678
Nifty Financial Services,2026-01-20,17.54,2.87,.86,50.3398
Nifty Financial Services,2026-01-21,17.39,2.84,.86,49.3876
Nifty Financial Services,2026-01-22,17.51,2.86,.86,50.0786
Nifty Financial Services,2026-01-23,17.3,2.83,.87,48.959
Nifty Financial Services,2026-01-27,17.45,2.85,.86,49.7325
Nifty Financial Services,2026-01-28,17.66,2.88,.85,50.8608
Nifty Financial Services,2026-01-29,17.75,2.9,.85,51.475
Nifty Financial Services,2026-01-30,17.63,2.88,.85,50.77439999999999
Nifty Financial Services,2026-02-01,17.22,2.81,.86,48.3882
Nifty Financial Services,2026-02-02,17.28,2.82,.86,48.7296
Nifty Financial Services,2026-02-03,17.85,2.92,.83,52.122
Nifty Financial Services,2026-02-04,17.93,2.93,.83,52.5349
Nifty Financial Services,2026-02-05,17.87,2.92,.83,52.1804
Nifty Financial Services,2026-02-06,17.95,2.93,.85,52.5935
Nifty Financial Services,2026-02-09,18.15,2.97,.83,53.905499999999996
Nifty Financial Services,2026-02-10,18.07,2.97,.83,53.6679
Nifty Financial Services,2026-02-11,18.1,2.98,.83,53.938
Nifty Financial Services,2026-02-12,18.17,2.99,.83,54.328300000000006
Nifty Financial Services,2026-02-13,18.0,2.96,.83,53.28
Nifty Financial Services,2026-02-16,18.08,2.98,.81,53.87839999999999
Nifty Financial Services,2026-02-17,18.07,2.98,.81,53.8486
Nifty Financial Services,2026-02-18,18.18,3.0,.81,54.54
Nifty Financial Services,2026-02-19,17.93,2.96,.82,53.0728
Nifty Financial Services,2026-02-20,18.02,2.97,.83,53.519400000000005
Nifty Financial Services,2026-02-23,18.17,3.0,.83,54.510000000000005
Nifty Financial Services,2026-02-24,18.07,2.98,.83,53.8486
Nifty Financial Services,2026-02-25,18.1,2.99,.83,54.11900000000001
Nifty Financial Services,2026-02-26,18.08,2.98,.83,53.87839999999999
