Index Name,DATE,pe,pb,divYield,pe*pb
Nifty Next 50,1999-01-01,12.12,1.98,1.77,23.9976
Nifty Next 50,1999-01-04,12.26,2.01,1.74,24.642599999999998
Nifty Next 50,1999-01-05,12.41,2.03,1.72,25.1923
Nifty Next 50,1999-01-06,12.57,2.06,1.70,25.8942
Nifty Next 50,1999-01-07,12.69,2.08,1.69,26.3952
Nifty Next 50,1999-01-08,13.13,2.15,1.61,28.2295
Nifty Next 50,1999-01-11,13.25,2.17,1.59,28.752499999999998
Nifty Next 50,1999-01-12,12.97,2.12,1.63,27.4964
Nifty Next 50,1999-01-13,13.19,2.16,1.60,28.4904
Nifty Next 50,1999-01-14,13.11,2.15,1.61,28.1865
Nifty Next 50,1999-01-15,12.86,2.1,1.64,27.006
Nifty Next 50,1999-01-18,13.02,2.13,1.62,27.732599999999998
Nifty Next 50,1999-01-19,12.8,2.1,1.65,26.880000000000003
Nifty Next 50,1999-01-21,13.28,2.17,1.59,28.8176
Nifty Next 50,1999-01-22,13.27,2.17,1.59,28.7959
Nifty Next 50,1999-01-25,13.22,2.16,1.60,28.555200000000003
Nifty Next 50,1999-01-27,13.61,2.23,1.55,30.350299999999997
Nifty Next 50,1999-01-28,13.33,2.18,1.59,29.059400000000004
Nifty Next 50,1999-01-29,13.37,2.19,1.56,29.280299999999997
Nifty Next 50,1999-02-01,13.13,2.15,1.59,28.2295
Nifty Next 50,1999-02-02,12.89,2.11,1.62,27.1979
Nifty Next 50,1999-02-03,13.73,2.25,1.47,30.892500000000002
Nifty Next 50,1999-02-04,13.53,2.22,1.49,30.0366
Nifty Next 50,1999-02-05,13.53,2.22,1.49,30.0366
Nifty Next 50,1999-02-08,13.34,2.19,1.51,29.214599999999997
Nifty Next 50,1999-02-09,13.52,2.22,1.49,30.014400000000002
Nifty Next 50,1999-02-10,13.96,2.29,1.44,31.968400000000003
Nifty Next 50,1999-02-11,14.08,2.31,1.43,32.5248
Nifty Next 50,1999-02-12,14.26,2.34,1.41,33.368399999999994
Nifty Next 50,1999-02-15,14.05,2.3,1.43,32.315
Nifty Next 50,1999-02-16,14.22,2.33,1.42,33.132600000000004
Nifty Next 50,1999-02-17,14.63,2.4,1.38,35.112
Nifty Next 50,1999-02-18,14.67,2.4,1.37,35.208
Nifty Next 50,1999-02-19,14.56,2.39,1.37,34.7984
Nifty Next 50,1999-02-22,14.09,2.31,1.41,32.5479
Nifty Next 50,1999-02-23,13.93,2.28,1.43,31.760399999999997
Nifty Next 50,1999-02-24,14.03,2.3,1.42,32.269
Nifty Next 50,1999-02-25,13.89,2.28,1.43,31.6692
Nifty Next 50,1999-02-26,13.79,2.26,1.44,31.165399999999995
Nifty Next 50,1999-02-27,14.56,2.39,1.37,34.7984
Nifty Next 50,1999-03-01,15.21,2.49,1.31,37.87290000000001
Nifty Next 50,1999-03-03,15.62,2.56,1.28,39.9872
Nifty Next 50,1999-03-04,15.43,2.53,1.30,39.03789999999999
Nifty Next 50,1999-03-05,15.66,2.57,1.27,40.246199999999995
Nifty Next 50,1999-03-08,15.74,2.58,1.26,40.6092
Nifty Next 50,1999-03-09,15.76,2.58,1.26,40.6608
Nifty Next 50,1999-03-10,16.21,2.66,1.27,43.11860000000001
Nifty Next 50,1999-03-11,15.77,2.58,1.31,40.6866
Nifty Next 50,1999-03-12,16.05,2.63,1.26,42.2115
Nifty Next 50,1999-03-15,16.29,2.67,1.24,43.494299999999996
Nifty Next 50,1999-03-16,16.15,2.65,1.25,42.79749999999999
Nifty Next 50,1999-03-17,16.32,2.67,1.26,43.5744
Nifty Next 50,1999-03-18,16.73,2.74,1.23,45.8402
Nifty Next 50,1999-03-19,16.4,2.69,1.23,44.11599999999999
Nifty Next 50,1999-03-20,16.39,2.69,1.23,44.0891
Nifty Next 50,1999-03-22,16.55,2.71,1.22,44.850500000000004
Nifty Next 50,1999-03-23,16.59,2.72,1.22,45.1248
Nifty Next 50,1999-03-24,16.55,2.71,1.22,44.850500000000004
Nifty Next 50,1999-03-25,16.5,2.7,1.22,44.550000000000004
Nifty Next 50,1999-03-26,16.24,2.66,1.24,43.1984
Nifty Next 50,1999-03-30,16.43,2.69,1.23,44.1967
Nifty Next 50,1999-03-31,18.92,3.19,1.18,60.354800000000004
Nifty Next 50,1999-04-01,18.95,3.19,1.18,60.4505
Nifty Next 50,1999-04-05,17.87,3.01,1.25,53.7887
Nifty Next 50,1999-04-06,17.84,3.01,1.25,53.69839999999999
Nifty Next 50,1999-04-07,17.95,3.03,1.24,54.38849999999999
Nifty Next 50,1999-04-08,17.68,2.98,1.26,52.6864
Nifty Next 50,1999-04-09,17.1,2.88,1.31,49.248000000000005
Nifty Next 50,1999-04-12,17.14,2.89,1.30,49.534600000000005
Nifty Next 50,1999-04-13,16.9,2.85,1.32,48.165
Nifty Next 50,1999-04-15,16.25,2.74,1.37,44.525000000000006
Nifty Next 50,1999-04-16,17.35,2.92,1.27,50.662000000000006
Nifty Next 50,1999-04-17,16.03,2.7,1.37,43.281000000000006
Nifty Next 50,1999-04-19,16.3,2.75,1.35,44.825
Nifty Next 50,1999-04-20,16.49,2.78,1.34,45.84219999999999
Nifty Next 50,1999-04-21,16.84,2.84,1.31,47.825599999999994
Nifty Next 50,1999-04-22,16.52,2.78,1.33,45.925599999999996
Nifty Next 50,1999-04-23,16.36,2.76,1.33,45.1536
Nifty Next 50,1999-04-26,15.39,2.6,1.41,40.014
Nifty Next 50,1999-04-28,15.66,2.64,1.51,41.342400000000005
Nifty Next 50,1999-04-29,16.21,2.73,1.46,44.2533
Nifty Next 50,1999-04-30,16.54,2.79,1.43,46.1466
Nifty Next 50,1999-05-03,16.37,2.76,1.45,45.1812
Nifty Next 50,1999-05-04,17.03,2.87,1.39,48.87610000000001
Nifty Next 50,1999-05-05,17.16,2.89,1.38,49.592400000000005
Nifty Next 50,1999-05-06,17.37,2.93,1.36,50.89410000000001
Nifty Next 50,1999-05-07,17.55,2.96,1.35,51.948
Nifty Next 50,1999-05-10,17.87,3.01,1.32,53.7887
Nifty Next 50,1999-05-11,18.08,3.05,1.31,55.14399999999999
Nifty Next 50,1999-05-12,17.57,2.96,1.35,52.0072
Nifty Next 50,1999-05-13,18.06,3.04,1.31,54.9024
Nifty Next 50,1999-05-14,18.22,3.07,1.30,55.935399999999994
Nifty Next 50,1999-05-17,17.92,3.02,1.32,54.11840000000001
Nifty Next 50,1999-05-18,18.02,3.04,1.31,54.7808
Nifty Next 50,1999-05-19,18.48,3.12,1.32,57.6576
Nifty Next 50,1999-05-20,18.54,3.13,1.31,58.030199999999994
Nifty Next 50,1999-05-21,18.13,3.07,1.34,55.659099999999995
Nifty Next 50,1999-05-24,18.1,3.06,1.34,55.386
Nifty Next 50,1999-05-25,18.15,3.07,1.33,55.720499999999994
Nifty Next 50,1999-05-26,17.45,2.97,1.47,51.8265
Nifty Next 50,1999-05-27,17.0,2.87,1.51,48.79
Nifty Next 50,1999-05-28,16.56,2.8,1.55,46.367999999999995
Nifty Next 50,1999-05-31,17.22,2.91,1.49,50.1102
Nifty Next 50,1999-06-01,17.03,2.88,1.50,49.0464
Nifty Next 50,1999-06-02,17.04,2.88,1.56,49.075199999999995
Nifty Next 50,1999-06-03,17.17,2.9,1.54,49.793000000000006
Nifty Next 50,1999-06-04,15.69,2.49,1.34,39.0681
Nifty Next 50,1999-06-07,15.59,2.47,1.35,38.5073
Nifty Next 50,1999-06-08,15.97,2.53,1.31,40.4041
Nifty Next 50,1999-06-09,15.94,2.53,1.42,40.328199999999995
Nifty Next 50,1999-06-10,15.98,2.53,1.42,40.4294
Nifty Next 50,1999-06-11,15.65,2.48,1.45,38.812
Nifty Next 50,1999-06-14,15.27,2.42,1.48,36.953399999999995
Nifty Next 50,1999-06-15,14.99,2.38,1.51,35.6762
Nifty Next 50,1999-06-16,15.06,2.39,1.66,35.9934
Nifty Next 50,1999-06-17,15.17,2.4,1.65,36.408
Nifty Next 50,1999-06-18,15.11,2.4,1.57,36.263999999999996
Nifty Next 50,1999-06-21,15.39,2.44,1.39,37.5516
Nifty Next 50,1999-06-22,15.58,2.47,1.52,38.482600000000005
Nifty Next 50,1999-06-23,15.63,2.48,1.63,38.7624
Nifty Next 50,1999-06-24,15.43,2.45,1.65,37.8035
Nifty Next 50,1999-06-25,15.34,2.43,1.51,37.2762
Nifty Next 50,1999-06-28,15.43,2.47,1.49,38.112100000000005
Nifty Next 50,1999-06-29,15.46,2.48,1.48,38.3408
Nifty Next 50,1999-06-30,15.47,2.48,1.48,38.3656
Nifty Next 50,1999-07-01,15.28,2.45,1.50,37.436
Nifty Next 50,1999-07-02,15.38,2.46,1.49,37.8348
Nifty Next 50,1999-07-05,15.81,2.53,1.45,39.9993
Nifty Next 50,1999-07-06,16.03,2.57,1.43,41.1971
Nifty Next 50,1999-07-07,16.15,2.59,1.62,41.82849999999999
Nifty Next 50,1999-07-08,16.02,2.56,1.63,41.0112
Nifty Next 50,1999-07-09,16.18,2.59,1.43,41.9062
Nifty Next 50,1999-07-12,16.76,2.68,1.38,44.91680000000001
Nifty Next 50,1999-07-13,16.52,2.65,1.40,43.778
Nifty Next 50,1999-07-14,16.8,2.69,1.42,45.192
Nifty Next 50,1999-07-15,16.44,2.63,1.45,43.2372
Nifty Next 50,1999-07-16,16.58,2.66,1.37,44.102799999999995
Nifty Next 50,1999-07-19,17.16,2.75,1.33,47.19
Nifty Next 50,1999-07-20,16.84,2.7,1.01,45.468
Nifty Next 50,1999-07-21,17.61,2.82,0.98,49.660199999999996
Nifty Next 50,1999-07-22,17.68,2.83,1.07,50.0344
Nifty Next 50,1999-07-23,17.98,2.84,1.26,51.0632
Nifty Next 50,1999-07-26,18.03,2.85,1.25,51.38550000000001
Nifty Next 50,1999-07-27,17.69,2.8,1.28,49.532000000000004
Nifty Next 50,1999-07-28,18.09,2.86,1.37,51.737399999999994
Nifty Next 50,1999-07-29,17.91,2.84,1.38,50.864399999999996
Nifty Next 50,1999-07-30,17.79,2.82,1.39,50.16779999999999
Nifty Next 50,1999-08-02,17.71,2.81,1.40,49.765100000000004
Nifty Next 50,1999-08-03,17.6,2.79,1.41,49.104000000000006
Nifty Next 50,1999-08-04,18.3,2.9,1.50,53.07
Nifty Next 50,1999-08-05,18.28,2.9,1.50,53.012
Nifty Next 50,1999-08-06,18.46,2.93,1.30,54.08780000000001
Nifty Next 50,1999-08-09,18.71,2.97,1.28,55.56870000000001
Nifty Next 50,1999-08-10,18.6,2.95,1.29,54.870000000000005
Nifty Next 50,1999-08-11,18.87,2.99,1.34,56.42130000000001
Nifty Next 50,1999-08-12,18.93,3.0,1.33,56.79
Nifty Next 50,1999-08-13,18.81,2.98,1.32,56.053799999999995
Nifty Next 50,1999-08-16,19.23,3.05,1.29,58.6515
Nifty Next 50,1999-08-17,19.61,3.11,1.27,60.9871
Nifty Next 50,1999-08-18,20.13,3.19,1.26,64.2147
Nifty Next 50,1999-08-19,19.63,3.11,1.29,61.049299999999995
Nifty Next 50,1999-08-20,19.84,3.14,1.27,62.2976
Nifty Next 50,1999-08-23,20.28,3.21,1.24,65.0988
Nifty Next 50,1999-08-24,20.32,3.22,1.24,65.4304
Nifty Next 50,1999-08-25,19.84,3.14,1.27,62.2976
Nifty Next 50,1999-08-26,20.18,3.2,1.25,64.57600000000001
Nifty Next 50,1999-08-27,20.4,3.23,1.23,65.892
Nifty Next 50,1999-08-30,20.44,3.24,1.23,66.22560000000001
Nifty Next 50,1999-08-31,20.05,3.21,1.24,64.3605
Nifty Next 50,1999-09-01,19.92,3.19,1.25,63.5448
Nifty Next 50,1999-09-02,19.41,3.11,1.28,60.3651
Nifty Next 50,1999-09-03,19.35,3.1,1.29,59.98500000000001
Nifty Next 50,1999-09-06,19.69,3.15,1.27,62.023500000000006
Nifty Next 50,1999-09-07,19.78,3.17,1.26,62.702600000000004
Nifty Next 50,1999-09-08,20.26,2.98,1.36,60.37480000000001
Nifty Next 50,1999-09-09,20.35,3.0,1.36,61.050000000000004
Nifty Next 50,1999-09-10,20.31,2.99,1.36,60.7269
Nifty Next 50,1999-09-14,20.28,2.99,1.36,60.63720000000001
Nifty Next 50,1999-09-15,20.48,3.02,1.35,61.8496
Nifty Next 50,1999-09-16,20.33,2.99,1.36,60.786699999999996
Nifty Next 50,1999-09-17,20.6,3.03,1.34,62.418
Nifty Next 50,1999-09-20,20.69,3.05,1.33,63.1045
Nifty Next 50,1999-09-21,20.75,3.06,1.33,63.495000000000005
Nifty Next 50,1999-09-22,21.44,3.16,1.29,67.75040000000001
Nifty Next 50,1999-09-23,21.86,3.22,1.26,70.3892
Nifty Next 50,1999-09-24,22.24,3.27,1.24,72.7248
Nifty Next 50,1999-09-27,22.35,3.29,1.23,73.53150000000001
Nifty Next 50,1999-09-28,21.87,3.22,1.26,70.4214
Nifty Next 50,1999-09-29,22.56,3.32,1.22,74.8992
Nifty Next 50,1999-09-30,22.1,3.25,1.25,71.825
Nifty Next 50,1999-10-01,21.71,3.2,1.26,69.47200000000001
Nifty Next 50,1999-10-04,21.25,3.13,1.29,66.5125
Nifty Next 50,1999-10-05,21.16,3.12,1.30,66.0192
Nifty Next 50,1999-10-06,21.72,3.2,1.26,69.504
Nifty Next 50,1999-10-07,22.94,3.38,1.20,77.5372
Nifty Next 50,1999-10-08,23.51,3.46,1.17,81.3446
Nifty Next 50,1999-10-11,23.83,3.51,1.15,83.64329999999998
Nifty Next 50,1999-10-12,23.94,3.52,1.15,84.2688
Nifty Next 50,1999-10-13,24.43,3.6,1.12,87.94800000000001
Nifty Next 50,1999-10-14,24.52,3.61,1.12,88.51719999999999
Nifty Next 50,1999-10-15,23.3,3.43,1.07,79.91900000000001
Nifty Next 50,1999-10-18,23.56,3.47,1.06,81.7532
Nifty Next 50,1999-10-20,24.52,3.61,1.03,88.51719999999999
Nifty Next 50,1999-10-21,23.75,3.5,1.06,83.125
Nifty Next 50,1999-10-22,23.37,3.44,1.08,80.39280000000001
Nifty Next 50,1999-10-23,23.87,3.52,1.05,84.0224
Nifty Next 50,1999-10-25,22.82,3.36,1.10,76.6752
Nifty Next 50,1999-10-26,22.46,3.31,1.12,74.3426
Nifty Next 50,1999-10-27,22.67,3.34,1.11,75.7178
Nifty Next 50,1999-10-28,21.81,3.21,1.15,70.0101
Nifty Next 50,1999-10-29,20.83,3.07,1.19,63.94809999999999
Nifty Next 50,1999-11-01,19.59,2.88,1.27,56.4192
Nifty Next 50,1999-11-02,20.51,3.02,1.21,61.940200000000004
Nifty Next 50,1999-11-03,20.2,2.97,1.23,59.994
Nifty Next 50,1999-11-04,20.52,3.02,1.21,61.9704
Nifty Next 50,1999-11-05,21.12,3.11,1.18,65.6832
Nifty Next 50,1999-11-07,21.41,3.15,1.16,67.4415
Nifty Next 50,1999-11-09,21.6,3.18,1.15,68.688
Nifty Next 50,1999-11-10,22.3,3.28,1.11,73.14399999999999
Nifty Next 50,1999-11-11,21.32,3.24,1.13,69.0768
Nifty Next 50,1999-11-12,21.29,3.24,1.13,68.9796
Nifty Next 50,1999-11-15,21.5,3.27,1.12,70.305
Nifty Next 50,1999-11-16,21.25,3.23,1.13,68.6375
Nifty Next 50,1999-11-17,21.12,3.21,1.14,67.79520000000001
Nifty Next 50,1999-11-18,21.02,3.2,1.14,67.264
Nifty Next 50,1999-11-19,21.28,3.24,1.12,68.94720000000001
Nifty Next 50,1999-11-22,21.47,3.26,1.11,69.9922
Nifty Next 50,1999-11-24,25.8,3.92,0.93,101.136
Nifty Next 50,1999-11-25,25.92,3.94,0.92,102.12480000000001
Nifty Next 50,1999-11-26,26.53,4.03,0.90,106.91590000000001
Nifty Next 50,1999-11-29,27.33,4.15,0.87,113.4195
Nifty Next 50,1999-11-30,28.13,4.28,0.85,120.3964
Nifty Next 50,1999-12-01,28.32,4.3,0.84,121.776
Nifty Next 50,1999-12-02,28.52,4.34,0.84,123.7768
Nifty Next 50,1999-12-03,29.12,4.43,0.82,129.0016
Nifty Next 50,1999-12-06,30.51,4.64,0.78,141.5664
Nifty Next 50,1999-12-07,31.6,4.8,0.76,151.68
Nifty Next 50,1999-12-08,30.49,4.64,0.80,141.47359999999998
Nifty Next 50,1999-12-09,31.02,4.72,0.78,146.4144
Nifty Next 50,1999-12-10,32.07,4.87,0.76,156.1809
Nifty Next 50,1999-12-13,32.54,4.95,0.75,161.073
Nifty Next 50,1999-12-14,33.41,5.08,0.73,169.72279999999998
Nifty Next 50,1999-12-15,33.17,5.04,0.74,167.17680000000001
Nifty Next 50,1999-12-16,34.61,5.26,0.71,182.0486
Nifty Next 50,1999-12-17,34.99,5.32,0.70,186.1468
Nifty Next 50,1999-12-20,34.87,5.3,0.70,184.81099999999998
Nifty Next 50,1999-12-21,35.1,5.34,0.69,187.434
Nifty Next 50,1999-12-22,35.48,5.39,0.69,191.23719999999997
Nifty Next 50,1999-12-23,35.33,5.37,0.69,189.72209999999998
Nifty Next 50,1999-12-24,34.54,5.25,0.71,181.335
Nifty Next 50,1999-12-27,34.65,5.27,0.70,182.60549999999998
Nifty Next 50,1999-12-28,34.63,5.26,0.70,182.15380000000002
Nifty Next 50,1999-12-29,35.59,5.41,0.68,192.54190000000003
Nifty Next 50,1999-12-30,36.65,5.57,0.66,204.1405
Nifty Next 50,2000-01-03,39.45,6.0,0.62,236.70000000000002
Nifty Next 50,2000-01-04,41.29,6.28,0.59,259.3012
Nifty Next 50,2000-01-05,39.48,6.0,0.62,236.88
Nifty Next 50,2000-01-06,39.04,5.94,0.62,231.8976
Nifty Next 50,2000-01-07,37.05,5.63,0.66,208.59149999999997
Nifty Next 50,2000-01-10,36.43,5.54,0.67,201.8222
Nifty Next 50,2000-01-11,36.14,5.49,0.67,198.4086
Nifty Next 50,2000-01-12,37.37,5.72,0.66,213.75639999999999
Nifty Next 50,2000-01-13,36.33,5.57,0.67,202.3581
Nifty Next 50,2000-01-14,35.81,5.49,0.68,196.59690000000003
Nifty Next 50,2000-01-17,36.69,5.62,0.67,206.1978
Nifty Next 50,2000-01-18,36.01,5.52,0.68,198.77519999999998
Nifty Next 50,2000-01-19,37.82,5.79,0.65,218.9778
Nifty Next 50,2000-01-20,38.68,5.93,0.63,229.3724
Nifty Next 50,2000-01-21,39.34,6.03,0.62,237.22020000000003
Nifty Next 50,2000-01-24,39.83,6.1,0.61,242.96299999999997
Nifty Next 50,2000-01-25,39.37,6.03,0.62,237.40109999999999
Nifty Next 50,2000-01-27,39.83,6.1,0.61,242.96299999999997
Nifty Next 50,2000-01-28,41.15,6.3,0.59,259.245
Nifty Next 50,2000-01-31,39.71,6.08,0.61,241.4368
Nifty Next 50,2000-02-01,40.19,6.19,0.60,248.7761
Nifty Next 50,2000-02-02,41.48,6.39,0.58,265.05719999999997
Nifty Next 50,2000-02-03,42.75,6.58,0.57,281.295
Nifty Next 50,2000-02-04,42.79,6.59,0.57,281.98609999999996
Nifty Next 50,2000-02-07,42.43,6.53,0.57,277.0679
Nifty Next 50,2000-02-08,42.43,6.53,0.57,277.0679
Nifty Next 50,2000-02-09,42.47,6.54,0.57,277.7538
Nifty Next 50,2000-02-10,43.12,6.64,0.56,286.31679999999994
Nifty Next 50,2000-02-11,43.39,6.68,0.56,289.8452
Nifty Next 50,2000-02-14,43.06,6.63,0.56,285.4878
Nifty Next 50,2000-02-15,42.01,6.42,0.58,269.70419999999996
Nifty Next 50,2000-02-16,43.17,6.6,0.56,284.92199999999997
Nifty Next 50,2000-02-17,44.26,6.76,0.55,299.19759999999997
Nifty Next 50,2000-02-18,44.22,6.76,0.55,298.92719999999997
Nifty Next 50,2000-02-21,45.98,7.03,0.53,323.2394
Nifty Next 50,2000-02-22,46.38,7.09,0.53,328.8342
Nifty Next 50,2000-02-23,44.75,6.86,0.55,306.985
Nifty Next 50,2000-02-24,45.3,6.95,0.54,314.835
Nifty Next 50,2000-02-25,43.25,6.63,0.57,286.7475
Nifty Next 50,2000-02-28,42.88,6.57,0.57,281.7216
Nifty Next 50,2000-02-29,40.36,6.19,0.61,249.82840000000002
Nifty Next 50,2000-03-01,42.44,6.51,0.59,276.28439999999995
Nifty Next 50,2000-03-02,44.39,6.81,0.56,302.29589999999996
Nifty Next 50,2000-03-03,42.74,6.55,0.58,279.947
Nifty Next 50,2000-03-06,43.58,6.68,0.57,291.1144
Nifty Next 50,2000-03-07,42.28,6.48,0.58,273.9744
Nifty Next 50,2000-03-08,41.94,6.43,0.59,269.6742
Nifty Next 50,2000-03-09,40.29,6.18,0.62,248.9922
Nifty Next 50,2000-03-10,38.11,5.85,0.65,222.94349999999997
Nifty Next 50,2000-03-13,36.58,5.61,0.66,205.2138
Nifty Next 50,2000-03-14,37.58,5.76,0.64,216.46079999999998
Nifty Next 50,2000-03-15,37.59,5.77,0.64,216.89430000000002
Nifty Next 50,2000-03-16,35.45,5.44,0.68,192.84800000000004
Nifty Next 50,2000-03-21,33.79,5.18,0.71,175.0322
Nifty Next 50,2000-03-22,33.25,5.1,0.74,169.575
Nifty Next 50,2000-03-23,33.85,5.19,0.72,175.68150000000003
Nifty Next 50,2000-03-24,35.04,5.37,0.70,188.16479999999999
Nifty Next 50,2000-03-27,35.14,5.39,0.70,189.4046
Nifty Next 50,2000-03-28,34.17,5.24,0.72,179.0508
Nifty Next 50,2000-03-29,34.33,5.26,0.71,180.5758
Nifty Next 50,2000-03-30,33.85,5.19,0.72,175.68150000000003
Nifty Next 50,2000-03-31,33.47,5.13,0.73,171.7011
Nifty Next 50,2000-04-03,31.74,4.87,0.77,154.5738
Nifty Next 50,2000-04-04,29.41,4.51,0.83,132.63909999999998
Nifty Next 50,2000-04-05,28.32,4.34,0.97,122.9088
Nifty Next 50,2000-04-06,28.36,4.35,0.97,123.36599999999999
Nifty Next 50,2000-04-07,30.3,4.65,0.90,140.895
Nifty Next 50,2000-04-10,32.11,4.92,0.85,157.9812
Nifty Next 50,2000-04-11,32.76,5.02,0.84,164.45519999999996
Nifty Next 50,2000-04-12,33.45,5.03,0.92,168.25350000000003
Nifty Next 50,2000-04-13,31.82,4.79,0.97,152.4178
Nifty Next 50,2000-04-17,29.63,4.13,1.04,122.3719
Nifty Next 50,2000-04-18,28.68,3.99,1.07,114.4332
Nifty Next 50,2000-04-19,27.52,3.83,1.12,105.4016
Nifty Next 50,2000-04-20,26.16,3.64,1.18,95.22240000000001
Nifty Next 50,2000-04-24,24.9,3.46,1.24,86.154
Nifty Next 50,2000-04-25,25.0,3.48,1.23,87.0
Nifty Next 50,2000-04-26,26.57,3.69,1.36,98.0433
Nifty Next 50,2000-04-27,25.47,3.54,1.42,90.1638
Nifty Next 50,2000-04-28,25.16,3.5,1.43,88.06
Nifty Next 50,2000-05-02,22.98,3.2,1.49,73.536
Nifty Next 50,2000-05-03,22.35,3.11,1.53,69.5085
Nifty Next 50,2000-05-04,23.92,3.33,1.43,79.65360000000001
Nifty Next 50,2000-05-05,25.08,3.49,1.37,87.5292
Nifty Next 50,2000-05-08,24.08,3.36,1.42,80.90879999999999
Nifty Next 50,2000-05-09,24.95,3.48,1.37,86.826
Nifty Next 50,2000-05-10,23.15,3.14,1.46,72.691
Nifty Next 50,2000-05-11,21.42,2.9,1.58,62.118
Nifty Next 50,2000-05-12,20.1,2.7,1.68,54.27000000000001
Nifty Next 50,2000-05-15,20.71,2.78,1.63,57.5738
Nifty Next 50,2000-05-16,20.5,2.75,1.65,56.375
Nifty Next 50,2000-05-17,20.37,2.74,1.66,55.81380000000001
Nifty Next 50,2000-05-18,20.56,2.76,1.64,56.74559999999999
Nifty Next 50,2000-05-19,20.04,2.69,1.69,53.907599999999995
Nifty Next 50,2000-05-22,19.08,2.56,1.74,48.8448
Nifty Next 50,2000-05-23,18.87,2.53,1.76,47.741099999999996
Nifty Next 50,2000-05-24,14.99,1.96,2.15,29.3804
Nifty Next 50,2000-05-25,15.15,1.98,2.13,29.997
Nifty Next 50,2000-05-26,15.07,1.97,2.14,29.6879
Nifty Next 50,2000-05-29,15.45,2.02,2.05,31.209
Nifty Next 50,2000-05-30,16.16,2.11,1.98,34.0976
Nifty Next 50,2000-05-31,16.87,2.21,1.90,37.2827
Nifty Next 50,2000-06-01,16.03,2.14,1.86,34.3042
Nifty Next 50,2000-06-02,16.58,2.21,1.80,36.641799999999996
Nifty Next 50,2000-06-05,16.92,2.26,1.71,38.2392
Nifty Next 50,2000-06-06,17.23,2.3,1.68,39.629
Nifty Next 50,2000-06-07,17.65,2.36,1.64,41.653999999999996
Nifty Next 50,2000-06-08,18.11,2.42,1.60,43.8262
Nifty Next 50,2000-06-09,17.64,2.35,1.64,41.454
Nifty Next 50,2000-06-12,17.28,2.31,1.59,39.9168
Nifty Next 50,2000-06-13,17.6,2.35,1.56,41.36000000000001
Nifty Next 50,2000-06-14,17.93,2.39,1.55,42.8527
Nifty Next 50,2000-06-15,18.07,2.41,1.53,43.548700000000004
Nifty Next 50,2000-06-16,18.23,2.43,1.52,44.2989
Nifty Next 50,2000-06-19,18.75,2.5,1.36,46.875
Nifty Next 50,2000-06-20,19.4,2.59,1.31,50.245999999999995
Nifty Next 50,2000-06-21,18.89,2.52,1.36,47.6028
Nifty Next 50,2000-06-22,18.85,2.51,1.36,47.3135
Nifty Next 50,2000-06-23,18.29,2.41,1.41,44.0789
Nifty Next 50,2000-06-26,18.0,2.38,1.34,42.839999999999996
Nifty Next 50,2000-06-27,17.43,2.32,1.35,40.437599999999996
Nifty Next 50,2000-06-28,17.6,2.35,1.34,41.36000000000001
Nifty Next 50,2000-06-29,17.62,2.35,1.34,41.407000000000004
Nifty Next 50,2000-06-30,17.21,2.3,1.37,39.583
Nifty Next 50,2000-07-03,17.68,2.36,1.33,41.724799999999995
Nifty Next 50,2000-07-04,17.74,2.37,1.33,42.0438
Nifty Next 50,2000-07-05,17.77,2.37,1.33,42.1149
Nifty Next 50,2000-07-06,17.69,2.36,1.33,41.748400000000004
Nifty Next 50,2000-07-07,17.47,2.33,1.35,40.7051
Nifty Next 50,2000-07-10,17.31,2.31,1.19,39.9861
Nifty Next 50,2000-07-11,17.15,2.29,1.20,39.2735
Nifty Next 50,2000-07-12,17.74,2.37,1.16,42.0438
Nifty Next 50,2000-07-13,17.47,2.33,1.18,40.7051
Nifty Next 50,2000-07-14,17.32,2.31,1.19,40.0092
Nifty Next 50,2000-07-17,17.32,2.31,1.15,40.0092
Nifty Next 50,2000-07-18,17.13,2.28,1.16,39.0564
Nifty Next 50,2000-07-19,16.88,2.25,1.35,37.98
Nifty Next 50,2000-07-20,16.75,2.23,1.36,37.3525
Nifty Next 50,2000-07-21,16.69,2.23,1.37,37.218700000000005
Nifty Next 50,2000-07-24,15.52,2.07,1.44,32.1264
Nifty Next 50,2000-07-25,15.22,2.05,1.42,31.200999999999997
Nifty Next 50,2000-07-26,14.92,2.01,1.45,29.989199999999997
Nifty Next 50,2000-07-27,15.5,2.08,1.39,32.24
Nifty Next 50,2000-07-28,15.39,2.07,1.40,31.8573
Nifty Next 50,2000-07-31,15.16,2.04,1.29,30.9264
Nifty Next 50,2000-08-01,15.07,2.03,1.30,30.5921
Nifty Next 50,2000-08-02,15.13,2.03,1.30,30.7139
Nifty Next 50,2000-08-03,14.89,2.0,1.32,29.78
Nifty Next 50,2000-08-04,14.43,1.94,1.36,27.9942
Nifty Next 50,2000-08-07,14.24,1.92,1.21,27.340799999999998
Nifty Next 50,2000-08-08,14.6,1.96,1.18,28.616
Nifty Next 50,2000-08-09,15.71,2.12,1.15,33.305200000000006
Nifty Next 50,2000-08-10,15.56,2.1,1.16,32.676
Nifty Next 50,2000-08-11,15.24,2.06,1.18,31.3944
Nifty Next 50,2000-08-14,15.31,2.07,1.11,31.691699999999997
Nifty Next 50,2000-08-16,16.06,2.17,1.14,34.850199999999994
Nifty Next 50,2000-08-17,15.9,2.15,1.15,34.185
Nifty Next 50,2000-08-18,16.06,2.17,1.14,34.850199999999994
Nifty Next 50,2000-08-21,16.38,2.21,1.09,36.199799999999996
Nifty Next 50,2000-08-22,16.52,2.23,1.08,36.8396
Nifty Next 50,2000-08-23,16.31,2.2,1.17,35.882
Nifty Next 50,2000-08-24,16.52,2.23,1.15,36.8396
Nifty Next 50,2000-08-25,16.58,2.24,1.15,37.1392
Nifty Next 50,2000-08-28,16.28,2.2,1.17,35.816
Nifty Next 50,2000-08-29,16.21,2.19,1.17,35.499900000000004
Nifty Next 50,2000-08-30,16.23,2.19,1.17,35.5437
Nifty Next 50,2000-08-31,16.35,2.21,1.16,36.133500000000005
Nifty Next 50,2000-09-04,16.48,2.16,1.15,35.5968
Nifty Next 50,2000-09-05,16.62,2.18,1.14,36.23160000000001
Nifty Next 50,2000-09-06,16.95,2.22,1.16,37.629000000000005
Nifty Next 50,2000-09-07,17.08,2.24,1.15,38.2592
Nifty Next 50,2000-09-08,17.48,2.29,1.12,40.0292
Nifty Next 50,2000-09-11,17.69,2.32,1.11,41.0408
Nifty Next 50,2000-09-12,17.67,2.32,1.11,40.9944
Nifty Next 50,2000-09-13,17.3,2.27,1.15,39.271
Nifty Next 50,2000-09-14,17.34,2.27,1.15,39.3618
Nifty Next 50,2000-09-15,16.71,2.19,1.20,36.5949
Nifty Next 50,2000-09-18,16.05,2.1,1.24,33.705000000000005
Nifty Next 50,2000-09-19,15.53,2.04,1.29,31.6812
Nifty Next 50,2000-09-20,15.55,2.05,1.36,31.877499999999998
Nifty Next 50,2000-09-21,15.53,2.05,1.36,31.836499999999997
Nifty Next 50,2000-09-22,14.5,1.91,1.46,27.695
Nifty Next 50,2000-09-25,15.11,1.99,1.40,30.0689
Nifty Next 50,2000-09-26,14.61,1.93,5.74,28.1973
Nifty Next 50,2000-09-27,14.73,1.94,1.43,28.5762
Nifty Next 50,2000-09-28,14.62,1.93,1.45,28.216599999999996
Nifty Next 50,2000-09-29,14.48,1.91,1.43,27.6568
Nifty Next 50,2000-10-03,14.29,1.89,1.48,27.008099999999995
Nifty Next 50,2000-10-04,14.47,1.91,1.46,27.6377
Nifty Next 50,2000-10-05,14.15,1.87,1.49,26.460500000000003
Nifty Next 50,2000-10-06,14.06,1.85,1.50,26.011000000000003
Nifty Next 50,2000-10-09,13.89,1.83,1.52,25.4187
Nifty Next 50,2000-10-10,13.58,1.79,1.56,24.3082
Nifty Next 50,2000-10-11,13.13,1.73,1.61,22.7149
Nifty Next 50,2000-10-12,13.39,1.77,1.58,23.700300000000002
Nifty Next 50,2000-10-13,12.89,1.7,1.64,21.913
Nifty Next 50,2000-10-16,13.11,1.73,1.61,22.6803
Nifty Next 50,2000-10-17,12.89,1.7,1.64,21.913
Nifty Next 50,2000-10-18,12.8,1.69,1.65,21.632
Nifty Next 50,2000-10-19,13.31,1.76,1.59,23.4256
Nifty Next 50,2000-10-20,13.5,1.78,1.57,24.03
Nifty Next 50,2000-10-23,12.89,1.7,1.62,21.913
Nifty Next 50,2000-10-24,12.92,1.7,1.62,21.964
Nifty Next 50,2000-10-25,13.38,1.77,1.56,23.6826
Nifty Next 50,2000-10-26,13.59,1.79,1.54,24.3261
Nifty Next 50,2000-10-27,13.75,1.81,1.52,24.8875
Nifty Next 50,2000-10-30,13.55,1.79,1.54,24.2545
Nifty Next 50,2000-10-31,13.66,1.8,1.53,24.588
Nifty Next 50,2000-11-01,13.97,1.84,1.49,25.704800000000002
Nifty Next 50,2000-11-02,14.2,1.87,1.47,26.554
Nifty Next 50,2000-11-03,14.41,1.9,1.45,27.378999999999998
Nifty Next 50,2000-11-06,14.49,1.91,1.44,27.6759
Nifty Next 50,2000-11-07,14.57,1.92,1.43,27.9744
Nifty Next 50,2000-11-08,14.91,1.97,1.40,29.3727
Nifty Next 50,2000-11-09,14.7,1.91,1.40,28.076999999999998
Nifty Next 50,2000-11-10,14.2,1.84,1.45,26.128
Nifty Next 50,2000-11-13,13.6,1.77,1.51,24.072
Nifty Next 50,2000-11-14,14.16,1.84,1.45,26.0544
Nifty Next 50,2000-11-15,14.42,1.87,1.48,26.965400000000002
Nifty Next 50,2000-11-16,14.64,1.9,5.65,27.816
Nifty Next 50,2000-11-17,14.63,1.9,5.65,27.797
Nifty Next 50,2000-11-20,14.62,1.9,5.65,27.778
Nifty Next 50,2000-11-21,14.51,1.88,5.70,27.278799999999997
Nifty Next 50,2000-11-22,14.45,1.88,5.72,27.165999999999997
Nifty Next 50,2000-11-23,14.59,1.9,5.66,27.721
Nifty Next 50,2000-11-24,14.59,1.89,5.66,27.5751
Nifty Next 50,2000-11-27,15.0,1.95,5.51,29.25
Nifty Next 50,2000-11-28,15.02,1.95,5.50,29.288999999999998
Nifty Next 50,2000-11-29,15.13,1.96,5.46,29.6548
Nifty Next 50,2000-11-30,15.22,1.97,5.48,29.9834
Nifty Next 50,2000-12-01,15.28,1.97,5.46,30.101599999999998
Nifty Next 50,2000-12-04,15.3,1.98,5.46,30.294
Nifty Next 50,2000-12-05,15.49,2.0,5.39,30.98
Nifty Next 50,2000-12-06,15.72,2.03,5.31,31.9116
Nifty Next 50,2000-12-07,15.8,2.04,5.28,32.232
Nifty Next 50,2000-12-08,16.07,2.08,5.20,33.4256
Nifty Next 50,2000-12-11,16.29,2.1,5.12,34.209
Nifty Next 50,2000-12-12,16.31,2.11,5.12,34.4141
Nifty Next 50,2000-12-13,16.64,2.15,5.02,35.775999999999996
Nifty Next 50,2000-12-14,16.5,2.13,5.06,35.144999999999996
Nifty Next 50,2000-12-15,15.56,2.01,5.37,31.275599999999997
Nifty Next 50,2000-12-18,15.69,2.03,5.32,31.850699999999996
Nifty Next 50,2000-12-19,15.33,1.98,5.44,30.3534
Nifty Next 50,2000-12-20,15.37,1.98,5.43,30.432599999999997
Nifty Next 50,2000-12-21,15.01,1.94,5.56,29.1194
Nifty Next 50,2000-12-22,14.29,1.85,5.84,26.4365
Nifty Next 50,2000-12-26,13.91,1.8,6.00,25.038
Nifty Next 50,2000-12-27,14.36,1.85,5.81,26.566
Nifty Next 50,2000-12-28,14.65,1.89,5.70,27.688499999999998
Nifty Next 50,2000-12-29,14.9,1.93,5.60,28.757
Nifty Next 50,2001-01-01,14.86,1.92,5.62,28.5312
Nifty Next 50,2001-01-02,15.04,1.94,5.55,29.177599999999998
Nifty Next 50,2001-01-03,15.13,1.95,5.52,29.503500000000003
Nifty Next 50,2001-01-04,15.35,1.98,5.44,30.393
Nifty Next 50,2001-01-05,15.55,2.01,5.37,31.255499999999998
Nifty Next 50,2001-01-08,14.85,1.92,5.62,28.511999999999997
Nifty Next 50,2001-01-09,14.66,1.89,5.70,27.7074
Nifty Next 50,2001-01-10,14.65,1.89,5.70,27.688499999999998
Nifty Next 50,2001-01-11,14.46,1.87,5.77,27.040200000000002
Nifty Next 50,2001-01-12,14.42,1.86,5.79,26.8212
Nifty Next 50,2001-01-15,14.11,1.82,5.92,25.6802
Nifty Next 50,2001-01-16,14.11,1.82,5.91,25.6802
Nifty Next 50,2001-01-17,14.18,1.83,5.89,25.9494
Nifty Next 50,2001-01-18,14.34,1.85,5.82,26.529
Nifty Next 50,2001-01-19,14.64,1.89,5.70,27.6696
Nifty Next 50,2001-01-22,14.99,1.94,5.57,29.0806
Nifty Next 50,2001-01-23,14.82,1.91,5.63,28.3062
Nifty Next 50,2001-01-24,14.99,1.94,5.57,29.0806
Nifty Next 50,2001-01-25,14.96,1.93,5.58,28.8728
Nifty Next 50,2001-01-29,14.6,1.89,5.72,27.593999999999998
Nifty Next 50,2001-01-30,14.9,1.92,5.60,28.608
Nifty Next 50,2001-01-31,14.79,1.91,5.64,28.248899999999995
Nifty Next 50,2001-02-01,14.36,1.85,5.81,26.566
Nifty Next 50,2001-02-02,14.38,1.86,5.80,26.746800000000004
Nifty Next 50,2001-02-05,14.3,1.86,5.78,26.598000000000003
Nifty Next 50,2001-02-06,14.5,1.88,5.70,27.259999999999998
Nifty Next 50,2001-02-07,14.54,1.88,5.70,27.335199999999997
Nifty Next 50,2001-02-08,14.95,1.93,5.55,28.853499999999997
Nifty Next 50,2001-02-09,14.93,1.94,5.51,28.964199999999998
Nifty Next 50,2001-02-12,15.21,1.98,5.42,30.1158
Nifty Next 50,2001-02-13,14.84,1.93,5.55,28.641199999999998
Nifty Next 50,2001-02-14,15.32,1.99,5.37,30.4868
Nifty Next 50,2001-02-15,15.39,2.0,5.35,30.78
Nifty Next 50,2001-02-16,14.64,1.9,5.63,27.816
Nifty Next 50,2001-02-19,14.6,1.9,5.64,27.74
Nifty Next 50,2001-02-20,14.47,1.88,5.69,27.203599999999998
Nifty Next 50,2001-02-21,14.02,1.86,5.75,26.0772
Nifty Next 50,2001-02-22,13.72,1.82,5.87,24.9704
Nifty Next 50,2001-02-23,13.22,1.75,6.09,23.135
Nifty Next 50,2001-02-26,12.99,1.73,6.17,22.4727
Nifty Next 50,2001-02-27,12.34,1.64,6.46,20.237599999999997
Nifty Next 50,2001-02-28,12.94,1.72,6.19,22.2568
Nifty Next 50,2001-03-01,13.35,1.77,6.00,23.6295
Nifty Next 50,2001-03-02,12.67,1.69,6.32,21.4123
Nifty Next 50,2001-03-05,12.19,1.62,6.57,19.7478
Nifty Next 50,2001-03-07,12.04,1.6,6.65,19.264
Nifty Next 50,2001-03-08,11.73,1.56,6.83,18.2988
Nifty Next 50,2001-03-09,11.08,1.47,7.23,16.2876
Nifty Next 50,2001-03-12,10.44,1.39,7.68,14.511599999999998
Nifty Next 50,2001-03-13,9.6,1.28,8.35,12.288
Nifty Next 50,2001-03-14,10.06,1.34,7.97,13.480400000000001
Nifty Next 50,2001-03-15,10.38,1.38,7.72,14.3244
Nifty Next 50,2001-03-16,10.12,1.35,7.91,13.661999999999999
Nifty Next 50,2001-03-19,10.13,1.35,7.91,13.675500000000001
Nifty Next 50,2001-03-20,10.06,1.34,7.96,13.480400000000001
Nifty Next 50,2001-03-21,10.09,1.34,7.94,13.5206
Nifty Next 50,2001-03-22,10.11,1.34,7.93,13.5474
Nifty Next 50,2001-03-23,9.86,1.31,8.13,12.916599999999999
Nifty Next 50,2001-03-26,9.9,1.32,8.09,13.068000000000001
Nifty Next 50,2001-03-27,10.03,1.33,7.98,13.3399
Nifty Next 50,2001-03-28,10.26,1.37,7.83,14.0562
Nifty Next 50,2001-03-29,10.14,1.35,7.93,13.689000000000002
Nifty Next 50,2001-03-30,9.69,1.29,8.29,12.5001
Nifty Next 50,2001-04-02,9.29,1.23,8.66,11.426699999999999
Nifty Next 50,2001-04-03,9.41,1.25,8.55,11.7625
Nifty Next 50,2001-04-04,9.29,1.24,8.66,11.519599999999999
Nifty Next 50,2001-04-06,9.12,1.21,8.82,11.035199999999998
Nifty Next 50,2001-04-09,9.12,1.21,8.82,11.035199999999998
Nifty Next 50,2001-04-10,8.91,1.18,9.03,10.5138
Nifty Next 50,2001-04-11,8.72,1.16,9.22,10.1152
Nifty Next 50,2001-04-12,8.47,1.12,9.54,9.486400000000001
Nifty Next 50,2001-04-16,8.6,1.14,9.39,9.803999999999998
Nifty Next 50,2001-04-17,8.87,1.17,9.11,10.377899999999999
Nifty Next 50,2001-04-18,9.28,1.23,8.71,11.414399999999999
Nifty Next 50,2001-04-19,9.43,1.25,8.57,11.7875
Nifty Next 50,2001-04-20,8.65,1.25,8.56,10.8125
Nifty Next 50,2001-04-23,8.71,1.25,8.50,10.887500000000001
Nifty Next 50,2001-04-24,8.83,1.27,8.36,11.2141
Nifty Next 50,2001-04-25,9.06,1.31,8.14,11.8686
Nifty Next 50,2001-04-26,8.77,1.28,8.28,11.2256
Nifty Next 50,2001-04-27,8.35,1.2,8.77,10.02
Nifty Next 50,2001-04-30,8.47,1.22,8.64,10.333400000000001
Nifty Next 50,2001-05-02,8.58,1.23,8.62,10.5534
Nifty Next 50,2001-05-03,8.3,1.22,8.76,10.126000000000001
Nifty Next 50,2001-05-04,8.38,1.23,8.67,10.307400000000001
Nifty Next 50,2001-05-07,8.52,1.27,8.51,10.8204
Nifty Next 50,2001-05-08,8.61,1.29,8.42,11.1069
Nifty Next 50,2001-05-09,8.49,1.27,8.70,10.782300000000001
Nifty Next 50,2001-05-10,8.51,1.27,8.68,10.8077
Nifty Next 50,2001-05-11,8.4,1.25,8.80,10.5
Nifty Next 50,2001-05-14,8.38,1.25,8.82,10.475000000000001
Nifty Next 50,2001-05-15,8.29,1.23,8.91,10.196699999999998
Nifty Next 50,2001-05-16,8.52,1.27,8.78,10.8204
Nifty Next 50,2001-05-17,8.59,1.28,8.70,10.9952
Nifty Next 50,2001-05-18,8.63,1.28,8.66,11.046400000000002
Nifty Next 50,2001-05-21,8.6,1.27,8.71,10.921999999999999
Nifty Next 50,2001-05-22,8.68,1.28,8.63,11.1104
Nifty Next 50,2001-05-23,8.83,1.31,8.60,11.567300000000001
Nifty Next 50,2001-05-24,8.79,1.3,8.65,11.427
Nifty Next 50,2001-05-25,8.78,1.3,8.66,11.414
Nifty Next 50,2001-05-28,8.97,1.32,8.53,11.8404
Nifty Next 50,2001-05-29,9.06,1.33,8.45,12.049800000000001
Nifty Next 50,2001-05-30,8.98,1.32,8.57,11.853600000000002
Nifty Next 50,2001-05-31,8.61,1.24,8.62,10.6764
Nifty Next 50,2001-06-01,8.54,1.23,8.69,10.504199999999999
Nifty Next 50,2001-06-04,8.35,1.21,8.89,10.103499999999999
Nifty Next 50,2001-06-05,8.14,1.18,9.01,9.6052
Nifty Next 50,2001-06-06,8.17,1.2,8.94,9.804
Nifty Next 50,2001-06-07,8.02,1.18,9.11,9.4636
Nifty Next 50,2001-06-08,8.12,1.19,9.00,9.662799999999999
Nifty Next 50,2001-06-11,8.16,1.2,8.96,9.792
Nifty Next 50,2001-06-12,8.12,1.19,9.00,9.662799999999999
Nifty Next 50,2001-06-13,8.18,1.2,9.03,9.815999999999999
Nifty Next 50,2001-06-14,8.06,1.18,9.16,9.5108
Nifty Next 50,2001-06-15,7.86,1.15,9.40,9.039
Nifty Next 50,2001-06-18,7.73,1.13,9.55,8.7349
Nifty Next 50,2001-06-19,7.81,1.15,9.46,8.981499999999999
Nifty Next 50,2001-06-20,7.8,1.14,9.78,8.892
Nifty Next 50,2001-06-21,7.72,1.13,9.89,8.7236
Nifty Next 50,2001-06-22,7.56,1.11,10.10,8.3916
Nifty Next 50,2001-06-25,7.34,1.07,10.39,7.853800000000001
Nifty Next 50,2001-06-26,7.52,1.09,10.23,8.1968
Nifty Next 50,2001-06-27,7.97,1.09,10.20,8.6873
Nifty Next 50,2001-06-28,7.9,1.08,10.29,8.532000000000002
Nifty Next 50,2001-06-29,8.68,1.08,10.35,9.3744
Nifty Next 50,2001-07-02,8.76,1.04,10.59,9.1104
Nifty Next 50,2001-07-03,8.58,1.02,10.81,8.7516
Nifty Next 50,2001-07-04,8.51,1.01,10.90,8.5951
Nifty Next 50,2001-07-05,8.52,1.01,10.97,8.6052
Nifty Next 50,2001-07-06,8.45,1.0,11.06,8.45
Nifty Next 50,2001-07-09,8.53,1.01,11.03,8.6153
Nifty Next 50,2001-07-10,8.5,1.01,11.06,8.585
Nifty Next 50,2001-07-11,8.5,1.01,11.15,8.585
Nifty Next 50,2001-07-12,8.7,1.03,10.89,8.961
Nifty Next 50,2001-07-13,8.69,1.03,10.91,8.9507
Nifty Next 50,2001-07-16,8.57,1.02,11.48,8.7414
Nifty Next 50,2001-07-17,8.6,1.02,11.44,8.772
Nifty Next 50,2001-07-18,8.98,1.08,10.75,9.698400000000001
Nifty Next 50,2001-07-19,8.98,1.08,10.75,9.698400000000001
Nifty Next 50,2001-07-20,8.85,1.06,10.91,9.381
Nifty Next 50,2001-07-23,8.77,1.05,11.01,9.2085
Nifty Next 50,2001-07-24,8.75,1.05,11.11,9.1875
Nifty Next 50,2001-07-25,8.53,1.03,11.40,8.7859
Nifty Next 50,2001-07-26,8.44,1.02,11.52,8.6088
Nifty Next 50,2001-07-27,8.55,1.03,11.37,8.806500000000002
Nifty Next 50,2001-07-30,8.69,1.05,11.19,9.1245
Nifty Next 50,2001-07-31,7.14,1.04,11.21,7.4256
Nifty Next 50,2001-08-01,7.12,1.04,11.25,7.404800000000001
Nifty Next 50,2001-08-02,7.16,1.05,11.22,7.518000000000001
Nifty Next 50,2001-08-03,7.21,1.05,11.15,7.5705
Nifty Next 50,2001-08-06,7.18,1.05,11.19,7.539
Nifty Next 50,2001-08-07,7.13,1.04,11.28,7.4152000000000005
Nifty Next 50,2001-08-08,7.06,1.03,11.39,7.2718
Nifty Next 50,2001-08-09,7.0,1.02,11.48,7.140000000000001
Nifty Next 50,2001-08-10,6.97,1.02,11.53,7.1094
Nifty Next 50,2001-08-13,7.0,1.02,11.47,7.140000000000001
Nifty Next 50,2001-08-14,7.02,1.03,11.45,7.2306
Nifty Next 50,2001-08-16,7.03,1.03,11.43,7.240900000000001
Nifty Next 50,2001-08-17,7.05,1.03,11.40,7.2615
Nifty Next 50,2001-08-20,6.98,1.02,11.70,7.1196
Nifty Next 50,2001-08-21,6.99,1.02,11.68,7.1298
Nifty Next 50,2001-08-23,6.96,1.02,11.72,7.0992
Nifty Next 50,2001-08-24,6.93,1.01,11.77,6.9993
Nifty Next 50,2001-08-27,6.98,1.02,11.86,7.1196
Nifty Next 50,2001-08-28,6.94,1.01,11.93,7.0094
Nifty Next 50,2001-08-29,6.91,1.01,11.97,6.9791
Nifty Next 50,2001-08-30,6.88,1.0,12.03,6.88
Nifty Next 50,2001-08-31,6.79,0.99,12.18,6.7221
Nifty Next 50,2001-09-03,6.81,1.0,12.17,6.81
Nifty Next 50,2001-09-04,6.79,0.99,12.21,6.7221
Nifty Next 50,2001-09-05,6.79,0.99,12.35,6.7221
Nifty Next 50,2001-09-06,6.79,0.99,12.34,6.7221
Nifty Next 50,2001-09-07,6.74,0.98,12.52,6.6052
Nifty Next 50,2001-09-10,6.73,0.98,12.54,6.595400000000001
Nifty Next 50,2001-09-11,6.65,0.97,12.69,6.4505
Nifty Next 50,2001-09-12,6.43,0.94,13.15,6.044199999999999
Nifty Next 50,2001-09-13,6.44,0.94,13.14,6.0536
Nifty Next 50,2001-09-14,6.05,0.88,13.98,5.324
Nifty Next 50,2001-09-17,5.57,0.81,15.21,4.5117
Nifty Next 50,2001-09-18,5.78,0.84,14.65,4.8552
Nifty Next 50,2001-09-19,5.9,0.86,14.37,5.074
Nifty Next 50,2001-09-20,5.74,0.84,14.76,4.8216
Nifty Next 50,2001-09-21,5.62,0.82,15.09,4.6084
Nifty Next 50,2001-09-24,5.7,0.83,14.86,4.731
Nifty Next 50,2001-09-25,5.65,0.83,15.00,4.6895
Nifty Next 50,2001-09-26,5.74,0.82,15.05,4.7068
Nifty Next 50,2001-09-27,5.8,0.83,14.89,4.814
Nifty Next 50,2001-09-28,5.9,0.85,14.64,5.015000000000001
Nifty Next 50,2001-10-01,5.82,0.83,14.84,4.8306
Nifty Next 50,2001-10-03,5.78,0.83,14.95,4.7974
Nifty Next 50,2001-10-04,5.83,0.84,14.83,4.8972
Nifty Next 50,2001-10-05,5.91,0.85,14.63,5.0235
Nifty Next 50,2001-10-08,5.83,0.84,14.85,4.8972
Nifty Next 50,2001-10-09,5.89,0.84,14.68,4.9475999999999996
Nifty Next 50,2001-10-10,5.94,0.85,14.57,5.049
Nifty Next 50,2001-10-11,5.93,0.85,14.58,5.0405
Nifty Next 50,2001-10-12,5.96,0.86,14.50,5.1255999999999995
Nifty Next 50,2001-10-15,6.0,0.86,14.41,5.16
Nifty Next 50,2001-10-16,6.04,0.87,14.31,5.2548
Nifty Next 50,2001-10-17,6.13,0.88,14.11,5.3944
Nifty Next 50,2001-10-18,6.09,0.87,14.21,5.2983
Nifty Next 50,2001-10-19,6.13,0.88,14.11,5.3944
Nifty Next 50,2001-10-22,6.23,0.89,13.88,5.544700000000001
Nifty Next 50,2001-10-23,6.32,0.91,13.69,5.751200000000001
Nifty Next 50,2001-10-24,6.34,0.91,13.64,5.7694
Nifty Next 50,2001-10-25,6.41,0.92,13.50,5.897200000000001
Nifty Next 50,2001-10-29,6.47,0.93,13.37,6.0171
Nifty Next 50,2001-10-30,6.12,0.88,13.38,5.3856
Nifty Next 50,2001-10-31,6.13,0.88,13.36,5.3944
Nifty Next 50,2001-11-01,6.2,0.89,13.22,5.518000000000001
Nifty Next 50,2001-11-02,6.28,0.9,13.05,5.652
Nifty Next 50,2001-11-05,6.37,0.91,12.89,5.7967
Nifty Next 50,2001-11-06,6.5,0.93,12.63,6.045
Nifty Next 50,2001-11-07,6.44,0.92,12.75,5.9248
Nifty Next 50,2001-11-08,6.48,0.93,12.67,6.026400000000001
Nifty Next 50,2001-11-09,6.51,0.93,12.61,6.0543000000000005
Nifty Next 50,2001-11-12,6.59,0.95,12.45,6.2604999999999995
Nifty Next 50,2001-11-13,6.58,0.94,12.48,6.1852
Nifty Next 50,2001-11-14,6.64,0.95,12.35,6.308
Nifty Next 50,2001-11-15,6.73,0.97,12.19,6.5281
Nifty Next 50,2001-11-19,6.88,0.99,11.93,6.8111999999999995
Nifty Next 50,2001-11-20,6.83,0.98,12.01,6.6934
Nifty Next 50,2001-11-21,6.93,1.01,11.88,6.9993
Nifty Next 50,2001-11-22,6.98,1.02,11.79,7.1196
Nifty Next 50,2001-11-23,6.99,1.02,11.78,7.1298
Nifty Next 50,2001-11-26,7.11,1.04,11.59,7.394400000000001
Nifty Next 50,2001-11-27,7.1,1.03,11.60,7.313
Nifty Next 50,2001-11-28,5.99,1.02,11.71,6.1098
Nifty Next 50,2001-11-29,5.95,1.02,11.79,6.069
Nifty Next 50,2001-12-03,5.98,1.02,11.72,6.099600000000001
Nifty Next 50,2001-12-04,6.01,1.03,11.66,6.1903
Nifty Next 50,2001-12-05,6.12,1.05,11.45,6.426
Nifty Next 50,2001-12-06,6.05,1.04,11.58,6.292
Nifty Next 50,2001-12-07,6.04,1.03,11.61,6.2212000000000005
Nifty Next 50,2001-12-10,6.18,1.06,11.35,6.5508
Nifty Next 50,2001-12-11,6.21,1.06,11.35,6.5826
Nifty Next 50,2001-12-12,6.19,1.06,11.38,6.561400000000001
Nifty Next 50,2001-12-13,6.04,1.03,11.72,6.2212000000000005
Nifty Next 50,2001-12-14,6.02,1.03,11.76,6.2006
Nifty Next 50,2001-12-18,6.02,1.03,11.76,6.2006
Nifty Next 50,2001-12-19,5.88,1.01,12.03,5.9388
Nifty Next 50,2001-12-20,5.75,0.98,12.30,5.635
Nifty Next 50,2001-12-21,5.63,0.96,12.58,5.4048
Nifty Next 50,2001-12-24,5.51,0.94,12.84,5.179399999999999
Nifty Next 50,2001-12-26,5.57,0.95,12.70,5.2915
Nifty Next 50,2001-12-27,5.5,0.94,12.86,5.17
Nifty Next 50,2001-12-28,5.6,0.96,12.63,5.3759999999999994
Nifty Next 50,2001-12-31,5.84,1.0,12.11,5.84
Nifty Next 50,2002-01-01,5.8,0.99,12.20,5.742
Nifty Next 50,2002-01-02,5.82,1.0,12.15,5.82
Nifty Next 50,2002-01-03,5.89,1.01,12.01,5.9489
Nifty Next 50,2002-01-04,5.92,1.01,11.95,5.9792
Nifty Next 50,2002-01-07,5.94,1.02,11.92,6.058800000000001
Nifty Next 50,2002-01-08,5.91,1.01,11.97,5.9691
Nifty Next 50,2002-01-09,5.86,1.0,12.07,5.86
Nifty Next 50,2002-01-10,5.86,1.0,12.07,5.86
Nifty Next 50,2002-01-11,5.8,0.99,12.21,5.742
Nifty Next 50,2002-01-14,5.9,1.01,11.99,5.9590000000000005
Nifty Next 50,2002-01-15,5.88,1.01,12.02,5.9388
Nifty Next 50,2002-01-16,5.93,1.01,11.94,5.9893
Nifty Next 50,2002-01-17,5.58,1.05,10.24,5.859
Nifty Next 50,2002-01-18,5.58,1.05,10.23,5.859
Nifty Next 50,2002-01-21,5.59,1.06,10.21,5.9254
Nifty Next 50,2002-01-22,5.59,1.06,10.21,5.9254
Nifty Next 50,2002-01-23,6.31,1.05,10.25,6.6255
Nifty Next 50,2002-01-24,6.25,1.04,10.35,6.5
Nifty Next 50,2002-01-25,5.04,0.95,9.84,4.787999999999999
Nifty Next 50,2002-01-28,5.05,0.95,9.80,4.797499999999999
Nifty Next 50,2002-01-29,5.21,0.98,9.57,5.1057999999999995
Nifty Next 50,2002-01-30,5.17,0.97,9.65,5.0149
Nifty Next 50,2002-01-31,5.28,0.99,9.46,5.2272
Nifty Next 50,2002-02-01,5.38,1.01,9.27,5.4338
Nifty Next 50,2002-02-04,5.54,1.04,9.00,5.7616000000000005
Nifty Next 50,2002-02-05,6.25,1.05,8.92,6.5625
Nifty Next 50,2002-02-06,6.62,1.12,8.42,7.4144000000000005
Nifty Next 50,2002-02-07,6.63,1.12,8.41,7.4256
Nifty Next 50,2002-02-08,6.63,1.12,8.41,7.4256
Nifty Next 50,2002-02-11,6.72,1.13,8.29,7.593599999999999
Nifty Next 50,2002-02-12,6.69,1.13,8.33,7.559699999999999
Nifty Next 50,2002-02-13,6.81,1.15,8.18,7.831499999999999
Nifty Next 50,2002-02-14,6.88,1.16,8.10,7.9807999999999995
Nifty Next 50,2002-02-15,6.92,1.17,8.06,8.0964
Nifty Next 50,2002-02-18,6.88,1.16,8.10,7.9807999999999995
Nifty Next 50,2002-02-19,6.77,1.14,8.27,7.717799999999999
Nifty Next 50,2002-02-20,6.7,1.13,8.36,7.571
Nifty Next 50,2002-02-21,6.76,1.14,8.28,7.7063999999999995
Nifty Next 50,2002-02-22,6.79,1.14,8.24,7.7406
Nifty Next 50,2002-02-25,6.79,1.14,8.24,7.7406
Nifty Next 50,2002-02-26,6.96,1.17,8.05,8.1432
Nifty Next 50,2002-02-27,6.89,1.16,8.13,7.992399999999999
Nifty Next 50,2002-02-28,6.54,1.1,8.56,7.194000000000001
Nifty Next 50,2002-03-01,6.73,1.13,8.29,7.6049
Nifty Next 50,2002-03-04,6.84,1.15,8.16,7.866
Nifty Next 50,2002-03-05,6.88,1.16,8.11,7.9807999999999995
Nifty Next 50,2002-03-06,6.9,1.16,8.08,8.004
Nifty Next 50,2002-03-07,6.91,1.16,8.08,8.0156
Nifty Next 50,2002-03-08,6.87,1.16,8.11,7.9692
Nifty Next 50,2002-03-11,6.78,1.14,8.22,7.7292
Nifty Next 50,2002-03-12,6.71,1.13,8.31,7.582299999999999
Nifty Next 50,2002-03-13,6.74,1.13,8.27,7.616199999999999
Nifty Next 50,2002-03-14,6.79,1.14,1.96,7.7406
Nifty Next 50,2002-03-15,6.91,1.16,1.92,8.0156
Nifty Next 50,2002-03-18,6.94,1.17,1.91,8.1198
Nifty Next 50,2002-03-19,6.82,1.15,1.96,7.843
Nifty Next 50,2002-03-20,6.82,1.15,1.96,7.843
Nifty Next 50,2002-03-21,6.73,1.14,1.97,7.6722
Nifty Next 50,2002-03-22,6.69,1.13,1.98,7.559699999999999
Nifty Next 50,2002-03-26,6.72,1.14,1.97,7.660799999999999
Nifty Next 50,2002-03-27,6.75,1.14,1.96,7.694999999999999
Nifty Next 50,2002-03-28,6.8,1.15,1.95,7.819999999999999
Nifty Next 50,2002-04-01,6.95,1.17,1.89,8.131499999999999
Nifty Next 50,2002-04-02,6.86,1.16,1.91,7.9576
Nifty Next 50,2002-04-03,6.84,1.15,1.92,7.866
Nifty Next 50,2002-04-04,6.9,1.16,1.90,8.004
Nifty Next 50,2002-04-05,6.96,1.17,1.89,8.1432
Nifty Next 50,2002-04-08,6.91,1.16,1.94,8.0156
Nifty Next 50,2002-04-09,6.93,1.17,1.93,8.108099999999999
Nifty Next 50,2002-04-10,6.93,1.17,1.93,8.108099999999999
Nifty Next 50,2002-04-11,7.01,1.18,1.91,8.271799999999999
Nifty Next 50,2002-04-12,7.06,1.19,1.90,8.401399999999999
Nifty Next 50,2002-04-15,7.03,1.18,1.98,8.295399999999999
Nifty Next 50,2002-04-16,7.05,1.19,1.97,8.3895
Nifty Next 50,2002-04-17,7.06,1.19,1.97,8.401399999999999
Nifty Next 50,2002-04-18,7.05,1.19,1.97,8.3895
Nifty Next 50,2002-04-19,6.91,1.16,2.02,8.0156
Nifty Next 50,2002-04-22,6.89,1.15,2.03,7.923499999999999
Nifty Next 50,2002-04-23,6.92,1.16,2.02,8.027199999999999
Nifty Next 50,2002-04-24,7.14,1.21,2.01,8.6394
Nifty Next 50,2002-04-25,6.95,1.16,2.03,8.062
Nifty Next 50,2002-04-26,7.25,1.17,2.03,8.4825
Nifty Next 50,2002-04-29,7.21,1.17,2.02,8.435699999999999
Nifty Next 50,2002-04-30,7.35,1.19,1.99,8.7465
Nifty Next 50,2002-05-02,7.4,1.2,1.97,8.88
Nifty Next 50,2002-05-03,7.37,1.19,1.92,8.770299999999999
Nifty Next 50,2002-05-06,7.38,1.21,1.90,8.9298
Nifty Next 50,2002-05-07,7.41,1.21,1.89,8.966099999999999
Nifty Next 50,2002-05-08,7.44,1.22,1.89,9.0768
Nifty Next 50,2002-05-09,7.53,1.23,1.86,9.2619
Nifty Next 50,2002-05-10,7.39,1.21,1.78,8.941899999999999
Nifty Next 50,2002-05-13,7.43,1.22,1.80,9.064599999999999
Nifty Next 50,2002-05-14,7.64,1.25,1.78,9.549999999999999
Nifty Next 50,2002-05-15,7.48,1.22,1.82,9.1256
Nifty Next 50,2002-05-16,7.45,1.22,1.83,9.089
Nifty Next 50,2002-05-17,7.34,1.2,1.78,8.808
Nifty Next 50,2002-05-20,7.11,1.16,1.84,8.2476
Nifty Next 50,2002-05-21,6.82,1.12,1.91,7.638400000000001
Nifty Next 50,2002-05-22,6.91,1.11,1.88,7.670100000000001
Nifty Next 50,2002-05-23,6.86,1.1,1.89,7.546000000000001
Nifty Next 50,2002-05-24,6.95,1.12,1.72,7.784000000000001
Nifty Next 50,2002-05-27,6.89,1.11,1.74,7.6479
Nifty Next 50,2002-05-28,7.12,1.29,1.84,9.184800000000001
Nifty Next 50,2002-05-29,7.26,1.31,1.92,9.5106
Nifty Next 50,2002-05-30,7.21,1.3,1.94,9.373000000000001
Nifty Next 50,2002-05-31,8.56,1.18,2.11,10.1008
Nifty Next 50,2002-06-03,8.68,1.19,2.08,10.329199999999998
Nifty Next 50,2002-06-04,8.21,1.17,2.10,9.6057
Nifty Next 50,2002-06-05,8.35,1.19,2.15,9.936499999999999
Nifty Next 50,2002-06-06,8.34,1.19,2.16,9.9246
Nifty Next 50,2002-06-07,8.26,1.18,2.18,9.746799999999999
Nifty Next 50,2002-06-10,8.54,1.22,2.12,10.4188
Nifty Next 50,2002-06-11,8.83,1.26,2.05,11.1258
Nifty Next 50,2002-06-12,8.97,1.28,2.01,11.4816
Nifty Next 50,2002-06-13,8.93,1.28,2.02,11.4304
Nifty Next 50,2002-06-14,9.0,1.29,2.04,11.61
Nifty Next 50,2002-06-17,9.04,1.29,1.93,11.6616
Nifty Next 50,2002-06-18,8.96,1.28,1.95,11.468800000000002
Nifty Next 50,2002-06-19,8.81,1.26,1.98,11.1006
Nifty Next 50,2002-06-20,8.86,1.27,1.97,11.2522
Nifty Next 50,2002-06-21,8.99,1.26,1.74,11.3274
Nifty Next 50,2002-06-24,9.06,1.27,1.75,11.506200000000002
Nifty Next 50,2002-06-25,9.01,1.26,1.76,11.3526
Nifty Next 50,2002-06-26,8.69,1.22,1.70,10.601799999999999
Nifty Next 50,2002-06-27,8.95,1.27,1.75,11.366499999999998
Nifty Next 50,2002-06-28,8.26,1.09,3.30,9.003400000000001
Nifty Next 50,2002-07-01,8.34,1.1,3.26,9.174000000000001
Nifty Next 50,2002-07-02,8.36,1.11,3.26,9.2796
Nifty Next 50,2002-07-03,8.4,1.11,3.24,9.324000000000002
Nifty Next 50,2002-07-04,8.43,1.12,3.23,9.441600000000001
Nifty Next 50,2002-07-05,8.5,1.12,3.20,9.520000000000001
Nifty Next 50,2002-07-08,8.55,1.13,3.18,9.6615
Nifty Next 50,2002-07-09,8.51,1.13,3.20,9.616299999999999
Nifty Next 50,2002-07-10,8.45,1.12,3.22,9.464
Nifty Next 50,2002-07-11,8.32,1.1,3.27,9.152000000000001
Nifty Next 50,2002-07-12,8.36,1.11,3.26,9.2796
Nifty Next 50,2002-07-15,8.22,1.09,3.31,8.959800000000001
Nifty Next 50,2002-07-16,8.14,1.08,3.34,8.791200000000002
Nifty Next 50,2002-07-17,8.06,1.07,3.38,8.624200000000002
Nifty Next 50,2002-07-18,8.31,1.1,3.28,9.141000000000002
Nifty Next 50,2002-07-19,8.19,1.08,3.32,8.8452
Nifty Next 50,2002-07-22,7.93,1.05,3.43,8.3265
Nifty Next 50,2002-07-23,8.1,1.07,3.36,8.667
Nifty Next 50,2002-07-24,7.96,1.05,3.42,8.358
Nifty Next 50,2002-07-25,7.99,1.06,3.41,8.4694
Nifty Next 50,2002-07-26,7.8,1.03,3.49,8.034
Nifty Next 50,2002-07-29,7.64,1.01,3.56,7.7164
Nifty Next 50,2002-07-30,7.52,1.0,3.62,7.52
Nifty Next 50,2002-07-31,7.44,0.98,3.66,7.2912
Nifty Next 50,2002-08-01,7.47,0.99,3.64,7.3953
Nifty Next 50,2002-08-02,7.42,0.98,3.67,7.271599999999999
Nifty Next 50,2002-08-05,7.54,1.0,3.61,7.54
Nifty Next 50,2002-08-06,7.64,1.01,3.56,7.7164
Nifty Next 50,2002-08-07,7.67,1.02,3.55,7.8234
Nifty Next 50,2002-08-08,7.45,0.99,3.65,7.3755
Nifty Next 50,2002-08-09,7.47,0.99,3.64,7.3953
Nifty Next 50,2002-08-12,7.53,1.0,3.61,7.53
Nifty Next 50,2002-08-13,7.52,1.0,3.62,7.52
Nifty Next 50,2002-08-14,7.49,0.99,3.63,7.4151
Nifty Next 50,2002-08-16,7.48,0.99,3.64,7.405200000000001
Nifty Next 50,2002-08-19,7.49,0.99,3.63,7.4151
Nifty Next 50,2002-08-20,7.56,1.0,3.60,7.56
Nifty Next 50,2002-08-21,7.59,1.0,3.58,7.59
Nifty Next 50,2002-08-22,7.57,1.0,3.60,7.57
Nifty Next 50,2002-08-23,7.58,1.0,3.59,7.58
Nifty Next 50,2002-08-26,7.56,1.0,3.60,7.56
Nifty Next 50,2002-08-27,7.45,0.99,3.65,7.3755
Nifty Next 50,2002-08-28,7.45,0.99,3.65,7.3755
Nifty Next 50,2002-08-29,7.35,0.97,3.71,7.129499999999999
Nifty Next 50,2002-08-30,7.42,0.98,3.67,7.271599999999999
Nifty Next 50,2002-09-02,7.42,0.98,3.67,7.271599999999999
Nifty Next 50,2002-09-03,7.39,0.98,3.68,7.2421999999999995
Nifty Next 50,2002-09-04,7.43,0.98,3.66,7.2814
Nifty Next 50,2002-09-05,7.39,0.98,3.69,7.2421999999999995
Nifty Next 50,2002-09-06,7.26,0.96,3.75,6.9696
Nifty Next 50,2002-09-09,6.9,0.91,3.94,6.279000000000001
Nifty Next 50,2002-09-11,6.97,0.92,3.90,6.4124
Nifty Next 50,2002-09-12,7.0,0.93,3.89,6.510000000000001
Nifty Next 50,2002-09-13,6.95,0.92,3.92,6.394
Nifty Next 50,2002-09-16,6.9,0.91,3.94,6.279000000000001
Nifty Next 50,2002-09-17,6.9,0.91,3.95,6.279000000000001
Nifty Next 50,2002-09-18,6.76,0.89,4.03,6.0164
Nifty Next 50,2002-09-19,6.71,0.89,4.06,5.9719
Nifty Next 50,2002-09-20,6.72,0.89,4.05,5.9807999999999995
Nifty Next 50,2002-09-23,6.67,0.88,4.08,5.8696
Nifty Next 50,2002-09-24,6.64,0.88,4.10,5.8431999999999995
Nifty Next 50,2002-09-25,6.65,0.88,4.09,5.852
Nifty Next 50,2002-09-26,6.64,0.88,4.10,5.8431999999999995
Nifty Next 50,2002-09-27,6.66,0.88,4.09,5.8608
Nifty Next 50,2002-09-30,6.48,0.86,4.20,5.5728
Nifty Next 50,2002-10-01,6.44,0.85,4.23,5.474
Nifty Next 50,2002-10-03,6.44,0.85,4.23,5.474
Nifty Next 50,2002-10-04,6.47,0.86,4.21,5.5642
Nifty Next 50,2002-10-07,6.68,0.88,4.07,5.8784
Nifty Next 50,2002-10-08,6.71,0.89,4.05,5.9719
Nifty Next 50,2002-10-09,6.7,0.89,4.06,5.963
Nifty Next 50,2002-10-10,6.67,0.88,4.08,5.8696
Nifty Next 50,2002-10-11,6.69,0.89,4.07,5.9541
Nifty Next 50,2002-10-14,6.62,0.88,4.11,5.8256000000000006
Nifty Next 50,2002-10-16,6.51,0.86,4.18,5.598599999999999
Nifty Next 50,2002-10-17,6.56,0.87,4.15,5.707199999999999
Nifty Next 50,2002-10-18,6.6,0.87,4.12,5.742
Nifty Next 50,2002-10-21,6.59,0.87,4.13,5.7333
Nifty Next 50,2002-10-22,6.56,0.87,4.15,5.707199999999999
Nifty Next 50,2002-10-23,6.53,0.86,4.17,5.6158
Nifty Next 50,2002-10-24,6.51,0.86,4.18,5.598599999999999
Nifty Next 50,2002-10-25,6.51,0.86,4.18,5.598599999999999
Nifty Next 50,2002-10-28,6.84,0.91,3.98,6.2244
Nifty Next 50,2002-10-29,6.53,0.86,4.17,5.6158
Nifty Next 50,2002-10-30,6.56,0.87,4.15,5.707199999999999
Nifty Next 50,2002-10-31,6.56,0.87,4.15,5.707199999999999
Nifty Next 50,2002-11-01,6.56,0.87,4.15,5.707199999999999
Nifty Next 50,2002-11-04,6.61,0.88,4.12,5.816800000000001
Nifty Next 50,2002-11-05,6.56,0.87,4.15,5.707199999999999
Nifty Next 50,2002-11-07,6.55,0.87,4.15,5.6985
Nifty Next 50,2002-11-08,6.55,0.87,4.16,5.6985
Nifty Next 50,2002-11-11,6.54,0.87,4.16,5.6898
Nifty Next 50,2002-11-12,6.52,0.86,4.17,5.6072
Nifty Next 50,2002-11-13,6.52,0.86,4.17,5.6072
Nifty Next 50,2002-11-14,6.51,0.86,4.18,5.598599999999999
Nifty Next 50,2002-11-15,6.53,0.86,4.17,5.6158
Nifty Next 50,2002-11-18,10.85,0.93,3.61,10.0905
Nifty Next 50,2002-11-20,10.89,0.94,3.59,10.2366
Nifty Next 50,2002-11-21,10.98,0.94,3.57,10.3212
Nifty Next 50,2002-11-22,11.12,0.95,3.52,10.563999999999998
Nifty Next 50,2002-11-25,11.21,0.96,3.49,10.7616
Nifty Next 50,2002-11-26,11.26,0.97,3.48,10.9222
Nifty Next 50,2002-11-27,11.26,0.97,3.48,10.9222
Nifty Next 50,2002-11-28,11.35,0.97,3.45,11.0095
Nifty Next 50,2002-11-29,11.55,0.99,3.39,11.4345
Nifty Next 50,2002-12-02,11.88,1.02,3.29,12.117600000000001
Nifty Next 50,2002-12-03,11.72,1.01,3.34,11.837200000000001
Nifty Next 50,2002-12-04,11.57,0.99,3.38,11.4543
Nifty Next 50,2002-12-05,11.72,1.01,3.34,11.837200000000001
Nifty Next 50,2002-12-06,11.94,1.03,3.28,12.2982
Nifty Next 50,2002-12-09,11.83,1.02,3.31,12.066600000000001
Nifty Next 50,2002-12-10,11.85,1.02,3.30,12.087
Nifty Next 50,2002-12-11,11.95,1.03,3.28,12.3085
Nifty Next 50,2002-12-12,12.02,1.03,3.26,12.3806
Nifty Next 50,2002-12-13,12.25,1.05,3.20,12.8625
Nifty Next 50,2002-12-16,12.11,1.04,3.23,12.5944
Nifty Next 50,2002-12-17,12.02,1.03,3.26,12.3806
Nifty Next 50,2002-12-18,12.02,1.03,3.26,12.3806
Nifty Next 50,2002-12-19,12.01,1.03,3.26,12.3703
Nifty Next 50,2002-12-20,12.06,1.04,3.25,12.5424
Nifty Next 50,2002-12-23,11.93,1.02,3.28,12.1686
Nifty Next 50,2002-12-24,12.09,1.04,3.24,12.5736
Nifty Next 50,2002-12-26,12.18,1.05,3.21,12.789
Nifty Next 50,2002-12-27,12.21,1.05,3.21,12.820500000000001
Nifty Next 50,2002-12-30,12.19,1.05,3.21,12.7995
Nifty Next 50,2002-12-31,12.26,1.05,3.19,12.873000000000001
Nifty Next 50,2003-01-01,12.29,1.06,3.18,13.0274
Nifty Next 50,2003-01-02,12.16,1.04,3.22,12.6464
Nifty Next 50,2003-01-03,12.07,1.04,3.24,12.552800000000001
Nifty Next 50,2003-01-06,12.04,1.03,3.25,12.4012
Nifty Next 50,2003-01-07,12.05,1.04,3.25,12.532000000000002
Nifty Next 50,2003-01-08,12.21,1.05,3.21,12.820500000000001
Nifty Next 50,2003-01-09,12.38,1.06,3.16,13.122800000000002
Nifty Next 50,2003-01-10,12.33,1.06,3.17,13.0698
Nifty Next 50,2003-01-13,12.35,1.06,3.17,13.091000000000001
Nifty Next 50,2003-01-14,12.39,1.06,3.16,13.133400000000002
Nifty Next 50,2003-01-15,12.47,1.07,3.14,13.342900000000002
Nifty Next 50,2003-01-16,12.51,1.07,3.13,13.3857
Nifty Next 50,2003-01-17,12.53,1.08,3.12,13.5324
Nifty Next 50,2003-01-20,12.5,1.07,3.13,13.375
Nifty Next 50,2003-01-21,12.63,1.09,3.10,13.766700000000002
Nifty Next 50,2003-01-22,12.53,1.08,3.12,13.5324
Nifty Next 50,2003-01-23,12.45,1.07,3.14,13.3215
Nifty Next 50,2003-01-24,12.17,1.05,3.22,12.778500000000001
Nifty Next 50,2003-01-27,11.82,1.02,3.31,12.0564
Nifty Next 50,2003-01-28,11.99,1.03,3.26,12.3497
Nifty Next 50,2003-01-29,12.04,1.03,3.25,12.4012
Nifty Next 50,2003-01-30,11.99,1.03,3.26,12.3497
Nifty Next 50,2003-01-31,11.95,1.03,3.28,12.3085
Nifty Next 50,2003-02-03,12.12,1.04,3.23,12.6048
Nifty Next 50,2003-02-04,12.11,1.04,3.23,12.5944
Nifty Next 50,2003-02-05,12.05,1.04,3.25,12.532000000000002
Nifty Next 50,2003-02-06,12.15,1.04,3.22,12.636000000000001
Nifty Next 50,2003-02-07,12.11,1.04,3.23,12.5944
Nifty Next 50,2003-02-10,11.89,1.02,3.29,12.1278
Nifty Next 50,2003-02-11,11.85,1.02,3.30,12.087
Nifty Next 50,2003-02-12,11.8,1.01,3.32,11.918000000000001
Nifty Next 50,2003-02-14,11.61,1.0,3.37,11.61
Nifty Next 50,2003-02-17,11.96,1.03,3.27,12.318800000000001
Nifty Next 50,2003-02-18,12.01,1.03,3.26,12.3703
Nifty Next 50,2003-02-19,12.2,1.05,3.21,12.81
Nifty Next 50,2003-02-20,12.21,1.05,3.20,12.820500000000001
Nifty Next 50,2003-02-21,12.16,1.04,3.22,12.6464
Nifty Next 50,2003-02-24,12.21,1.05,3.21,12.820500000000001
Nifty Next 50,2003-02-25,12.03,1.03,3.25,12.3909
Nifty Next 50,2003-02-26,11.9,1.02,3.29,12.138
Nifty Next 50,2003-02-27,12.08,1.04,3.24,12.5632
Nifty Next 50,2003-02-28,12.05,1.03,3.25,12.4115
Nifty Next 50,2003-03-03,12.07,1.04,3.24,12.552800000000001
Nifty Next 50,2003-03-04,11.57,0.99,3.38,11.4543
Nifty Next 50,2003-03-05,11.56,0.99,3.38,11.4444
Nifty Next 50,2003-03-06,11.49,0.99,3.41,11.3751
Nifty Next 50,2003-03-07,11.28,0.97,3.47,10.9416
Nifty Next 50,2003-03-10,11.04,0.95,3.55,10.488
Nifty Next 50,2003-03-11,11.12,0.95,3.52,10.563999999999998
Nifty Next 50,2003-03-12,11.06,0.95,3.54,10.507
Nifty Next 50,2003-03-13,11.02,0.95,3.55,10.469
Nifty Next 50,2003-03-17,12.24,1.05,3.20,12.852
Nifty Next 50,2003-03-19,12.07,1.04,3.50,12.552800000000001
Nifty Next 50,2003-03-20,12.24,1.06,3.46,12.974400000000001
Nifty Next 50,2003-03-21,12.34,1.07,3.43,13.203800000000001
Nifty Next 50,2003-03-22,12.49,1.08,3.39,13.4892
Nifty Next 50,2003-03-24,12.21,1.06,3.46,12.942600000000002
Nifty Next 50,2003-03-25,12.19,1.05,3.47,12.7995
Nifty Next 50,2003-03-26,12.17,1.05,3.47,12.778500000000001
Nifty Next 50,2003-03-27,12.14,1.05,3.48,12.747000000000002
Nifty Next 50,2003-03-28,12.04,1.04,3.51,12.5216
Nifty Next 50,2003-03-31,11.68,1.01,3.62,11.7968
Nifty Next 50,2003-04-01,8.17,0.95,3.22,7.7615
Nifty Next 50,2003-04-02,8.35,0.98,3.16,8.183
Nifty Next 50,2003-04-03,8.47,0.99,3.11,8.3853
Nifty Next 50,2003-04-04,8.81,1.03,2.99,9.074300000000001
Nifty Next 50,2003-04-07,8.95,1.05,2.94,9.397499999999999
Nifty Next 50,2003-04-08,8.94,1.04,2.95,9.2976
Nifty Next 50,2003-04-09,8.83,1.03,2.98,9.0949
Nifty Next 50,2003-04-10,8.63,1.01,3.05,8.7163
Nifty Next 50,2003-04-11,8.64,1.01,3.05,8.7264
Nifty Next 50,2003-04-15,8.64,1.01,3.05,8.7264
Nifty Next 50,2003-04-16,8.68,1.01,3.04,8.7668
Nifty Next 50,2003-04-17,8.63,1.01,3.05,8.7163
Nifty Next 50,2003-04-21,8.73,1.02,3.02,8.9046
Nifty Next 50,2003-04-22,8.72,1.02,3.02,8.894400000000001
Nifty Next 50,2003-04-23,8.62,1.01,3.05,8.706199999999999
Nifty Next 50,2003-04-24,8.64,1.01,3.05,8.7264
Nifty Next 50,2003-04-25,8.67,1.01,3.04,8.7567
Nifty Next 50,2003-04-28,8.83,1.03,2.98,9.0949
Nifty Next 50,2003-04-29,8.74,1.02,3.01,8.9148
Nifty Next 50,2003-04-30,9.28,1.09,2.84,10.1152
Nifty Next 50,2003-05-02,9.46,1.11,2.78,10.500600000000002
Nifty Next 50,2003-05-05,9.68,1.13,2.72,10.938399999999998
Nifty Next 50,2003-05-06,9.75,1.14,2.70,11.114999999999998
Nifty Next 50,2003-05-07,9.69,1.13,2.72,10.949699999999998
Nifty Next 50,2003-05-08,9.63,1.13,2.74,10.8819
Nifty Next 50,2003-05-09,9.73,1.14,2.71,11.0922
Nifty Next 50,2003-05-12,10.0,1.17,2.63,11.7
Nifty Next 50,2003-05-13,10.08,1.18,2.61,11.8944
Nifty Next 50,2003-05-14,10.31,1.2,2.56,12.372
Nifty Next 50,2003-05-15,10.43,1.22,2.53,12.724599999999999
Nifty Next 50,2003-05-16,10.39,1.21,2.54,12.571900000000001
Nifty Next 50,2003-05-19,10.31,1.2,2.56,12.372
Nifty Next 50,2003-05-20,10.45,1.22,2.52,12.748999999999999
Nifty Next 50,2003-05-21,10.7,1.25,2.46,13.375
Nifty Next 50,2003-05-22,10.85,1.27,2.43,13.7795
Nifty Next 50,2003-05-23,10.96,1.28,2.40,14.028800000000002
Nifty Next 50,2003-05-26,11.17,1.3,2.36,14.521
Nifty Next 50,2003-05-27,11.04,1.29,2.39,14.2416
Nifty Next 50,2003-05-28,11.34,1.32,2.32,14.9688
Nifty Next 50,2003-05-29,11.56,1.35,2.28,15.606000000000002
Nifty Next 50,2003-05-30,11.54,1.35,2.28,15.579
Nifty Next 50,2003-06-02,11.19,1.31,2.35,14.6589
Nifty Next 50,2003-06-03,11.37,1.33,2.32,15.1221
Nifty Next 50,2003-06-04,11.4,1.33,2.31,15.162
Nifty Next 50,2003-06-05,11.41,1.33,2.31,15.175300000000002
Nifty Next 50,2003-06-06,11.35,1.33,2.32,15.0955
Nifty Next 50,2003-06-09,11.6,1.36,2.27,15.776
Nifty Next 50,2003-06-10,11.25,1.31,2.34,14.7375
Nifty Next 50,2003-06-11,11.43,1.34,2.30,15.3162
Nifty Next 50,2003-06-12,11.52,1.35,2.29,15.552
Nifty Next 50,2003-06-13,11.47,1.34,2.30,15.369800000000001
Nifty Next 50,2003-06-16,11.35,1.33,2.32,15.0955
Nifty Next 50,2003-06-17,11.6,1.36,2.27,15.776
Nifty Next 50,2003-06-18,11.59,1.35,2.27,15.646500000000001
Nifty Next 50,2003-06-19,11.83,1.38,2.23,16.3254
Nifty Next 50,2003-06-20,11.96,1.4,2.20,16.744
Nifty Next 50,2003-06-23,12.01,1.4,2.19,16.814
Nifty Next 50,2003-06-24,12.06,1.41,2.18,17.0046
Nifty Next 50,2003-06-25,12.2,1.43,2.16,17.445999999999998
Nifty Next 50,2003-06-26,12.18,1.42,2.16,17.2956
Nifty Next 50,2003-06-27,12.28,1.44,2.15,17.6832
Nifty Next 50,2003-06-30,12.38,1.45,2.13,17.951
Nifty Next 50,2003-07-01,10.34,1.44,2.18,14.8896
Nifty Next 50,2003-07-02,10.51,1.46,2.15,15.3446
Nifty Next 50,2003-07-03,10.73,1.5,2.10,16.095
Nifty Next 50,2003-07-04,10.74,1.5,2.10,16.11
Nifty Next 50,2003-07-07,10.94,1.52,2.06,16.6288
Nifty Next 50,2003-07-08,10.86,1.51,2.07,16.3986
Nifty Next 50,2003-07-09,10.7,1.49,2.11,15.943
Nifty Next 50,2003-07-10,10.88,1.52,2.07,16.5376
Nifty Next 50,2003-07-11,10.96,1.53,2.06,16.768800000000002
Nifty Next 50,2003-07-14,11.17,1.56,2.02,17.4252
Nifty Next 50,2003-07-15,11.08,1.54,2.03,17.063200000000002
Nifty Next 50,2003-07-16,11.4,1.59,1.98,18.126
Nifty Next 50,2003-07-17,11.17,1.56,2.02,17.4252
Nifty Next 50,2003-07-18,11.08,1.54,2.03,17.063200000000002
Nifty Next 50,2003-07-21,10.95,1.53,2.06,16.7535
Nifty Next 50,2003-07-22,10.76,1.5,2.10,16.14
Nifty Next 50,2003-07-23,10.84,1.51,2.08,16.3684
Nifty Next 50,2003-07-24,11.01,1.53,2.05,16.8453
Nifty Next 50,2003-07-25,11.29,1.57,2.00,17.7253
Nifty Next 50,2003-07-28,11.41,1.59,1.97,18.1419
Nifty Next 50,2003-07-29,11.52,1.61,1.96,18.5472
Nifty Next 50,2003-07-30,11.78,1.64,1.91,19.3192
Nifty Next 50,2003-07-31,11.63,1.62,1.94,18.840600000000002
Nifty Next 50,2003-08-01,10.08,1.51,2.14,15.2208
Nifty Next 50,2003-08-04,9.32,1.52,2.13,14.166400000000001
Nifty Next 50,2003-08-05,9.16,1.49,2.17,13.6484
Nifty Next 50,2003-08-06,9.05,1.47,2.19,13.303500000000001
Nifty Next 50,2003-08-07,9.23,1.5,2.15,13.845
Nifty Next 50,2003-08-08,9.33,1.52,2.13,14.1816
Nifty Next 50,2003-08-11,9.39,1.53,2.12,14.366700000000002
Nifty Next 50,2003-08-12,9.35,1.52,2.12,14.212
Nifty Next 50,2003-08-13,9.38,1.53,2.12,14.351400000000002
Nifty Next 50,2003-08-14,9.44,1.54,2.10,14.5376
Nifty Next 50,2003-08-18,9.72,1.58,2.04,15.357600000000001
Nifty Next 50,2003-08-19,9.73,1.58,2.04,15.373400000000002
Nifty Next 50,2003-08-20,9.8,1.59,2.03,15.582000000000003
Nifty Next 50,2003-08-21,9.9,1.61,2.01,15.939000000000002
Nifty Next 50,2003-08-22,9.9,1.61,2.01,15.939000000000002
Nifty Next 50,2003-08-25,9.59,1.56,2.07,14.9604
Nifty Next 50,2003-08-26,10.02,1.63,1.98,16.3326
Nifty Next 50,2003-08-27,10.34,1.68,1.92,17.371199999999998
Nifty Next 50,2003-08-28,10.42,1.69,1.91,17.6098
Nifty Next 50,2003-08-29,10.46,1.7,1.90,17.782
Nifty Next 50,2003-09-01,10.51,1.71,1.89,17.972099999999998
Nifty Next 50,2003-09-02,10.53,1.71,1.89,18.0063
Nifty Next 50,2003-09-03,10.3,1.68,1.93,17.304000000000002
Nifty Next 50,2003-09-04,10.3,1.68,1.93,17.304000000000002
Nifty Next 50,2003-09-05,10.4,1.69,1.91,17.576
Nifty Next 50,2003-09-08,10.64,1.73,1.87,18.4072
Nifty Next 50,2003-09-09,10.59,1.72,1.88,18.2148
Nifty Next 50,2003-09-10,10.66,1.73,1.86,18.4418
Nifty Next 50,2003-09-11,10.71,1.74,1.86,18.6354
Nifty Next 50,2003-09-12,10.5,1.71,1.89,17.955
Nifty Next 50,2003-09-15,10.25,1.67,1.94,17.1175
Nifty Next 50,2003-09-16,10.51,1.71,1.89,17.972099999999998
Nifty Next 50,2003-09-17,10.49,1.71,1.89,17.9379
Nifty Next 50,2003-09-18,10.31,1.68,1.93,17.3208
Nifty Next 50,2003-09-19,10.31,1.68,1.93,17.3208
Nifty Next 50,2003-09-22,10.26,1.67,1.94,17.1342
Nifty Next 50,2003-09-23,10.33,1.68,1.92,17.3544
Nifty Next 50,2003-09-24,10.57,1.72,1.88,18.1804
Nifty Next 50,2003-09-25,10.57,1.72,1.88,18.1804
Nifty Next 50,2003-09-26,10.98,1.78,1.81,19.5444
Nifty Next 50,2003-09-29,11.14,1.81,1.78,20.163400000000003
Nifty Next 50,2003-09-30,11.34,1.84,1.75,20.8656
Nifty Next 50,2003-10-01,11.33,1.84,1.75,20.8472
Nifty Next 50,2003-10-03,11.41,1.86,1.74,21.2226
Nifty Next 50,2003-10-06,11.61,1.89,1.71,21.942899999999998
Nifty Next 50,2003-10-07,11.62,1.89,1.71,21.961799999999997
Nifty Next 50,2003-10-08,11.73,1.91,1.69,22.4043
Nifty Next 50,2003-10-09,11.8,1.92,1.68,22.656
Nifty Next 50,2003-10-10,11.89,1.93,1.67,22.9477
Nifty Next 50,2003-10-13,12.13,1.97,1.64,23.8961
Nifty Next 50,2003-10-14,11.78,1.91,1.69,22.499799999999997
Nifty Next 50,2003-10-15,12.04,1.96,1.65,23.598399999999998
Nifty Next 50,2003-10-16,12.22,1.99,1.63,24.317800000000002
Nifty Next 50,2003-10-17,12.22,1.99,1.63,24.317800000000002
Nifty Next 50,2003-10-20,11.93,1.94,1.67,23.144199999999998
Nifty Next 50,2003-10-21,11.58,1.88,1.72,21.7704
Nifty Next 50,2003-10-22,11.46,1.86,1.73,21.315600000000003
Nifty Next 50,2003-10-23,11.46,1.86,1.73,21.315600000000003
Nifty Next 50,2003-10-24,11.71,1.9,1.70,22.249000000000002
Nifty Next 50,2003-10-25,11.91,1.94,1.67,23.1054
Nifty Next 50,2003-10-27,11.64,1.89,1.71,21.9996
Nifty Next 50,2003-10-28,11.69,1.9,1.70,22.211
Nifty Next 50,2003-10-29,11.81,1.92,1.68,22.6752
Nifty Next 50,2003-10-30,11.97,1.95,1.66,23.3415
Nifty Next 50,2003-10-31,12.26,1.99,1.62,24.3974
Nifty Next 50,2003-11-03,12.23,1.99,1.62,24.3377
Nifty Next 50,2003-11-04,12.37,2.01,1.61,24.863699999999994
Nifty Next 50,2003-11-05,12.32,2.0,1.61,24.64
Nifty Next 50,2003-11-06,12.46,2.03,1.59,25.2938
Nifty Next 50,2003-11-07,12.36,2.01,1.61,24.843599999999995
Nifty Next 50,2003-11-10,12.33,2.0,1.61,24.66
Nifty Next 50,2003-11-11,12.58,2.05,1.58,25.788999999999998
Nifty Next 50,2003-11-12,12.7,2.07,1.56,26.288999999999998
Nifty Next 50,2003-11-13,12.49,2.03,1.59,25.354699999999998
Nifty Next 50,2003-11-14,12.34,2.01,1.61,24.803399999999996
Nifty Next 50,2003-11-15,12.42,2.02,1.60,25.0884
Nifty Next 50,2003-11-17,12.58,2.05,1.58,25.788999999999998
Nifty Next 50,2003-11-18,12.58,2.05,1.58,25.788999999999998
Nifty Next 50,2003-11-19,12.44,2.02,1.60,25.1288
Nifty Next 50,2003-11-20,12.28,2.0,1.62,24.56
Nifty Next 50,2003-11-21,12.28,2.0,1.62,24.56
Nifty Next 50,2003-11-24,12.37,2.01,1.61,24.863699999999994
Nifty Next 50,2003-11-25,12.58,2.05,1.58,25.788999999999998
Nifty Next 50,2003-11-27,12.71,2.07,1.56,26.3097
Nifty Next 50,2003-11-28,12.93,2.1,1.54,27.153000000000002
Nifty Next 50,2003-12-01,13.13,2.14,1.51,28.098200000000002
Nifty Next 50,2003-12-02,13.21,2.15,1.50,28.401500000000002
Nifty Next 50,2003-12-03,13.4,2.18,1.48,29.212000000000003
Nifty Next 50,2003-12-04,13.57,2.21,1.46,29.9897
Nifty Next 50,2003-12-05,13.47,2.19,1.48,29.4993
Nifty Next 50,2003-12-08,13.73,2.23,1.45,30.617900000000002
Nifty Next 50,2003-12-09,13.97,2.27,1.42,31.7119
Nifty Next 50,2003-12-10,13.77,2.24,1.44,30.844800000000003
Nifty Next 50,2003-12-11,13.82,2.25,1.44,31.095
Nifty Next 50,2003-12-12,13.94,2.27,1.42,31.6438
Nifty Next 50,2003-12-15,14.17,2.3,1.40,32.590999999999994
Nifty Next 50,2003-12-16,14.11,2.29,1.41,32.3119
Nifty Next 50,2003-12-17,14.13,2.3,1.41,32.499
Nifty Next 50,2003-12-18,14.35,2.33,1.43,33.4355
Nifty Next 50,2003-12-19,14.43,2.35,1.38,33.9105
Nifty Next 50,2003-12-22,14.76,2.4,1.35,35.424
Nifty Next 50,2003-12-23,14.86,2.42,1.34,35.9612
Nifty Next 50,2003-12-24,15.18,2.47,1.31,37.494600000000005
Nifty Next 50,2003-12-26,15.43,2.51,1.29,38.729299999999995
Nifty Next 50,2003-12-29,15.72,2.56,1.26,40.2432
Nifty Next 50,2003-12-30,15.62,2.54,1.27,39.6748
Nifty Next 50,2003-12-31,15.73,2.56,1.26,40.2688
Nifty Next 50,2004-01-01,16.07,2.61,1.29,41.9427
Nifty Next 50,2004-01-02,16.2,2.63,1.23,42.605999999999995
Nifty Next 50,2004-01-05,16.05,2.61,1.21,41.8905
Nifty Next 50,2004-01-06,15.95,2.59,1.21,41.3105
Nifty Next 50,2004-01-07,15.76,2.56,1.19,40.3456
Nifty Next 50,2004-01-08,16.44,2.67,1.24,43.894800000000004
Nifty Next 50,2004-01-09,16.59,2.7,1.26,44.793
Nifty Next 50,2004-01-12,16.53,2.69,1.25,44.465700000000005
Nifty Next 50,2004-01-13,16.63,2.7,1.26,44.901
Nifty Next 50,2004-01-14,16.8,2.73,1.27,45.864000000000004
Nifty Next 50,2004-01-15,16.63,2.7,1.26,44.901
Nifty Next 50,2004-01-16,16.06,2.61,1.22,41.916599999999995
Nifty Next 50,2004-01-19,16.11,2.62,1.22,42.2082
Nifty Next 50,2004-01-20,16.08,2.61,1.22,41.968799999999995
Nifty Next 50,2004-01-21,15.36,2.5,1.16,38.4
Nifty Next 50,2004-01-22,15.01,2.44,1.14,36.6244
Nifty Next 50,2004-01-23,15.67,2.55,1.19,39.958499999999994
Nifty Next 50,2004-01-27,16.54,2.69,1.25,44.492599999999996
Nifty Next 50,2004-01-28,16.21,2.64,1.23,42.7944
Nifty Next 50,2004-01-29,16.07,2.61,1.22,41.9427
Nifty Next 50,2004-01-30,15.56,2.53,1.28,39.3668
Nifty Next 50,2004-02-03,14.86,2.42,1.34,35.9612
Nifty Next 50,2004-02-04,15.17,2.47,1.37,37.4699
Nifty Next 50,2004-02-05,15.22,2.48,1.31,37.7456
Nifty Next 50,2004-02-06,15.68,2.55,1.27,39.983999999999995
Nifty Next 50,2004-02-09,15.95,2.59,1.25,41.3105
Nifty Next 50,2004-02-10,15.9,2.59,1.25,41.181
Nifty Next 50,2004-02-11,16.03,2.61,1.24,41.838300000000004
Nifty Next 50,2004-02-12,16.18,2.64,1.22,42.7152
Nifty Next 50,2004-02-13,16.42,2.68,1.21,44.00560000000001
Nifty Next 50,2004-02-16,16.56,2.7,1.20,44.711999999999996
Nifty Next 50,2004-02-17,16.63,2.71,1.19,45.067299999999996
Nifty Next 50,2004-02-18,16.52,2.69,1.20,44.4388
Nifty Next 50,2004-02-19,16.19,2.64,1.22,42.741600000000005
Nifty Next 50,2004-02-20,16.03,2.61,1.24,41.838300000000004
Nifty Next 50,2004-02-23,15.64,2.55,1.27,39.882
Nifty Next 50,2004-02-24,15.68,2.56,1.26,40.1408
Nifty Next 50,2004-02-25,15.5,2.53,1.28,39.214999999999996
Nifty Next 50,2004-02-26,15.26,2.49,1.30,37.997400000000006
Nifty Next 50,2004-02-27,15.35,2.5,1.29,38.375
Nifty Next 50,2004-03-01,12.03,2.4,2.34,28.871999999999996
Nifty Next 50,2004-03-03,12.09,2.41,2.33,29.1369
Nifty Next 50,2004-03-04,12.02,2.4,2.34,28.848
Nifty Next 50,2004-03-05,12.13,2.42,2.32,29.3546
Nifty Next 50,2004-03-08,12.34,2.46,2.28,30.3564
Nifty Next 50,2004-03-09,12.26,2.45,2.30,30.037000000000003
Nifty Next 50,2004-03-10,12.16,2.42,2.32,29.4272
Nifty Next 50,2004-03-11,11.98,2.39,2.35,28.6322
Nifty Next 50,2004-03-12,11.87,2.39,2.35,28.3693
Nifty Next 50,2004-03-15,11.53,2.32,2.42,26.749599999999997
Nifty Next 50,2004-03-16,11.38,2.29,2.45,26.060200000000002
Nifty Next 50,2004-03-17,11.5,2.32,2.42,26.68
Nifty Next 50,2004-03-18,11.34,2.28,2.46,25.855199999999996
Nifty Next 50,2004-03-19,11.43,2.3,2.44,26.288999999999998
Nifty Next 50,2004-03-22,11.1,2.23,2.51,24.753
Nifty Next 50,2004-03-23,10.99,2.21,2.54,24.2879
Nifty Next 50,2004-03-24,11.03,2.22,2.53,24.4866
Nifty Next 50,2004-03-25,11.2,2.25,2.49,25.2
Nifty Next 50,2004-03-26,11.58,2.33,2.41,26.9814
Nifty Next 50,2004-03-29,11.75,2.37,2.37,27.8475
Nifty Next 50,2004-03-30,11.85,2.38,2.35,28.203
Nifty Next 50,2004-03-31,11.93,2.4,2.34,28.631999999999998
Nifty Next 50,2004-04-01,12.22,2.46,2.28,30.0612
Nifty Next 50,2004-04-02,12.38,2.49,2.25,30.826200000000004
Nifty Next 50,2004-04-05,12.51,2.52,2.23,31.525199999999998
Nifty Next 50,2004-04-06,12.45,2.51,2.24,31.249499999999994
Nifty Next 50,2004-04-07,12.45,2.51,2.24,31.249499999999994
Nifty Next 50,2004-04-08,12.6,2.54,2.21,32.004
Nifty Next 50,2004-04-12,12.61,2.54,2.21,32.0294
Nifty Next 50,2004-04-13,12.84,2.58,2.17,33.1272
Nifty Next 50,2004-04-15,12.99,2.61,2.15,33.9039
Nifty Next 50,2004-04-16,13.11,2.64,2.13,34.6104
Nifty Next 50,2004-04-17,13.2,2.66,2.11,35.112
Nifty Next 50,2004-04-19,13.05,2.63,2.14,34.3215
Nifty Next 50,2004-04-20,12.98,2.61,2.15,33.8778
Nifty Next 50,2004-04-21,13.18,2.65,2.12,34.927
Nifty Next 50,2004-04-22,13.38,2.69,2.08,35.992200000000004
Nifty Next 50,2004-04-23,13.5,2.72,2.07,36.720000000000006
Nifty Next 50,2004-04-27,12.84,2.59,2.17,33.2556
Nifty Next 50,2004-04-28,12.85,2.59,2.17,33.281499999999994
Nifty Next 50,2004-04-29,12.92,2.6,2.16,33.592
Nifty Next 50,2004-04-30,12.8,2.58,2.18,33.024
Nifty Next 50,2004-05-03,11.28,2.51,2.23,28.312799999999996
Nifty Next 50,2004-05-04,11.64,2.59,2.17,30.1476
Nifty Next 50,2004-05-05,11.62,2.59,2.17,30.095799999999997
Nifty Next 50,2004-05-06,11.88,2.64,2.12,31.363200000000003
Nifty Next 50,2004-05-07,11.79,2.62,2.14,30.889799999999997
Nifty Next 50,2004-05-10,11.56,2.57,2.18,29.7092
Nifty Next 50,2004-05-11,10.76,2.44,2.30,26.2544
Nifty Next 50,2004-05-12,10.81,2.46,2.28,26.5926
Nifty Next 50,2004-05-13,10.72,2.44,2.30,26.1568
Nifty Next 50,2004-05-14,9.27,2.16,2.59,20.0232
Nifty Next 50,2004-05-17,7.97,1.9,2.95,15.142999999999999
Nifty Next 50,2004-05-18,8.52,2.06,2.72,17.551199999999998
Nifty Next 50,2004-05-19,9.12,2.2,2.49,20.064
Nifty Next 50,2004-05-20,9.22,2.22,2.47,20.468400000000003
Nifty Next 50,2004-05-21,9.11,2.19,2.50,19.950899999999997
Nifty Next 50,2004-05-24,9.13,2.26,2.51,20.6338
Nifty Next 50,2004-05-25,9.07,2.24,2.53,20.316800000000004
Nifty Next 50,2004-05-26,8.73,2.26,2.51,19.729799999999997
Nifty Next 50,2004-05-27,8.64,2.24,2.53,19.353600000000004
Nifty Next 50,2004-05-28,8.23,2.13,2.67,17.5299
Nifty Next 50,2004-05-31,7.84,1.91,2.81,14.9744
Nifty Next 50,2004-06-01,7.97,1.94,2.76,15.461799999999998
Nifty Next 50,2004-06-02,8.13,1.98,2.71,16.0974
Nifty Next 50,2004-06-03,8.1,1.98,2.72,16.038
Nifty Next 50,2004-06-04,8.17,1.99,2.70,16.2583
Nifty Next 50,2004-06-07,8.25,2.01,2.67,16.5825
Nifty Next 50,2004-06-08,8.25,2.01,2.67,16.5825
Nifty Next 50,2004-06-09,8.31,2.03,2.65,16.8693
Nifty Next 50,2004-06-10,8.3,2.03,2.65,16.849
Nifty Next 50,2004-06-11,8.13,1.99,2.71,16.178700000000003
Nifty Next 50,2004-06-14,7.81,1.93,2.73,15.073299999999998
Nifty Next 50,2004-06-15,7.89,1.95,2.71,15.385499999999999
Nifty Next 50,2004-06-16,7.91,1.96,2.70,15.5036
Nifty Next 50,2004-06-17,7.94,1.96,2.69,15.5624
Nifty Next 50,2004-06-18,7.9,1.95,2.70,15.405000000000001
Nifty Next 50,2004-06-21,7.77,1.92,2.76,14.918399999999998
Nifty Next 50,2004-06-22,7.69,1.9,2.79,14.611
Nifty Next 50,2004-06-23,7.5,1.85,2.86,13.875
Nifty Next 50,2004-06-24,7.55,1.86,2.84,14.043000000000001
Nifty Next 50,2004-06-25,7.66,1.89,2.80,14.4774
Nifty Next 50,2004-06-28,7.84,1.87,2.74,14.6608
Nifty Next 50,2004-06-29,7.91,1.89,2.71,14.9499
Nifty Next 50,2004-06-30,7.94,1.89,2.70,15.0066
Nifty Next 50,2004-07-01,8.05,1.92,2.67,15.456000000000001
Nifty Next 50,2004-07-02,8.07,1.93,2.66,15.5751
Nifty Next 50,2004-07-05,7.66,1.9,2.75,14.554
Nifty Next 50,2004-07-06,7.7,1.91,2.73,14.706999999999999
Nifty Next 50,2004-07-07,7.71,1.91,2.73,14.726099999999999
Nifty Next 50,2004-07-08,7.53,1.87,2.80,14.081100000000001
Nifty Next 50,2004-07-09,7.69,1.91,2.74,14.6879
Nifty Next 50,2004-07-12,7.81,1.89,2.61,14.760899999999998
Nifty Next 50,2004-07-13,7.8,1.88,2.61,14.664
Nifty Next 50,2004-07-14,7.81,1.89,2.61,14.760899999999998
Nifty Next 50,2004-07-15,7.86,1.9,2.59,14.934
Nifty Next 50,2004-07-16,7.99,1.93,2.55,15.4207
Nifty Next 50,2004-07-19,8.06,1.95,2.48,15.717
Nifty Next 50,2004-07-20,8.02,1.94,2.49,15.558799999999998
Nifty Next 50,2004-07-21,8.04,1.94,2.48,15.597599999999998
Nifty Next 50,2004-07-22,8.19,1.98,2.44,16.2162
Nifty Next 50,2004-07-23,8.25,1.99,2.42,16.4175
Nifty Next 50,2004-07-26,8.28,2.0,2.44,16.56
Nifty Next 50,2004-07-27,8.11,1.96,2.49,15.895599999999998
Nifty Next 50,2004-07-28,8.05,1.94,2.51,15.617
Nifty Next 50,2004-07-29,8.13,1.97,2.49,16.0161
Nifty Next 50,2004-07-30,8.13,1.97,2.49,16.0161
Nifty Next 50,2004-08-02,8.14,1.97,2.52,16.035800000000002
Nifty Next 50,2004-08-03,8.18,1.98,2.51,16.1964
Nifty Next 50,2004-08-04,8.19,1.98,2.51,16.2162
Nifty Next 50,2004-08-05,8.34,2.02,2.46,16.846799999999998
Nifty Next 50,2004-08-06,8.28,2.0,2.48,16.56
Nifty Next 50,2004-08-09,8.27,2.01,2.48,16.6227
Nifty Next 50,2004-08-10,8.27,2.01,2.48,16.6227
Nifty Next 50,2004-08-11,8.11,1.97,2.52,15.9767
Nifty Next 50,2004-08-12,8.06,1.95,2.54,15.717
Nifty Next 50,2004-08-13,8.05,1.95,2.54,15.697500000000002
Nifty Next 50,2004-08-16,8.01,1.9,2.61,15.219
Nifty Next 50,2004-08-17,8.07,1.91,2.59,15.4137
Nifty Next 50,2004-08-18,8.05,1.91,2.60,15.3755
Nifty Next 50,2004-08-19,8.07,1.92,2.59,15.4944
Nifty Next 50,2004-08-20,8.01,1.9,2.61,15.219
Nifty Next 50,2004-08-23,7.92,1.88,2.64,14.8896
Nifty Next 50,2004-08-24,7.97,1.89,2.63,15.063299999999998
Nifty Next 50,2004-08-25,8.01,1.9,2.61,15.219
Nifty Next 50,2004-08-26,8.1,1.92,2.58,15.552
Nifty Next 50,2004-08-27,8.2,1.95,2.55,15.989999999999998
Nifty Next 50,2004-08-30,8.38,1.99,2.50,16.6762
Nifty Next 50,2004-08-31,8.42,1.99,2.49,16.7558
Nifty Next 50,2004-09-01,8.51,2.02,2.46,17.1902
Nifty Next 50,2004-09-02,8.52,2.02,2.46,17.2104
Nifty Next 50,2004-09-03,8.62,2.04,2.43,17.584799999999998
Nifty Next 50,2004-09-06,8.73,2.07,2.40,18.071099999999998
Nifty Next 50,2004-09-07,8.79,2.08,2.38,18.283199999999997
Nifty Next 50,2004-09-08,8.79,2.08,2.38,18.283199999999997
Nifty Next 50,2004-09-09,8.69,2.06,2.41,17.9014
Nifty Next 50,2004-09-10,8.74,2.07,2.40,18.0918
Nifty Next 50,2004-09-13,8.74,2.07,2.43,18.0918
Nifty Next 50,2004-09-14,8.76,2.07,2.42,18.1332
Nifty Next 50,2004-09-15,8.78,2.08,2.42,18.2624
Nifty Next 50,2004-09-16,8.91,2.11,2.38,18.8001
Nifty Next 50,2004-09-17,8.99,2.13,2.36,19.148699999999998
Nifty Next 50,2004-09-20,9.0,2.13,2.36,19.169999999999998
Nifty Next 50,2004-09-21,9.09,2.15,2.34,19.543499999999998
Nifty Next 50,2004-09-22,9.25,2.19,2.30,20.2575
Nifty Next 50,2004-09-23,9.14,2.16,2.33,19.742400000000004
Nifty Next 50,2004-09-24,9.16,2.17,2.32,19.8772
Nifty Next 50,2004-09-27,9.18,2.17,2.32,19.9206
Nifty Next 50,2004-09-28,9.13,2.16,2.33,19.720800000000004
Nifty Next 50,2004-09-29,9.2,2.18,2.31,20.056
Nifty Next 50,2004-09-30,9.23,2.19,2.31,20.2137
Nifty Next 50,2004-10-01,9.28,2.2,2.29,20.416
Nifty Next 50,2004-10-04,9.34,2.15,2.28,20.081
Nifty Next 50,2004-10-05,9.48,2.18,2.25,20.666400000000003
Nifty Next 50,2004-10-06,9.45,2.18,2.25,20.601
Nifty Next 50,2004-10-07,9.46,2.18,2.25,20.622800000000005
Nifty Next 50,2004-10-08,9.47,2.18,2.25,20.644600000000004
Nifty Next 50,2004-10-09,9.51,2.19,2.24,20.8269
Nifty Next 50,2004-10-11,9.41,2.17,2.26,20.4197
Nifty Next 50,2004-10-12,9.23,2.13,2.31,19.6599
Nifty Next 50,2004-10-14,9.19,2.12,2.32,19.4828
Nifty Next 50,2004-10-15,9.18,2.11,2.32,19.369799999999998
Nifty Next 50,2004-10-18,9.18,2.11,2.32,19.369799999999998
Nifty Next 50,2004-10-19,9.26,2.13,2.30,19.723799999999997
Nifty Next 50,2004-10-20,9.21,2.12,2.31,19.5252
Nifty Next 50,2004-10-21,9.16,2.11,2.32,19.3276
Nifty Next 50,2004-10-25,9.0,2.07,2.36,18.63
Nifty Next 50,2004-10-26,9.06,2.09,2.35,18.9354
Nifty Next 50,2004-10-27,9.2,2.12,2.31,19.503999999999998
Nifty Next 50,2004-10-28,9.19,2.12,2.31,19.4828
Nifty Next 50,2004-10-29,9.18,2.11,2.32,19.369799999999998
Nifty Next 50,2004-11-01,9.25,2.13,2.30,19.7025
Nifty Next 50,2004-11-02,9.33,2.15,2.28,20.0595
Nifty Next 50,2004-11-03,9.47,2.18,2.25,20.644600000000004
Nifty Next 50,2004-11-04,9.51,2.19,2.24,20.8269
Nifty Next 50,2004-11-05,9.51,2.19,2.24,20.8269
Nifty Next 50,2004-11-08,9.48,2.18,2.26,20.666400000000003
Nifty Next 50,2004-11-09,9.4,2.17,2.28,20.398
Nifty Next 50,2004-11-10,9.46,2.18,2.27,20.622800000000005
Nifty Next 50,2004-11-11,9.46,2.18,2.27,20.622800000000005
Nifty Next 50,2004-11-12,9.51,2.19,2.26,20.8269
Nifty Next 50,2004-11-16,9.62,2.22,2.29,21.3564
Nifty Next 50,2004-11-17,9.81,2.26,2.24,22.1706
Nifty Next 50,2004-11-18,9.95,2.29,2.21,22.7855
Nifty Next 50,2004-11-19,9.83,2.26,2.24,22.215799999999998
Nifty Next 50,2004-11-22,9.8,2.26,2.25,22.148
Nifty Next 50,2004-11-23,9.97,2.3,2.21,22.931
Nifty Next 50,2004-11-24,10.04,2.31,2.19,23.1924
Nifty Next 50,2004-11-25,10.05,2.31,2.19,23.215500000000002
Nifty Next 50,2004-11-29,10.21,2.35,2.15,23.993500000000004
Nifty Next 50,2004-11-30,10.23,2.36,2.15,24.1428
Nifty Next 50,2004-12-01,10.4,2.4,2.12,24.96
Nifty Next 50,2004-12-02,10.69,2.46,2.06,26.2974
Nifty Next 50,2004-12-03,10.69,2.46,2.06,26.2974
Nifty Next 50,2004-12-06,10.64,2.45,2.07,26.068000000000005
Nifty Next 50,2004-12-07,10.63,2.45,2.07,26.043500000000005
Nifty Next 50,2004-12-08,10.59,2.44,2.08,25.8396
Nifty Next 50,2004-12-09,10.64,2.45,2.07,26.068000000000005
Nifty Next 50,2004-12-10,11.01,2.48,2.04,27.3048
Nifty Next 50,2004-12-13,12.84,2.64,2.06,33.897600000000004
Nifty Next 50,2004-12-14,12.98,2.67,2.03,34.6566
Nifty Next 50,2004-12-15,13.08,2.69,2.02,35.1852
Nifty Next 50,2004-12-16,13.23,2.72,1.99,35.985600000000005
Nifty Next 50,2004-12-17,13.27,2.72,1.99,36.0944
Nifty Next 50,2004-12-20,13.38,2.75,1.97,36.795
Nifty Next 50,2004-12-21,13.52,2.78,1.95,37.5856
Nifty Next 50,2004-12-22,13.52,2.78,1.95,37.5856
Nifty Next 50,2004-12-23,13.82,2.84,1.91,39.248799999999996
Nifty Next 50,2004-12-24,13.83,2.84,1.91,39.2772
Nifty Next 50,2004-12-27,13.97,2.87,1.89,40.093900000000005
Nifty Next 50,2004-12-28,14.14,2.9,1.87,41.006
Nifty Next 50,2004-12-29,14.02,2.88,1.88,40.377599999999994
Nifty Next 50,2004-12-30,13.93,2.86,1.89,39.8398
Nifty Next 50,2004-12-31,14.19,2.91,1.86,41.2929
Nifty Next 50,2005-01-03,14.37,2.95,1.84,42.3915
Nifty Next 50,2005-01-04,14.44,2.97,1.83,42.8868
Nifty Next 50,2005-01-05,13.94,2.86,1.89,39.868399999999994
Nifty Next 50,2005-01-06,13.63,2.8,1.94,38.164
Nifty Next 50,2005-01-07,13.79,2.83,1.91,39.0257
Nifty Next 50,2005-01-10,13.67,2.81,1.93,38.4127
Nifty Next 50,2005-01-11,13.3,2.73,1.99,36.309000000000005
Nifty Next 50,2005-01-12,12.82,2.63,2.06,33.7166
Nifty Next 50,2005-01-13,13.29,2.73,1.99,36.2817
Nifty Next 50,2005-01-14,13.22,2.71,2.00,35.8262
Nifty Next 50,2005-01-17,13.28,2.73,1.99,36.2544
Nifty Next 50,2005-01-18,13.36,2.74,1.98,36.6064
Nifty Next 50,2005-01-19,13.23,2.72,2.00,35.985600000000005
Nifty Next 50,2005-01-20,13.05,2.68,2.02,34.974000000000004
Nifty Next 50,2005-01-24,13.16,2.6,2.05,34.216
Nifty Next 50,2005-01-25,13.25,2.63,2.03,34.8475
Nifty Next 50,2005-01-27,13.23,2.66,2.01,35.1918
Nifty Next 50,2005-01-28,13.57,2.7,1.97,36.639
Nifty Next 50,2005-01-31,12.93,2.73,1.95,35.298899999999996
Nifty Next 50,2005-02-01,13.01,2.73,1.95,35.5173
Nifty Next 50,2005-02-02,13.18,2.77,1.93,36.5086
Nifty Next 50,2005-02-03,13.37,2.81,1.90,37.5697
Nifty Next 50,2005-02-04,13.37,2.81,1.90,37.5697
Nifty Next 50,2005-02-07,13.32,2.8,1.93,37.296
Nifty Next 50,2005-02-08,13.23,2.79,1.94,36.9117
Nifty Next 50,2005-02-09,13.33,2.81,1.93,37.457300000000004
Nifty Next 50,2005-02-10,13.38,2.82,1.92,37.7316
Nifty Next 50,2005-02-11,13.39,2.82,1.92,37.7598
Nifty Next 50,2005-02-14,13.42,2.82,1.92,37.8444
Nifty Next 50,2005-02-15,13.34,2.81,1.93,37.4854
Nifty Next 50,2005-02-16,13.29,2.8,1.93,37.211999999999996
Nifty Next 50,2005-02-17,13.2,2.78,1.95,36.696
Nifty Next 50,2005-02-18,13.19,2.78,1.95,36.6682
Nifty Next 50,2005-02-21,13.77,2.82,1.91,38.831399999999995
Nifty Next 50,2005-02-22,13.98,2.86,1.88,39.9828
Nifty Next 50,2005-02-23,14.04,2.88,1.87,40.435199999999995
Nifty Next 50,2005-02-24,14.0,2.87,1.88,40.18
Nifty Next 50,2005-02-25,13.91,2.85,1.89,39.6435
Nifty Next 50,2005-02-28,14.17,2.96,1.84,41.9432
Nifty Next 50,2005-03-01,14.16,2.96,1.84,41.9136
Nifty Next 50,2005-03-02,14.45,3.02,1.81,43.638999999999996
Nifty Next 50,2005-03-03,14.6,3.05,1.79,44.529999999999994
Nifty Next 50,2005-03-04,14.7,3.07,1.78,45.129
Nifty Next 50,2005-03-07,14.93,3.12,1.75,46.5816
Nifty Next 50,2005-03-08,15.08,3.15,1.73,47.501999999999995
Nifty Next 50,2005-03-09,14.95,3.12,1.75,46.644
Nifty Next 50,2005-03-10,15.02,3.14,1.74,47.1628
Nifty Next 50,2005-03-11,14.94,3.12,1.75,46.6128
Nifty Next 50,2005-03-14,14.81,3.1,1.77,45.911
Nifty Next 50,2005-03-15,14.73,3.08,1.78,45.3684
Nifty Next 50,2005-03-16,14.7,3.07,1.78,45.129
Nifty Next 50,2005-03-17,14.5,3.03,1.80,43.934999999999995
Nifty Next 50,2005-03-18,14.4,3.01,1.82,43.344
Nifty Next 50,2005-03-21,14.4,3.01,1.82,43.344
Nifty Next 50,2005-03-22,13.99,2.93,1.87,40.990700000000004
Nifty Next 50,2005-03-23,13.61,2.84,1.92,38.65239999999999
Nifty Next 50,2005-03-24,13.59,2.84,1.92,38.5956
Nifty Next 50,2005-03-28,13.69,2.86,1.91,39.1534
Nifty Next 50,2005-03-29,13.41,2.8,1.95,37.547999999999995
Nifty Next 50,2005-03-30,13.55,2.83,1.93,38.346500000000006
Nifty Next 50,2005-03-31,13.82,2.89,1.89,39.939800000000005
Nifty Next 50,2005-04-01,14.03,2.94,1.86,41.2482
Nifty Next 50,2005-04-04,14.09,2.95,1.85,41.5655
Nifty Next 50,2005-04-05,13.91,2.91,1.88,40.478100000000005
Nifty Next 50,2005-04-06,13.97,2.92,1.87,40.7924
Nifty Next 50,2005-04-07,13.93,2.91,1.88,40.536300000000004
Nifty Next 50,2005-04-08,13.9,2.91,1.88,40.449000000000005
Nifty Next 50,2005-04-11,13.72,2.87,1.90,39.376400000000004
Nifty Next 50,2005-04-12,13.81,2.89,1.89,39.910900000000005
Nifty Next 50,2005-04-13,13.83,2.89,1.89,39.968700000000005
Nifty Next 50,2005-04-15,13.49,2.82,1.94,38.041799999999995
Nifty Next 50,2005-04-18,13.37,2.8,1.97,37.43599999999999
Nifty Next 50,2005-04-19,13.27,2.77,2.00,36.7579
Nifty Next 50,2005-04-20,13.29,2.78,1.99,36.9462
Nifty Next 50,2005-04-21,13.52,2.83,1.95,38.2616
Nifty Next 50,2005-04-22,13.61,2.85,1.94,38.7885
Nifty Next 50,2005-04-25,13.68,2.86,1.93,39.1248
Nifty Next 50,2005-04-26,13.77,2.86,1.93,39.3822
Nifty Next 50,2005-04-27,13.56,2.84,1.94,38.5104
Nifty Next 50,2005-04-28,13.28,2.79,1.97,37.0512
Nifty Next 50,2005-04-29,13.21,2.73,2.02,36.063300000000005
Nifty Next 50,2005-05-02,13.28,2.74,2.02,36.3872
Nifty Next 50,2005-05-03,13.33,2.75,2.01,36.6575
Nifty Next 50,2005-05-04,13.52,2.79,1.98,37.7208
Nifty Next 50,2005-05-05,13.86,2.86,1.93,39.639599999999994
Nifty Next 50,2005-05-06,13.89,2.87,1.93,39.8643
Nifty Next 50,2005-05-09,14.2,2.9,1.89,41.18
Nifty Next 50,2005-05-10,14.2,2.9,1.89,41.18
Nifty Next 50,2005-05-11,14.06,2.88,1.91,40.4928
Nifty Next 50,2005-05-12,14.1,2.89,1.90,40.749
Nifty Next 50,2005-05-13,14.12,2.89,1.90,40.8068
Nifty Next 50,2005-05-16,14.34,2.91,1.91,41.7294
Nifty Next 50,2005-05-17,14.15,2.88,1.93,40.752
Nifty Next 50,2005-05-18,14.09,2.87,1.94,40.4383
Nifty Next 50,2005-05-19,13.98,2.89,1.93,40.4022
Nifty Next 50,2005-05-20,14.01,2.88,1.93,40.3488
Nifty Next 50,2005-05-23,14.12,2.9,1.92,40.94799999999999
Nifty Next 50,2005-05-24,14.18,2.91,1.92,41.2638
Nifty Next 50,2005-05-25,14.21,2.92,1.91,41.4932
Nifty Next 50,2005-05-26,14.14,2.91,1.92,41.147400000000005
Nifty Next 50,2005-05-27,14.26,2.93,1.90,41.781800000000004
Nifty Next 50,2005-05-30,14.19,2.92,1.93,41.434799999999996
Nifty Next 50,2005-05-31,14.42,2.97,1.90,42.827400000000004
Nifty Next 50,2005-06-01,14.51,2.99,1.89,43.3849
Nifty Next 50,2005-06-02,14.68,2.99,1.89,43.8932
Nifty Next 50,2005-06-03,14.62,3.02,1.87,44.1524
Nifty Next 50,2005-06-04,14.69,3.03,1.86,44.51069999999999
Nifty Next 50,2005-06-06,14.76,3.05,1.74,45.017999999999994
Nifty Next 50,2005-06-07,14.95,3.09,1.72,46.195499999999996
Nifty Next 50,2005-06-08,15.06,3.11,1.71,46.8366
Nifty Next 50,2005-06-09,15.0,3.1,1.71,46.5
Nifty Next 50,2005-06-10,14.86,3.07,1.73,45.6202
Nifty Next 50,2005-06-13,14.92,2.71,1.75,40.4332
Nifty Next 50,2005-06-14,14.22,2.71,1.75,38.5362
Nifty Next 50,2005-06-15,14.19,2.71,1.76,38.454899999999995
Nifty Next 50,2005-06-16,14.04,2.68,1.78,37.6272
Nifty Next 50,2005-06-17,13.9,2.65,1.79,36.835
Nifty Next 50,2005-06-20,13.76,2.62,1.81,36.0512
Nifty Next 50,2005-06-21,13.85,2.64,1.80,36.564
Nifty Next 50,2005-06-22,13.94,2.66,1.79,37.0804
Nifty Next 50,2005-06-23,14.06,2.68,1.77,37.680800000000005
Nifty Next 50,2005-06-24,14.08,2.68,1.77,37.7344
Nifty Next 50,2005-06-27,14.11,2.67,1.79,37.6737
Nifty Next 50,2005-06-28,13.9,2.63,1.82,36.557
Nifty Next 50,2005-06-29,13.95,2.65,1.80,36.967499999999994
Nifty Next 50,2005-06-30,13.89,2.64,1.81,36.6696
Nifty Next 50,2005-07-01,14.24,2.7,1.77,38.448
Nifty Next 50,2005-07-04,14.47,2.74,1.74,39.647800000000004
Nifty Next 50,2005-07-05,14.34,2.71,1.76,38.861399999999996
Nifty Next 50,2005-07-06,14.59,2.76,1.73,40.2684
Nifty Next 50,2005-07-07,14.39,2.72,1.75,39.140800000000006
Nifty Next 50,2005-07-08,14.69,2.78,1.72,40.83819999999999
Nifty Next 50,2005-07-11,14.84,2.79,1.71,41.4036
Nifty Next 50,2005-07-12,14.96,2.81,1.70,42.037600000000005
Nifty Next 50,2005-07-13,14.98,2.82,1.70,42.2436
Nifty Next 50,2005-07-14,14.89,2.81,1.70,41.840900000000005
Nifty Next 50,2005-07-15,14.92,2.82,1.69,42.0744
Nifty Next 50,2005-07-18,15.14,2.85,1.67,43.149
Nifty Next 50,2005-07-19,15.19,2.87,1.66,43.5953
Nifty Next 50,2005-07-20,15.26,2.88,1.65,43.9488
Nifty Next 50,2005-07-21,15.13,2.86,1.67,43.2718
Nifty Next 50,2005-07-22,15.37,2.9,1.64,44.57299999999999
Nifty Next 50,2005-07-25,15.24,2.94,1.63,44.8056
Nifty Next 50,2005-07-26,15.29,2.94,1.62,44.9526
Nifty Next 50,2005-07-27,15.36,2.95,1.62,45.312
Nifty Next 50,2005-07-29,15.3,2.94,1.63,44.982
Nifty Next 50,2005-08-01,15.56,2.96,1.62,46.0576
Nifty Next 50,2005-08-02,15.73,2.99,1.60,47.032700000000006
Nifty Next 50,2005-08-03,15.75,3.0,1.60,47.25
Nifty Next 50,2005-08-04,15.84,3.02,1.58,47.8368
Nifty Next 50,2005-08-05,15.94,3.04,1.57,48.4576
Nifty Next 50,2005-08-08,15.61,2.95,1.62,46.0495
Nifty Next 50,2005-08-09,15.59,2.95,1.62,45.990500000000004
Nifty Next 50,2005-08-10,15.9,3.01,1.59,47.858999999999995
Nifty Next 50,2005-08-11,15.94,3.02,1.58,48.138799999999996
Nifty Next 50,2005-08-12,15.96,3.02,1.58,48.199200000000005
Nifty Next 50,2005-08-16,15.95,3.02,1.58,48.169
Nifty Next 50,2005-08-17,16.07,3.01,1.63,48.3707
Nifty Next 50,2005-08-18,15.97,2.99,1.64,47.7503
Nifty Next 50,2005-08-19,15.91,2.98,1.65,47.4118
Nifty Next 50,2005-08-22,15.7,2.86,1.72,44.901999999999994
Nifty Next 50,2005-08-23,15.37,2.8,1.75,43.035999999999994
Nifty Next 50,2005-08-24,15.18,2.76,1.78,41.8968
Nifty Next 50,2005-08-25,15.28,2.78,1.76,42.47839999999999
Nifty Next 50,2005-08-26,15.6,2.84,1.73,44.303999999999995
Nifty Next 50,2005-08-29,15.51,2.82,1.74,43.7382
Nifty Next 50,2005-08-30,15.75,2.87,1.71,45.2025
Nifty Next 50,2005-08-31,15.86,2.89,1.70,45.8354
Nifty Next 50,2005-09-01,15.89,2.89,1.70,45.9221
Nifty Next 50,2005-09-02,15.95,2.9,1.69,46.254999999999995
Nifty Next 50,2005-09-05,16.01,2.91,1.68,46.58910000000001
Nifty Next 50,2005-09-06,16.02,2.92,1.68,46.7784
Nifty Next 50,2005-09-08,16.11,2.93,1.67,47.2023
Nifty Next 50,2005-09-09,16.18,2.94,1.67,47.569199999999995
Nifty Next 50,2005-09-12,16.45,2.99,1.64,49.185500000000005
Nifty Next 50,2005-09-13,16.63,3.03,1.62,50.38889999999999
Nifty Next 50,2005-09-14,16.52,3.01,1.63,49.725199999999994
Nifty Next 50,2005-09-15,16.66,3.03,1.62,50.4798
Nifty Next 50,2005-09-16,16.76,3.05,1.61,51.118
Nifty Next 50,2005-09-19,16.98,3.04,1.52,51.6192
Nifty Next 50,2005-09-20,16.92,3.03,1.52,51.2676
Nifty Next 50,2005-09-21,16.62,2.98,1.55,49.5276
Nifty Next 50,2005-09-22,15.79,2.83,1.63,44.6857
Nifty Next 50,2005-09-23,15.86,2.84,1.63,45.042399999999994
Nifty Next 50,2005-09-26,16.35,2.93,1.58,47.9055
Nifty Next 50,2005-09-27,16.46,2.95,1.57,48.557
Nifty Next 50,2005-09-28,16.54,2.96,1.56,48.9584
Nifty Next 50,2005-09-29,16.39,2.93,1.57,48.02270000000001
Nifty Next 50,2005-09-30,16.65,2.98,1.55,49.617
Nifty Next 50,2005-10-03,16.86,3.02,1.53,50.9172
Nifty Next 50,2005-10-04,17.06,3.05,1.51,52.032999999999994
Nifty Next 50,2005-10-05,16.86,3.02,1.53,50.9172
Nifty Next 50,2005-10-06,16.6,2.97,1.55,49.30200000000001
Nifty Next 50,2005-10-07,16.5,2.95,1.56,48.675000000000004
Nifty Next 50,2005-10-10,16.36,2.93,1.57,47.9348
Nifty Next 50,2005-10-11,16.47,2.95,1.56,48.5865
Nifty Next 50,2005-10-13,16.26,2.91,1.58,47.31660000000001
Nifty Next 50,2005-10-14,15.83,2.85,1.62,45.115500000000004
Nifty Next 50,2005-10-17,15.67,2.8,1.65,43.876
Nifty Next 50,2005-10-18,15.55,2.78,1.66,43.229
Nifty Next 50,2005-10-19,15.13,2.72,1.70,41.153600000000004
Nifty Next 50,2005-10-20,14.75,2.65,1.74,39.0875
Nifty Next 50,2005-10-21,14.92,2.68,1.72,39.985600000000005
Nifty Next 50,2005-10-24,14.91,2.66,1.73,39.6606
Nifty Next 50,2005-10-25,14.92,2.67,1.73,39.8364
Nifty Next 50,2005-10-26,14.85,2.67,1.73,39.649499999999996
Nifty Next 50,2005-10-27,14.31,2.6,1.77,37.206
Nifty Next 50,2005-10-28,14.19,2.58,1.79,36.6102
Nifty Next 50,2005-10-31,14.63,2.64,1.75,38.623200000000004
Nifty Next 50,2005-11-01,14.74,2.66,1.74,39.208400000000005
Nifty Next 50,2005-11-02,14.83,2.67,1.73,39.5961
Nifty Next 50,2005-11-07,15.03,2.71,1.70,40.7313
Nifty Next 50,2005-11-08,15.26,2.75,1.68,41.964999999999996
Nifty Next 50,2005-11-09,15.23,2.74,1.68,41.7302
Nifty Next 50,2005-11-10,15.26,2.75,1.68,41.964999999999996
Nifty Next 50,2005-11-11,15.48,2.79,1.65,43.1892
Nifty Next 50,2005-11-14,15.57,2.8,1.65,43.596
Nifty Next 50,2005-11-16,15.78,2.84,1.62,44.8152
Nifty Next 50,2005-11-17,15.82,2.86,1.62,45.2452
Nifty Next 50,2005-11-18,15.84,2.86,1.61,45.3024
Nifty Next 50,2005-11-21,15.68,2.83,1.63,44.3744
Nifty Next 50,2005-11-22,15.57,2.81,1.64,43.7517
Nifty Next 50,2005-11-23,15.63,2.82,1.63,44.0766
Nifty Next 50,2005-11-24,15.73,2.85,1.62,44.8305
Nifty Next 50,2005-11-25,16.08,2.91,1.58,46.7928
Nifty Next 50,2005-11-26,16.3,2.95,1.56,48.08500000000001
Nifty Next 50,2005-11-28,16.4,2.97,1.55,48.708
Nifty Next 50,2005-11-29,16.35,2.96,1.56,48.396
Nifty Next 50,2005-11-30,16.18,2.93,1.57,47.4074
Nifty Next 50,2005-12-01,16.41,2.97,1.55,48.737700000000004
Nifty Next 50,2005-12-02,16.56,3.0,1.54,49.67999999999999
Nifty Next 50,2005-12-05,16.51,2.99,1.54,49.364900000000006
Nifty Next 50,2005-12-06,16.4,2.97,1.55,48.708
Nifty Next 50,2005-12-07,16.48,2.99,1.54,49.275200000000005
Nifty Next 50,2005-12-08,16.56,3.0,1.54,49.67999999999999
Nifty Next 50,2005-12-09,16.65,3.02,1.53,50.282999999999994
Nifty Next 50,2005-12-12,16.67,3.02,1.53,50.3434
Nifty Next 50,2005-12-13,16.84,3.05,1.51,51.361999999999995
Nifty Next 50,2005-12-14,16.99,3.08,1.50,52.32919999999999
Nifty Next 50,2005-12-15,16.67,3.02,1.53,50.3434
Nifty Next 50,2005-12-16,16.89,3.06,1.51,51.683400000000006
Nifty Next 50,2005-12-19,17.18,3.11,1.48,53.4298
Nifty Next 50,2005-12-20,17.12,3.1,1.49,53.072
Nifty Next 50,2005-12-21,17.1,3.1,1.49,53.010000000000005
Nifty Next 50,2005-12-22,17.13,3.11,1.49,53.2743
Nifty Next 50,2005-12-23,16.94,3.07,1.50,52.0058
Nifty Next 50,2005-12-26,16.46,2.98,1.55,49.0508
Nifty Next 50,2005-12-27,16.89,3.06,1.51,51.683400000000006
Nifty Next 50,2005-12-28,16.83,3.05,1.51,51.33149999999999
Nifty Next 50,2005-12-29,16.82,3.05,1.51,51.300999999999995
Nifty Next 50,2005-12-30,17.11,3.1,1.49,53.041
Nifty Next 50,2006-01-02,17.14,3.11,1.48,53.3054
Nifty Next 50,2006-01-03,17.41,3.16,1.46,55.015600000000006
Nifty Next 50,2006-01-04,17.7,3.21,1.44,56.817
Nifty Next 50,2006-01-05,17.99,3.26,1.42,58.64739999999999
Nifty Next 50,2006-01-06,18.1,3.28,1.41,59.368
Nifty Next 50,2006-01-09,18.11,3.28,1.41,59.4008
Nifty Next 50,2006-01-10,17.89,3.24,1.42,57.96360000000001
Nifty Next 50,2006-01-12,17.91,3.25,1.42,58.2075
Nifty Next 50,2006-01-13,17.9,3.25,1.42,58.175
Nifty Next 50,2006-01-16,17.75,3.23,1.43,57.3325
Nifty Next 50,2006-01-17,17.53,3.19,1.45,55.920700000000004
Nifty Next 50,2006-01-18,17.0,3.16,1.46,53.72
Nifty Next 50,2006-01-19,17.28,3.22,1.43,55.641600000000004
Nifty Next 50,2006-01-20,17.49,3.26,1.42,57.01739999999999
Nifty Next 50,2006-01-23,17.3,3.27,1.41,56.571000000000005
Nifty Next 50,2006-01-24,16.97,3.25,1.42,55.152499999999996
Nifty Next 50,2006-01-25,16.8,3.22,1.43,54.096000000000004
Nifty Next 50,2006-01-27,17.05,3.32,1.39,56.606
Nifty Next 50,2006-01-30,17.55,3.28,1.41,57.564
Nifty Next 50,2006-01-31,17.66,3.31,1.40,58.4546
Nifty Next 50,2006-02-01,17.39,3.26,1.42,56.6914
Nifty Next 50,2006-02-02,17.43,3.27,1.41,56.9961
Nifty Next 50,2006-02-03,17.43,3.3,1.41,57.519
Nifty Next 50,2006-02-06,17.74,3.36,1.38,59.606399999999994
Nifty Next 50,2006-02-07,17.99,3.41,1.37,61.3459
Nifty Next 50,2006-02-08,18.02,3.41,1.36,61.4482
Nifty Next 50,2006-02-10,18.26,3.46,1.35,63.17960000000001
Nifty Next 50,2006-02-13,18.4,3.49,1.34,64.216
Nifty Next 50,2006-02-14,18.29,3.46,1.34,63.28339999999999
Nifty Next 50,2006-02-15,18.22,3.45,1.35,62.859
Nifty Next 50,2006-02-16,18.23,3.45,1.35,62.8935
Nifty Next 50,2006-02-17,17.86,3.38,1.38,60.3668
Nifty Next 50,2006-02-20,17.68,3.35,1.39,59.228
Nifty Next 50,2006-02-21,17.8,3.37,1.38,59.986000000000004
Nifty Next 50,2006-02-22,17.76,3.36,1.38,59.6736
Nifty Next 50,2006-02-23,17.55,3.32,1.40,58.266
Nifty Next 50,2006-02-24,17.9,3.39,1.37,60.681
Nifty Next 50,2006-02-27,18.02,3.41,1.37,61.4482
Nifty Next 50,2006-02-28,18.06,3.42,1.36,61.76519999999999
Nifty Next 50,2006-03-01,18.29,3.46,1.34,63.28339999999999
Nifty Next 50,2006-03-02,18.95,3.6,1.28,68.22
Nifty Next 50,2006-03-03,19.09,3.62,1.27,69.1058
Nifty Next 50,2006-03-06,19.23,3.65,1.27,70.1895
Nifty Next 50,2006-03-07,19.38,3.68,1.26,71.3184
Nifty Next 50,2006-03-08,19.03,3.61,1.28,68.6983
Nifty Next 50,2006-03-09,19.17,3.64,1.27,69.7788
Nifty Next 50,2006-03-10,19.37,3.67,1.26,71.0879
Nifty Next 50,2006-03-13,19.34,3.67,1.26,70.9778
Nifty Next 50,2006-03-14,19.29,3.66,1.26,70.6014
Nifty Next 50,2006-03-16,19.47,3.69,1.25,71.84429999999999
Nifty Next 50,2006-03-17,19.44,3.69,1.25,71.73360000000001
Nifty Next 50,2006-03-20,19.57,3.71,1.24,72.6047
Nifty Next 50,2006-03-21,19.53,3.7,1.25,72.26100000000001
Nifty Next 50,2006-03-22,19.33,3.67,1.26,70.94109999999999
Nifty Next 50,2006-03-23,19.37,3.67,1.26,71.0879
Nifty Next 50,2006-03-24,19.58,3.72,1.24,72.8376
Nifty Next 50,2006-03-27,19.61,3.72,1.24,72.9492
Nifty Next 50,2006-03-28,19.38,3.68,1.26,71.3184
Nifty Next 50,2006-03-29,19.49,3.7,1.25,72.113
Nifty Next 50,2006-03-30,19.4,3.68,1.25,71.392
Nifty Next 50,2006-03-31,19.85,3.77,1.23,74.8345
Nifty Next 50,2006-04-03,20.27,3.84,1.20,77.8368
Nifty Next 50,2006-04-04,20.59,3.9,1.18,80.301
Nifty Next 50,2006-04-05,20.91,3.97,1.16,83.01270000000001
Nifty Next 50,2006-04-07,20.6,3.91,1.18,80.546
Nifty Next 50,2006-04-10,20.73,3.93,1.17,81.4689
Nifty Next 50,2006-04-12,20.44,3.88,1.19,79.30720000000001
Nifty Next 50,2006-04-13,19.77,3.75,1.23,74.1375
Nifty Next 50,2006-04-17,20.12,3.82,1.21,76.8584
Nifty Next 50,2006-04-18,20.41,3.88,1.19,79.1908
Nifty Next 50,2006-04-19,20.38,3.88,1.19,79.0744
Nifty Next 50,2006-04-20,20.35,3.9,1.18,79.36500000000001
Nifty Next 50,2006-04-21,20.24,3.88,1.19,78.5312
Nifty Next 50,2006-04-24,19.74,3.88,1.19,76.59119999999999
Nifty Next 50,2006-04-25,19.47,3.83,1.21,74.5701
Nifty Next 50,2006-04-26,19.73,3.89,1.19,76.7497
Nifty Next 50,2006-04-27,19.54,3.87,1.19,75.6198
Nifty Next 50,2006-04-28,19.43,3.92,1.18,76.1656
Nifty Next 50,2006-04-29,20.12,4.03,1.15,81.0836
Nifty Next 50,2006-05-02,20.39,4.09,1.13,83.3951
Nifty Next 50,2006-05-03,20.64,4.14,1.12,85.44959999999999
Nifty Next 50,2006-05-04,20.81,4.17,1.11,86.7777
Nifty Next 50,2006-05-05,20.85,4.19,1.10,87.36150000000002
Nifty Next 50,2006-05-08,21.07,4.19,1.10,88.28330000000001
Nifty Next 50,2006-05-09,21.1,4.19,1.10,88.40900000000002
Nifty Next 50,2006-05-10,21.07,4.24,1.09,89.33680000000001
Nifty Next 50,2006-05-11,20.97,4.22,1.10,88.4934
Nifty Next 50,2006-05-12,20.66,4.15,1.11,85.739
Nifty Next 50,2006-05-15,19.82,3.94,1.17,78.0908
Nifty Next 50,2006-05-16,20.05,3.91,1.18,78.39550000000001
Nifty Next 50,2006-05-17,20.65,4.02,1.15,83.01299999999999
Nifty Next 50,2006-05-18,18.53,3.7,1.25,68.561
Nifty Next 50,2006-05-19,17.61,3.52,1.31,61.9872
Nifty Next 50,2006-05-22,16.39,3.28,1.41,53.7592
Nifty Next 50,2006-05-23,17.1,3.44,1.34,58.824000000000005
Nifty Next 50,2006-05-24,16.87,3.23,1.41,54.490100000000005
Nifty Next 50,2006-05-25,16.67,3.19,1.43,53.1773
Nifty Next 50,2006-05-26,17.24,3.3,1.38,56.89199999999999
Nifty Next 50,2006-05-29,17.64,3.37,1.35,59.4468
Nifty Next 50,2006-05-30,17.49,3.35,1.36,58.591499999999996
Nifty Next 50,2006-05-31,17.08,3.27,1.40,55.8516
Nifty Next 50,2006-06-01,16.56,3.17,1.44,52.4952
Nifty Next 50,2006-06-02,16.47,3.21,1.42,52.8687
Nifty Next 50,2006-06-05,16.14,3.15,1.45,50.841
Nifty Next 50,2006-06-06,15.76,3.07,1.49,48.383199999999995
Nifty Next 50,2006-06-07,14.71,2.87,1.59,42.2177
Nifty Next 50,2006-06-08,13.43,2.62,1.74,35.1866
Nifty Next 50,2006-06-09,14.54,2.84,1.61,41.2936
Nifty Next 50,2006-06-12,14.21,2.78,1.64,39.5038
Nifty Next 50,2006-06-13,13.32,2.6,1.75,34.632000000000005
Nifty Next 50,2006-06-14,12.98,2.54,1.80,32.9692
Nifty Next 50,2006-06-15,13.77,2.69,1.70,37.0413
Nifty Next 50,2006-06-16,14.48,2.83,1.61,40.9784
Nifty Next 50,2006-06-19,14.77,2.66,1.63,39.2882
Nifty Next 50,2006-06-20,14.68,2.65,1.64,38.902
Nifty Next 50,2006-06-21,14.93,2.69,1.62,40.161699999999996
Nifty Next 50,2006-06-22,15.32,2.76,1.58,42.2832
Nifty Next 50,2006-06-23,15.32,2.76,1.58,42.2832
Nifty Next 50,2006-06-25,15.41,2.78,1.57,42.8398
Nifty Next 50,2006-06-26,14.55,2.6,1.68,37.830000000000005
Nifty Next 50,2006-06-27,14.02,2.51,1.74,35.1902
Nifty Next 50,2006-06-28,13.91,2.49,1.75,34.63590000000001
Nifty Next 50,2006-06-29,13.95,2.49,1.75,34.7355
Nifty Next 50,2006-06-30,14.52,2.6,1.67,37.752
Nifty Next 50,2006-07-03,14.55,2.61,1.67,37.9755
Nifty Next 50,2006-07-04,14.52,2.6,1.67,37.752
Nifty Next 50,2006-07-05,14.72,2.64,1.65,38.860800000000005
Nifty Next 50,2006-07-06,14.65,2.63,1.66,38.5295
Nifty Next 50,2006-07-07,14.3,2.56,1.70,36.608000000000004
Nifty Next 50,2006-07-10,14.44,2.59,1.68,37.3996
Nifty Next 50,2006-07-11,14.44,2.59,1.68,37.3996
Nifty Next 50,2006-07-12,14.56,2.61,1.67,38.001599999999996
Nifty Next 50,2006-07-13,14.52,2.61,1.67,37.8972
Nifty Next 50,2006-07-14,14.36,2.47,1.75,35.4692
Nifty Next 50,2006-07-17,13.94,2.4,1.80,33.455999999999996
Nifty Next 50,2006-07-18,13.66,2.35,1.84,32.101
Nifty Next 50,2006-07-19,13.17,2.28,1.90,30.027599999999996
Nifty Next 50,2006-07-20,13.44,2.34,1.84,31.449599999999997
Nifty Next 50,2006-07-21,13.14,2.29,1.89,30.090600000000002
Nifty Next 50,2006-07-24,13.21,2.33,1.86,30.779300000000003
Nifty Next 50,2006-07-25,13.83,2.39,1.81,33.0537
Nifty Next 50,2006-07-26,14.0,2.43,1.78,34.02
Nifty Next 50,2006-07-27,14.28,2.42,1.79,34.5576
Nifty Next 50,2006-07-28,14.49,2.46,1.76,35.6454
Nifty Next 50,2006-07-31,14.63,2.49,1.74,36.428700000000006
Nifty Next 50,2006-08-01,14.67,2.48,1.75,36.3816
Nifty Next 50,2006-08-02,14.89,2.51,1.72,37.3739
Nifty Next 50,2006-08-03,14.86,2.51,1.72,37.29859999999999
Nifty Next 50,2006-08-04,14.75,2.49,1.74,36.727500000000006
Nifty Next 50,2006-08-07,14.82,2.51,1.73,37.1982
Nifty Next 50,2006-08-08,15.02,2.54,1.70,38.1508
Nifty Next 50,2006-08-09,15.28,2.58,1.68,39.422399999999996
Nifty Next 50,2006-08-10,15.5,2.62,1.65,40.61
Nifty Next 50,2006-08-11,15.61,2.64,1.64,41.2104
Nifty Next 50,2006-08-14,15.83,2.68,1.62,42.424400000000006
Nifty Next 50,2006-08-16,16.12,2.72,1.59,43.8464
Nifty Next 50,2006-08-17,16.04,2.68,1.60,42.9872
Nifty Next 50,2006-08-18,16.05,2.69,1.60,43.1745
Nifty Next 50,2006-08-21,16.38,2.74,1.57,44.8812
Nifty Next 50,2006-08-22,16.42,2.75,1.57,45.155
Nifty Next 50,2006-08-23,16.1,2.69,1.60,43.309000000000005
Nifty Next 50,2006-08-24,16.21,2.71,1.59,43.9291
Nifty Next 50,2006-08-25,16.43,2.75,1.56,45.1825
Nifty Next 50,2006-08-28,16.55,2.77,1.55,45.8435
Nifty Next 50,2006-08-29,16.63,2.78,1.55,46.231399999999994
Nifty Next 50,2006-08-30,16.62,2.77,1.55,46.037400000000005
Nifty Next 50,2006-08-31,16.46,2.75,1.57,45.265
Nifty Next 50,2006-09-01,16.66,2.78,1.55,46.3148
Nifty Next 50,2006-09-04,16.92,2.82,1.53,47.714400000000005
Nifty Next 50,2006-09-05,17.11,2.85,1.51,48.7635
Nifty Next 50,2006-09-06,17.25,2.88,1.50,49.68
Nifty Next 50,2006-09-07,17.19,2.87,1.50,49.335300000000004
Nifty Next 50,2006-09-08,17.28,2.88,1.49,49.766400000000004
Nifty Next 50,2006-09-11,16.61,2.77,1.56,46.0097
Nifty Next 50,2006-09-12,16.85,2.81,1.53,47.3485
Nifty Next 50,2006-09-13,17.25,2.86,1.45,49.335
Nifty Next 50,2006-09-14,17.4,2.88,1.43,50.111999999999995
Nifty Next 50,2006-09-15,17.4,2.88,1.43,50.111999999999995
Nifty Next 50,2006-09-18,17.46,2.89,1.43,50.4594
Nifty Next 50,2006-09-19,17.24,2.86,1.45,49.3064
Nifty Next 50,2006-09-20,17.33,2.87,1.44,49.7371
Nifty Next 50,2006-09-21,17.54,2.91,1.42,51.0414
Nifty Next 50,2006-09-22,19.68,3.3,1.26,64.944
Nifty Next 50,2006-09-25,19.54,3.27,1.27,63.895799999999994
Nifty Next 50,2006-09-26,19.67,3.3,1.26,64.911
Nifty Next 50,2006-09-27,20.02,3.36,1.24,67.2672
Nifty Next 50,2006-09-28,20.33,3.41,1.22,69.3253
Nifty Next 50,2006-09-29,20.37,3.41,1.22,69.46170000000001
Nifty Next 50,2006-10-03,20.35,3.41,1.22,69.3935
Nifty Next 50,2006-10-04,20.23,3.39,1.23,68.5797
Nifty Next 50,2006-10-05,20.57,3.45,1.21,70.96650000000001
Nifty Next 50,2006-10-06,20.64,3.46,1.20,71.4144
Nifty Next 50,2006-10-09,20.72,3.47,1.20,71.8984
Nifty Next 50,2006-10-10,20.7,3.47,1.20,71.82900000000001
Nifty Next 50,2006-10-11,20.41,3.3,1.22,67.353
Nifty Next 50,2006-10-12,20.71,3.35,1.20,69.3785
Nifty Next 50,2006-10-13,20.77,3.37,1.20,69.9949
Nifty Next 50,2006-10-16,20.74,3.38,1.19,70.10119999999999
Nifty Next 50,2006-10-17,20.65,3.37,1.20,69.59049999999999
Nifty Next 50,2006-10-18,20.42,3.37,1.20,68.81540000000001
Nifty Next 50,2006-10-19,20.03,3.33,1.21,66.6999
Nifty Next 50,2006-10-20,19.89,3.34,1.21,66.4326
Nifty Next 50,2006-10-21,20.01,3.36,1.20,67.23360000000001
Nifty Next 50,2006-10-23,19.82,3.33,1.21,66.0006
Nifty Next 50,2006-10-26,20.11,3.37,1.20,67.7707
Nifty Next 50,2006-10-27,20.11,3.42,1.18,68.7762
Nifty Next 50,2006-10-30,20.2,3.45,1.17,69.69
Nifty Next 50,2006-10-31,20.06,3.46,1.16,69.40759999999999
Nifty Next 50,2006-11-01,19.9,3.46,1.16,68.854
Nifty Next 50,2006-11-02,20.04,3.49,1.16,69.9396
Nifty Next 50,2006-11-03,20.1,3.5,1.15,70.35000000000001
Nifty Next 50,2006-11-06,20.21,3.52,1.15,71.1392
Nifty Next 50,2006-11-07,20.21,3.52,1.15,71.1392
Nifty Next 50,2006-11-08,21.14,3.54,1.12,74.8356
Nifty Next 50,2006-11-09,21.17,3.49,1.13,73.8833
Nifty Next 50,2006-11-10,21.37,3.52,1.12,75.22240000000001
Nifty Next 50,2006-11-13,21.51,3.54,1.11,76.14540000000001
Nifty Next 50,2006-11-14,21.5,3.54,1.11,76.11
Nifty Next 50,2006-11-15,21.71,3.58,1.10,77.7218
Nifty Next 50,2006-11-16,21.74,3.59,1.09,78.0466
Nifty Next 50,2006-11-17,21.26,3.52,1.12,74.8352
Nifty Next 50,2006-11-20,21.01,3.47,1.13,72.9047
Nifty Next 50,2006-11-21,21.4,3.54,1.11,75.756
Nifty Next 50,2006-11-22,21.54,3.56,1.10,76.6824
Nifty Next 50,2006-11-23,21.56,3.57,1.10,76.96919999999999
Nifty Next 50,2006-11-24,21.66,3.58,1.10,77.5428
Nifty Next 50,2006-11-27,21.76,3.6,1.09,78.33600000000001
Nifty Next 50,2006-11-28,21.5,3.56,1.10,76.54
Nifty Next 50,2006-11-29,21.5,3.56,1.10,76.54
Nifty Next 50,2006-11-30,21.34,3.53,1.11,75.33019999999999
Nifty Next 50,2006-12-01,21.83,3.61,1.09,78.8063
Nifty Next 50,2006-12-04,22.02,3.64,1.08,80.1528
Nifty Next 50,2006-12-05,21.99,3.64,1.09,80.0436
Nifty Next 50,2006-12-06,21.83,3.61,1.09,78.8063
Nifty Next 50,2006-12-07,21.86,3.62,1.09,79.1332
Nifty Next 50,2006-12-08,21.84,3.61,1.09,78.8424
Nifty Next 50,2006-12-11,21.02,3.48,1.14,73.14959999999999
Nifty Next 50,2006-12-12,20.0,3.31,1.19,66.2
Nifty Next 50,2006-12-13,20.54,3.4,1.16,69.836
Nifty Next 50,2006-12-14,21.06,3.48,1.13,73.2888
Nifty Next 50,2006-12-15,21.4,3.54,1.12,75.756
Nifty Next 50,2006-12-18,21.31,3.52,1.12,75.0112
Nifty Next 50,2006-12-19,20.96,3.47,1.14,72.7312
Nifty Next 50,2006-12-20,20.82,3.44,1.15,71.6208
Nifty Next 50,2006-12-21,20.82,3.44,1.15,71.6208
Nifty Next 50,2006-12-22,20.95,3.46,1.14,72.487
Nifty Next 50,2006-12-26,21.4,3.54,1.12,75.756
Nifty Next 50,2006-12-27,21.58,3.57,1.11,77.04059999999998
Nifty Next 50,2006-12-28,21.61,3.57,1.10,77.1477
Nifty Next 50,2006-12-29,21.78,3.6,1.10,78.408
Nifty Next 50,2007-01-02,21.97,3.63,1.09,79.7511
Nifty Next 50,2007-01-03,22.1,3.65,1.08,80.665
Nifty Next 50,2007-01-04,22.03,3.64,1.08,80.18920000000001
Nifty Next 50,2007-01-05,21.94,3.63,1.09,79.6422
Nifty Next 50,2007-01-08,21.66,3.58,1.10,77.5428
Nifty Next 50,2007-01-09,21.36,3.53,1.12,75.40079999999999
Nifty Next 50,2007-01-10,21.24,3.51,1.12,74.55239999999999
Nifty Next 50,2007-01-11,21.61,3.57,1.10,77.1477
Nifty Next 50,2007-01-12,21.99,3.66,1.08,80.4834
Nifty Next 50,2007-01-15,22.06,3.69,1.07,81.4014
Nifty Next 50,2007-01-16,22.13,3.71,1.07,82.1023
Nifty Next 50,2007-01-17,22.28,3.73,1.06,83.1044
Nifty Next 50,2007-01-18,22.23,3.73,1.06,82.9179
Nifty Next 50,2007-01-19,22.08,3.72,1.06,82.13759999999999
Nifty Next 50,2007-01-22,21.71,3.72,1.06,80.7612
Nifty Next 50,2007-01-23,21.18,3.65,1.08,77.307
Nifty Next 50,2007-01-24,21.12,3.69,1.07,77.9328
Nifty Next 50,2007-01-25,21.23,3.73,1.06,79.1879
Nifty Next 50,2007-01-29,21.1,3.72,1.06,78.492
Nifty Next 50,2007-01-31,19.64,3.69,1.07,72.4716
Nifty Next 50,2007-02-01,19.75,3.71,1.06,73.2725
Nifty Next 50,2007-02-02,19.94,3.75,1.05,74.775
Nifty Next 50,2007-02-05,20.09,3.78,1.04,75.94019999999999
Nifty Next 50,2007-02-06,20.15,3.79,1.04,76.3685
Nifty Next 50,2007-02-07,20.25,3.81,1.04,77.1525
Nifty Next 50,2007-02-08,20.24,3.81,1.04,77.11439999999999
Nifty Next 50,2007-02-09,19.73,3.72,1.06,73.3956
Nifty Next 50,2007-02-12,18.98,3.58,1.10,67.9484
Nifty Next 50,2007-02-13,18.85,3.56,1.11,67.10600000000001
Nifty Next 50,2007-02-14,18.94,3.58,1.10,67.8052
Nifty Next 50,2007-02-15,19.56,3.69,1.07,72.1764
Nifty Next 50,2007-02-19,19.51,3.68,1.07,71.7968
Nifty Next 50,2007-02-20,19.3,3.64,1.08,70.25200000000001
Nifty Next 50,2007-02-21,19.21,3.63,1.09,69.7323
Nifty Next 50,2007-02-22,18.92,3.57,1.11,67.5444
Nifty Next 50,2007-02-23,18.5,3.49,1.13,64.565
Nifty Next 50,2007-02-26,18.66,3.52,1.12,65.6832
Nifty Next 50,2007-02-27,18.69,3.53,1.12,65.9757
Nifty Next 50,2007-02-28,18.06,3.41,1.16,61.584599999999995
Nifty Next 50,2007-03-01,18.16,3.43,1.15,62.2888
Nifty Next 50,2007-03-02,17.87,3.37,1.17,60.221900000000005
Nifty Next 50,2007-03-05,17.11,3.23,1.22,55.265299999999996
Nifty Next 50,2007-03-06,17.28,3.26,1.21,56.3328
Nifty Next 50,2007-03-07,16.91,3.19,1.24,53.9429
Nifty Next 50,2007-03-08,17.67,3.34,1.18,59.0178
Nifty Next 50,2007-03-09,17.53,3.31,1.19,58.024300000000004
Nifty Next 50,2007-03-12,17.67,3.34,1.18,59.0178
Nifty Next 50,2007-03-13,17.82,3.36,1.17,59.8752
Nifty Next 50,2007-03-14,17.35,3.28,1.21,56.908
Nifty Next 50,2007-03-15,17.38,3.28,1.20,57.00639999999999
Nifty Next 50,2007-03-16,17.24,3.26,1.21,56.20239999999999
Nifty Next 50,2007-03-19,17.56,3.32,1.19,58.29919999999999
Nifty Next 50,2007-03-20,17.79,3.36,1.18,59.77439999999999
Nifty Next 50,2007-03-21,18.0,3.4,1.16,61.199999999999996
Nifty Next 50,2007-03-22,18.42,3.48,1.14,64.1016
Nifty Next 50,2007-03-23,18.64,3.52,1.12,65.61280000000001
Nifty Next 50,2007-03-26,18.53,3.5,1.13,64.855
Nifty Next 50,2007-03-28,18.29,3.45,1.14,63.100500000000004
Nifty Next 50,2007-03-29,18.22,3.44,1.15,62.67679999999999
Nifty Next 50,2007-03-30,18.48,3.49,1.13,64.49520000000001
Nifty Next 50,2007-04-02,17.69,3.34,1.18,59.0846
Nifty Next 50,2007-04-03,17.74,3.35,1.18,59.428999999999995
Nifty Next 50,2007-04-04,15.85,3.24,1.31,51.354
Nifty Next 50,2007-04-05,16.07,3.28,1.29,52.709599999999995
Nifty Next 50,2007-04-09,16.54,3.38,1.26,55.905199999999994
Nifty Next 50,2007-04-10,16.62,3.4,1.25,56.508
Nifty Next 50,2007-04-11,16.56,3.38,1.26,55.97279999999999
Nifty Next 50,2007-04-12,16.56,3.38,1.26,55.97279999999999
Nifty Next 50,2007-04-13,16.99,3.47,1.23,58.9553
Nifty Next 50,2007-04-16,17.32,3.53,1.20,61.139599999999994
Nifty Next 50,2007-04-17,17.23,3.53,1.20,60.8219
Nifty Next 50,2007-04-18,17.35,3.55,1.20,61.5925
Nifty Next 50,2007-04-19,17.39,3.57,1.19,62.0823
Nifty Next 50,2007-04-20,17.53,3.59,1.18,62.932700000000004
Nifty Next 50,2007-04-23,16.96,3.56,1.19,60.3776
Nifty Next 50,2007-04-24,17.22,3.62,1.17,62.3364
Nifty Next 50,2007-04-25,17.3,3.65,1.17,63.145
Nifty Next 50,2007-04-26,17.27,3.64,1.17,62.8628
Nifty Next 50,2007-04-27,17.08,3.61,1.18,61.65879999999999
Nifty Next 50,2007-04-30,17.23,3.67,1.16,63.2341
Nifty Next 50,2007-05-03,17.39,3.74,1.14,65.0386
Nifty Next 50,2007-05-04,16.72,3.73,1.14,62.36559999999999
Nifty Next 50,2007-05-07,16.5,3.71,1.15,61.214999999999996
Nifty Next 50,2007-05-08,16.68,3.66,1.16,61.0488
Nifty Next 50,2007-05-09,16.64,3.69,1.15,61.4016
Nifty Next 50,2007-05-10,16.6,3.69,1.15,61.254000000000005
Nifty Next 50,2007-05-11,16.69,3.71,1.15,61.919900000000005
Nifty Next 50,2007-05-14,16.8,3.77,1.13,63.336000000000006
Nifty Next 50,2007-05-15,16.86,3.78,1.12,63.730799999999995
Nifty Next 50,2007-05-16,16.87,3.8,1.12,64.106
Nifty Next 50,2007-05-17,17.4,3.92,1.08,68.208
Nifty Next 50,2007-05-18,17.41,3.92,1.08,68.24719999999999
Nifty Next 50,2007-05-21,17.6,3.98,1.07,70.048
Nifty Next 50,2007-05-22,17.78,4.02,1.06,71.4756
Nifty Next 50,2007-05-23,17.54,3.97,1.07,69.6338
Nifty Next 50,2007-05-24,17.41,3.94,1.08,68.5954
Nifty Next 50,2007-05-25,17.49,3.95,1.07,69.0855
Nifty Next 50,2007-05-28,17.61,3.98,1.07,70.0878
Nifty Next 50,2007-05-29,17.78,4.02,1.06,71.4756
Nifty Next 50,2007-05-30,17.54,3.96,1.07,69.4584
Nifty Next 50,2007-05-31,17.3,3.91,1.08,67.643
Nifty Next 50,2007-06-01,17.54,3.97,1.07,69.6338
Nifty Next 50,2007-06-04,18.79,3.89,1.10,73.09309999999999
Nifty Next 50,2007-06-05,19.11,3.95,1.08,75.4845
Nifty Next 50,2007-06-06,18.74,3.88,1.10,72.71119999999999
Nifty Next 50,2007-06-07,18.66,3.86,1.11,72.02759999999999
Nifty Next 50,2007-06-08,18.54,3.83,1.12,71.0082
Nifty Next 50,2007-06-11,18.46,3.82,1.12,70.5172
Nifty Next 50,2007-06-12,18.37,3.8,1.13,69.806
Nifty Next 50,2007-06-13,18.3,3.78,1.13,69.17399999999999
Nifty Next 50,2007-06-14,18.68,3.86,1.11,72.1048
Nifty Next 50,2007-06-15,18.85,3.9,1.10,73.515
Nifty Next 50,2007-06-18,18.84,3.9,1.10,73.476
Nifty Next 50,2007-06-19,19.18,3.97,1.08,76.1446
Nifty Next 50,2007-06-20,19.46,4.04,1.06,78.61840000000001
Nifty Next 50,2007-06-21,19.53,4.05,1.06,79.0965
Nifty Next 50,2007-06-22,19.57,3.93,1.07,76.9101
Nifty Next 50,2007-06-25,19.7,3.96,1.07,78.012
Nifty Next 50,2007-06-26,19.79,3.97,1.06,78.5663
Nifty Next 50,2007-06-27,19.75,3.97,1.07,78.4075
Nifty Next 50,2007-06-28,19.74,3.97,1.06,78.3678
Nifty Next 50,2007-06-29,20.19,4.06,1.04,81.9714
Nifty Next 50,2007-07-02,20.25,4.08,1.03,82.62
Nifty Next 50,2007-07-03,20.41,4.11,1.03,83.88510000000001
Nifty Next 50,2007-07-04,20.25,4.08,1.03,82.62
Nifty Next 50,2007-07-05,20.13,4.06,1.04,81.72779999999999
Nifty Next 50,2007-07-06,20.2,4.07,1.04,82.214
Nifty Next 50,2007-07-09,20.19,4.13,1.02,83.38470000000001
Nifty Next 50,2007-07-10,20.17,4.12,1.02,83.10040000000001
Nifty Next 50,2007-07-11,20.33,4.15,1.02,84.3695
Nifty Next 50,2007-07-12,20.65,4.23,1.00,87.3495
Nifty Next 50,2007-07-13,20.62,4.24,1.00,87.42880000000001
Nifty Next 50,2007-07-16,20.67,4.27,0.99,88.26089999999999
Nifty Next 50,2007-07-17,20.52,4.24,1.00,87.0048
Nifty Next 50,2007-07-18,20.42,4.22,1.00,86.1724
Nifty Next 50,2007-07-19,20.45,4.23,1.00,86.5035
Nifty Next 50,2007-07-20,20.23,4.08,1.02,82.53840000000001
Nifty Next 50,2007-07-23,20.42,4.13,1.01,84.33460000000001
Nifty Next 50,2007-07-24,20.25,4.1,1.01,83.02499999999999
Nifty Next 50,2007-07-25,19.72,4.06,1.02,80.06319999999998
Nifty Next 50,2007-07-26,19.54,4.08,1.02,79.72319999999999
Nifty Next 50,2007-07-27,18.84,3.94,1.05,74.2296
Nifty Next 50,2007-07-30,18.53,3.93,1.06,72.8229
Nifty Next 50,2007-07-31,18.71,4.02,1.03,75.21419999999999
Nifty Next 50,2007-08-01,17.83,3.82,1.09,68.11059999999999
Nifty Next 50,2007-08-02,17.95,3.85,1.08,69.1075
Nifty Next 50,2007-08-03,18.34,3.93,1.06,72.0762
Nifty Next 50,2007-08-06,18.13,3.89,1.07,70.5257
Nifty Next 50,2007-08-07,18.28,3.93,1.06,71.8404
Nifty Next 50,2007-08-08,18.66,4.01,1.04,74.8266
Nifty Next 50,2007-08-09,18.19,3.91,1.06,71.1229
Nifty Next 50,2007-08-10,18.1,3.89,1.07,70.409
Nifty Next 50,2007-08-13,18.24,3.92,1.06,71.5008
Nifty Next 50,2007-08-14,18.19,3.91,1.06,71.1229
Nifty Next 50,2007-08-16,17.28,3.72,1.12,64.28160000000001
Nifty Next 50,2007-08-17,17.2,3.7,1.12,63.64
Nifty Next 50,2007-08-20,17.56,3.78,1.10,66.37679999999999
Nifty Next 50,2007-08-21,16.92,3.64,1.14,61.588800000000006
Nifty Next 50,2007-08-22,17.0,3.51,1.15,59.669999999999995
Nifty Next 50,2007-08-23,16.88,3.49,1.16,58.9112
Nifty Next 50,2007-08-24,17.11,3.54,1.14,60.5694
Nifty Next 50,2007-08-27,17.7,3.66,1.10,64.782
Nifty Next 50,2007-08-28,18.01,3.72,1.08,66.9972
Nifty Next 50,2007-08-29,18.13,3.75,1.08,67.9875
Nifty Next 50,2007-08-30,18.09,3.74,1.08,67.6566
Nifty Next 50,2007-08-31,18.51,3.83,1.05,70.89330000000001
Nifty Next 50,2007-09-03,18.84,3.89,1.04,73.2876
Nifty Next 50,2007-09-04,18.96,3.92,1.03,74.3232
Nifty Next 50,2007-09-05,18.9,3.91,1.03,73.899
Nifty Next 50,2007-09-06,19.13,3.95,1.02,75.5635
Nifty Next 50,2007-09-07,18.9,3.91,1.03,73.899
Nifty Next 50,2007-09-10,19.03,3.93,1.03,74.78790000000001
Nifty Next 50,2007-09-11,18.97,3.92,1.03,74.3624
Nifty Next 50,2007-09-12,19.14,3.96,1.02,75.7944
Nifty Next 50,2007-09-13,19.43,4.02,1.00,78.1086
Nifty Next 50,2007-09-14,19.14,3.93,1.03,75.2202
Nifty Next 50,2007-09-17,19.2,3.94,1.02,75.648
Nifty Next 50,2007-09-18,19.45,3.99,1.01,77.6055
Nifty Next 50,2007-09-19,19.89,4.08,0.99,81.1512
Nifty Next 50,2007-09-20,19.96,4.09,0.99,81.6364
Nifty Next 50,2007-09-21,20.09,4.12,0.98,82.77080000000001
Nifty Next 50,2007-09-24,20.6,4.23,0.96,87.13800000000002
Nifty Next 50,2007-09-25,20.56,4.22,0.96,86.76319999999998
Nifty Next 50,2007-09-26,20.68,4.24,0.95,87.6832
Nifty Next 50,2007-09-27,20.59,4.22,0.96,86.8898
Nifty Next 50,2007-09-28,21.06,4.32,0.93,90.9792
Nifty Next 50,2007-10-01,21.48,4.41,0.92,94.72680000000001
Nifty Next 50,2007-10-03,21.67,4.44,0.91,96.21480000000001
Nifty Next 50,2007-10-04,21.49,4.41,0.92,94.7709
Nifty Next 50,2007-10-05,20.95,4.3,0.94,90.085
Nifty Next 50,2007-10-08,20.17,4.14,0.98,83.5038
Nifty Next 50,2007-10-09,21.02,4.31,0.94,90.5962
Nifty Next 50,2007-10-10,21.53,4.42,0.91,95.1626
Nifty Next 50,2007-10-11,21.92,4.49,0.90,98.42080000000001
Nifty Next 50,2007-10-12,21.51,4.41,0.92,94.85910000000001
Nifty Next 50,2007-10-15,21.86,4.51,0.89,98.5886
Nifty Next 50,2007-10-16,21.63,4.35,0.88,94.09049999999999
Nifty Next 50,2007-10-17,20.85,4.2,0.91,87.57000000000001
Nifty Next 50,2007-10-18,20.02,4.03,0.95,80.6806
Nifty Next 50,2007-10-19,19.12,3.86,0.99,73.8032
Nifty Next 50,2007-10-22,19.14,3.88,0.99,74.2632
Nifty Next 50,2007-10-23,20.45,4.15,0.92,84.8675
Nifty Next 50,2007-10-24,20.53,4.18,0.92,85.8154
Nifty Next 50,2007-10-25,20.61,4.21,0.91,86.76809999999999
Nifty Next 50,2007-10-26,21.2,4.35,0.88,92.21999999999998
Nifty Next 50,2007-10-29,21.33,4.4,0.87,93.852
Nifty Next 50,2007-10-30,21.66,4.48,0.86,97.03680000000001
Nifty Next 50,2007-10-31,21.43,4.51,0.85,96.6493
Nifty Next 50,2007-11-01,21.08,4.43,0.86,93.38439999999999
Nifty Next 50,2007-11-02,21.34,4.49,0.85,95.81660000000001
Nifty Next 50,2007-11-05,21.35,4.49,0.85,95.8615
Nifty Next 50,2007-11-06,21.08,4.43,0.86,93.38439999999999
Nifty Next 50,2007-11-07,21.01,4.42,0.87,92.86420000000001
Nifty Next 50,2007-11-08,21.07,4.43,0.87,93.34009999999999
Nifty Next 50,2007-11-09,20.99,4.41,0.87,92.5659
Nifty Next 50,2007-11-12,20.76,4.36,0.88,90.51360000000001
Nifty Next 50,2007-11-13,21.27,4.47,0.86,95.0769
Nifty Next 50,2007-11-14,21.86,4.59,0.83,100.33739999999999
Nifty Next 50,2007-11-15,22.19,4.66,0.82,103.40540000000001
Nifty Next 50,2007-11-16,22.47,4.72,0.81,106.05839999999999
Nifty Next 50,2007-11-19,23.42,4.92,0.78,115.22640000000001
Nifty Next 50,2007-11-20,23.03,4.84,0.79,111.4652
Nifty Next 50,2007-11-21,21.81,4.59,0.84,100.10789999999999
Nifty Next 50,2007-11-22,21.87,4.6,0.83,100.602
Nifty Next 50,2007-11-23,22.11,4.65,0.82,102.81150000000001
Nifty Next 50,2007-11-26,22.43,4.72,0.81,105.86959999999999
Nifty Next 50,2007-11-27,22.63,4.76,0.81,107.71879999999999
Nifty Next 50,2007-11-28,22.5,4.73,0.81,106.42500000000001
Nifty Next 50,2007-11-29,22.3,4.69,0.82,104.58700000000002
Nifty Next 50,2007-11-30,23.09,4.85,0.79,111.98649999999999
Nifty Next 50,2007-12-03,23.7,4.98,0.77,118.02600000000001
Nifty Next 50,2007-12-04,23.92,5.03,0.76,120.31760000000001
Nifty Next 50,2007-12-05,24.28,5.1,0.75,123.828
Nifty Next 50,2007-12-06,24.09,5.06,0.76,121.8954
Nifty Next 50,2007-12-07,24.14,5.07,0.76,122.38980000000001
Nifty Next 50,2007-12-10,24.25,5.1,0.75,123.675
Nifty Next 50,2007-12-11,24.37,5.12,0.75,124.77440000000001
Nifty Next 50,2007-12-12,25.65,5.24,0.70,134.406
Nifty Next 50,2007-12-13,25.77,5.27,0.70,135.8079
Nifty Next 50,2007-12-14,26.05,5.32,0.69,138.586
Nifty Next 50,2007-12-17,24.8,5.03,0.73,124.74400000000001
Nifty Next 50,2007-12-18,24.75,5.02,0.73,124.24499999999999
Nifty Next 50,2007-12-19,24.73,5.02,0.73,124.1446
Nifty Next 50,2007-12-20,24.69,5.01,0.73,123.6969
Nifty Next 50,2007-12-24,25.26,5.13,0.71,129.5838
Nifty Next 50,2007-12-26,25.95,5.27,0.69,136.7565
Nifty Next 50,2007-12-27,25.61,5.2,0.70,133.172
Nifty Next 50,2007-12-28,26.22,5.32,0.69,139.4904
Nifty Next 50,2007-12-31,26.48,5.37,0.68,142.1976
Nifty Next 50,2008-01-01,26.8,5.44,0.67,145.792
Nifty Next 50,2008-01-02,27.37,5.56,0.66,152.1772
Nifty Next 50,2008-01-03,27.52,5.59,0.65,153.83679999999998
Nifty Next 50,2008-01-04,27.71,5.62,0.65,155.7302
Nifty Next 50,2008-01-07,27.61,5.6,0.65,154.61599999999999
Nifty Next 50,2008-01-08,27.03,5.49,0.67,148.3947
Nifty Next 50,2008-01-09,27.13,5.53,0.66,150.0289
Nifty Next 50,2008-01-10,26.14,5.33,0.69,139.3262
Nifty Next 50,2008-01-11,26.3,5.36,0.68,140.96800000000002
Nifty Next 50,2008-01-14,26.92,5.5,0.66,148.06
Nifty Next 50,2008-01-15,26.28,5.4,0.68,141.912
Nifty Next 50,2008-01-16,25.76,5.3,0.69,136.528
Nifty Next 50,2008-01-17,25.59,5.27,0.69,134.8593
Nifty Next 50,2008-01-18,23.99,4.95,0.74,118.7505
Nifty Next 50,2008-01-21,20.78,4.34,0.84,90.18520000000001
Nifty Next 50,2008-01-22,19.11,4.05,0.90,77.3955
Nifty Next 50,2008-01-23,20.48,4.4,0.83,90.11200000000001
Nifty Next 50,2008-01-24,19.75,4.25,0.86,83.9375
Nifty Next 50,2008-01-25,21.38,4.6,0.79,98.34799999999998
Nifty Next 50,2008-01-28,21.36,4.6,0.79,98.25599999999999
Nifty Next 50,2008-01-29,21.03,4.55,0.80,95.6865
Nifty Next 50,2008-01-30,20.13,4.41,0.83,88.77329999999999
Nifty Next 50,2008-01-31,19.89,4.36,0.84,86.72040000000001
Nifty Next 50,2008-02-01,20.11,4.4,0.83,88.48400000000001
Nifty Next 50,2008-02-04,20.73,4.54,0.81,94.1142
Nifty Next 50,2008-02-05,20.83,4.56,0.80,94.98479999999998
Nifty Next 50,2008-02-06,20.35,4.45,0.82,90.5575
Nifty Next 50,2008-02-07,19.62,4.29,0.85,84.16980000000001
Nifty Next 50,2008-02-08,19.18,4.19,0.87,80.36420000000001
Nifty Next 50,2008-02-11,18.13,3.97,0.92,71.9761
Nifty Next 50,2008-02-12,18.11,3.96,0.92,71.7156
Nifty Next 50,2008-02-13,18.18,3.98,0.92,72.3564
Nifty Next 50,2008-02-14,19.23,4.21,0.87,80.9583
Nifty Next 50,2008-02-15,20.1,4.48,0.80,90.04800000000002
Nifty Next 50,2008-02-18,20.16,4.5,0.80,90.72
Nifty Next 50,2008-02-19,20.2,4.51,0.80,91.10199999999999
Nifty Next 50,2008-02-20,19.63,4.38,0.82,85.9794
Nifty Next 50,2008-02-21,19.74,4.4,0.82,86.856
Nifty Next 50,2008-02-22,19.41,4.32,0.83,83.8512
Nifty Next 50,2008-02-25,19.52,4.35,0.83,84.91199999999999
Nifty Next 50,2008-02-26,19.85,4.42,0.81,87.73700000000001
Nifty Next 50,2008-02-27,19.89,4.43,0.81,88.1127
Nifty Next 50,2008-02-28,19.61,4.37,0.82,85.6957
Nifty Next 50,2008-02-29,19.56,4.36,0.83,85.2816
Nifty Next 50,2008-03-03,18.4,4.1,0.88,75.43999999999998
Nifty Next 50,2008-03-04,17.79,3.97,0.91,70.6263
Nifty Next 50,2008-03-05,17.59,3.92,0.92,68.9528
Nifty Next 50,2008-03-07,16.76,3.74,0.96,62.68240000000001
Nifty Next 50,2008-03-10,16.76,3.74,0.96,62.68240000000001
Nifty Next 50,2008-03-11,17.52,3.9,0.92,68.328
Nifty Next 50,2008-03-12,17.46,3.89,0.92,67.91940000000001
Nifty Next 50,2008-03-13,16.27,3.43,0.99,55.8061
Nifty Next 50,2008-03-14,17.28,3.63,0.93,62.726400000000005
Nifty Next 50,2008-03-17,15.95,3.35,1.01,53.4325
Nifty Next 50,2008-03-18,15.73,3.3,1.03,51.909
Nifty Next 50,2008-03-19,15.64,3.29,1.03,51.455600000000004
Nifty Next 50,2008-03-24,15.45,3.25,1.04,50.2125
Nifty Next 50,2008-03-25,16.74,3.52,0.96,58.9248
Nifty Next 50,2008-03-26,16.91,3.55,0.95,60.030499999999996
Nifty Next 50,2008-03-27,16.8,3.53,0.96,59.304
Nifty Next 50,2008-03-28,17.46,3.67,0.92,64.0782
Nifty Next 50,2008-03-31,16.69,3.53,0.96,58.9157
Nifty Next 50,2008-04-01,16.52,3.49,0.97,57.6548
Nifty Next 50,2008-04-02,16.67,3.52,0.96,58.6784
Nifty Next 50,2008-04-03,16.66,3.52,0.96,58.6432
Nifty Next 50,2008-04-04,16.26,3.44,0.99,55.934400000000004
Nifty Next 50,2008-04-07,16.7,3.53,0.96,58.95099999999999
Nifty Next 50,2008-04-08,16.69,3.53,0.96,58.9157
Nifty Next 50,2008-04-09,16.98,3.59,0.94,60.9582
Nifty Next 50,2008-04-10,16.87,3.57,0.95,60.2259
Nifty Next 50,2008-04-11,16.95,3.58,0.95,60.681
Nifty Next 50,2008-04-15,17.26,3.65,0.93,62.999
Nifty Next 50,2008-04-16,17.5,3.69,0.92,64.575
Nifty Next 50,2008-04-17,17.99,3.79,0.89,68.18209999999999
Nifty Next 50,2008-04-21,18.31,3.88,0.87,71.0428
Nifty Next 50,2008-04-22,18.65,3.96,0.86,73.854
Nifty Next 50,2008-04-23,18.52,3.94,0.86,72.9688
Nifty Next 50,2008-04-24,18.38,3.91,0.87,71.8658
Nifty Next 50,2008-04-25,18.63,3.97,0.85,73.9611
Nifty Next 50,2008-04-28,18.49,3.98,0.85,73.5902
Nifty Next 50,2008-04-29,18.72,4.06,0.83,76.00319999999999
Nifty Next 50,2008-04-30,18.96,4.06,0.84,76.9776
Nifty Next 50,2008-05-02,19.43,4.14,0.82,80.44019999999999
Nifty Next 50,2008-05-05,19.58,4.18,0.81,81.8444
Nifty Next 50,2008-05-06,19.32,4.1,0.83,79.21199999999999
Nifty Next 50,2008-05-07,18.85,4.05,0.84,76.3425
Nifty Next 50,2008-05-08,18.45,3.97,0.85,73.2465
Nifty Next 50,2008-05-09,17.74,3.83,0.88,67.9442
Nifty Next 50,2008-05-12,17.71,3.83,0.89,67.8293
Nifty Next 50,2008-05-13,17.74,3.83,0.88,67.9442
Nifty Next 50,2008-05-14,17.91,3.87,0.88,69.3117
Nifty Next 50,2008-05-15,18.26,3.94,0.86,71.9444
Nifty Next 50,2008-05-16,18.38,3.99,0.85,73.3362
Nifty Next 50,2008-05-20,17.74,3.93,0.86,69.7182
Nifty Next 50,2008-05-21,17.72,3.94,0.86,69.8168
Nifty Next 50,2008-05-22,17.34,3.85,0.88,66.759
Nifty Next 50,2008-05-23,17.01,3.78,0.90,64.29780000000001
Nifty Next 50,2008-05-26,16.42,3.29,0.99,54.021800000000006
Nifty Next 50,2008-05-27,16.16,3.24,1.00,52.3584
Nifty Next 50,2008-05-28,16.38,3.3,0.98,54.053999999999995
Nifty Next 50,2008-05-29,16.25,3.28,0.99,53.3
Nifty Next 50,2008-05-30,16.27,3.28,0.99,53.36559999999999
Nifty Next 50,2008-06-02,15.71,3.17,1.02,49.8007
Nifty Next 50,2008-06-03,15.63,3.15,1.03,49.234500000000004
Nifty Next 50,2008-06-04,15.03,3.03,1.07,45.54089999999999
Nifty Next 50,2008-06-05,15.34,3.09,1.05,47.4006
Nifty Next 50,2008-06-06,15.13,3.05,1.06,46.1465
Nifty Next 50,2008-06-09,14.56,2.94,1.10,42.806400000000004
Nifty Next 50,2008-06-10,14.3,2.87,1.13,41.041000000000004
Nifty Next 50,2008-06-11,14.6,2.93,1.11,42.778
Nifty Next 50,2008-06-12,14.67,2.94,1.10,43.129799999999996
Nifty Next 50,2008-06-13,14.65,2.94,1.11,43.071
Nifty Next 50,2008-06-16,14.81,2.97,1.09,43.9857
Nifty Next 50,2008-06-17,15.34,3.07,1.06,47.093799999999995
Nifty Next 50,2008-06-18,15.05,3.02,1.08,45.451
Nifty Next 50,2008-06-19,14.67,2.94,1.11,43.129799999999996
Nifty Next 50,2008-06-20,14.06,2.82,1.15,39.6492
Nifty Next 50,2008-06-23,13.18,2.75,1.17,36.245
Nifty Next 50,2008-06-24,12.99,2.71,1.18,35.2029
Nifty Next 50,2008-06-25,13.16,2.74,1.17,36.058400000000006
Nifty Next 50,2008-06-26,13.11,2.73,1.17,35.790299999999995
Nifty Next 50,2008-06-27,12.58,2.62,1.22,32.9596
Nifty Next 50,2008-06-30,12.08,2.52,1.27,30.4416
Nifty Next 50,2008-07-01,11.47,2.39,1.34,27.413300000000003
Nifty Next 50,2008-07-02,12.17,2.54,1.26,30.9118
Nifty Next 50,2008-07-03,11.6,2.42,1.33,28.072
Nifty Next 50,2008-07-04,12.05,2.38,1.33,28.679000000000002
Nifty Next 50,2008-07-07,12.33,2.43,1.30,29.961900000000004
Nifty Next 50,2008-07-08,12.35,2.43,1.30,30.0105
Nifty Next 50,2008-07-09,12.99,2.56,1.24,33.254400000000004
Nifty Next 50,2008-07-10,12.97,2.56,1.24,33.2032
Nifty Next 50,2008-07-11,12.5,2.46,1.29,30.75
Nifty Next 50,2008-07-14,12.35,2.44,1.30,30.133999999999997
Nifty Next 50,2008-07-15,11.84,2.34,1.36,27.705599999999997
Nifty Next 50,2008-07-16,11.64,2.3,1.38,26.772
Nifty Next 50,2008-07-17,12.01,2.37,1.34,28.4637
Nifty Next 50,2008-07-18,12.21,2.44,1.30,29.7924
Nifty Next 50,2008-07-21,12.27,2.46,1.29,30.184199999999997
Nifty Next 50,2008-07-22,12.61,2.54,1.25,32.0294
Nifty Next 50,2008-07-23,13.58,2.61,1.26,35.443799999999996
Nifty Next 50,2008-07-24,13.49,2.59,1.27,34.939099999999996
Nifty Next 50,2008-07-25,13.23,2.54,1.29,33.6042
Nifty Next 50,2008-07-28,13.24,2.56,1.28,33.894400000000005
Nifty Next 50,2008-07-29,12.59,2.42,1.35,30.4678
Nifty Next 50,2008-07-30,13.12,2.52,1.30,33.0624
Nifty Next 50,2008-07-31,13.15,2.53,1.30,33.2695
Nifty Next 50,2008-08-01,13.74,2.61,1.26,35.861399999999996
Nifty Next 50,2008-08-04,13.91,2.64,1.24,36.7224
Nifty Next 50,2008-08-05,14.4,2.74,1.20,39.456
Nifty Next 50,2008-08-06,14.22,2.7,1.21,38.394000000000005
Nifty Next 50,2008-08-07,14.26,2.71,1.21,38.6446
Nifty Next 50,2008-08-08,14.31,2.72,1.21,38.9232
Nifty Next 50,2008-08-11,14.67,2.79,1.18,40.9293
Nifty Next 50,2008-08-12,14.4,2.74,1.20,39.456
Nifty Next 50,2008-08-13,14.26,2.71,1.21,38.6446
Nifty Next 50,2008-08-14,13.75,2.61,1.26,35.887499999999996
Nifty Next 50,2008-08-18,13.57,2.58,1.27,35.010600000000004
Nifty Next 50,2008-08-19,13.47,2.56,1.28,34.483200000000004
Nifty Next 50,2008-08-20,13.61,2.59,1.27,35.2499
Nifty Next 50,2008-08-21,13.22,2.51,1.31,33.1822
Nifty Next 50,2008-08-22,13.33,2.43,1.31,32.3919
Nifty Next 50,2008-08-25,13.39,2.44,1.31,32.6716
Nifty Next 50,2008-08-26,13.43,2.45,1.30,32.9035
Nifty Next 50,2008-08-27,13.3,2.43,1.32,32.319
Nifty Next 50,2008-08-28,13.19,2.41,1.33,31.7879
Nifty Next 50,2008-08-29,13.68,2.5,1.28,34.2
Nifty Next 50,2008-09-01,13.62,2.49,1.29,33.9138
Nifty Next 50,2008-09-02,14.13,2.58,1.24,36.455400000000004
Nifty Next 50,2008-09-04,14.03,2.56,1.25,35.9168
Nifty Next 50,2008-09-05,13.61,2.48,1.29,33.7528
Nifty Next 50,2008-09-08,13.87,2.53,1.26,35.0911
Nifty Next 50,2008-09-09,13.74,2.51,1.28,34.4874
Nifty Next 50,2008-09-10,14.24,2.61,1.23,37.166399999999996
Nifty Next 50,2008-09-11,14.07,2.58,1.25,36.3006
Nifty Next 50,2008-09-12,13.74,2.52,1.28,34.6248
Nifty Next 50,2008-09-15,13.08,2.4,1.34,31.392
Nifty Next 50,2008-09-16,13.07,2.4,1.34,31.368
Nifty Next 50,2008-09-17,12.69,2.33,1.38,29.5677
Nifty Next 50,2008-09-18,12.66,2.23,1.43,28.2318
Nifty Next 50,2008-09-19,13.24,2.33,1.37,30.8492
Nifty Next 50,2008-09-22,13.15,2.32,1.38,30.508
Nifty Next 50,2008-09-23,12.81,2.26,1.41,28.950599999999998
Nifty Next 50,2008-09-24,12.9,2.27,1.40,29.283
Nifty Next 50,2008-09-25,12.78,2.25,1.41,28.755
Nifty Next 50,2008-09-26,12.37,2.18,1.46,26.9666
Nifty Next 50,2008-09-29,11.82,2.08,1.53,24.585600000000003
Nifty Next 50,2008-09-30,12.13,2.14,1.49,25.9582
Nifty Next 50,2008-10-01,12.26,2.16,1.48,26.4816
Nifty Next 50,2008-10-03,11.82,2.08,1.53,24.585600000000003
Nifty Next 50,2008-10-06,11.07,1.95,1.63,21.5865
Nifty Next 50,2008-10-07,10.91,1.92,1.66,20.9472
Nifty Next 50,2008-10-08,10.37,1.83,1.74,18.9771
Nifty Next 50,2008-10-10,9.47,1.66,1.91,15.7202
Nifty Next 50,2008-10-13,10.02,1.76,1.80,17.6352
Nifty Next 50,2008-10-14,10.3,1.8,1.76,18.540000000000003
Nifty Next 50,2008-10-15,9.76,1.7,1.86,16.592
Nifty Next 50,2008-10-16,9.71,1.7,1.86,16.507
Nifty Next 50,2008-10-17,9.36,1.64,1.93,15.350399999999999
Nifty Next 50,2008-10-20,9.41,1.65,1.91,15.526499999999999
Nifty Next 50,2008-10-21,9.86,1.72,1.84,16.9592
Nifty Next 50,2008-10-22,9.34,1.66,1.91,15.504399999999999
Nifty Next 50,2008-10-23,9.01,1.6,1.98,14.416
Nifty Next 50,2008-10-24,8.18,1.44,2.20,11.7792
Nifty Next 50,2008-10-27,7.69,1.36,2.32,10.458400000000001
Nifty Next 50,2008-10-28,8.17,1.45,2.19,11.846499999999999
Nifty Next 50,2008-10-29,8.06,1.43,2.22,11.5258
Nifty Next 50,2008-10-31,8.44,1.51,2.10,12.744399999999999
Nifty Next 50,2008-11-03,8.86,1.58,2.00,13.9988
Nifty Next 50,2008-11-04,9.35,1.67,1.90,15.6145
Nifty Next 50,2008-11-05,9.11,1.63,1.94,14.849299999999998
Nifty Next 50,2008-11-06,8.88,1.59,2.00,14.119200000000001
Nifty Next 50,2008-11-07,9.05,1.62,1.96,14.661000000000001
Nifty Next 50,2008-11-10,9.49,1.69,1.87,16.0381
Nifty Next 50,2008-11-11,9.02,1.61,1.97,14.5222
Nifty Next 50,2008-11-12,8.79,1.57,2.02,13.8003
Nifty Next 50,2008-11-14,8.61,1.54,2.06,13.2594
Nifty Next 50,2008-11-17,8.32,1.49,2.13,12.3968
Nifty Next 50,2008-11-18,8.06,1.44,2.20,11.6064
Nifty Next 50,2008-11-19,7.81,1.4,2.27,10.934
Nifty Next 50,2008-11-20,7.52,1.34,2.36,10.0768
Nifty Next 50,2008-11-21,7.55,1.35,2.35,10.1925
Nifty Next 50,2008-11-24,7.5,1.34,2.36,10.05
Nifty Next 50,2008-11-25,7.44,1.33,2.38,9.8952
Nifty Next 50,2008-11-26,7.53,1.35,2.35,10.165500000000002
Nifty Next 50,2008-11-28,7.53,1.35,2.34,10.165500000000002
Nifty Next 50,2008-12-01,7.45,1.34,2.37,9.983
Nifty Next 50,2008-12-02,7.47,1.34,2.36,10.0098
Nifty Next 50,2008-12-03,7.65,1.37,2.31,10.480500000000001
Nifty Next 50,2008-12-04,8.02,1.44,2.20,11.548799999999998
Nifty Next 50,2008-12-05,7.9,1.42,2.23,11.218
Nifty Next 50,2008-12-08,7.96,1.43,2.22,11.3828
Nifty Next 50,2008-12-10,8.23,1.48,2.15,12.1804
Nifty Next 50,2008-12-11,8.39,1.51,2.10,12.6689
Nifty Next 50,2008-12-12,8.46,1.52,2.09,12.859200000000001
Nifty Next 50,2008-12-15,8.61,1.55,2.05,13.3455
Nifty Next 50,2008-12-16,8.82,1.58,2.00,13.9356
Nifty Next 50,2008-12-17,8.52,1.53,2.07,13.035599999999999
Nifty Next 50,2008-12-18,8.86,1.59,1.99,14.0874
Nifty Next 50,2008-12-19,9.01,1.62,1.96,14.596200000000001
Nifty Next 50,2008-12-22,8.96,1.61,1.97,14.425600000000003
Nifty Next 50,2008-12-23,8.62,1.55,2.05,13.360999999999999
Nifty Next 50,2008-12-24,8.62,1.55,2.05,13.360999999999999
Nifty Next 50,2008-12-26,8.47,1.52,2.08,12.874400000000001
Nifty Next 50,2008-12-29,8.79,1.56,2.00,13.712399999999999
Nifty Next 50,2008-12-30,9.0,1.59,1.95,14.31
Nifty Next 50,2008-12-31,8.99,1.59,1.95,14.2941
Nifty Next 50,2009-01-01,9.22,1.63,1.90,15.0286
Nifty Next 50,2009-01-02,9.41,1.67,1.86,15.714699999999999
Nifty Next 50,2009-01-05,9.73,1.72,1.80,16.7356
Nifty Next 50,2009-01-06,9.76,1.73,1.80,16.8848
Nifty Next 50,2009-01-07,8.96,1.59,1.96,14.246400000000001
Nifty Next 50,2009-01-09,8.65,1.54,2.02,13.321000000000002
Nifty Next 50,2009-01-12,8.5,1.53,2.05,13.005
Nifty Next 50,2009-01-13,8.34,1.5,2.09,12.51
Nifty Next 50,2009-01-14,8.63,1.55,2.02,13.376500000000002
Nifty Next 50,2009-01-15,8.36,1.5,2.08,12.54
Nifty Next 50,2009-01-16,8.46,1.52,2.06,12.859200000000001
Nifty Next 50,2009-01-19,8.51,1.53,2.05,13.0203
Nifty Next 50,2009-01-20,8.43,1.51,2.07,12.7293
Nifty Next 50,2009-01-21,8.21,1.48,2.12,12.1508
Nifty Next 50,2009-01-22,8.06,1.46,2.14,11.7676
Nifty Next 50,2009-01-23,7.61,1.41,2.22,10.7301
Nifty Next 50,2009-01-27,8.1,1.43,2.19,11.582999999999998
Nifty Next 50,2009-01-28,8.41,1.46,2.14,12.278599999999999
Nifty Next 50,2009-01-29,8.4,1.46,2.14,12.264
Nifty Next 50,2009-01-30,8.57,1.49,2.10,12.769300000000001
Nifty Next 50,2009-02-02,8.39,1.45,2.16,12.1655
Nifty Next 50,2009-02-03,8.29,1.43,2.18,11.854699999999998
Nifty Next 50,2009-02-04,8.31,1.44,2.18,11.9664
Nifty Next 50,2009-02-05,8.27,1.43,2.19,11.826099999999999
Nifty Next 50,2009-02-06,8.45,1.46,2.14,12.336999999999998
Nifty Next 50,2009-02-09,8.69,1.5,2.08,13.035
Nifty Next 50,2009-02-10,8.74,1.51,2.07,13.1974
Nifty Next 50,2009-02-11,8.72,1.51,2.08,13.167200000000001
Nifty Next 50,2009-02-12,8.65,1.49,2.10,12.8885
Nifty Next 50,2009-02-13,8.8,1.51,2.06,13.288000000000002
Nifty Next 50,2009-02-16,8.51,1.46,2.13,12.4246
Nifty Next 50,2009-02-17,8.28,1.42,2.19,11.757599999999998
Nifty Next 50,2009-02-18,8.24,1.42,2.20,11.7008
Nifty Next 50,2009-02-19,8.28,1.42,2.18,11.757599999999998
Nifty Next 50,2009-02-20,8.13,1.4,2.22,11.382
Nifty Next 50,2009-02-24,8.0,1.38,2.26,11.04
Nifty Next 50,2009-02-25,8.08,1.39,2.24,11.2312
Nifty Next 50,2009-02-26,8.09,1.39,2.24,11.245099999999999
Nifty Next 50,2009-02-27,8.13,1.4,2.22,11.382
Nifty Next 50,2009-03-02,7.86,1.35,2.30,10.611
Nifty Next 50,2009-03-03,7.74,1.33,2.34,10.2942
Nifty Next 50,2009-03-04,7.73,1.33,2.34,10.2809
Nifty Next 50,2009-03-05,7.51,1.29,2.41,9.6879
Nifty Next 50,2009-03-06,7.53,1.3,2.40,9.789000000000001
Nifty Next 50,2009-03-09,7.34,1.26,2.46,9.2484
Nifty Next 50,2009-03-12,7.44,1.28,2.43,9.523200000000001
Nifty Next 50,2009-03-13,7.76,1.34,2.33,10.3984
Nifty Next 50,2009-03-16,8.0,1.38,2.26,11.04
Nifty Next 50,2009-03-17,7.96,1.37,2.27,10.9052
Nifty Next 50,2009-03-18,8.12,1.4,2.23,11.367999999999999
Nifty Next 50,2009-03-19,8.17,1.41,2.21,11.519699999999998
Nifty Next 50,2009-03-20,8.11,1.39,2.22,11.272899999999998
Nifty Next 50,2009-03-23,8.43,1.45,2.14,12.2235
Nifty Next 50,2009-03-24,8.35,1.43,2.16,11.940499999999998
Nifty Next 50,2009-03-25,8.56,1.47,2.10,12.5832
Nifty Next 50,2009-03-26,8.74,1.5,2.06,13.11
Nifty Next 50,2009-03-27,8.81,1.64,2.05,14.4484
Nifty Next 50,2009-03-30,8.52,1.58,2.12,13.4616
Nifty Next 50,2009-03-31,8.69,1.62,2.08,14.0778
Nifty Next 50,2009-04-01,8.8,1.64,2.05,14.432
Nifty Next 50,2009-04-02,9.18,1.71,1.97,15.697799999999999
Nifty Next 50,2009-04-06,9.46,1.76,1.91,16.649600000000003
Nifty Next 50,2009-04-08,9.62,1.79,1.88,17.2198
Nifty Next 50,2009-04-09,9.81,1.83,1.84,17.9523
Nifty Next 50,2009-04-13,10.09,1.88,1.79,18.969199999999997
Nifty Next 50,2009-04-15,10.52,1.96,1.72,20.6192
Nifty Next 50,2009-04-16,10.05,1.87,1.80,18.7935
Nifty Next 50,2009-04-17,10.23,1.91,1.76,19.5393
Nifty Next 50,2009-04-20,10.45,1.95,1.72,20.377499999999998
Nifty Next 50,2009-04-21,10.45,1.93,1.75,20.168499999999998
Nifty Next 50,2009-04-22,10.36,1.92,1.76,19.891199999999998
Nifty Next 50,2009-04-23,10.61,1.96,1.72,20.795599999999997
Nifty Next 50,2009-04-24,10.8,2.01,1.68,21.708
Nifty Next 50,2009-04-27,10.72,1.99,1.70,21.332800000000002
Nifty Next 50,2009-04-28,10.3,1.91,1.76,19.673000000000002
Nifty Next 50,2009-04-29,10.46,1.97,1.71,20.6062
Nifty Next 50,2009-05-04,10.81,1.95,1.66,21.0795
Nifty Next 50,2009-05-05,11.0,1.98,1.63,21.78
Nifty Next 50,2009-05-06,10.75,1.94,1.67,20.855
Nifty Next 50,2009-05-07,11.19,1.98,1.64,22.1562
Nifty Next 50,2009-05-08,11.02,1.95,1.66,21.488999999999997
Nifty Next 50,2009-05-11,10.9,1.93,1.67,21.037
Nifty Next 50,2009-05-12,11.15,1.98,1.64,22.077
Nifty Next 50,2009-05-13,11.14,1.98,1.64,22.0572
Nifty Next 50,2009-05-14,11.27,2.0,1.62,22.54
Nifty Next 50,2009-05-15,11.43,2.03,1.59,23.202899999999996
Nifty Next 50,2009-05-18,13.09,2.32,1.39,30.368799999999997
Nifty Next 50,2009-05-19,13.55,2.4,1.35,32.52
Nifty Next 50,2009-05-20,14.05,2.49,1.30,34.984500000000004
Nifty Next 50,2009-05-21,13.94,2.48,1.30,34.5712
Nifty Next 50,2009-05-22,14.09,2.51,1.29,35.365899999999996
Nifty Next 50,2009-05-25,14.65,2.56,1.26,37.504000000000005
Nifty Next 50,2009-05-26,14.2,2.46,1.32,34.931999999999995
Nifty Next 50,2009-05-27,14.72,2.56,1.26,37.6832
Nifty Next 50,2009-05-28,14.73,2.56,1.26,37.708800000000004
Nifty Next 50,2009-05-29,15.02,2.61,1.24,39.2022
Nifty Next 50,2009-06-01,15.47,2.69,1.21,41.6143
Nifty Next 50,2009-06-02,15.37,2.67,1.21,41.03789999999999
Nifty Next 50,2009-06-03,15.58,2.71,1.20,42.2218
Nifty Next 50,2009-06-04,15.87,2.76,1.18,43.801199999999994
Nifty Next 50,2009-06-05,15.89,2.76,1.17,43.8564
Nifty Next 50,2009-06-08,15.05,2.61,1.24,39.2805
Nifty Next 50,2009-06-09,15.74,2.73,1.19,42.9702
Nifty Next 50,2009-06-10,16.11,2.8,1.16,45.108
Nifty Next 50,2009-06-11,16.12,2.8,1.16,45.136
Nifty Next 50,2009-06-12,15.94,2.73,1.18,43.5162
Nifty Next 50,2009-06-15,15.93,2.71,1.19,43.1703
Nifty Next 50,2009-06-16,16.3,2.78,1.16,45.314
Nifty Next 50,2009-06-17,15.33,2.43,1.28,37.2519
Nifty Next 50,2009-06-18,15.0,2.37,1.31,35.550000000000004
Nifty Next 50,2009-06-19,15.27,2.42,1.29,36.953399999999995
Nifty Next 50,2009-06-22,15.13,2.4,1.30,36.312
Nifty Next 50,2009-06-23,15.14,2.4,1.30,36.336
Nifty Next 50,2009-06-24,15.51,2.46,1.27,38.1546
Nifty Next 50,2009-06-25,15.5,2.45,1.27,37.975
Nifty Next 50,2009-06-26,15.87,2.51,1.24,39.83369999999999
Nifty Next 50,2009-06-29,15.95,2.55,1.22,40.67249999999999
Nifty Next 50,2009-06-30,15.36,2.46,1.27,37.785599999999995
Nifty Next 50,2009-07-01,15.47,2.47,1.26,38.2109
Nifty Next 50,2009-07-02,15.46,2.47,1.26,38.18620000000001
Nifty Next 50,2009-07-03,15.75,2.52,1.24,39.69
Nifty Next 50,2009-07-06,14.81,2.27,1.30,33.618700000000004
Nifty Next 50,2009-07-07,14.97,2.29,1.28,34.2813
Nifty Next 50,2009-07-08,14.5,2.22,1.33,32.190000000000005
Nifty Next 50,2009-07-09,14.57,2.23,1.32,32.4911
Nifty Next 50,2009-07-10,14.21,2.18,1.35,30.977800000000006
Nifty Next 50,2009-07-13,13.87,2.13,1.39,29.543099999999995
Nifty Next 50,2009-07-14,14.6,2.24,1.31,32.704
Nifty Next 50,2009-07-15,15.15,2.29,1.28,34.6935
Nifty Next 50,2009-07-16,15.07,2.27,1.29,34.2089
Nifty Next 50,2009-07-17,15.45,2.33,1.26,35.9985
Nifty Next 50,2009-07-20,15.84,2.41,1.22,38.1744
Nifty Next 50,2009-07-21,15.76,2.41,1.22,37.9816
Nifty Next 50,2009-07-22,15.31,2.36,1.24,36.1316
Nifty Next 50,2009-07-23,15.59,2.41,1.22,37.5719
Nifty Next 50,2009-07-24,15.82,2.44,1.20,38.6008
Nifty Next 50,2009-07-27,15.43,2.46,1.19,37.9578
Nifty Next 50,2009-07-28,15.58,2.48,1.18,38.6384
Nifty Next 50,2009-07-29,15.34,2.44,1.20,37.4296
Nifty Next 50,2009-07-30,14.84,2.48,1.18,36.8032
Nifty Next 50,2009-07-31,14.95,2.51,1.17,37.524499999999996
Nifty Next 50,2009-08-03,15.3,2.56,1.14,39.168
Nifty Next 50,2009-08-04,15.21,2.55,1.15,38.7855
Nifty Next 50,2009-08-05,15.33,2.57,1.14,39.3981
Nifty Next 50,2009-08-06,14.94,2.5,1.17,37.35
Nifty Next 50,2009-08-07,14.5,2.43,1.20,35.235
Nifty Next 50,2009-08-10,14.32,2.4,1.21,34.368
Nifty Next 50,2009-08-11,14.43,2.42,1.21,34.9206
Nifty Next 50,2009-08-12,14.41,2.42,1.21,34.8722
Nifty Next 50,2009-08-13,14.96,2.51,1.16,37.5496
Nifty Next 50,2009-08-14,14.87,2.43,1.16,36.134100000000004
Nifty Next 50,2009-08-17,14.25,2.33,1.21,33.2025
Nifty Next 50,2009-08-18,14.58,2.38,1.18,34.7004
Nifty Next 50,2009-08-19,14.29,2.34,1.20,33.438599999999994
Nifty Next 50,2009-08-20,14.36,2.36,1.19,33.889599999999994
Nifty Next 50,2009-08-21,14.47,2.37,1.18,34.2939
Nifty Next 50,2009-08-24,14.78,2.42,1.16,35.767599999999995
Nifty Next 50,2009-08-25,14.79,2.43,1.16,35.9397
Nifty Next 50,2009-08-26,14.93,2.45,1.15,36.578500000000005
Nifty Next 50,2009-08-27,14.89,2.44,1.15,36.3316
Nifty Next 50,2009-08-28,15.02,2.46,1.14,36.9492
Nifty Next 50,2009-08-31,15.0,2.46,1.14,36.9
Nifty Next 50,2009-09-01,14.82,2.43,1.15,36.012600000000006
Nifty Next 50,2009-09-02,14.72,2.42,1.16,35.6224
Nifty Next 50,2009-09-03,14.76,2.42,1.16,35.7192
Nifty Next 50,2009-09-04,14.93,2.45,1.15,36.578500000000005
Nifty Next 50,2009-09-07,15.35,2.52,1.12,38.682
Nifty Next 50,2009-09-08,15.29,2.51,1.12,38.3779
Nifty Next 50,2009-09-09,15.32,2.51,1.12,38.453199999999995
Nifty Next 50,2009-09-10,15.31,2.51,1.12,38.4281
Nifty Next 50,2009-09-11,15.22,2.5,1.12,38.050000000000004
Nifty Next 50,2009-09-14,15.33,2.52,1.12,38.6316
Nifty Next 50,2009-09-15,15.74,2.58,1.09,40.6092
Nifty Next 50,2009-09-16,15.92,2.61,1.08,41.551199999999994
Nifty Next 50,2009-09-17,15.99,2.62,1.07,41.8938
Nifty Next 50,2009-09-18,16.16,2.65,1.06,42.824
Nifty Next 50,2009-09-22,16.23,2.66,1.05,43.171800000000005
Nifty Next 50,2009-09-23,16.04,2.58,1.05,41.3832
Nifty Next 50,2009-09-24,16.12,2.6,1.04,41.912000000000006
Nifty Next 50,2009-09-25,16.21,2.61,1.04,42.3081
Nifty Next 50,2009-09-29,16.29,2.62,1.03,42.6798
Nifty Next 50,2009-09-30,16.48,2.65,1.02,43.672
Nifty Next 50,2009-10-01,16.54,2.66,1.02,43.9964
Nifty Next 50,2009-10-05,16.21,2.61,1.04,42.3081
Nifty Next 50,2009-10-06,16.35,2.63,1.03,43.0005
Nifty Next 50,2009-10-07,16.51,2.66,1.02,43.91660000000001
Nifty Next 50,2009-10-08,16.65,2.68,1.01,44.622
Nifty Next 50,2009-10-09,16.58,2.67,1.02,44.26859999999999
Nifty Next 50,2009-10-12,16.9,2.72,1.00,45.967999999999996
Nifty Next 50,2009-10-14,17.26,2.78,0.98,47.9828
Nifty Next 50,2009-10-15,17.46,2.81,0.97,49.0626
Nifty Next 50,2009-10-16,17.6,2.84,0.96,49.984
Nifty Next 50,2009-10-17,17.62,2.84,0.95,50.0408
Nifty Next 50,2009-10-20,17.6,2.84,0.96,49.984
Nifty Next 50,2009-10-21,17.34,2.79,0.97,48.3786
Nifty Next 50,2009-10-22,16.85,2.85,1.17,48.02250000000001
Nifty Next 50,2009-10-23,16.81,2.87,1.16,48.244699999999995
Nifty Next 50,2009-10-26,16.39,2.84,1.17,46.5476
Nifty Next 50,2009-10-27,15.86,2.75,1.21,43.614999999999995
Nifty Next 50,2009-10-28,15.87,2.75,1.21,43.6425
Nifty Next 50,2009-10-29,15.54,2.7,1.24,41.958
Nifty Next 50,2009-10-30,14.21,2.7,1.23,38.367000000000004
Nifty Next 50,2009-11-03,13.86,2.63,1.26,36.4518
Nifty Next 50,2009-11-04,14.32,2.72,1.22,38.9504
Nifty Next 50,2009-11-05,14.64,2.78,1.20,40.6992
Nifty Next 50,2009-11-06,14.93,2.83,1.18,42.2519
Nifty Next 50,2009-11-09,15.33,2.9,1.15,44.457
Nifty Next 50,2009-11-10,15.29,2.9,1.15,44.340999999999994
Nifty Next 50,2009-11-11,15.67,2.97,1.12,46.5399
Nifty Next 50,2009-11-12,15.38,2.86,1.03,43.9868
Nifty Next 50,2009-11-13,15.5,2.88,1.02,44.64
Nifty Next 50,2009-11-16,15.68,2.92,1.01,45.785599999999995
Nifty Next 50,2009-11-17,15.71,2.92,1.01,45.873200000000004
Nifty Next 50,2009-11-18,15.71,2.92,1.01,45.873200000000004
Nifty Next 50,2009-11-19,15.47,2.88,1.03,44.5536
Nifty Next 50,2009-11-20,15.59,2.9,1.02,45.211
Nifty Next 50,2009-11-23,15.63,2.91,1.02,45.48330000000001
Nifty Next 50,2009-11-24,15.7,2.92,1.01,45.843999999999994
Nifty Next 50,2009-11-25,15.7,2.92,1.01,45.843999999999994
Nifty Next 50,2009-11-26,15.53,2.89,1.02,44.8817
Nifty Next 50,2009-11-27,15.33,2.85,1.04,43.6905
Nifty Next 50,2009-11-30,15.57,2.9,1.02,45.153
Nifty Next 50,2009-12-01,15.9,2.96,1.00,47.064
Nifty Next 50,2009-12-02,15.99,2.98,0.99,47.6502
Nifty Next 50,2009-12-03,16.11,3.0,0.98,48.33
Nifty Next 50,2009-12-04,16.11,3.0,0.98,48.33
Nifty Next 50,2009-12-07,15.91,2.97,1.00,47.252700000000004
Nifty Next 50,2009-12-08,16.2,3.02,0.98,48.924
Nifty Next 50,2009-12-09,16.04,2.99,0.99,47.9596
Nifty Next 50,2009-12-10,16.11,3.0,0.98,48.33
Nifty Next 50,2009-12-11,16.03,2.99,0.99,47.929700000000004
Nifty Next 50,2009-12-14,15.99,2.98,0.99,47.6502
Nifty Next 50,2009-12-15,15.73,2.93,1.01,46.0889
Nifty Next 50,2009-12-16,15.78,2.94,1.00,46.3932
Nifty Next 50,2009-12-17,15.9,2.96,1.00,47.064
Nifty Next 50,2009-12-18,15.79,2.94,1.00,46.422599999999996
Nifty Next 50,2009-12-21,15.73,2.93,1.01,46.0889
Nifty Next 50,2009-12-22,15.88,2.96,1.00,47.0048
Nifty Next 50,2009-12-23,16.13,3.01,0.98,48.55129999999999
Nifty Next 50,2009-12-24,16.25,3.03,0.98,49.2375
Nifty Next 50,2009-12-29,16.2,3.02,0.98,48.924
Nifty Next 50,2009-12-30,16.24,3.03,0.98,49.20719999999999
Nifty Next 50,2009-12-31,16.28,3.04,0.97,49.491200000000006
Nifty Next 50,2010-01-04,16.48,3.07,0.96,50.5936
Nifty Next 50,2010-01-05,16.73,3.12,0.95,52.1976
Nifty Next 50,2010-01-06,16.87,3.15,0.94,53.1405
Nifty Next 50,2010-01-07,16.73,3.12,0.95,52.1976
Nifty Next 50,2010-01-08,16.72,3.12,0.95,52.166399999999996
Nifty Next 50,2010-01-11,16.85,3.14,0.94,52.909000000000006
Nifty Next 50,2010-01-12,16.68,3.11,0.95,51.8748
Nifty Next 50,2010-01-13,16.77,3.13,0.95,52.4901
Nifty Next 50,2010-01-14,16.92,3.15,0.94,53.298
Nifty Next 50,2010-01-15,16.88,3.15,0.94,53.172
Nifty Next 50,2010-01-18,16.96,3.16,0.93,53.5936
Nifty Next 50,2010-01-19,16.8,3.13,0.94,52.584
Nifty Next 50,2010-01-20,16.44,3.13,0.94,51.4572
Nifty Next 50,2010-01-21,16.03,3.05,0.97,48.8915
Nifty Next 50,2010-01-22,15.9,3.03,0.98,48.177
Nifty Next 50,2010-01-25,15.1,2.97,0.99,44.847
Nifty Next 50,2010-01-27,14.55,2.87,1.03,41.758500000000005
Nifty Next 50,2010-01-28,14.71,2.9,1.02,42.659
Nifty Next 50,2010-01-29,14.71,2.92,1.01,42.9532
Nifty Next 50,2010-02-01,14.96,2.97,1.00,44.431200000000004
Nifty Next 50,2010-02-02,14.8,2.94,1.01,43.512
Nifty Next 50,2010-02-03,15.11,3.0,0.99,45.33
Nifty Next 50,2010-02-04,14.82,2.94,1.00,43.5708
Nifty Next 50,2010-02-05,14.43,2.88,1.03,41.5584
Nifty Next 50,2010-02-06,14.63,2.92,1.01,42.7196
Nifty Next 50,2010-02-08,14.64,2.92,1.01,42.7488
Nifty Next 50,2010-02-09,14.7,2.93,1.01,43.071
Nifty Next 50,2010-02-10,14.67,2.93,1.01,42.9831
Nifty Next 50,2010-02-11,14.77,2.95,1.00,43.5715
Nifty Next 50,2010-02-15,14.72,2.94,1.01,43.2768
Nifty Next 50,2010-02-16,14.84,2.96,1.00,43.9264
Nifty Next 50,2010-02-17,14.99,2.99,0.99,44.820100000000004
Nifty Next 50,2010-02-18,14.87,2.97,1.00,44.1639
Nifty Next 50,2010-02-19,14.71,2.93,1.01,43.100300000000004
Nifty Next 50,2010-02-22,14.61,2.91,1.02,42.515100000000004
Nifty Next 50,2010-02-23,14.58,2.91,1.02,42.427800000000005
Nifty Next 50,2010-02-24,14.59,2.91,1.02,42.456900000000005
Nifty Next 50,2010-02-25,14.56,2.91,1.02,42.369600000000005
Nifty Next 50,2010-02-26,14.75,2.96,1.00,43.66
Nifty Next 50,2010-03-02,15.05,3.02,0.98,45.451
Nifty Next 50,2010-03-03,15.33,3.08,0.96,47.2164
Nifty Next 50,2010-03-04,15.49,3.11,0.95,48.173899999999996
Nifty Next 50,2010-03-05,15.57,3.12,0.95,48.5784
Nifty Next 50,2010-03-08,15.63,3.14,0.94,49.0782
Nifty Next 50,2010-03-09,15.48,3.11,0.95,48.1428
Nifty Next 50,2010-03-10,15.41,3.09,0.96,47.6169
Nifty Next 50,2010-03-11,15.34,3.08,0.96,47.2472
Nifty Next 50,2010-03-12,15.35,3.08,0.96,47.278
Nifty Next 50,2010-03-15,15.26,3.06,0.97,46.6956
Nifty Next 50,2010-03-16,15.35,3.08,0.96,47.278
Nifty Next 50,2010-03-17,15.4,3.09,0.96,47.586
Nifty Next 50,2010-03-18,15.42,3.09,0.96,47.6478
Nifty Next 50,2010-03-19,15.49,3.11,0.95,48.173899999999996
Nifty Next 50,2010-03-22,15.35,3.08,0.96,47.278
Nifty Next 50,2010-03-23,15.43,3.1,0.96,47.833
Nifty Next 50,2010-03-25,15.46,3.1,0.95,47.926
Nifty Next 50,2010-03-26,15.64,3.14,0.94,49.1096
Nifty Next 50,2010-03-29,15.7,3.15,0.94,49.455
Nifty Next 50,2010-03-30,15.73,3.16,0.94,49.7068
Nifty Next 50,2010-03-31,15.76,3.16,0.94,49.8016
Nifty Next 50,2010-04-01,15.84,3.18,0.93,50.3712
Nifty Next 50,2010-04-05,16.08,3.23,0.92,51.938399999999994
Nifty Next 50,2010-04-06,16.12,3.23,0.92,52.067600000000006
Nifty Next 50,2010-04-07,16.17,3.24,0.91,52.390800000000006
Nifty Next 50,2010-04-08,15.7,3.2,0.94,50.24
Nifty Next 50,2010-04-09,15.71,3.2,0.93,50.272000000000006
Nifty Next 50,2010-04-12,15.6,3.18,0.94,49.608000000000004
Nifty Next 50,2010-04-13,15.6,3.18,0.94,49.608000000000004
Nifty Next 50,2010-04-15,15.54,3.17,0.95,49.261799999999994
Nifty Next 50,2010-04-16,15.48,3.16,0.95,48.9168
Nifty Next 50,2010-04-19,15.31,3.12,0.96,47.7672
Nifty Next 50,2010-04-20,15.49,3.16,0.95,48.9484
Nifty Next 50,2010-04-21,15.61,3.18,0.94,49.6398
Nifty Next 50,2010-04-22,15.64,3.19,0.94,49.891600000000004
Nifty Next 50,2010-04-23,15.66,3.19,0.94,49.9554
Nifty Next 50,2010-04-26,15.7,3.2,0.94,50.24
Nifty Next 50,2010-04-27,15.46,3.19,0.94,49.3174
Nifty Next 50,2010-04-28,15.28,3.15,0.95,48.132
Nifty Next 50,2010-04-29,15.4,3.18,0.94,48.972
Nifty Next 50,2010-04-30,15.52,3.22,0.93,49.9744
Nifty Next 50,2010-05-03,15.5,3.22,0.93,49.910000000000004
Nifty Next 50,2010-05-04,15.25,3.17,0.95,48.3425
Nifty Next 50,2010-05-05,15.42,3.2,0.94,49.344
Nifty Next 50,2010-05-06,15.34,3.19,0.94,48.934599999999996
Nifty Next 50,2010-05-07,14.94,3.1,0.96,46.314
Nifty Next 50,2010-05-10,15.46,3.2,0.94,49.47200000000001
Nifty Next 50,2010-05-11,15.29,3.16,0.95,48.3164
Nifty Next 50,2010-05-12,15.45,3.2,0.94,49.44
Nifty Next 50,2010-05-13,15.66,3.24,0.92,50.738400000000006
Nifty Next 50,2010-05-14,14.95,3.2,0.94,47.84
Nifty Next 50,2010-05-17,14.95,3.2,0.93,47.84
Nifty Next 50,2010-05-18,14.93,3.2,0.94,47.776
Nifty Next 50,2010-05-19,14.54,3.11,0.96,45.21939999999999
Nifty Next 50,2010-05-20,14.57,3.12,0.96,45.458400000000005
Nifty Next 50,2010-05-21,14.41,3.09,0.97,44.5269
Nifty Next 50,2010-05-24,14.4,3.08,0.97,44.352000000000004
Nifty Next 50,2010-05-25,13.96,2.99,1.00,41.74040000000001
Nifty Next 50,2010-05-26,14.2,3.04,0.98,43.168
Nifty Next 50,2010-05-27,14.35,3.07,0.97,44.0545
Nifty Next 50,2010-05-28,16.37,3.14,0.95,51.40180000000001
Nifty Next 50,2010-05-31,16.59,3.18,0.94,52.7562
Nifty Next 50,2010-06-01,16.29,3.12,0.96,50.824799999999996
Nifty Next 50,2010-06-02,16.44,3.15,0.95,51.786
Nifty Next 50,2010-06-03,16.7,3.2,0.94,53.44
Nifty Next 50,2010-06-04,16.74,3.21,0.93,53.73539999999999
Nifty Next 50,2010-06-07,16.49,3.16,0.95,52.108399999999996
Nifty Next 50,2010-06-08,16.38,3.14,0.95,51.4332
Nifty Next 50,2010-06-09,16.54,3.17,0.94,52.431799999999996
Nifty Next 50,2010-06-10,16.75,3.21,0.93,53.7675
Nifty Next 50,2010-06-11,16.64,3.21,0.93,53.4144
Nifty Next 50,2010-06-14,16.73,3.22,0.93,53.8706
Nifty Next 50,2010-06-15,16.82,3.24,0.92,54.49680000000001
Nifty Next 50,2010-06-16,16.87,3.25,0.92,54.8275
Nifty Next 50,2010-06-17,16.9,3.26,0.92,55.093999999999994
Nifty Next 50,2010-06-18,16.81,3.24,0.92,54.4644
Nifty Next 50,2010-06-21,17.08,3.29,0.91,56.1932
Nifty Next 50,2010-06-22,16.98,3.27,0.91,55.5246
Nifty Next 50,2010-06-23,17.08,3.29,0.91,56.1932
Nifty Next 50,2010-06-24,17.11,3.3,0.91,56.462999999999994
Nifty Next 50,2010-06-25,17.05,3.28,0.91,55.924
Nifty Next 50,2010-06-28,17.29,3.33,0.90,57.5757
Nifty Next 50,2010-06-29,17.16,3.31,0.91,56.7996
Nifty Next 50,2010-06-30,17.24,3.32,0.90,57.236799999999995
Nifty Next 50,2010-07-01,17.19,3.31,0.90,56.898900000000005
Nifty Next 50,2010-07-02,17.14,3.3,0.91,56.562
Nifty Next 50,2010-07-05,17.13,3.3,0.91,56.528999999999996
Nifty Next 50,2010-07-06,17.25,3.32,0.90,57.269999999999996
Nifty Next 50,2010-07-07,17.18,3.31,0.90,56.8658
Nifty Next 50,2010-07-08,17.31,3.33,0.90,57.6423
Nifty Next 50,2010-07-09,17.39,3.35,0.89,58.2565
Nifty Next 50,2010-07-12,17.44,3.36,0.89,58.598400000000005
Nifty Next 50,2010-07-13,17.52,3.37,0.89,59.0424
Nifty Next 50,2010-07-14,17.5,3.37,0.89,58.975
Nifty Next 50,2010-07-15,17.5,3.37,0.89,58.975
Nifty Next 50,2010-07-16,17.6,3.39,0.88,59.66400000000001
Nifty Next 50,2010-07-19,17.68,3.41,0.88,60.2888
Nifty Next 50,2010-07-20,17.61,3.39,0.88,59.6979
Nifty Next 50,2010-07-21,17.7,3.41,0.88,60.357
Nifty Next 50,2010-07-22,17.69,3.42,0.88,60.4998
Nifty Next 50,2010-07-23,17.6,3.4,0.88,59.84
Nifty Next 50,2010-07-26,18.14,3.39,0.88,61.494600000000005
Nifty Next 50,2010-07-27,18.18,3.39,0.88,61.6302
Nifty Next 50,2010-07-28,18.23,3.4,0.88,61.982
Nifty Next 50,2010-07-29,18.27,3.29,0.99,60.1083
Nifty Next 50,2010-07-30,18.2,3.28,0.99,59.69599999999999
Nifty Next 50,2010-08-02,18.06,3.31,0.98,59.7786
Nifty Next 50,2010-08-03,18.13,3.22,1.01,58.3786
Nifty Next 50,2010-08-04,18.12,3.22,1.01,58.34640000000001
Nifty Next 50,2010-08-05,18.09,3.21,1.02,58.0689
Nifty Next 50,2010-08-06,18.04,3.2,1.02,57.728
Nifty Next 50,2010-08-09,18.34,3.27,1.00,59.9718
Nifty Next 50,2010-08-10,18.29,3.26,1.00,59.62539999999999
Nifty Next 50,2010-08-11,18.14,3.23,1.01,58.5922
Nifty Next 50,2010-08-12,18.24,3.25,1.00,59.279999999999994
Nifty Next 50,2010-08-13,18.44,3.29,0.99,60.66760000000001
Nifty Next 50,2010-08-16,18.37,3.28,0.99,60.2536
Nifty Next 50,2010-08-17,18.44,3.27,0.98,60.29880000000001
Nifty Next 50,2010-08-18,18.59,3.3,0.97,61.346999999999994
Nifty Next 50,2010-08-19,18.76,3.33,0.96,62.470800000000004
Nifty Next 50,2010-08-20,18.75,3.32,0.96,62.25
Nifty Next 50,2010-08-23,18.82,3.34,0.96,62.858799999999995
Nifty Next 50,2010-08-24,18.69,3.31,0.97,61.86390000000001
Nifty Next 50,2010-08-25,18.48,3.28,0.98,60.614399999999996
Nifty Next 50,2010-08-26,18.51,3.28,0.98,60.7128
Nifty Next 50,2010-08-27,18.32,3.25,0.99,59.54
Nifty Next 50,2010-08-30,18.31,3.17,1.02,58.042699999999996
Nifty Next 50,2010-08-31,18.26,3.17,1.02,57.88420000000001
Nifty Next 50,2010-09-01,18.55,3.22,1.00,59.73100000000001
Nifty Next 50,2010-09-02,18.63,3.23,1.00,60.174899999999994
Nifty Next 50,2010-09-03,18.69,3.24,1.00,60.555600000000005
Nifty Next 50,2010-09-06,18.94,3.28,0.98,62.1232
Nifty Next 50,2010-09-07,18.93,3.28,0.98,62.090399999999995
Nifty Next 50,2010-09-08,18.93,3.28,0.98,62.090399999999995
Nifty Next 50,2010-09-09,19.03,3.3,0.98,62.799
Nifty Next 50,2010-09-13,19.84,3.44,0.94,68.2496
Nifty Next 50,2010-09-14,19.8,3.43,0.94,67.914
Nifty Next 50,2010-09-15,19.89,3.45,0.94,68.6205
Nifty Next 50,2010-09-16,19.67,3.41,0.95,67.0747
Nifty Next 50,2010-09-17,19.96,3.46,0.94,69.0616
Nifty Next 50,2010-09-20,20.14,3.49,0.93,70.2886
Nifty Next 50,2010-09-21,20.06,3.48,0.93,69.80879999999999
Nifty Next 50,2010-09-22,20.0,3.47,0.93,69.4
Nifty Next 50,2010-09-23,19.97,3.46,0.94,69.0962
Nifty Next 50,2010-09-24,20.13,3.49,0.93,70.2537
Nifty Next 50,2010-09-27,20.19,3.5,0.93,70.665
Nifty Next 50,2010-09-28,20.22,3.5,0.92,70.77
Nifty Next 50,2010-09-29,20.16,3.49,0.93,70.3584
Nifty Next 50,2010-09-30,19.96,3.46,0.94,69.0616
Nifty Next 50,2010-10-01,20.21,3.39,0.91,68.51190000000001
Nifty Next 50,2010-10-04,20.45,3.42,0.94,69.939
Nifty Next 50,2010-10-05,20.51,3.43,0.94,70.34930000000001
Nifty Next 50,2010-10-06,20.75,3.47,0.92,72.0025
Nifty Next 50,2010-10-07,20.5,3.43,0.96,70.315
Nifty Next 50,2010-10-08,20.41,3.42,0.96,69.8022
Nifty Next 50,2010-10-11,20.63,3.45,0.95,71.1735
Nifty Next 50,2010-10-12,20.41,3.42,0.96,69.8022
Nifty Next 50,2010-10-13,20.61,3.45,0.95,71.1045
Nifty Next 50,2010-10-14,20.59,3.44,0.96,70.8296
Nifty Next 50,2010-10-15,20.23,3.38,0.97,68.3774
Nifty Next 50,2010-10-18,20.15,3.38,0.97,68.107
Nifty Next 50,2010-10-19,20.13,3.37,0.97,67.8381
Nifty Next 50,2010-10-20,20.1,3.37,0.98,67.73700000000001
Nifty Next 50,2010-10-21,20.48,3.43,0.96,70.24640000000001
Nifty Next 50,2010-10-22,20.5,3.44,0.96,70.52
Nifty Next 50,2010-10-25,20.48,3.43,0.96,70.24640000000001
Nifty Next 50,2010-10-26,20.07,3.43,0.96,68.8401
Nifty Next 50,2010-10-27,20.0,3.42,0.96,68.4
Nifty Next 50,2010-10-28,19.89,3.4,0.97,67.626
Nifty Next 50,2010-10-29,19.88,3.4,0.97,67.592
Nifty Next 50,2010-11-01,20.15,3.44,0.95,69.31599999999999
Nifty Next 50,2010-11-02,20.31,3.47,0.95,70.4757
Nifty Next 50,2010-11-03,20.38,3.48,0.94,70.9224
Nifty Next 50,2010-11-04,20.55,3.51,0.94,72.1305
Nifty Next 50,2010-11-05,20.62,3.52,0.93,72.5824
Nifty Next 50,2010-11-08,20.58,3.51,0.94,72.23579999999998
Nifty Next 50,2010-11-09,20.7,3.53,0.93,73.071
Nifty Next 50,2010-11-10,20.66,3.53,0.93,72.9298
Nifty Next 50,2010-11-11,20.34,3.47,0.95,70.5798
Nifty Next 50,2010-11-12,19.88,3.39,0.97,67.3932
Nifty Next 50,2010-11-15,18.83,3.45,0.95,64.9635
Nifty Next 50,2010-11-16,18.49,3.38,0.97,62.496199999999995
Nifty Next 50,2010-11-18,18.56,3.4,0.97,63.10399999999999
Nifty Next 50,2010-11-19,18.22,3.34,0.99,60.85479999999999
Nifty Next 50,2010-11-22,18.51,3.39,0.97,62.748900000000006
Nifty Next 50,2010-11-23,18.32,3.35,0.98,61.372
Nifty Next 50,2010-11-24,17.97,3.29,1.00,59.1213
Nifty Next 50,2010-11-25,17.43,3.19,1.03,55.6017
Nifty Next 50,2010-11-26,17.03,3.12,1.05,53.13360000000001
Nifty Next 50,2010-11-29,17.33,3.17,1.04,54.936099999999996
Nifty Next 50,2010-11-30,17.73,3.25,1.01,57.6225
Nifty Next 50,2010-12-01,18.16,3.33,0.99,60.4728
Nifty Next 50,2010-12-02,18.23,3.34,0.98,60.8882
Nifty Next 50,2010-12-03,17.97,3.29,1.00,59.1213
Nifty Next 50,2010-12-06,17.83,3.26,1.01,58.12579999999999
Nifty Next 50,2010-12-07,17.6,3.22,1.02,56.67200000000001
Nifty Next 50,2010-12-08,17.29,3.17,1.04,54.80929999999999
Nifty Next 50,2010-12-09,16.7,3.06,1.07,51.102
Nifty Next 50,2010-12-10,16.91,3.1,1.06,52.421
Nifty Next 50,2010-12-13,17.21,3.15,1.04,54.2115
Nifty Next 50,2010-12-14,17.46,3.2,1.03,55.87200000000001
Nifty Next 50,2010-12-15,17.2,3.15,1.04,54.18
Nifty Next 50,2010-12-16,17.24,3.16,1.04,54.4784
Nifty Next 50,2010-12-20,17.21,3.15,1.04,54.2115
Nifty Next 50,2010-12-21,17.39,3.18,1.03,55.300200000000004
Nifty Next 50,2010-12-22,17.39,3.18,1.03,55.300200000000004
Nifty Next 50,2010-12-23,17.28,3.16,1.04,54.604800000000004
Nifty Next 50,2010-12-24,17.23,3.16,1.04,54.4468
Nifty Next 50,2010-12-27,17.15,3.14,1.05,53.851
Nifty Next 50,2010-12-28,17.13,3.14,1.05,53.788199999999996
Nifty Next 50,2010-12-29,17.28,3.16,1.04,54.604800000000004
Nifty Next 50,2010-12-30,17.38,3.18,1.03,55.2684
Nifty Next 50,2010-12-31,17.59,3.22,1.02,56.6398
Nifty Next 50,2011-01-03,17.63,3.23,1.02,56.9449
Nifty Next 50,2011-01-04,17.55,3.21,1.02,56.3355
Nifty Next 50,2011-01-05,17.35,3.18,1.04,55.17300000000001
Nifty Next 50,2011-01-06,17.07,3.13,1.05,53.4291
Nifty Next 50,2011-01-07,16.74,3.07,1.07,51.39179999999999
Nifty Next 50,2011-01-10,16.33,2.99,1.10,48.826699999999995
Nifty Next 50,2011-01-11,16.32,2.99,1.10,48.796800000000005
Nifty Next 50,2011-01-12,16.58,3.04,1.08,50.4032
Nifty Next 50,2011-01-13,16.52,3.03,1.09,50.0556
Nifty Next 50,2011-01-14,16.28,2.98,1.10,48.5144
Nifty Next 50,2011-01-17,16.16,2.96,1.11,47.8336
Nifty Next 50,2011-01-18,16.21,2.97,1.11,48.1437
Nifty Next 50,2011-01-19,16.3,2.99,1.10,48.73700000000001
Nifty Next 50,2011-01-20,16.34,3.0,1.10,49.019999999999996
Nifty Next 50,2011-01-21,16.21,3.01,1.09,48.7921
Nifty Next 50,2011-01-24,16.28,3.03,1.09,49.3284
Nifty Next 50,2011-01-25,16.13,3.01,1.09,48.55129999999999
Nifty Next 50,2011-01-27,15.9,2.94,1.12,46.746
Nifty Next 50,2011-01-28,15.57,2.87,1.15,44.685900000000004
Nifty Next 50,2011-01-31,15.43,2.88,1.14,44.438399999999994
Nifty Next 50,2011-02-01,15.17,2.84,1.16,43.0828
Nifty Next 50,2011-02-02,15.18,2.84,1.16,43.1112
Nifty Next 50,2011-02-03,15.36,2.87,1.15,44.0832
Nifty Next 50,2011-02-04,15.16,2.83,1.16,42.9028
Nifty Next 50,2011-02-07,15.1,2.82,1.17,42.581999999999994
Nifty Next 50,2011-02-08,14.76,2.76,1.19,40.73759999999999
Nifty Next 50,2011-02-09,14.35,2.68,1.23,38.458
Nifty Next 50,2011-02-10,14.4,2.69,1.22,38.736
Nifty Next 50,2011-02-11,14.7,2.75,1.20,40.425
Nifty Next 50,2011-02-14,15.15,2.86,1.15,43.329
Nifty Next 50,2011-02-15,15.24,2.88,1.15,43.8912
Nifty Next 50,2011-02-16,15.25,2.88,1.14,43.92
Nifty Next 50,2011-02-17,15.43,2.92,1.13,45.0556
Nifty Next 50,2011-02-18,15.16,2.86,1.15,43.3576
Nifty Next 50,2011-02-21,15.26,2.88,1.14,43.9488
Nifty Next 50,2011-02-22,15.1,2.85,1.16,43.035000000000004
Nifty Next 50,2011-02-23,14.99,2.83,1.16,42.4217
Nifty Next 50,2011-02-24,14.5,2.74,1.20,39.730000000000004
Nifty Next 50,2011-02-25,14.6,2.76,1.20,40.296
Nifty Next 50,2011-02-28,14.66,2.77,1.19,40.608200000000004
Nifty Next 50,2011-03-01,15.16,2.86,1.15,43.3576
Nifty Next 50,2011-03-03,15.16,2.86,1.15,43.3576
Nifty Next 50,2011-03-04,15.16,2.86,1.15,43.3576
Nifty Next 50,2011-03-07,14.99,2.83,1.16,42.4217
Nifty Next 50,2011-03-08,15.13,2.86,1.15,43.2718
Nifty Next 50,2011-03-09,15.2,2.87,1.15,43.624
Nifty Next 50,2011-03-10,15.14,2.86,1.15,43.300399999999996
Nifty Next 50,2011-03-11,15.0,2.83,1.16,42.45
Nifty Next 50,2011-03-14,15.12,2.86,1.15,43.243199999999995
Nifty Next 50,2011-03-15,14.87,2.81,1.17,41.7847
Nifty Next 50,2011-03-16,15.07,2.85,1.16,42.9495
Nifty Next 50,2011-03-17,15.04,2.84,1.16,42.71359999999999
Nifty Next 50,2011-03-18,14.9,2.81,1.17,41.869
Nifty Next 50,2011-03-21,14.84,2.8,1.18,41.552
Nifty Next 50,2011-03-22,14.96,2.83,1.17,42.336800000000004
Nifty Next 50,2011-03-23,15.07,2.84,1.17,42.7988
Nifty Next 50,2011-03-24,15.17,2.85,1.17,43.234500000000004
Nifty Next 50,2011-03-25,15.7,3.02,1.09,47.414
Nifty Next 50,2011-03-28,15.82,3.05,1.09,48.251
Nifty Next 50,2011-03-29,15.9,3.06,1.08,48.654
Nifty Next 50,2011-03-30,16.17,3.11,1.06,50.288700000000006
Nifty Next 50,2011-03-31,16.18,3.11,1.06,50.319799999999994
Nifty Next 50,2011-04-01,16.3,3.14,1.05,51.182
Nifty Next 50,2011-04-04,16.49,3.17,1.04,52.27329999999999
Nifty Next 50,2011-04-05,16.68,3.21,1.03,53.5428
Nifty Next 50,2011-04-06,16.7,3.21,1.03,53.607
Nifty Next 50,2011-04-07,16.81,3.24,1.02,54.4644
Nifty Next 50,2011-04-08,16.56,3.19,1.04,52.82639999999999
Nifty Next 50,2011-04-11,16.41,3.16,1.05,51.8556
Nifty Next 50,2011-04-13,16.67,3.21,1.03,53.51070000000001
Nifty Next 50,2011-04-15,16.66,3.21,1.03,53.4786
Nifty Next 50,2011-04-18,16.57,3.19,1.04,52.8583
Nifty Next 50,2011-04-19,16.55,3.19,1.04,52.7945
Nifty Next 50,2011-04-20,16.66,3.22,1.03,53.6452
Nifty Next 50,2011-04-21,17.5,3.48,0.98,60.9
Nifty Next 50,2011-04-25,17.55,3.49,0.97,61.249500000000005
Nifty Next 50,2011-04-26,17.54,3.49,0.97,61.2146
Nifty Next 50,2011-04-27,17.43,3.5,0.97,61.004999999999995
Nifty Next 50,2011-04-28,17.3,3.48,0.98,60.204
Nifty Next 50,2011-04-29,16.87,3.44,0.99,58.0328
Nifty Next 50,2011-05-02,16.58,3.4,1.00,56.37199999999999
Nifty Next 50,2011-05-03,16.12,3.33,1.02,53.67960000000001
Nifty Next 50,2011-05-04,15.99,3.3,1.03,52.766999999999996
Nifty Next 50,2011-05-05,15.79,3.27,1.04,51.6333
Nifty Next 50,2011-05-06,15.97,3.33,1.02,53.1801
Nifty Next 50,2011-05-09,16.02,3.35,1.01,53.667
Nifty Next 50,2011-05-10,15.98,3.35,1.02,53.533
Nifty Next 50,2011-05-11,16.03,3.37,1.01,54.021100000000004
Nifty Next 50,2011-05-12,15.96,3.35,1.01,53.466
Nifty Next 50,2011-05-13,15.72,3.39,1.00,53.290800000000004
Nifty Next 50,2011-05-16,15.76,3.4,1.00,53.583999999999996
Nifty Next 50,2011-05-17,15.67,3.39,1.00,53.121300000000005
Nifty Next 50,2011-05-18,15.5,3.35,1.01,51.925000000000004
Nifty Next 50,2011-05-19,15.43,3.33,1.02,51.3819
Nifty Next 50,2011-05-20,15.49,3.35,1.01,51.8915
Nifty Next 50,2011-05-23,15.33,3.32,1.02,50.895599999999995
Nifty Next 50,2011-05-24,15.46,3.35,1.01,51.791000000000004
Nifty Next 50,2011-05-25,15.45,3.35,1.01,51.7575
Nifty Next 50,2011-05-26,15.46,3.36,1.01,51.9456
Nifty Next 50,2011-05-27,15.64,3.4,1.00,53.176
Nifty Next 50,2011-05-30,15.83,3.38,0.99,53.5054
Nifty Next 50,2011-05-31,15.96,3.44,0.97,54.9024
Nifty Next 50,2011-06-01,16.02,3.46,0.97,55.429199999999994
Nifty Next 50,2011-06-02,15.88,3.42,0.98,54.3096
Nifty Next 50,2011-06-03,15.83,3.4,0.99,53.821999999999996
Nifty Next 50,2011-06-06,15.72,3.38,0.99,53.1336
Nifty Next 50,2011-06-07,15.84,3.41,0.99,54.0144
Nifty Next 50,2011-06-08,15.82,3.29,1.00,52.0478
Nifty Next 50,2011-06-09,15.78,3.28,1.01,51.758399999999995
Nifty Next 50,2011-06-10,15.69,3.27,1.01,51.3063
Nifty Next 50,2011-06-13,15.71,3.27,1.01,51.371700000000004
Nifty Next 50,2011-06-14,15.77,3.28,1.01,51.72559999999999
Nifty Next 50,2011-06-15,15.63,3.25,1.02,50.7975
Nifty Next 50,2011-06-16,15.48,3.22,1.03,49.845600000000005
Nifty Next 50,2011-06-17,15.38,3.2,1.03,49.21600000000001
Nifty Next 50,2011-06-20,15.1,3.14,1.05,47.414
Nifty Next 50,2011-06-21,15.06,3.13,1.06,47.1378
Nifty Next 50,2011-06-22,14.97,3.11,1.06,46.5567
Nifty Next 50,2011-06-23,14.99,3.07,1.13,46.0193
Nifty Next 50,2011-06-24,15.31,3.13,1.11,47.9203
Nifty Next 50,2011-06-27,15.59,3.19,1.09,49.732099999999996
Nifty Next 50,2011-06-28,15.56,3.08,1.13,47.924800000000005
Nifty Next 50,2011-06-29,15.6,3.08,1.13,48.048
Nifty Next 50,2011-06-30,15.64,3.09,1.13,48.3276
Nifty Next 50,2011-07-01,15.72,3.11,1.12,48.8892
Nifty Next 50,2011-07-04,15.9,3.14,1.11,49.926
Nifty Next 50,2011-07-05,15.87,3.14,1.11,49.8318
Nifty Next 50,2011-07-06,15.9,3.14,1.11,49.926
Nifty Next 50,2011-07-07,16.07,3.18,1.10,51.1026
Nifty Next 50,2011-07-08,15.81,3.13,1.12,49.4853
Nifty Next 50,2011-07-11,15.67,3.11,1.12,48.7337
Nifty Next 50,2011-07-12,15.51,3.07,1.14,47.6157
Nifty Next 50,2011-07-13,15.68,3.11,1.12,48.764799999999994
Nifty Next 50,2011-07-14,15.83,3.14,1.11,49.7062
Nifty Next 50,2011-07-15,15.83,3.14,1.11,49.7062
Nifty Next 50,2011-07-18,15.86,3.14,1.11,49.8004
Nifty Next 50,2011-07-19,15.86,3.14,1.11,49.8004
Nifty Next 50,2011-07-20,15.66,3.1,1.13,48.546
Nifty Next 50,2011-07-21,15.5,3.07,1.14,47.585
Nifty Next 50,2011-07-22,15.67,3.11,1.12,48.7337
Nifty Next 50,2011-07-25,15.8,3.12,1.12,49.29600000000001
Nifty Next 50,2011-07-26,15.71,3.09,1.13,48.5439
Nifty Next 50,2011-07-27,15.59,3.09,1.13,48.1731
Nifty Next 50,2011-07-28,15.37,3.06,1.14,47.032199999999996
Nifty Next 50,2011-07-29,15.03,3.0,1.16,45.089999999999996
Nifty Next 50,2011-08-01,14.89,3.0,1.16,44.67
Nifty Next 50,2011-08-02,14.77,2.97,1.17,43.8669
Nifty Next 50,2011-08-03,14.68,2.78,0.96,40.810399999999994
Nifty Next 50,2011-08-04,14.63,2.77,0.96,40.5251
Nifty Next 50,2011-08-05,14.38,2.73,0.98,39.257400000000004
Nifty Next 50,2011-08-08,14.19,2.69,0.99,38.171099999999996
Nifty Next 50,2011-08-09,14.03,2.66,1.00,37.3198
Nifty Next 50,2011-08-10,14.31,2.71,0.98,38.7801
Nifty Next 50,2011-08-11,14.24,2.7,0.99,38.448
Nifty Next 50,2011-08-12,14.11,2.68,1.00,37.8148
Nifty Next 50,2011-08-16,13.96,2.65,1.01,36.994
Nifty Next 50,2011-08-17,13.9,2.63,1.01,36.557
Nifty Next 50,2011-08-18,13.59,2.37,1.43,32.2083
Nifty Next 50,2011-08-19,13.48,2.36,1.44,31.8128
Nifty Next 50,2011-08-22,13.62,2.38,1.43,32.4156
Nifty Next 50,2011-08-23,13.71,2.4,1.42,32.904
Nifty Next 50,2011-08-24,13.58,2.37,1.43,32.1846
Nifty Next 50,2011-08-25,13.41,2.34,1.45,31.379399999999997
Nifty Next 50,2011-08-26,13.12,2.29,1.48,30.0448
Nifty Next 50,2011-08-29,13.49,2.36,1.44,31.836399999999998
Nifty Next 50,2011-08-30,13.65,2.39,1.43,32.6235
Nifty Next 50,2011-09-02,13.82,2.42,1.41,33.4444
Nifty Next 50,2011-09-05,13.87,2.42,1.40,33.5654
Nifty Next 50,2011-09-06,13.87,2.42,1.40,33.5654
Nifty Next 50,2011-09-07,14.12,2.47,1.38,34.876400000000004
Nifty Next 50,2011-09-08,14.13,2.47,1.38,34.90110000000001
Nifty Next 50,2011-09-09,13.94,2.44,1.40,34.0136
Nifty Next 50,2011-09-12,13.6,2.38,1.43,32.367999999999995
Nifty Next 50,2011-09-13,13.58,2.37,1.43,32.1846
Nifty Next 50,2011-09-14,13.66,2.39,1.42,32.647400000000005
Nifty Next 50,2011-09-15,13.87,2.42,1.40,33.5654
Nifty Next 50,2011-09-16,13.9,2.43,1.40,33.777
Nifty Next 50,2011-09-19,13.82,2.42,1.41,33.4444
Nifty Next 50,2011-09-20,13.97,2.44,1.39,34.086800000000004
Nifty Next 50,2011-09-21,14.09,2.46,1.38,34.6614
Nifty Next 50,2011-09-22,13.62,2.38,1.43,32.4156
Nifty Next 50,2011-09-23,13.53,2.36,1.44,31.930799999999998
Nifty Next 50,2011-09-26,13.33,2.33,1.46,31.0589
Nifty Next 50,2011-09-27,13.58,2.37,1.43,32.1846
Nifty Next 50,2011-09-28,13.51,2.36,1.44,31.883599999999998
Nifty Next 50,2011-09-29,13.56,2.37,1.44,32.1372
Nifty Next 50,2011-09-30,13.43,2.35,1.45,31.5605
Nifty Next 50,2011-10-03,13.14,2.3,1.48,30.221999999999998
Nifty Next 50,2011-10-04,12.9,2.25,1.51,29.025000000000002
Nifty Next 50,2011-10-05,12.81,2.24,1.52,28.694400000000005
Nifty Next 50,2011-10-07,13.01,2.27,1.50,29.5327
Nifty Next 50,2011-10-10,13.46,2.26,1.45,30.4196
Nifty Next 50,2011-10-11,13.56,2.28,1.44,30.9168
Nifty Next 50,2011-10-12,13.79,2.32,1.41,31.992799999999995
Nifty Next 50,2011-10-13,13.83,2.33,1.41,32.2239
Nifty Next 50,2011-10-14,13.83,2.33,1.41,32.2239
Nifty Next 50,2011-10-17,13.84,2.33,1.41,32.2472
Nifty Next 50,2011-10-18,13.68,2.3,1.43,31.464
Nifty Next 50,2011-10-19,13.78,2.32,1.41,31.969599999999996
Nifty Next 50,2011-10-20,13.66,2.3,1.43,31.418
Nifty Next 50,2011-10-21,13.52,2.28,1.44,30.825599999999998
Nifty Next 50,2011-10-24,13.56,2.27,1.44,30.781200000000002
Nifty Next 50,2011-10-25,13.6,2.28,1.44,31.007999999999996
Nifty Next 50,2011-10-26,13.69,2.3,1.43,31.486999999999995
Nifty Next 50,2011-10-28,14.01,2.35,1.39,32.923500000000004
Nifty Next 50,2011-10-31,14.08,2.36,1.39,33.2288
Nifty Next 50,2011-11-01,16.0,2.35,1.40,37.6
Nifty Next 50,2011-11-02,16.02,2.35,1.39,37.647
Nifty Next 50,2011-11-03,16.14,2.37,1.38,38.2518
Nifty Next 50,2011-11-04,16.3,2.39,1.37,38.957
Nifty Next 50,2011-11-08,16.24,2.38,1.38,38.651199999999996
Nifty Next 50,2011-11-09,16.0,2.35,1.40,37.6
Nifty Next 50,2011-11-11,15.8,2.32,1.41,36.656
Nifty Next 50,2011-11-14,15.72,2.31,1.42,36.3132
Nifty Next 50,2011-11-15,15.33,2.24,1.47,34.339200000000005
Nifty Next 50,2011-11-16,15.26,2.22,1.47,33.8772
Nifty Next 50,2011-11-17,15.02,2.19,1.50,32.8938
Nifty Next 50,2011-11-18,14.95,2.18,1.50,32.591
Nifty Next 50,2011-11-21,14.65,2.14,1.54,31.351000000000003
Nifty Next 50,2011-11-22,14.68,2.14,1.53,31.415200000000002
Nifty Next 50,2011-11-23,14.38,2.1,1.57,30.198000000000004
Nifty Next 50,2011-11-24,14.62,2.13,1.54,31.140599999999996
Nifty Next 50,2011-11-25,14.66,2.13,1.54,31.2258
Nifty Next 50,2011-11-28,14.95,2.18,1.51,32.591
Nifty Next 50,2011-11-29,14.75,2.13,1.53,31.417499999999997
Nifty Next 50,2011-11-30,14.67,2.12,1.54,31.1004
Nifty Next 50,2011-12-01,14.84,2.13,1.52,31.609199999999998
Nifty Next 50,2011-12-02,15.23,2.19,1.49,33.3537
Nifty Next 50,2011-12-05,15.26,2.19,1.48,33.419399999999996
Nifty Next 50,2011-12-07,15.23,2.19,1.49,33.3537
Nifty Next 50,2011-12-08,14.97,2.15,1.51,32.1855
Nifty Next 50,2011-12-09,14.8,2.13,1.53,31.524
Nifty Next 50,2011-12-12,14.49,2.08,1.56,30.139200000000002
Nifty Next 50,2011-12-13,14.46,2.08,1.56,30.076800000000002
Nifty Next 50,2011-12-14,14.34,2.06,1.58,29.5404
Nifty Next 50,2011-12-15,14.32,2.06,1.58,29.499200000000002
Nifty Next 50,2011-12-16,14.05,2.02,1.61,28.381
Nifty Next 50,2011-12-19,13.75,1.98,1.64,27.225
Nifty Next 50,2011-12-20,13.42,1.93,1.69,25.9006
Nifty Next 50,2011-12-21,13.67,1.96,1.66,26.7932
Nifty Next 50,2011-12-22,13.82,1.99,1.64,27.5018
Nifty Next 50,2011-12-23,13.7,1.97,1.65,26.988999999999997
Nifty Next 50,2011-12-26,13.79,1.98,1.64,27.304199999999998
Nifty Next 50,2011-12-27,13.67,1.96,1.65,26.7932
Nifty Next 50,2011-12-28,13.54,1.95,1.67,26.403
Nifty Next 50,2011-12-29,13.49,1.94,1.68,26.1706
Nifty Next 50,2011-12-30,13.48,1.94,1.68,26.1512
Nifty Next 50,2012-01-02,13.45,1.93,1.68,25.958499999999997
Nifty Next 50,2012-01-03,13.86,1.98,1.65,27.4428
Nifty Next 50,2012-01-04,13.9,1.99,1.65,27.661
Nifty Next 50,2012-01-05,13.93,1.97,1.68,27.4421
Nifty Next 50,2012-01-06,13.85,1.96,1.69,27.145999999999997
Nifty Next 50,2012-01-07,13.91,1.97,1.69,27.4027
Nifty Next 50,2012-01-09,13.96,1.98,1.68,27.640800000000002
Nifty Next 50,2012-01-10,14.32,2.03,1.64,29.069599999999998
Nifty Next 50,2012-01-11,14.48,2.05,1.62,29.683999999999997
Nifty Next 50,2012-01-12,14.61,2.07,1.60,30.242699999999996
Nifty Next 50,2012-01-13,14.7,2.09,1.59,30.722999999999995
Nifty Next 50,2012-01-16,14.76,2.09,1.59,30.848399999999998
Nifty Next 50,2012-01-17,14.96,2.1,1.61,31.416000000000004
Nifty Next 50,2012-01-18,14.84,2.07,1.64,30.718799999999998
Nifty Next 50,2012-01-19,15.09,2.1,1.61,31.689
Nifty Next 50,2012-01-20,15.2,2.12,1.60,32.224
Nifty Next 50,2012-01-23,15.19,2.11,1.60,32.0509
Nifty Next 50,2012-01-24,15.48,2.16,1.56,33.436800000000005
Nifty Next 50,2012-01-25,15.72,2.17,1.56,34.1124
Nifty Next 50,2012-01-27,15.82,2.19,1.55,34.6458
Nifty Next 50,2012-01-30,15.47,2.14,1.58,33.1058
Nifty Next 50,2012-01-31,15.82,2.19,1.55,34.6458
Nifty Next 50,2012-02-01,15.99,2.21,1.53,35.3379
Nifty Next 50,2012-02-02,16.22,2.23,1.52,36.1706
Nifty Next 50,2012-02-03,16.29,2.22,1.52,36.1638
Nifty Next 50,2012-02-06,16.51,2.27,1.49,37.477700000000006
Nifty Next 50,2012-02-07,16.26,2.24,1.51,36.42240000000001
Nifty Next 50,2012-02-08,16.47,2.26,1.49,37.222199999999994
Nifty Next 50,2012-02-09,16.65,2.29,1.48,38.128499999999995
Nifty Next 50,2012-02-10,15.63,2.25,1.49,35.167500000000004
Nifty Next 50,2012-02-13,15.65,2.26,1.48,35.369
Nifty Next 50,2012-02-14,15.76,2.27,1.47,35.7752
Nifty Next 50,2012-02-15,16.13,2.32,1.44,37.4216
Nifty Next 50,2012-02-16,16.27,2.34,1.43,38.071799999999996
Nifty Next 50,2012-02-17,16.33,2.35,1.43,38.375499999999995
Nifty Next 50,2012-02-21,16.42,2.37,1.42,38.915400000000005
Nifty Next 50,2012-02-22,15.83,2.27,1.48,35.9341
Nifty Next 50,2012-02-23,15.81,2.28,1.48,36.0468
Nifty Next 50,2012-02-24,15.69,2.27,1.50,35.6163
Nifty Next 50,2012-02-27,15.24,2.23,1.54,33.9852
Nifty Next 50,2012-02-28,15.78,2.31,1.49,36.4518
Nifty Next 50,2012-02-29,15.85,2.33,1.48,36.9305
Nifty Next 50,2012-03-01,15.72,2.31,1.49,36.3132
Nifty Next 50,2012-03-02,15.74,2.32,1.49,36.516799999999996
Nifty Next 50,2012-03-03,15.74,2.32,1.49,36.516799999999996
Nifty Next 50,2012-03-05,15.52,2.28,1.51,35.3856
Nifty Next 50,2012-03-06,15.43,2.27,1.52,35.0261
Nifty Next 50,2012-03-07,15.34,2.26,1.53,34.6684
Nifty Next 50,2012-03-09,15.74,2.31,1.49,36.3594
Nifty Next 50,2012-03-12,15.9,2.34,1.48,37.205999999999996
Nifty Next 50,2012-03-13,16.04,2.36,1.47,37.8544
Nifty Next 50,2012-03-14,16.2,2.38,1.45,38.556
Nifty Next 50,2012-03-15,15.88,2.33,1.48,37.000400000000006
Nifty Next 50,2012-03-16,15.68,2.3,1.50,36.064
Nifty Next 50,2012-03-19,15.45,2.27,1.52,35.0715
Nifty Next 50,2012-03-20,15.58,2.29,1.51,35.678200000000004
Nifty Next 50,2012-03-21,15.92,2.34,1.48,37.2528
Nifty Next 50,2012-03-22,15.48,2.28,1.52,35.294399999999996
Nifty Next 50,2012-03-23,15.64,2.3,1.50,35.972
Nifty Next 50,2012-03-26,15.4,2.26,1.53,34.803999999999995
Nifty Next 50,2012-03-27,15.51,2.28,1.52,35.3628
Nifty Next 50,2012-03-28,15.34,2.25,1.53,34.515
Nifty Next 50,2012-03-29,15.44,2.27,1.52,35.0488
Nifty Next 50,2012-03-30,15.87,2.33,1.48,36.9771
Nifty Next 50,2012-04-02,16.0,2.35,1.47,37.6
Nifty Next 50,2012-04-03,16.2,2.38,1.45,38.556
Nifty Next 50,2012-04-04,16.17,2.38,1.45,38.4846
Nifty Next 50,2012-04-09,15.91,2.34,1.48,37.2294
Nifty Next 50,2012-04-10,15.93,2.34,1.48,37.276199999999996
Nifty Next 50,2012-04-11,15.82,2.33,1.49,36.860600000000005
Nifty Next 50,2012-04-12,15.92,2.34,1.48,37.2528
Nifty Next 50,2012-04-13,15.82,2.33,1.49,36.860600000000005
Nifty Next 50,2012-04-16,15.94,2.34,1.48,37.2996
Nifty Next 50,2012-04-17,16.07,2.36,1.46,37.9252
Nifty Next 50,2012-04-18,16.05,2.36,1.47,37.878
Nifty Next 50,2012-04-19,16.0,2.35,1.47,37.6
Nifty Next 50,2012-04-20,15.88,2.34,1.48,37.1592
Nifty Next 50,2012-04-23,15.63,2.3,1.50,35.949
Nifty Next 50,2012-04-24,15.49,2.29,1.51,35.4721
Nifty Next 50,2012-04-25,15.44,2.28,1.51,35.203199999999995
Nifty Next 50,2012-04-26,15.3,2.27,1.52,34.731
Nifty Next 50,2012-04-27,17.29,2.2,1.44,38.038000000000004
Nifty Next 50,2012-04-28,17.36,2.21,1.44,38.3656
Nifty Next 50,2012-04-30,17.5,2.22,1.43,38.85
Nifty Next 50,2012-05-02,17.48,2.22,1.43,38.805600000000005
Nifty Next 50,2012-05-03,17.25,2.19,1.45,37.777499999999996
Nifty Next 50,2012-05-04,17.02,2.16,1.47,36.763200000000005
Nifty Next 50,2012-05-07,17.37,2.2,1.44,38.214000000000006
Nifty Next 50,2012-05-08,16.9,2.16,1.47,36.504
Nifty Next 50,2012-05-09,16.63,2.13,1.49,35.421899999999994
Nifty Next 50,2012-05-10,16.67,2.14,1.48,35.67380000000001
Nifty Next 50,2012-05-11,16.47,2.12,1.50,34.916399999999996
Nifty Next 50,2012-05-14,16.42,2.11,1.50,34.6462
Nifty Next 50,2012-05-15,16.46,2.12,1.49,34.8952
Nifty Next 50,2012-05-16,16.2,2.09,1.52,33.858
Nifty Next 50,2012-05-17,16.2,2.09,1.52,33.858
Nifty Next 50,2012-05-18,16.17,2.08,1.52,33.6336
Nifty Next 50,2012-05-21,16.32,2.1,1.51,34.272000000000006
Nifty Next 50,2012-05-22,16.16,2.08,1.53,33.6128
Nifty Next 50,2012-05-23,16.03,2.06,1.54,33.021800000000006
Nifty Next 50,2012-05-24,16.14,2.08,1.53,33.571200000000005
Nifty Next 50,2012-05-25,16.23,2.09,1.52,33.9207
Nifty Next 50,2012-05-28,16.46,2.12,1.50,34.8952
Nifty Next 50,2012-05-29,16.25,2.12,1.50,34.45
Nifty Next 50,2012-05-30,16.02,2.07,1.55,33.16139999999999
Nifty Next 50,2012-05-31,16.11,2.08,1.54,33.5088
Nifty Next 50,2012-06-01,15.9,2.05,1.56,32.595
Nifty Next 50,2012-06-04,14.38,2.04,1.57,29.3352
Nifty Next 50,2012-06-05,14.44,2.05,1.58,29.601999999999997
Nifty Next 50,2012-06-06,14.78,2.09,1.53,30.890199999999997
Nifty Next 50,2012-06-07,14.92,2.11,1.52,31.481199999999998
Nifty Next 50,2012-06-08,14.99,2.11,1.51,31.628899999999998
Nifty Next 50,2012-06-11,14.9,2.1,1.52,31.290000000000003
Nifty Next 50,2012-06-12,15.03,2.12,1.51,31.8636
Nifty Next 50,2012-06-13,15.05,2.12,1.50,31.906000000000002
Nifty Next 50,2012-06-14,14.78,2.09,1.53,30.890199999999997
Nifty Next 50,2012-06-15,14.91,2.11,1.51,31.460099999999997
Nifty Next 50,2012-06-18,14.7,2.08,1.54,30.576
Nifty Next 50,2012-06-19,14.74,2.09,1.53,30.8066
Nifty Next 50,2012-06-20,14.89,2.11,1.52,31.4179
Nifty Next 50,2012-06-21,15.04,2.13,1.50,32.035199999999996
Nifty Next 50,2012-06-22,15.02,2.12,1.50,31.8424
Nifty Next 50,2012-06-25,14.96,2.12,1.51,31.715200000000003
Nifty Next 50,2012-06-26,15.08,2.13,1.50,32.1204
Nifty Next 50,2012-06-27,15.14,2.14,1.49,32.39960000000001
Nifty Next 50,2012-06-28,15.18,2.15,1.49,32.637
Nifty Next 50,2012-06-29,15.5,2.19,1.46,33.945
Nifty Next 50,2012-07-02,15.6,2.21,1.45,34.476
Nifty Next 50,2012-07-03,15.79,2.23,1.43,35.2117
Nifty Next 50,2012-07-04,15.87,2.25,1.42,35.707499999999996
Nifty Next 50,2012-07-05,15.96,2.26,1.41,36.0696
Nifty Next 50,2012-07-06,15.87,2.25,1.42,35.707499999999996
Nifty Next 50,2012-07-09,15.69,2.22,1.44,34.8318
Nifty Next 50,2012-07-10,15.84,2.24,1.42,35.4816
Nifty Next 50,2012-07-11,15.75,2.23,1.43,35.1225
Nifty Next 50,2012-07-12,15.66,2.22,1.44,34.7652
Nifty Next 50,2012-07-13,15.6,2.21,1.44,34.476
Nifty Next 50,2012-07-16,15.57,2.21,1.45,34.4097
Nifty Next 50,2012-07-17,15.49,2.2,1.45,34.078
Nifty Next 50,2012-07-18,15.48,2.2,1.45,34.056000000000004
Nifty Next 50,2012-07-19,15.52,2.2,1.45,34.144
Nifty Next 50,2012-07-20,15.52,2.2,1.45,34.144
Nifty Next 50,2012-07-23,15.2,2.17,1.47,32.983999999999995
Nifty Next 50,2012-07-24,15.27,2.18,1.46,33.2886
Nifty Next 50,2012-07-25,15.18,2.15,1.48,32.637
Nifty Next 50,2012-07-26,14.85,2.11,1.50,31.333499999999997
Nifty Next 50,2012-07-27,14.81,2.11,1.51,31.2491
Nifty Next 50,2012-07-30,15.1,2.15,1.48,32.464999999999996
Nifty Next 50,2012-07-31,15.14,2.16,1.47,32.702400000000004
Nifty Next 50,2012-08-01,15.21,2.17,1.46,33.0057
Nifty Next 50,2012-08-02,15.27,2.18,1.46,33.2886
Nifty Next 50,2012-08-03,15.13,2.17,1.46,32.832100000000004
Nifty Next 50,2012-08-06,15.18,2.19,1.45,33.2442
Nifty Next 50,2012-08-07,15.26,2.19,1.45,33.419399999999996
Nifty Next 50,2012-08-08,15.17,2.18,1.46,33.0706
Nifty Next 50,2012-08-09,15.14,2.17,1.46,32.8538
Nifty Next 50,2012-08-10,15.1,2.17,1.47,32.766999999999996
Nifty Next 50,2012-08-13,15.3,2.2,1.44,33.660000000000004
Nifty Next 50,2012-08-14,15.28,2.2,1.45,33.616
Nifty Next 50,2012-08-16,15.24,2.17,1.46,33.0708
Nifty Next 50,2012-08-17,18.02,2.15,1.46,38.742999999999995
Nifty Next 50,2012-08-21,18.07,2.15,1.46,38.8505
Nifty Next 50,2012-08-22,17.98,2.14,1.47,38.4772
Nifty Next 50,2012-08-23,17.92,2.14,1.47,38.348800000000004
Nifty Next 50,2012-08-24,17.86,2.13,1.48,38.041799999999995
Nifty Next 50,2012-08-27,17.69,2.11,1.49,37.3259
Nifty Next 50,2012-08-28,17.55,2.09,1.50,36.6795
Nifty Next 50,2012-08-29,17.49,2.08,1.51,36.3792
Nifty Next 50,2012-08-30,17.52,2.09,1.51,36.6168
Nifty Next 50,2012-08-31,17.54,2.09,1.51,36.65859999999999
Nifty Next 50,2012-09-03,17.51,2.08,1.51,36.42080000000001
Nifty Next 50,2012-09-04,17.69,2.1,1.50,37.149
Nifty Next 50,2012-09-05,17.58,2.09,1.50,36.7422
Nifty Next 50,2012-09-06,17.66,2.1,1.50,37.086
Nifty Next 50,2012-09-07,17.83,2.12,1.48,37.7996
Nifty Next 50,2012-09-08,17.92,2.13,1.48,38.1696
Nifty Next 50,2012-09-10,18.0,2.14,1.47,38.52
Nifty Next 50,2012-09-11,18.01,2.14,1.47,38.5414
Nifty Next 50,2012-09-12,18.03,2.14,1.47,38.5842
Nifty Next 50,2012-09-13,17.94,2.13,1.47,38.2122
Nifty Next 50,2012-09-14,18.1,2.15,1.46,38.915
Nifty Next 50,2012-09-17,18.37,2.19,1.44,40.2303
Nifty Next 50,2012-09-18,18.62,2.21,1.42,41.1502
Nifty Next 50,2012-09-20,18.6,2.19,1.42,40.734
Nifty Next 50,2012-09-21,18.92,2.23,1.40,42.1916
Nifty Next 50,2012-09-24,19.04,2.25,1.39,42.839999999999996
Nifty Next 50,2012-09-25,19.14,2.26,1.38,43.2564
Nifty Next 50,2012-09-26,19.15,2.26,1.38,43.27899999999999
Nifty Next 50,2012-09-27,19.3,2.27,1.38,43.811
Nifty Next 50,2012-09-28,19.99,2.19,1.47,43.778099999999995
Nifty Next 50,2012-10-01,20.13,2.21,1.46,44.4873
Nifty Next 50,2012-10-03,20.26,2.22,1.45,44.97720000000001
Nifty Next 50,2012-10-04,20.42,2.21,1.44,45.1282
Nifty Next 50,2012-10-05,20.32,2.2,1.45,44.70400000000001
Nifty Next 50,2012-10-08,20.16,2.19,1.46,44.1504
Nifty Next 50,2012-10-09,20.29,2.2,1.45,44.638000000000005
Nifty Next 50,2012-10-10,20.06,2.18,1.46,43.7308
Nifty Next 50,2012-10-11,20.24,2.2,1.45,44.528
Nifty Next 50,2012-10-12,20.24,2.2,1.45,44.528
Nifty Next 50,2012-10-15,20.15,2.19,1.45,44.128499999999995
Nifty Next 50,2012-10-16,19.97,2.16,1.47,43.1352
Nifty Next 50,2012-10-17,19.99,2.17,1.45,43.378299999999996
Nifty Next 50,2012-10-18,20.18,2.19,1.43,44.194199999999995
Nifty Next 50,2012-10-19,20.06,2.18,1.44,43.7308
Nifty Next 50,2012-10-22,20.1,2.18,1.44,43.818000000000005
Nifty Next 50,2012-10-23,19.74,2.13,1.45,42.04619999999999
Nifty Next 50,2012-10-25,19.7,2.12,1.44,41.764
Nifty Next 50,2012-10-26,19.42,2.09,1.46,40.5878
Nifty Next 50,2012-10-29,19.03,2.08,1.47,39.58240000000001
Nifty Next 50,2012-10-30,18.85,2.06,1.45,38.831
Nifty Next 50,2012-10-31,18.87,2.08,1.44,39.2496
Nifty Next 50,2012-11-01,19.01,2.1,1.42,39.92100000000001
Nifty Next 50,2012-11-02,19.04,2.12,1.41,40.3648
Nifty Next 50,2012-11-05,18.88,2.11,1.42,39.8368
Nifty Next 50,2012-11-06,18.92,2.11,1.42,39.9212
Nifty Next 50,2012-11-07,18.99,2.11,1.43,40.06889999999999
Nifty Next 50,2012-11-08,19.0,2.11,1.43,40.089999999999996
Nifty Next 50,2012-11-09,18.8,2.08,1.44,39.104000000000006
Nifty Next 50,2012-11-12,16.41,2.12,1.41,34.7892
Nifty Next 50,2012-11-13,16.39,2.12,1.41,34.7468
Nifty Next 50,2012-11-15,16.42,2.13,1.41,34.9746
Nifty Next 50,2012-11-16,16.24,2.1,1.42,34.104
Nifty Next 50,2012-11-19,16.12,2.1,1.42,33.852000000000004
Nifty Next 50,2012-11-20,16.05,2.08,1.42,33.384
Nifty Next 50,2012-11-21,16.12,2.09,1.41,33.6908
Nifty Next 50,2012-11-22,16.23,2.11,1.40,34.2453
Nifty Next 50,2012-11-23,16.3,2.12,1.40,34.556000000000004
Nifty Next 50,2012-11-26,16.37,2.12,1.39,34.70440000000001
Nifty Next 50,2012-11-27,16.63,2.15,1.37,35.75449999999999
Nifty Next 50,2012-11-29,16.8,2.17,1.36,36.456
Nifty Next 50,2012-11-30,16.91,2.19,1.35,37.0329
Nifty Next 50,2012-12-03,17.05,2.2,1.34,37.510000000000005
Nifty Next 50,2012-12-04,17.13,2.22,1.33,38.028600000000004
Nifty Next 50,2012-12-05,17.16,2.22,1.33,38.095200000000006
Nifty Next 50,2012-12-06,17.3,2.24,1.32,38.752
Nifty Next 50,2012-12-07,17.21,2.23,1.32,38.3783
Nifty Next 50,2012-12-10,17.28,2.23,1.32,38.534400000000005
Nifty Next 50,2012-12-11,17.19,2.22,1.32,38.16180000000001
Nifty Next 50,2012-12-12,17.21,2.23,1.32,38.3783
Nifty Next 50,2012-12-13,17.04,2.21,1.34,37.6584
Nifty Next 50,2012-12-14,17.17,2.22,1.33,38.11740000000001
Nifty Next 50,2012-12-17,17.36,2.25,1.31,39.06
Nifty Next 50,2012-12-18,17.6,2.28,1.29,40.128
Nifty Next 50,2012-12-19,17.72,2.29,1.28,40.5788
Nifty Next 50,2012-12-20,17.74,2.3,1.28,40.80199999999999
Nifty Next 50,2012-12-21,17.51,2.27,1.30,39.7477
Nifty Next 50,2012-12-24,17.53,2.27,1.30,39.7931
Nifty Next 50,2012-12-26,17.62,2.28,1.29,40.1736
Nifty Next 50,2012-12-27,17.56,2.27,1.29,39.8612
Nifty Next 50,2012-12-28,17.7,2.29,1.29,40.533
Nifty Next 50,2012-12-31,17.79,2.3,1.28,40.916999999999994
Nifty Next 50,2013-01-01,18.0,2.33,1.26,41.94
Nifty Next 50,2013-01-02,18.12,2.35,1.26,42.582
Nifty Next 50,2013-01-03,18.21,2.36,1.25,42.9756
Nifty Next 50,2013-01-04,18.2,2.36,1.25,42.952
Nifty Next 50,2013-01-07,18.22,2.36,1.25,42.999199999999995
Nifty Next 50,2013-01-08,18.21,2.36,1.25,42.9756
Nifty Next 50,2013-01-09,18.13,2.35,1.25,42.6055
Nifty Next 50,2013-01-10,18.1,2.35,1.25,42.535000000000004
Nifty Next 50,2013-01-11,17.87,2.32,1.27,41.4584
Nifty Next 50,2013-01-14,18.12,2.35,1.25,42.582
Nifty Next 50,2013-01-15,18.18,2.36,1.25,42.904799999999994
Nifty Next 50,2013-01-16,17.87,2.33,1.26,41.637100000000004
Nifty Next 50,2013-01-17,17.89,2.33,1.26,41.6837
Nifty Next 50,2013-01-18,17.79,2.32,1.27,41.2728
Nifty Next 50,2013-01-21,17.83,2.33,1.27,41.5439
Nifty Next 50,2013-01-22,17.65,2.3,1.28,40.59499999999999
Nifty Next 50,2013-01-23,17.57,2.29,1.28,40.2353
Nifty Next 50,2013-01-24,17.15,2.25,1.31,38.5875
Nifty Next 50,2013-01-25,17.42,2.29,1.29,39.8918
Nifty Next 50,2013-01-28,17.36,2.29,1.28,39.7544
Nifty Next 50,2013-01-29,17.19,2.28,1.29,39.1932
Nifty Next 50,2013-01-30,17.15,2.27,1.30,38.930499999999995
Nifty Next 50,2013-01-31,17.26,2.29,1.29,39.525400000000005
Nifty Next 50,2013-02-01,17.3,2.3,1.28,39.79
Nifty Next 50,2013-02-04,17.23,2.29,1.29,39.456700000000005
Nifty Next 50,2013-02-05,17.06,2.28,1.29,38.89679999999999
Nifty Next 50,2013-02-06,17.11,2.29,1.29,39.1819
Nifty Next 50,2013-02-07,16.94,2.27,1.30,38.4538
Nifty Next 50,2013-02-08,16.82,2.25,1.33,37.845
Nifty Next 50,2013-02-11,16.92,2.26,1.31,38.2392
Nifty Next 50,2013-02-12,16.92,2.27,1.31,38.40840000000001
Nifty Next 50,2013-02-13,17.91,2.25,1.32,40.2975
Nifty Next 50,2013-02-14,17.68,2.22,1.34,39.2496
Nifty Next 50,2013-02-15,17.72,2.22,1.34,39.3384
Nifty Next 50,2013-02-18,17.8,2.23,1.33,39.694
Nifty Next 50,2013-02-19,17.96,2.25,1.32,40.410000000000004
Nifty Next 50,2013-02-20,17.96,2.25,1.32,40.410000000000004
Nifty Next 50,2013-02-21,17.59,2.2,1.35,38.698
Nifty Next 50,2013-02-22,17.65,2.21,1.34,39.006499999999996
Nifty Next 50,2013-02-25,17.56,2.2,1.35,38.632
Nifty Next 50,2013-02-26,17.34,2.17,1.37,37.6278
Nifty Next 50,2013-02-27,17.57,2.2,1.35,38.654
Nifty Next 50,2013-02-28,17.19,2.15,1.38,36.9585
Nifty Next 50,2013-03-01,17.35,2.17,1.37,37.6495
Nifty Next 50,2013-03-04,17.2,2.15,1.38,36.98
Nifty Next 50,2013-03-05,17.45,2.18,1.36,38.041000000000004
Nifty Next 50,2013-03-06,17.54,2.19,1.36,38.4126
Nifty Next 50,2013-03-07,17.6,2.2,1.35,38.720000000000006
Nifty Next 50,2013-03-08,17.79,2.22,1.34,39.4938
Nifty Next 50,2013-03-11,17.82,2.22,1.34,39.5604
Nifty Next 50,2013-03-12,17.66,2.2,1.35,38.852000000000004
Nifty Next 50,2013-03-13,17.38,2.17,1.37,37.7146
Nifty Next 50,2013-03-14,17.55,2.19,1.36,38.4345
Nifty Next 50,2013-03-15,17.47,2.18,1.36,38.0846
Nifty Next 50,2013-03-18,17.46,2.18,1.36,38.0628
Nifty Next 50,2013-03-19,17.1,2.13,1.39,36.423
Nifty Next 50,2013-03-20,16.77,2.09,1.42,35.049299999999995
Nifty Next 50,2013-03-21,16.65,2.08,1.43,34.632
Nifty Next 50,2013-03-22,16.64,2.08,1.43,34.611200000000004
Nifty Next 50,2013-03-25,16.54,2.06,1.44,34.0724
Nifty Next 50,2013-03-26,16.57,2.07,1.44,34.2999
Nifty Next 50,2013-03-28,16.84,2.1,1.41,35.364000000000004
Nifty Next 50,2013-04-01,17.53,2.17,1.40,38.0401
Nifty Next 50,2013-04-02,17.78,2.2,1.38,39.11600000000001
Nifty Next 50,2013-04-03,17.57,2.17,1.40,38.1269
Nifty Next 50,2013-04-04,17.29,2.14,1.42,37.0006
Nifty Next 50,2013-04-05,17.28,2.14,1.42,36.979200000000006
Nifty Next 50,2013-04-08,17.35,2.15,1.42,37.3025
Nifty Next 50,2013-04-09,17.21,2.13,1.43,36.6573
Nifty Next 50,2013-04-10,17.37,2.15,1.41,37.3455
Nifty Next 50,2013-04-11,17.42,2.15,1.41,37.453
Nifty Next 50,2013-04-12,17.53,2.17,1.40,38.0401
Nifty Next 50,2013-04-15,17.48,2.16,1.41,37.756800000000005
Nifty Next 50,2013-04-16,17.73,2.19,1.39,38.8287
Nifty Next 50,2013-04-17,17.79,2.2,1.38,39.138
Nifty Next 50,2013-04-18,18.02,2.23,1.36,40.184599999999996
Nifty Next 50,2013-04-22,18.29,2.26,1.34,41.33539999999999
Nifty Next 50,2013-04-23,18.21,2.25,1.35,40.972500000000004
Nifty Next 50,2013-04-25,18.34,2.27,1.34,41.6318
Nifty Next 50,2013-04-26,18.27,2.26,1.34,41.2902
Nifty Next 50,2013-04-29,18.55,2.29,1.33,42.4795
Nifty Next 50,2013-04-30,18.72,2.31,1.32,43.2432
Nifty Next 50,2013-05-02,19.01,2.34,1.30,44.4834
Nifty Next 50,2013-05-03,18.96,2.34,1.30,44.3664
Nifty Next 50,2013-05-06,19.09,2.35,1.29,44.8615
Nifty Next 50,2013-05-07,19.28,2.38,1.28,45.8864
Nifty Next 50,2013-05-08,19.33,2.37,1.28,45.8121
Nifty Next 50,2013-05-09,19.15,2.36,1.29,45.193999999999996
Nifty Next 50,2013-05-10,19.34,2.38,1.28,46.029199999999996
Nifty Next 50,2013-05-11,19.39,2.39,1.28,46.3421
Nifty Next 50,2013-05-13,19.08,2.35,1.30,44.838
Nifty Next 50,2013-05-14,18.9,2.31,1.30,43.659
Nifty Next 50,2013-05-15,19.25,2.36,1.28,45.43
Nifty Next 50,2013-05-16,19.39,2.37,1.27,45.9543
Nifty Next 50,2013-05-17,19.55,2.39,1.26,46.724500000000006
Nifty Next 50,2013-05-20,19.34,2.36,1.27,45.642399999999995
Nifty Next 50,2013-05-21,19.2,2.35,1.28,45.12
Nifty Next 50,2013-05-22,19.18,2.34,1.29,44.8812
Nifty Next 50,2013-05-23,19.07,2.3,1.31,43.861
Nifty Next 50,2013-05-24,19.21,2.31,1.30,44.3751
Nifty Next 50,2013-05-27,19.44,2.34,1.28,45.4896
Nifty Next 50,2013-05-28,19.43,2.34,1.28,45.46619999999999
Nifty Next 50,2013-05-29,19.38,2.33,1.29,45.1554
Nifty Next 50,2013-05-30,19.38,2.33,1.29,45.1554
Nifty Next 50,2013-05-31,19.23,2.31,1.30,44.4213
Nifty Next 50,2013-06-03,19.33,2.32,1.29,44.84559999999999
Nifty Next 50,2013-06-04,19.45,2.34,1.29,45.513
Nifty Next 50,2013-06-05,19.48,2.34,1.28,45.5832
Nifty Next 50,2013-06-06,19.35,2.33,1.29,45.0855
Nifty Next 50,2013-06-07,19.12,2.3,1.30,43.976
Nifty Next 50,2013-06-10,19.15,2.27,1.32,43.470499999999994
Nifty Next 50,2013-06-11,18.65,2.23,1.35,41.589499999999994
Nifty Next 50,2013-06-12,18.38,2.2,1.37,40.436
Nifty Next 50,2013-06-13,18.09,2.16,1.39,39.074400000000004
Nifty Next 50,2013-06-14,18.36,2.2,1.37,40.392
Nifty Next 50,2013-06-17,18.53,2.23,1.35,41.3219
Nifty Next 50,2013-06-18,17.19,2.24,1.34,38.50560000000001
Nifty Next 50,2013-06-19,17.31,2.25,1.33,38.9475
Nifty Next 50,2013-06-20,16.87,2.19,1.37,36.9453
Nifty Next 50,2013-06-21,16.67,2.17,1.38,36.1739
Nifty Next 50,2013-06-24,16.47,2.12,1.42,34.916399999999996
Nifty Next 50,2013-06-25,16.44,2.11,1.42,34.6884
Nifty Next 50,2013-06-26,16.42,2.11,1.42,34.6462
Nifty Next 50,2013-06-27,16.53,2.11,1.42,34.8783
Nifty Next 50,2013-06-28,16.9,2.13,1.42,35.99699999999999
Nifty Next 50,2013-07-01,17.39,2.18,1.38,37.9102
Nifty Next 50,2013-07-02,17.27,2.16,1.39,37.303200000000004
Nifty Next 50,2013-07-03,16.99,2.11,1.43,35.84889999999999
Nifty Next 50,2013-07-04,17.07,2.12,1.40,36.1884
Nifty Next 50,2013-07-05,17.09,2.12,1.40,36.2308
Nifty Next 50,2013-07-08,17.1,2.12,1.40,36.252
Nifty Next 50,2013-07-09,17.33,2.15,1.38,37.259499999999996
Nifty Next 50,2013-07-10,17.25,2.14,1.38,36.915
Nifty Next 50,2013-07-11,17.38,2.16,1.37,37.5408
Nifty Next 50,2013-07-12,17.48,2.17,1.37,37.9316
Nifty Next 50,2013-07-15,17.63,2.19,1.35,38.6097
Nifty Next 50,2013-07-16,17.41,2.16,1.37,37.6056
Nifty Next 50,2013-07-17,17.28,2.15,1.38,37.152
Nifty Next 50,2013-07-18,17.58,2.18,1.36,38.3244
Nifty Next 50,2013-07-19,17.46,2.16,1.37,37.71360000000001
Nifty Next 50,2013-07-22,17.82,2.21,1.34,39.3822
Nifty Next 50,2013-07-23,17.92,2.22,1.33,39.78240000000001
Nifty Next 50,2013-07-24,17.64,2.18,1.36,38.455200000000005
Nifty Next 50,2013-07-25,17.58,2.17,1.37,38.148599999999995
Nifty Next 50,2013-07-26,17.4,2.15,1.38,37.41
Nifty Next 50,2013-07-29,17.19,2.12,1.40,36.442800000000005
Nifty Next 50,2013-07-30,16.76,2.08,1.43,34.860800000000005
Nifty Next 50,2013-07-31,16.75,2.08,1.43,34.84
Nifty Next 50,2013-08-01,16.45,2.05,1.45,33.7225
Nifty Next 50,2013-08-02,16.12,2.02,1.47,32.562400000000004
Nifty Next 50,2013-08-05,16.26,2.03,1.46,33.0078
Nifty Next 50,2013-08-06,15.87,1.98,1.49,31.4226
Nifty Next 50,2013-08-07,16.14,2.01,1.47,32.441399999999994
Nifty Next 50,2013-08-08,16.24,2.03,1.46,32.96719999999999
Nifty Next 50,2013-08-12,16.35,2.04,1.45,33.354000000000006
Nifty Next 50,2013-08-13,16.8,2.08,1.42,34.944
Nifty Next 50,2013-08-14,16.84,2.1,1.41,35.364000000000004
Nifty Next 50,2013-08-16,16.18,2.02,1.47,32.6836
Nifty Next 50,2013-08-19,13.04,1.97,1.51,25.688799999999997
Nifty Next 50,2013-08-20,12.91,1.95,1.52,25.1745
Nifty Next 50,2013-08-21,12.72,1.92,1.54,24.4224
Nifty Next 50,2013-08-22,12.89,1.94,1.53,25.0066
Nifty Next 50,2013-08-23,13.02,1.97,1.51,25.6494
Nifty Next 50,2013-08-26,13.09,1.98,1.50,25.9182
Nifty Next 50,2013-08-27,12.67,1.92,1.55,24.3264
Nifty Next 50,2013-08-28,12.52,1.89,1.57,23.662799999999997
Nifty Next 50,2013-08-29,12.75,1.93,1.54,24.607499999999998
Nifty Next 50,2013-08-30,12.88,1.95,1.52,25.116
Nifty Next 50,2013-09-02,13.07,1.98,1.50,25.8786
Nifty Next 50,2013-09-03,12.68,1.92,1.55,24.345599999999997
Nifty Next 50,2013-09-04,12.87,1.95,1.52,25.0965
Nifty Next 50,2013-09-05,13.15,1.99,1.49,26.1685
Nifty Next 50,2013-09-06,13.23,2.0,1.48,26.46
Nifty Next 50,2013-09-10,13.59,2.05,1.44,27.859499999999997
Nifty Next 50,2013-09-11,13.75,2.08,1.43,28.6
Nifty Next 50,2013-09-12,13.56,2.04,1.46,27.6624
Nifty Next 50,2013-09-13,13.61,2.04,1.44,27.7644
Nifty Next 50,2013-09-16,13.59,2.02,1.44,27.4518
Nifty Next 50,2013-09-17,13.55,2.01,1.47,27.2355
Nifty Next 50,2013-09-18,13.63,2.02,1.46,27.532600000000002
Nifty Next 50,2013-09-19,14.11,2.07,1.41,29.207699999999996
Nifty Next 50,2013-09-20,14.03,2.05,1.43,28.761499999999995
Nifty Next 50,2013-09-23,13.84,2.02,1.45,27.9568
Nifty Next 50,2013-09-24,13.85,2.01,1.46,27.838499999999996
Nifty Next 50,2013-09-25,13.91,2.01,1.46,27.959099999999996
Nifty Next 50,2013-09-26,13.92,2.01,1.45,27.979199999999995
Nifty Next 50,2013-09-27,13.6,2.03,1.53,27.607999999999997
Nifty Next 50,2013-09-30,13.42,2.0,1.55,26.84
Nifty Next 50,2013-10-01,13.52,2.01,1.54,27.175199999999997
Nifty Next 50,2013-10-03,13.76,2.05,1.52,28.208
Nifty Next 50,2013-10-04,13.81,2.04,1.53,28.172400000000003
Nifty Next 50,2013-10-07,13.89,2.06,1.52,28.613400000000002
Nifty Next 50,2013-10-08,13.89,2.06,1.52,28.613400000000002
Nifty Next 50,2013-10-09,14.04,2.08,1.50,29.2032
Nifty Next 50,2013-10-10,14.14,2.09,1.49,29.552599999999998
Nifty Next 50,2013-10-11,14.17,2.1,1.49,29.757
Nifty Next 50,2013-10-14,14.2,2.1,1.48,29.82
Nifty Next 50,2013-10-15,14.07,2.08,1.50,29.265600000000003
Nifty Next 50,2013-10-17,14.0,2.07,1.51,28.979999999999997
Nifty Next 50,2013-10-18,14.21,2.1,1.48,29.841000000000005
Nifty Next 50,2013-10-21,14.44,2.14,1.46,30.901600000000002
Nifty Next 50,2013-10-22,14.43,2.2,1.45,31.746000000000002
Nifty Next 50,2013-10-23,14.42,2.19,1.46,31.5798
Nifty Next 50,2013-10-24,14.38,2.19,1.46,31.4922
Nifty Next 50,2013-10-25,14.22,2.17,1.48,30.857400000000002
Nifty Next 50,2013-10-28,14.08,2.14,1.50,30.131200000000003
Nifty Next 50,2013-10-29,14.33,2.18,1.47,31.239400000000003
Nifty Next 50,2013-10-30,14.41,2.19,1.46,31.5579
Nifty Next 50,2013-10-31,14.56,2.21,1.46,32.1776
Nifty Next 50,2013-11-01,14.65,2.22,1.45,32.523
Nifty Next 50,2013-11-03,14.74,2.24,1.44,33.0176
Nifty Next 50,2013-11-05,14.66,2.23,1.44,32.6918
Nifty Next 50,2013-11-06,14.66,2.21,1.45,32.3986
Nifty Next 50,2013-11-07,14.43,2.17,1.48,31.3131
Nifty Next 50,2013-11-08,14.63,2.17,1.47,31.7471
Nifty Next 50,2013-11-11,14.46,2.15,1.49,31.089000000000002
Nifty Next 50,2013-11-12,14.39,2.14,1.50,30.794600000000003
Nifty Next 50,2013-11-13,14.32,2.13,1.51,30.5016
Nifty Next 50,2013-11-14,14.6,2.17,1.48,31.682
Nifty Next 50,2013-11-18,14.83,2.21,1.45,32.7743
Nifty Next 50,2013-11-19,15.41,2.21,1.46,34.0561
Nifty Next 50,2013-11-20,15.2,2.18,1.47,33.136
Nifty Next 50,2013-11-21,14.93,2.15,1.50,32.0995
Nifty Next 50,2013-11-22,14.83,2.15,1.49,31.8845
Nifty Next 50,2013-11-25,14.94,2.19,1.47,32.718599999999995
Nifty Next 50,2013-11-26,14.92,2.18,1.47,32.525600000000004
Nifty Next 50,2013-11-27,14.9,2.18,1.47,32.482000000000006
Nifty Next 50,2013-11-28,14.93,2.19,1.47,32.6967
Nifty Next 50,2013-11-29,15.08,2.22,1.45,33.4776
Nifty Next 50,2013-12-02,15.19,2.23,1.44,33.8737
Nifty Next 50,2013-12-03,15.14,2.22,1.45,33.610800000000005
Nifty Next 50,2013-12-04,15.03,2.21,1.46,33.2163
Nifty Next 50,2013-12-05,15.14,2.22,1.45,33.610800000000005
Nifty Next 50,2013-12-06,15.17,2.23,1.44,33.8291
Nifty Next 50,2013-12-09,15.34,2.25,1.43,34.515
Nifty Next 50,2013-12-10,15.24,2.24,1.44,34.137600000000006
Nifty Next 50,2013-12-11,15.14,2.22,1.45,33.610800000000005
Nifty Next 50,2013-12-12,15.02,2.21,1.46,33.194199999999995
Nifty Next 50,2013-12-13,14.83,2.18,1.48,32.3294
Nifty Next 50,2013-12-16,15.0,2.2,1.46,33.0
Nifty Next 50,2013-12-17,15.18,2.21,1.46,33.5478
Nifty Next 50,2013-12-18,15.4,2.24,1.44,34.496
Nifty Next 50,2013-12-19,15.4,2.24,1.43,34.496
Nifty Next 50,2013-12-20,15.63,2.28,1.41,35.6364
Nifty Next 50,2013-12-23,15.71,2.29,1.41,35.9759
Nifty Next 50,2013-12-24,15.74,2.29,1.40,36.0446
Nifty Next 50,2013-12-26,15.78,2.3,1.40,36.294
Nifty Next 50,2013-12-27,15.9,2.32,1.39,36.888
Nifty Next 50,2013-12-30,15.93,2.32,1.39,36.9576
Nifty Next 50,2013-12-31,16.0,2.33,1.38,37.28
Nifty Next 50,2014-01-01,16.06,2.34,1.38,37.5804
Nifty Next 50,2014-01-02,15.73,2.29,1.40,36.0217
Nifty Next 50,2014-01-03,15.81,2.3,1.40,36.363
Nifty Next 50,2014-01-06,15.84,2.31,1.40,36.5904
Nifty Next 50,2014-01-07,15.68,2.28,1.41,35.7504
Nifty Next 50,2014-01-08,15.72,2.29,1.41,35.9988
Nifty Next 50,2014-01-09,15.59,2.27,1.42,35.3893
Nifty Next 50,2014-01-10,15.55,2.26,1.42,35.143
Nifty Next 50,2014-01-13,15.57,2.27,1.42,35.3439
Nifty Next 50,2014-01-14,15.58,2.27,1.42,35.3666
Nifty Next 50,2014-01-15,15.64,2.28,1.41,35.6592
Nifty Next 50,2014-01-16,15.49,2.26,1.43,35.0074
Nifty Next 50,2014-01-17,15.3,2.23,1.44,34.119
Nifty Next 50,2014-01-20,15.39,2.25,1.43,34.6275
Nifty Next 50,2014-01-21,15.4,2.25,1.43,34.65
Nifty Next 50,2014-01-22,15.43,2.26,1.42,34.87179999999999
Nifty Next 50,2014-01-23,15.4,2.25,1.43,34.65
Nifty Next 50,2014-01-24,15.16,2.22,1.45,33.6552
Nifty Next 50,2014-01-27,14.76,2.16,1.49,31.881600000000002
Nifty Next 50,2014-01-28,14.74,2.16,1.49,31.838400000000004
Nifty Next 50,2014-01-29,14.81,2.17,1.48,32.1377
Nifty Next 50,2014-01-30,14.53,2.13,1.51,30.9489
Nifty Next 50,2014-01-31,14.67,2.18,1.48,31.980600000000003
Nifty Next 50,2014-02-03,14.72,2.15,1.49,31.648
Nifty Next 50,2014-02-04,14.76,2.16,1.49,31.881600000000002
Nifty Next 50,2014-02-05,14.84,2.18,1.48,32.3512
Nifty Next 50,2014-02-06,14.92,2.18,1.47,32.525600000000004
Nifty Next 50,2014-02-07,14.97,2.19,1.47,32.7843
Nifty Next 50,2014-02-10,14.89,2.18,1.48,32.4602
Nifty Next 50,2014-02-11,14.9,2.18,1.48,32.482000000000006
Nifty Next 50,2014-02-12,14.87,2.18,1.48,32.4166
Nifty Next 50,2014-02-13,14.66,2.15,1.50,31.519
Nifty Next 50,2014-02-14,14.68,2.15,1.50,31.561999999999998
Nifty Next 50,2014-02-17,14.69,2.15,1.50,31.583499999999997
Nifty Next 50,2014-02-18,14.83,2.17,1.49,32.1811
Nifty Next 50,2014-02-19,14.89,2.18,1.48,32.4602
Nifty Next 50,2014-02-20,14.85,2.17,1.48,32.2245
Nifty Next 50,2014-02-21,14.71,2.19,1.47,32.2149
Nifty Next 50,2014-02-24,14.71,2.19,1.47,32.2149
Nifty Next 50,2014-02-25,14.73,2.19,1.47,32.2587
Nifty Next 50,2014-02-26,14.72,2.19,1.47,32.2368
Nifty Next 50,2014-02-28,15.49,2.22,1.45,34.387800000000006
Nifty Next 50,2014-03-03,15.47,2.21,1.46,34.188700000000004
Nifty Next 50,2014-03-04,15.62,2.23,1.44,34.8326
Nifty Next 50,2014-03-05,15.71,2.25,1.43,35.347500000000004
Nifty Next 50,2014-03-06,15.89,2.27,1.42,36.0703
Nifty Next 50,2014-03-07,16.06,2.3,1.40,36.937999999999995
Nifty Next 50,2014-03-10,16.14,2.31,1.40,37.2834
Nifty Next 50,2014-03-11,16.0,2.29,1.41,36.64
Nifty Next 50,2014-03-12,16.01,2.29,1.41,36.66290000000001
Nifty Next 50,2014-03-13,15.9,2.27,1.42,36.093
Nifty Next 50,2014-03-14,15.93,2.28,1.41,36.3204
Nifty Next 50,2014-03-18,16.18,2.31,1.39,37.3758
Nifty Next 50,2014-03-19,16.25,2.32,1.39,37.699999999999996
Nifty Next 50,2014-03-20,16.19,2.31,1.40,37.398900000000005
Nifty Next 50,2014-03-21,16.28,2.32,1.39,37.7696
Nifty Next 50,2014-03-22,16.36,2.33,1.38,38.1188
Nifty Next 50,2014-03-24,16.42,2.34,1.38,38.4228
Nifty Next 50,2014-03-25,16.5,2.35,1.37,38.775
Nifty Next 50,2014-03-26,16.52,2.35,1.37,38.822
Nifty Next 50,2014-03-27,16.61,2.37,1.36,39.365700000000004
Nifty Next 50,2014-03-28,17.06,2.29,1.47,39.0674
Nifty Next 50,2014-03-31,17.28,2.31,1.45,39.9168
Nifty Next 50,2014-04-01,17.22,2.31,1.45,39.7782
Nifty Next 50,2014-04-02,17.44,2.34,1.44,40.8096
Nifty Next 50,2014-04-03,17.3,2.32,1.45,40.135999999999996
Nifty Next 50,2014-04-04,17.3,2.32,1.45,40.135999999999996
Nifty Next 50,2014-04-07,17.31,2.32,1.45,40.15919999999999
Nifty Next 50,2014-04-09,17.6,2.36,1.42,41.536
Nifty Next 50,2014-04-10,17.81,2.39,1.41,42.5659
Nifty Next 50,2014-04-11,17.73,2.37,1.41,42.020100000000006
Nifty Next 50,2014-04-15,17.42,2.33,1.44,40.58860000000001
Nifty Next 50,2014-04-16,17.28,2.32,1.45,40.0896
Nifty Next 50,2014-04-17,17.52,2.35,1.43,41.172
Nifty Next 50,2014-04-21,17.74,2.37,1.41,42.0438
Nifty Next 50,2014-04-22,17.77,2.38,1.41,42.2926
Nifty Next 50,2014-04-23,17.77,2.38,1.41,42.2926
Nifty Next 50,2014-04-25,17.84,2.38,1.41,42.459199999999996
Nifty Next 50,2014-04-28,17.84,2.39,1.40,42.6376
Nifty Next 50,2014-04-29,17.64,2.37,1.42,41.8068
Nifty Next 50,2014-04-30,17.39,2.33,1.44,40.5187
Nifty Next 50,2014-05-02,17.43,2.35,1.43,40.9605
Nifty Next 50,2014-05-05,17.08,2.35,1.43,40.138
Nifty Next 50,2014-05-06,17.2,2.35,1.43,40.42
Nifty Next 50,2014-05-07,17.11,2.34,1.44,40.0374
Nifty Next 50,2014-05-08,17.08,2.33,1.44,39.7964
Nifty Next 50,2014-05-09,17.44,2.39,1.41,41.6816
Nifty Next 50,2014-05-12,17.42,2.39,1.39,41.63380000000001
Nifty Next 50,2014-05-13,17.79,2.43,1.36,43.2297
Nifty Next 50,2014-05-14,17.94,2.48,1.33,44.491200000000006
Nifty Next 50,2014-05-15,17.84,2.47,1.34,44.064800000000005
Nifty Next 50,2014-05-16,18.27,2.53,1.31,46.223099999999995
Nifty Next 50,2014-05-19,19.01,2.63,1.26,49.996300000000005
Nifty Next 50,2014-05-20,19.06,2.64,1.25,50.3184
Nifty Next 50,2014-05-21,19.05,2.64,1.25,50.292
Nifty Next 50,2014-05-22,19.38,2.68,1.23,51.9384
Nifty Next 50,2014-05-23,19.74,2.71,1.22,53.4954
Nifty Next 50,2014-05-26,19.39,2.66,1.25,51.577400000000004
Nifty Next 50,2014-05-27,19.06,2.63,1.26,50.12779999999999
Nifty Next 50,2014-05-28,19.15,2.64,1.26,50.556
Nifty Next 50,2014-05-29,18.96,2.61,1.27,49.4856
Nifty Next 50,2014-05-30,18.98,2.62,1.27,49.7276
Nifty Next 50,2014-06-02,19.25,2.66,1.25,51.205000000000005
Nifty Next 50,2014-06-03,19.42,2.68,1.24,52.04560000000001
Nifty Next 50,2014-06-04,19.58,2.71,1.23,53.0618
Nifty Next 50,2014-06-05,19.86,2.75,1.21,54.614999999999995
Nifty Next 50,2014-06-06,21.72,2.8,1.18,60.815999999999995
Nifty Next 50,2014-06-09,21.87,2.8,1.18,61.236
Nifty Next 50,2014-06-10,21.76,2.78,1.19,60.4928
Nifty Next 50,2014-06-11,21.46,2.72,1.18,58.37120000000001
Nifty Next 50,2014-06-12,21.41,2.72,1.18,58.235200000000006
Nifty Next 50,2014-06-13,21.0,2.64,1.22,55.440000000000005
Nifty Next 50,2014-06-16,21.12,2.66,1.21,56.17920000000001
Nifty Next 50,2014-06-17,21.43,2.68,1.17,57.4324
Nifty Next 50,2014-06-18,21.26,2.66,1.18,56.55160000000001
Nifty Next 50,2014-06-19,21.1,2.64,1.19,55.70400000000001
Nifty Next 50,2014-06-20,21.04,2.63,1.19,55.33519999999999
Nifty Next 50,2014-06-23,21.19,2.65,1.18,56.1535
Nifty Next 50,2014-06-24,21.47,2.68,1.16,57.5396
Nifty Next 50,2014-06-25,21.45,2.68,1.16,57.486000000000004
Nifty Next 50,2014-06-26,21.35,2.67,1.17,57.0045
Nifty Next 50,2014-06-27,21.44,2.68,1.16,57.45920000000001
Nifty Next 50,2014-06-30,21.88,2.73,1.14,59.7324
Nifty Next 50,2014-07-01,22.04,2.75,1.13,60.61
Nifty Next 50,2014-07-02,22.49,2.81,1.11,63.1969
Nifty Next 50,2014-07-03,22.44,2.8,1.11,62.832
Nifty Next 50,2014-07-04,22.5,2.81,1.11,63.225
Nifty Next 50,2014-07-07,22.5,2.81,1.11,63.225
Nifty Next 50,2014-07-08,21.57,2.69,1.16,58.0233
Nifty Next 50,2014-07-09,21.31,2.66,1.17,56.684599999999996
Nifty Next 50,2014-07-10,21.44,2.67,1.17,57.244800000000005
Nifty Next 50,2014-07-11,20.8,2.59,1.20,53.872
Nifty Next 50,2014-07-14,21.08,2.59,1.18,54.597199999999994
Nifty Next 50,2014-07-15,21.55,2.65,1.16,57.1075
Nifty Next 50,2014-07-16,21.77,2.67,1.15,58.125899999999994
Nifty Next 50,2014-07-17,21.89,2.7,1.13,59.10300000000001
Nifty Next 50,2014-07-18,21.77,2.69,1.14,58.561299999999996
Nifty Next 50,2014-07-21,21.78,2.69,1.14,58.5882
Nifty Next 50,2014-07-22,21.83,2.7,1.13,58.941
Nifty Next 50,2014-07-23,21.74,2.69,1.14,58.480599999999995
Nifty Next 50,2014-07-24,21.76,2.7,1.14,58.75200000000001
Nifty Next 50,2014-07-25,21.46,2.65,1.16,56.869
Nifty Next 50,2014-07-28,21.29,2.65,1.16,56.418499999999995
Nifty Next 50,2014-07-30,21.46,2.67,1.14,57.2982
Nifty Next 50,2014-07-31,20.96,2.66,1.14,55.753600000000006
Nifty Next 50,2014-08-01,20.84,2.64,1.15,55.0176
Nifty Next 50,2014-08-04,21.08,2.67,1.14,56.28359999999999
Nifty Next 50,2014-08-05,21.18,2.67,1.14,56.550599999999996
Nifty Next 50,2014-08-06,21.09,2.65,1.14,55.8885
Nifty Next 50,2014-08-07,21.11,2.62,1.15,55.3082
Nifty Next 50,2014-08-08,20.2,2.58,1.16,52.116
Nifty Next 50,2014-08-11,20.38,2.61,1.15,53.19179999999999
Nifty Next 50,2014-08-12,20.53,2.63,1.14,53.993900000000004
Nifty Next 50,2014-08-13,20.29,2.61,1.15,52.9569
Nifty Next 50,2014-08-14,20.51,2.64,1.13,54.14640000000001
Nifty Next 50,2014-08-18,20.89,2.68,1.12,55.985200000000006
Nifty Next 50,2014-08-19,20.38,2.71,1.10,55.2298
Nifty Next 50,2014-08-20,20.37,2.71,1.10,55.2027
Nifty Next 50,2014-08-21,20.62,2.73,1.09,56.2926
Nifty Next 50,2014-08-22,20.65,2.74,1.09,56.581
Nifty Next 50,2014-08-25,20.42,2.7,1.11,55.13400000000001
Nifty Next 50,2014-08-26,20.4,2.7,1.11,55.08
Nifty Next 50,2014-08-27,20.44,2.71,1.10,55.3924
Nifty Next 50,2014-08-28,20.38,2.7,1.11,55.026
Nifty Next 50,2014-09-01,20.83,2.76,1.08,57.49079999999999
Nifty Next 50,2014-09-02,20.98,2.78,1.08,58.3244
Nifty Next 50,2014-09-03,21.14,2.8,1.07,59.192
Nifty Next 50,2014-09-04,21.1,2.8,1.07,59.08
Nifty Next 50,2014-09-05,21.11,2.8,1.07,59.108
Nifty Next 50,2014-09-08,21.38,2.83,1.06,60.5054
Nifty Next 50,2014-09-09,21.48,2.85,1.05,61.218
Nifty Next 50,2014-09-10,21.26,2.82,1.06,59.9532
Nifty Next 50,2014-09-11,21.37,2.83,1.06,60.47710000000001
Nifty Next 50,2014-09-12,21.41,2.84,1.05,60.804399999999994
Nifty Next 50,2014-09-15,21.34,2.83,1.06,60.3922
Nifty Next 50,2014-09-16,20.69,2.74,1.09,56.69060000000001
Nifty Next 50,2014-09-17,20.83,2.76,1.08,57.49079999999999
Nifty Next 50,2014-09-18,21.26,2.82,1.06,59.9532
Nifty Next 50,2014-09-19,20.96,2.83,1.04,59.3168
Nifty Next 50,2014-09-22,20.96,2.83,1.04,59.3168
Nifty Next 50,2014-09-23,20.52,2.77,1.06,56.8404
Nifty Next 50,2014-09-24,20.39,2.75,1.07,56.072500000000005
Nifty Next 50,2014-09-25,20.05,2.7,1.09,54.135000000000005
Nifty Next 50,2014-09-26,20.36,2.72,1.08,55.379200000000004
Nifty Next 50,2014-09-29,20.48,2.74,1.07,56.11520000000001
Nifty Next 50,2014-09-30,20.48,2.73,1.07,55.9104
Nifty Next 50,2014-10-01,20.39,2.72,1.08,55.460800000000006
Nifty Next 50,2014-10-07,20.11,2.68,1.09,53.894800000000004
Nifty Next 50,2014-10-08,20.1,2.67,1.10,53.667
Nifty Next 50,2014-10-09,20.49,2.71,1.09,55.527899999999995
Nifty Next 50,2014-10-10,20.12,2.64,1.14,53.116800000000005
Nifty Next 50,2014-10-13,20.22,2.65,1.14,53.583
Nifty Next 50,2014-10-14,20.29,2.65,1.13,53.768499999999996
Nifty Next 50,2014-10-16,19.64,2.57,1.18,50.474799999999995
Nifty Next 50,2014-10-17,19.9,2.6,1.16,51.739999999999995
Nifty Next 50,2014-10-20,20.22,2.65,1.14,53.583
Nifty Next 50,2014-10-21,20.37,2.67,1.13,54.3879
Nifty Next 50,2014-10-22,20.59,2.7,1.12,55.593
Nifty Next 50,2014-10-23,20.7,2.71,1.12,56.096999999999994
Nifty Next 50,2014-10-27,20.59,2.7,1.12,55.593
Nifty Next 50,2014-10-28,20.28,2.7,1.12,54.75600000000001
Nifty Next 50,2014-10-29,20.4,2.72,1.11,55.488
Nifty Next 50,2014-10-30,20.34,2.74,1.10,55.73160000000001
Nifty Next 50,2014-10-31,20.67,2.77,1.06,57.255900000000004
Nifty Next 50,2014-11-03,20.79,2.79,1.06,58.0041
Nifty Next 50,2014-11-05,20.73,2.78,1.06,57.6294
Nifty Next 50,2014-11-07,20.74,2.8,1.05,58.07199999999999
Nifty Next 50,2014-11-10,20.72,2.81,1.05,58.2232
Nifty Next 50,2014-11-11,20.77,2.82,1.04,58.5714
Nifty Next 50,2014-11-12,20.95,2.85,1.03,59.7075
Nifty Next 50,2014-11-13,20.88,2.84,1.04,59.29919999999999
Nifty Next 50,2014-11-14,20.99,2.86,1.03,60.03139999999999
Nifty Next 50,2014-11-17,21.19,2.89,1.02,61.23910000000001
Nifty Next 50,2014-11-18,21.36,2.92,1.01,62.371199999999995
Nifty Next 50,2014-11-19,21.15,2.89,1.02,61.1235
Nifty Next 50,2014-11-20,21.14,2.9,1.02,61.306
Nifty Next 50,2014-11-21,20.96,2.9,1.02,60.784
Nifty Next 50,2014-11-24,21.33,2.91,1.01,62.070299999999996
Nifty Next 50,2014-11-25,20.79,2.87,1.03,59.6673
Nifty Next 50,2014-11-26,20.79,2.87,1.03,59.6673
Nifty Next 50,2014-11-27,20.9,2.88,1.02,60.19199999999999
Nifty Next 50,2014-11-28,20.66,2.75,1.04,56.815
Nifty Next 50,2014-12-01,20.66,2.75,1.04,56.815
Nifty Next 50,2014-12-02,20.77,2.76,1.03,57.325199999999995
Nifty Next 50,2014-12-03,21.06,2.8,1.02,58.96799999999999
Nifty Next 50,2014-12-04,21.11,2.81,1.01,59.3191
Nifty Next 50,2014-12-05,20.9,2.79,1.02,58.311
Nifty Next 50,2014-12-08,20.67,2.76,1.03,57.0492
Nifty Next 50,2014-12-09,20.32,2.71,1.05,55.0672
Nifty Next 50,2014-12-10,20.54,2.74,1.04,56.2796
Nifty Next 50,2014-12-11,20.37,2.72,1.05,55.406400000000005
Nifty Next 50,2014-12-12,20.12,2.68,1.06,53.921600000000005
Nifty Next 50,2014-12-15,20.04,2.67,1.06,53.5068
Nifty Next 50,2014-12-16,19.49,2.6,1.09,50.674
Nifty Next 50,2014-12-17,19.43,2.59,1.10,50.323699999999995
Nifty Next 50,2014-12-18,20.08,2.68,1.06,53.8144
Nifty Next 50,2014-12-19,20.12,2.69,1.06,54.122800000000005
Nifty Next 50,2014-12-22,20.28,2.69,1.05,54.553200000000004
Nifty Next 50,2014-12-23,20.12,2.67,1.06,53.7204
Nifty Next 50,2014-12-24,20.08,2.66,1.07,53.4128
Nifty Next 50,2014-12-26,20.18,2.68,1.06,54.0824
Nifty Next 50,2014-12-29,20.35,2.7,1.05,54.94500000000001
Nifty Next 50,2014-12-30,20.54,2.72,1.04,55.8688
Nifty Next 50,2014-12-31,20.7,2.74,1.03,56.718
Nifty Next 50,2015-01-01,20.76,2.75,1.03,57.09
Nifty Next 50,2015-01-02,20.93,2.77,1.02,57.9761
Nifty Next 50,2015-01-05,20.89,2.77,1.02,57.865300000000005
Nifty Next 50,2015-01-06,20.3,2.69,1.05,54.607
Nifty Next 50,2015-01-07,20.29,2.69,1.05,54.580099999999995
Nifty Next 50,2015-01-08,20.68,2.74,1.03,56.6632
Nifty Next 50,2015-01-09,20.65,2.74,1.04,56.581
Nifty Next 50,2015-01-12,20.74,2.75,1.03,57.035
Nifty Next 50,2015-01-13,20.71,2.75,1.03,56.9525
Nifty Next 50,2015-01-14,20.71,2.75,1.03,56.9525
Nifty Next 50,2015-01-15,20.98,2.78,1.02,58.3244
Nifty Next 50,2015-01-16,21.04,2.8,1.01,58.91199999999999
Nifty Next 50,2015-01-19,21.11,2.81,1.01,59.3191
Nifty Next 50,2015-01-20,21.15,2.82,1.01,59.642999999999994
Nifty Next 50,2015-01-21,21.2,2.82,1.01,59.78399999999999
Nifty Next 50,2015-01-22,21.25,2.83,1.00,60.1375
Nifty Next 50,2015-01-23,21.47,2.86,0.99,61.404199999999996
Nifty Next 50,2015-01-27,21.58,2.87,0.99,61.934599999999996
Nifty Next 50,2015-01-28,21.71,2.89,0.98,62.74190000000001
Nifty Next 50,2015-01-29,21.68,2.89,0.98,62.6552
Nifty Next 50,2015-01-30,21.48,2.87,0.99,61.647600000000004
Nifty Next 50,2015-02-02,22.18,2.99,0.96,66.3182
Nifty Next 50,2015-02-03,21.97,2.96,0.97,65.0312
Nifty Next 50,2015-02-04,21.58,2.94,0.98,63.44519999999999
Nifty Next 50,2015-02-05,21.25,2.91,0.99,61.837500000000006
Nifty Next 50,2015-02-06,21.12,2.89,1.00,61.03680000000001
Nifty Next 50,2015-02-09,20.62,2.84,1.01,58.5608
Nifty Next 50,2015-02-10,20.84,2.87,1.00,59.8108
Nifty Next 50,2015-02-11,21.18,2.92,0.98,61.8456
Nifty Next 50,2015-02-12,21.5,2.96,0.97,63.64
Nifty Next 50,2015-02-13,21.59,2.98,0.97,64.3382
Nifty Next 50,2015-02-16,21.45,2.96,0.97,63.492
Nifty Next 50,2015-02-18,21.51,2.98,0.97,64.0998
Nifty Next 50,2015-02-19,21.52,2.97,0.97,63.9144
Nifty Next 50,2015-02-20,21.11,2.98,0.96,62.907799999999995
Nifty Next 50,2015-02-23,20.93,2.96,0.97,61.952799999999996
Nifty Next 50,2015-02-24,20.91,2.96,0.97,61.8936
Nifty Next 50,2015-02-25,20.87,2.95,0.97,61.566500000000005
Nifty Next 50,2015-02-26,20.65,2.92,0.99,60.297999999999995
Nifty Next 50,2015-02-27,21.1,2.98,0.96,62.87800000000001
Nifty Next 50,2015-02-28,21.1,2.98,0.96,62.87800000000001
Nifty Next 50,2015-03-02,21.37,3.02,0.95,64.5374
Nifty Next 50,2015-03-03,21.52,3.04,0.95,65.4208
Nifty Next 50,2015-03-04,21.27,3.01,0.96,64.0227
Nifty Next 50,2015-03-05,21.39,3.02,0.95,64.5978
Nifty Next 50,2015-03-09,21.12,2.99,0.96,63.14880000000001
Nifty Next 50,2015-03-10,21.15,2.99,0.96,63.2385
Nifty Next 50,2015-03-11,21.1,2.98,0.96,62.87800000000001
Nifty Next 50,2015-03-12,21.48,3.04,0.95,65.2992
Nifty Next 50,2015-03-13,21.16,2.99,0.96,63.26840000000001
Nifty Next 50,2015-03-16,21.0,2.97,0.97,62.370000000000005
Nifty Next 50,2015-03-17,21.32,3.01,0.95,64.1732
Nifty Next 50,2015-03-18,21.37,3.02,0.95,64.5374
Nifty Next 50,2015-03-19,21.29,3.01,0.96,64.0829
Nifty Next 50,2015-03-20,20.96,2.96,0.97,62.0416
Nifty Next 50,2015-03-23,20.78,2.94,0.98,61.0932
Nifty Next 50,2015-03-24,20.71,2.93,0.98,60.6803
Nifty Next 50,2015-03-25,20.71,2.93,0.98,60.6803
Nifty Next 50,2015-03-26,20.47,2.89,0.99,59.1583
Nifty Next 50,2015-03-27,22.42,2.89,1.10,64.7938
Nifty Next 50,2015-03-30,22.77,2.94,1.09,66.9438
Nifty Next 50,2015-03-31,22.81,2.94,1.09,67.06139999999999
Nifty Next 50,2015-04-01,23.03,2.97,1.07,68.3991
Nifty Next 50,2015-04-06,23.25,3.0,1.06,69.75
Nifty Next 50,2015-04-07,23.49,3.03,1.05,71.17469999999999
Nifty Next 50,2015-04-08,23.67,3.05,1.05,72.1935
Nifty Next 50,2015-04-09,23.7,3.06,1.04,72.522
Nifty Next 50,2015-04-10,23.86,3.08,1.04,73.4888
Nifty Next 50,2015-04-13,24.07,3.1,1.03,74.617
Nifty Next 50,2015-04-15,23.87,3.08,1.04,73.51960000000001
Nifty Next 50,2015-04-16,23.71,3.06,1.05,72.5526
Nifty Next 50,2015-04-17,23.36,3.01,1.06,70.3136
Nifty Next 50,2015-04-20,22.88,2.95,1.08,67.496
Nifty Next 50,2015-04-21,22.74,2.93,1.09,66.62819999999999
Nifty Next 50,2015-04-22,22.75,2.93,1.09,66.6575
Nifty Next 50,2015-04-23,22.82,2.94,1.09,67.0908
Nifty Next 50,2015-04-24,22.49,2.9,1.10,65.22099999999999
Nifty Next 50,2015-04-27,21.89,2.84,1.13,62.1676
Nifty Next 50,2015-04-28,22.24,2.89,1.11,64.2736
Nifty Next 50,2015-04-29,22.28,2.89,1.11,64.3892
Nifty Next 50,2015-04-30,22.17,2.9,1.11,64.293
Nifty Next 50,2015-05-04,22.54,2.95,1.09,66.493
Nifty Next 50,2015-05-05,22.69,2.97,1.08,67.3893
Nifty Next 50,2015-05-06,21.92,2.87,1.12,62.91040000000001
Nifty Next 50,2015-05-07,21.28,2.8,1.15,59.583999999999996
Nifty Next 50,2015-05-08,21.74,2.86,1.12,62.176399999999994
Nifty Next 50,2015-05-11,22.35,2.95,1.09,65.9325
Nifty Next 50,2015-05-12,21.93,2.9,1.12,63.596999999999994
Nifty Next 50,2015-05-13,22.38,2.96,1.09,66.2448
Nifty Next 50,2015-05-14,22.65,3.0,1.08,67.94999999999999
Nifty Next 50,2015-05-15,22.74,3.01,1.08,68.44739999999999
Nifty Next 50,2015-05-18,23.03,3.04,1.06,70.0112
Nifty Next 50,2015-05-19,23.03,3.04,1.06,70.0112
Nifty Next 50,2015-05-20,23.08,3.04,1.06,70.16319999999999
Nifty Next 50,2015-05-21,23.26,3.03,1.07,70.4778
Nifty Next 50,2015-05-22,23.34,3.04,1.06,70.9536
Nifty Next 50,2015-05-25,23.27,3.04,1.06,70.7408
Nifty Next 50,2015-05-26,23.23,3.03,1.07,70.3869
Nifty Next 50,2015-05-27,23.08,3.01,1.07,69.4708
Nifty Next 50,2015-05-28,21.66,2.99,1.08,64.7634
Nifty Next 50,2015-05-29,20.85,2.97,1.10,61.92450000000001
Nifty Next 50,2015-06-01,21.69,2.96,1.10,64.2024
Nifty Next 50,2015-06-02,21.26,2.9,1.12,61.654
Nifty Next 50,2015-06-03,20.99,2.86,1.14,60.03139999999999
Nifty Next 50,2015-06-04,20.95,2.86,1.14,59.916999999999994
Nifty Next 50,2015-06-05,21.2,2.86,1.14,60.632
Nifty Next 50,2015-06-08,20.99,2.83,1.15,59.4017
Nifty Next 50,2015-06-09,20.94,2.83,1.16,59.260200000000005
Nifty Next 50,2015-06-10,21.15,2.86,1.15,60.48899999999999
Nifty Next 50,2015-06-11,20.83,2.81,1.16,58.5323
Nifty Next 50,2015-06-12,20.87,2.81,1.16,58.64470000000001
Nifty Next 50,2015-06-15,20.9,2.81,1.16,58.729
Nifty Next 50,2015-06-16,21.04,2.83,1.16,59.5432
Nifty Next 50,2015-06-17,21.37,2.87,1.14,61.331900000000005
Nifty Next 50,2015-06-18,21.47,2.89,1.13,62.0483
Nifty Next 50,2015-06-19,21.59,2.89,1.13,62.3951
Nifty Next 50,2015-06-22,21.91,2.94,1.11,64.4154
Nifty Next 50,2015-06-23,21.94,2.94,1.11,64.5036
Nifty Next 50,2015-06-24,21.82,2.92,1.12,63.7144
Nifty Next 50,2015-06-25,21.94,2.94,1.11,64.5036
Nifty Next 50,2015-06-26,21.9,2.94,1.11,64.386
Nifty Next 50,2015-06-29,21.65,2.9,1.12,62.785
Nifty Next 50,2015-06-30,21.91,2.94,1.11,64.4154
Nifty Next 50,2015-07-01,22.18,2.97,1.10,65.8746
Nifty Next 50,2015-07-02,22.42,3.01,1.09,67.4842
Nifty Next 50,2015-07-03,22.39,3.0,1.09,67.17
Nifty Next 50,2015-07-06,22.54,3.02,1.08,68.07079999999999
Nifty Next 50,2015-07-07,22.65,3.04,1.07,68.856
Nifty Next 50,2015-07-08,22.39,3.0,1.09,67.17
Nifty Next 50,2015-07-09,22.36,3.0,1.09,67.08
Nifty Next 50,2015-07-10,22.35,2.97,1.09,66.37950000000001
Nifty Next 50,2015-07-13,22.62,3.0,1.08,67.86
Nifty Next 50,2015-07-14,22.66,3.01,1.08,68.2066
Nifty Next 50,2015-07-15,22.66,3.01,1.08,68.2066
Nifty Next 50,2015-07-16,22.95,3.04,1.06,69.768
Nifty Next 50,2015-07-17,23.08,3.03,1.08,69.93239999999999
Nifty Next 50,2015-07-20,23.09,3.03,1.08,69.9627
Nifty Next 50,2015-07-21,22.72,2.98,1.10,67.70559999999999
Nifty Next 50,2015-07-22,22.96,3.02,1.09,69.3392
Nifty Next 50,2015-07-23,22.98,3.02,1.09,69.3996
Nifty Next 50,2015-07-24,22.81,2.98,1.11,67.9738
Nifty Next 50,2015-07-27,22.52,2.94,1.12,66.2088
Nifty Next 50,2015-07-28,22.68,2.94,1.13,66.6792
Nifty Next 50,2015-07-29,22.78,2.95,1.12,67.20100000000001
Nifty Next 50,2015-07-30,22.85,2.97,1.11,67.8645
Nifty Next 50,2015-07-31,23.01,2.99,1.17,68.79990000000001
Nifty Next 50,2015-08-03,23.52,3.02,1.16,71.0304
Nifty Next 50,2015-08-04,23.85,3.06,1.14,72.98100000000001
Nifty Next 50,2015-08-05,24.28,3.09,1.13,75.0252
Nifty Next 50,2015-08-06,24.5,3.11,1.13,76.195
Nifty Next 50,2015-08-07,24.38,3.09,1.13,75.3342
Nifty Next 50,2015-08-10,24.35,3.13,1.11,76.2155
Nifty Next 50,2015-08-11,24.16,3.11,1.12,75.13759999999999
Nifty Next 50,2015-08-12,23.57,3.04,1.15,71.6528
Nifty Next 50,2015-08-13,23.43,3.03,1.15,70.99289999999999
Nifty Next 50,2015-08-14,23.22,3.08,1.14,71.5176
Nifty Next 50,2015-08-17,23.49,3.1,1.13,72.819
Nifty Next 50,2015-08-18,23.6,3.11,1.12,73.396
Nifty Next 50,2015-08-19,23.62,3.11,1.12,73.4582
Nifty Next 50,2015-08-20,23.31,3.07,1.14,71.56169999999999
Nifty Next 50,2015-08-21,23.14,3.05,1.15,70.577
Nifty Next 50,2015-08-24,21.23,2.79,1.25,59.231700000000004
Nifty Next 50,2015-08-25,21.7,2.86,1.22,62.062
Nifty Next 50,2015-08-26,21.53,2.83,1.23,60.9299
Nifty Next 50,2015-08-27,22.12,2.91,1.20,64.3692
Nifty Next 50,2015-08-28,22.22,2.92,1.19,64.88239999999999
Nifty Next 50,2015-08-31,22.09,2.9,1.20,64.06099999999999
Nifty Next 50,2015-09-01,21.71,2.85,1.22,61.87350000000001
Nifty Next 50,2015-09-02,21.53,2.83,1.23,60.9299
Nifty Next 50,2015-09-03,21.76,2.86,1.22,62.2336
Nifty Next 50,2015-09-04,21.33,2.8,1.24,59.72399999999999
Nifty Next 50,2015-09-07,20.84,2.74,1.27,57.101600000000005
Nifty Next 50,2015-09-08,20.92,2.75,1.27,57.53
Nifty Next 50,2015-09-09,21.34,2.81,1.24,59.9654
Nifty Next 50,2015-09-10,21.45,2.82,1.24,60.489
Nifty Next 50,2015-09-11,21.45,2.82,1.24,60.489
Nifty Next 50,2015-09-14,21.79,2.86,1.22,62.319399999999995
Nifty Next 50,2015-09-15,21.6,2.84,1.23,61.344
Nifty Next 50,2015-09-16,21.43,2.82,1.24,60.432599999999994
Nifty Next 50,2015-09-18,21.6,2.84,1.23,61.344
Nifty Next 50,2015-09-21,21.64,2.84,1.23,61.4576
Nifty Next 50,2015-09-22,21.34,2.8,1.24,59.751999999999995
Nifty Next 50,2015-09-23,21.29,2.8,1.25,59.611999999999995
Nifty Next 50,2015-09-24,21.29,2.8,1.25,59.611999999999995
Nifty Next 50,2015-09-28,21.39,2.91,1.37,62.2449
Nifty Next 50,2015-09-29,21.42,2.9,1.36,62.118
Nifty Next 50,2015-09-30,21.84,2.95,1.34,64.428
Nifty Next 50,2015-10-01,22.0,2.87,1.62,63.14
Nifty Next 50,2015-10-05,22.44,2.93,1.59,65.7492
Nifty Next 50,2015-10-06,22.5,2.94,1.58,66.15
Nifty Next 50,2015-10-07,22.5,2.94,1.58,66.15
Nifty Next 50,2015-10-08,22.23,2.9,1.60,64.467
Nifty Next 50,2015-10-09,22.21,2.9,1.60,64.409
Nifty Next 50,2015-10-12,22.21,2.9,1.60,64.409
Nifty Next 50,2015-10-13,22.16,2.89,1.61,64.0424
Nifty Next 50,2015-10-14,22.19,2.9,1.60,64.351
Nifty Next 50,2015-10-15,22.23,2.9,1.60,64.467
Nifty Next 50,2015-10-16,22.27,2.91,1.60,64.8057
Nifty Next 50,2015-10-19,21.39,2.83,1.61,60.5337
Nifty Next 50,2015-10-20,21.37,2.83,1.61,60.47710000000001
Nifty Next 50,2015-10-21,21.27,2.81,1.62,59.7687
Nifty Next 50,2015-10-23,21.21,2.8,1.63,59.388
Nifty Next 50,2015-10-26,21.12,2.79,1.64,58.924800000000005
Nifty Next 50,2015-10-27,21.22,2.82,1.63,59.840399999999995
Nifty Next 50,2015-10-28,21.22,2.81,1.63,59.6282
Nifty Next 50,2015-10-29,21.09,2.79,1.64,58.8411
Nifty Next 50,2015-10-30,21.07,2.79,1.64,58.7853
Nifty Next 50,2015-11-02,21.12,2.8,1.64,59.135999999999996
Nifty Next 50,2015-11-03,21.24,2.81,1.63,59.6844
Nifty Next 50,2015-11-04,21.29,2.81,1.63,59.8249
Nifty Next 50,2015-11-05,20.86,2.78,1.65,57.99079999999999
Nifty Next 50,2015-11-06,20.76,2.78,1.66,57.7128
Nifty Next 50,2015-11-09,20.84,2.8,1.65,58.352
Nifty Next 50,2015-11-10,20.46,2.74,1.68,56.06040000000001
Nifty Next 50,2015-11-11,20.67,2.77,1.66,57.255900000000004
Nifty Next 50,2015-11-13,21.26,2.74,1.68,58.25240000000001
Nifty Next 50,2015-11-16,21.24,2.72,1.69,57.7728
Nifty Next 50,2015-11-17,21.36,2.74,1.68,58.5264
Nifty Next 50,2015-11-18,21.26,2.73,1.69,58.03980000000001
Nifty Next 50,2015-11-19,21.5,2.76,1.67,59.339999999999996
Nifty Next 50,2015-11-20,21.65,2.78,1.66,60.18699999999999
Nifty Next 50,2015-11-23,21.69,2.78,1.66,60.2982
Nifty Next 50,2015-11-24,21.73,2.79,1.65,60.6267
Nifty Next 50,2015-11-26,21.75,2.79,1.65,60.6825
Nifty Next 50,2015-11-27,21.81,2.8,1.65,61.06799999999999
Nifty Next 50,2015-11-30,21.74,2.79,1.65,60.654599999999995
Nifty Next 50,2015-12-01,21.97,2.82,1.64,61.95539999999999
Nifty Next 50,2015-12-02,21.99,2.82,1.63,62.011799999999994
Nifty Next 50,2015-12-03,21.83,2.8,1.65,61.12399999999999
Nifty Next 50,2015-12-04,21.66,2.78,1.66,60.2148
Nifty Next 50,2015-12-07,21.67,2.78,1.66,60.2426
Nifty Next 50,2015-12-08,21.46,2.75,1.67,59.015
Nifty Next 50,2015-12-09,21.07,2.7,1.71,56.889
Nifty Next 50,2015-12-10,21.23,2.72,1.69,57.7456
Nifty Next 50,2015-12-11,21.06,2.7,1.71,56.862
Nifty Next 50,2015-12-14,21.17,2.71,1.70,57.37070000000001
Nifty Next 50,2015-12-15,21.31,2.73,1.69,58.1763
Nifty Next 50,2015-12-16,21.4,2.74,1.68,58.636
Nifty Next 50,2015-12-17,21.71,2.78,1.65,60.3538
Nifty Next 50,2015-12-18,21.72,2.78,1.65,60.38159999999999
Nifty Next 50,2015-12-21,21.87,2.8,1.64,61.236
Nifty Next 50,2015-12-22,21.8,2.79,1.65,60.822
Nifty Next 50,2015-12-23,21.91,2.81,1.64,61.5671
Nifty Next 50,2015-12-24,21.93,2.81,1.64,61.6233
Nifty Next 50,2015-12-28,22.0,2.82,1.63,62.04
Nifty Next 50,2015-12-29,22.07,2.83,1.63,62.4581
Nifty Next 50,2015-12-30,22.0,2.82,1.63,62.04
Nifty Next 50,2015-12-31,22.14,2.84,1.62,62.8776
Nifty Next 50,2016-01-01,22.36,2.87,1.61,64.1732
Nifty Next 50,2016-01-04,22.12,2.84,1.62,62.8208
Nifty Next 50,2016-01-05,22.25,2.85,1.62,63.4125
Nifty Next 50,2016-01-06,22.18,2.84,1.62,62.9912
Nifty Next 50,2016-01-07,21.51,2.76,1.67,59.3676
Nifty Next 50,2016-01-08,21.73,2.78,1.65,60.4094
Nifty Next 50,2016-01-11,21.48,2.75,1.67,59.07
Nifty Next 50,2016-01-12,21.35,2.74,1.68,58.49900000000001
Nifty Next 50,2016-01-13,21.28,2.73,1.69,58.0944
Nifty Next 50,2016-01-14,21.14,2.7,1.70,57.078
Nifty Next 50,2016-01-15,20.59,2.63,1.75,54.1517
Nifty Next 50,2016-01-18,20.05,2.57,1.80,51.5285
Nifty Next 50,2016-01-19,20.27,2.6,1.77,52.702
Nifty Next 50,2016-01-20,19.89,2.55,1.81,50.7195
Nifty Next 50,2016-01-21,19.65,2.52,1.83,49.517999999999994
Nifty Next 50,2016-01-22,20.11,2.57,1.79,51.6827
Nifty Next 50,2016-01-25,20.13,2.58,1.79,51.9354
Nifty Next 50,2016-01-27,20.11,2.58,1.79,51.8838
Nifty Next 50,2016-01-28,19.94,2.57,1.79,51.2458
Nifty Next 50,2016-01-29,20.31,2.61,1.76,53.0091
Nifty Next 50,2016-02-01,20.3,2.62,1.76,53.18600000000001
Nifty Next 50,2016-02-02,21.62,2.57,1.79,55.5634
Nifty Next 50,2016-02-03,21.29,2.54,1.81,54.0766
Nifty Next 50,2016-02-04,21.29,2.54,1.82,54.0766
Nifty Next 50,2016-02-05,21.78,2.6,1.77,56.62800000000001
Nifty Next 50,2016-02-08,21.6,2.59,1.78,55.944
Nifty Next 50,2016-02-09,21.16,2.53,1.82,53.5348
Nifty Next 50,2016-02-10,21.34,2.5,1.84,53.35
Nifty Next 50,2016-02-11,20.68,2.42,1.90,50.0456
Nifty Next 50,2016-02-12,20.62,2.42,1.90,49.9004
Nifty Next 50,2016-02-15,20.53,2.5,1.84,51.325
Nifty Next 50,2016-02-16,20.01,2.44,1.89,48.824400000000004
Nifty Next 50,2016-02-17,20.09,2.45,1.88,49.2205
Nifty Next 50,2016-02-18,20.2,2.46,1.87,49.692
Nifty Next 50,2016-02-19,20.21,2.46,1.87,49.7166
Nifty Next 50,2016-02-22,20.35,2.48,1.86,50.468
Nifty Next 50,2016-02-23,20.12,2.45,1.88,49.294000000000004
Nifty Next 50,2016-02-24,19.83,2.42,1.91,47.98859999999999
Nifty Next 50,2016-02-25,19.73,2.41,1.91,47.5493
Nifty Next 50,2016-02-26,20.03,2.41,1.90,48.27230000000001
Nifty Next 50,2016-02-29,20.08,2.42,1.90,48.593599999999995
Nifty Next 50,2016-03-01,20.73,2.5,1.84,51.825
Nifty Next 50,2016-03-02,21.0,2.53,1.81,53.129999999999995
Nifty Next 50,2016-03-03,21.15,2.55,1.80,53.93249999999999
Nifty Next 50,2016-03-04,21.33,2.57,1.79,54.818099999999994
Nifty Next 50,2016-03-08,21.36,2.57,1.78,54.895199999999996
Nifty Next 50,2016-03-09,21.41,2.58,1.78,55.2378
Nifty Next 50,2016-03-10,21.32,2.57,1.79,54.7924
Nifty Next 50,2016-03-11,21.39,2.58,1.78,55.1862
Nifty Next 50,2016-03-14,21.45,2.59,1.78,55.555499999999995
Nifty Next 50,2016-03-15,21.24,2.56,1.79,54.374399999999994
Nifty Next 50,2016-03-16,21.16,2.55,1.80,53.958
Nifty Next 50,2016-03-17,21.33,2.57,1.79,54.818099999999994
Nifty Next 50,2016-03-18,21.45,2.58,1.78,55.341
Nifty Next 50,2016-03-21,21.78,2.62,1.75,57.06360000000001
Nifty Next 50,2016-03-22,21.86,2.63,1.74,57.4918
Nifty Next 50,2016-03-23,21.89,2.64,1.74,57.78960000000001
Nifty Next 50,2016-03-28,21.57,2.6,1.77,56.082
Nifty Next 50,2016-03-29,21.56,2.6,1.77,56.056
Nifty Next 50,2016-03-30,21.9,2.64,1.74,57.816
Nifty Next 50,2016-03-31,22.02,2.65,1.73,58.352999999999994
Nifty Next 50,2016-04-01,22.27,2.64,1.77,58.7928
Nifty Next 50,2016-04-04,22.33,2.65,1.77,59.174499999999995
Nifty Next 50,2016-04-05,22.0,2.61,1.80,57.419999999999995
Nifty Next 50,2016-04-06,22.11,2.62,1.79,57.928200000000004
Nifty Next 50,2016-04-07,22.01,2.61,1.80,57.4461
Nifty Next 50,2016-04-08,22.12,2.62,1.79,57.95440000000001
Nifty Next 50,2016-04-11,22.32,2.65,1.77,59.147999999999996
Nifty Next 50,2016-04-12,22.48,2.66,1.76,59.796800000000005
Nifty Next 50,2016-04-13,22.73,2.69,1.74,61.1437
Nifty Next 50,2016-04-18,22.97,2.72,1.72,62.4784
Nifty Next 50,2016-04-20,23.03,2.73,1.72,62.871900000000004
Nifty Next 50,2016-04-21,23.02,2.73,1.72,62.8446
Nifty Next 50,2016-04-22,23.06,2.73,1.72,62.953799999999994
Nifty Next 50,2016-04-25,22.87,2.71,1.73,61.9777
Nifty Next 50,2016-04-26,23.01,2.73,1.72,62.8173
Nifty Next 50,2016-04-27,23.07,2.74,1.71,63.211800000000004
Nifty Next 50,2016-04-28,22.8,2.7,1.73,61.56000000000001
Nifty Next 50,2016-04-29,22.39,2.72,1.73,60.900800000000004
Nifty Next 50,2016-05-02,21.5,2.76,1.70,59.339999999999996
Nifty Next 50,2016-05-03,21.29,2.73,1.72,58.1217
Nifty Next 50,2016-05-04,20.95,2.69,1.74,56.3555
Nifty Next 50,2016-05-05,20.97,2.69,1.74,56.409299999999995
Nifty Next 50,2016-05-06,21.08,2.71,1.73,57.126799999999996
Nifty Next 50,2016-05-09,21.25,2.73,1.72,58.0125
Nifty Next 50,2016-05-10,21.26,2.73,1.72,58.03980000000001
Nifty Next 50,2016-05-11,21.28,2.73,1.72,58.0944
Nifty Next 50,2016-05-12,21.5,2.76,1.70,59.339999999999996
Nifty Next 50,2016-05-13,21.3,2.73,1.72,58.149
Nifty Next 50,2016-05-16,21.11,2.7,1.73,56.997
Nifty Next 50,2016-05-17,21.18,2.7,1.72,57.186
Nifty Next 50,2016-05-18,21.21,2.7,1.72,57.267
Nifty Next 50,2016-05-19,20.96,2.67,1.74,55.9632
Nifty Next 50,2016-05-20,20.82,2.65,1.76,55.173
Nifty Next 50,2016-05-23,20.76,2.65,1.76,55.014
Nifty Next 50,2016-05-24,22.59,2.64,1.76,59.6376
Nifty Next 50,2016-05-25,22.84,2.67,1.74,60.9828
Nifty Next 50,2016-05-26,23.26,2.7,1.73,62.80200000000001
Nifty Next 50,2016-05-27,22.8,2.74,1.70,62.47200000000001
Nifty Next 50,2016-05-30,24.11,2.75,1.69,66.3025
Nifty Next 50,2016-05-31,24.33,2.74,1.70,66.6642
Nifty Next 50,2016-06-01,24.35,2.74,1.70,66.71900000000001
Nifty Next 50,2016-06-02,25.04,2.76,1.69,69.1104
Nifty Next 50,2016-06-03,25.05,2.76,1.69,69.13799999999999
Nifty Next 50,2016-06-06,24.91,2.75,1.70,68.5025
Nifty Next 50,2016-06-07,25.02,2.76,1.69,69.0552
Nifty Next 50,2016-06-08,25.15,2.77,1.68,69.6655
Nifty Next 50,2016-06-09,25.08,2.76,1.69,69.2208
Nifty Next 50,2016-06-10,24.94,2.73,1.68,68.0862
Nifty Next 50,2016-06-13,24.77,2.71,1.69,67.1267
Nifty Next 50,2016-06-14,24.82,2.71,1.69,67.26219999999999
Nifty Next 50,2016-06-15,25.0,2.73,1.68,68.25
Nifty Next 50,2016-06-16,24.97,2.73,1.68,68.1681
Nifty Next 50,2016-06-17,24.97,2.74,1.69,68.4178
Nifty Next 50,2016-06-20,25.11,2.75,1.68,69.0525
Nifty Next 50,2016-06-21,25.16,2.76,1.67,69.4416
Nifty Next 50,2016-06-22,25.17,2.76,1.67,69.4692
Nifty Next 50,2016-06-23,25.2,2.76,1.67,69.55199999999999
Nifty Next 50,2016-06-24,24.85,2.72,1.69,67.59200000000001
Nifty Next 50,2016-06-27,25.09,2.75,1.68,68.9975
Nifty Next 50,2016-06-28,25.29,2.77,1.66,70.0533
Nifty Next 50,2016-06-29,25.55,2.8,1.65,71.53999999999999
Nifty Next 50,2016-06-30,25.9,2.84,1.63,73.556
Nifty Next 50,2016-07-01,26.27,2.88,1.60,75.6576
Nifty Next 50,2016-07-04,26.48,2.9,1.59,76.792
Nifty Next 50,2016-07-05,26.45,2.9,1.59,76.705
Nifty Next 50,2016-07-07,26.42,2.9,1.59,76.61800000000001
Nifty Next 50,2016-07-08,26.48,2.9,1.59,76.792
Nifty Next 50,2016-07-11,26.92,2.95,1.56,79.41400000000002
Nifty Next 50,2016-07-12,27.13,2.97,1.55,80.5761
Nifty Next 50,2016-07-13,27.02,2.96,1.56,79.97919999999999
Nifty Next 50,2016-07-14,27.65,2.97,1.55,82.1205
Nifty Next 50,2016-07-15,27.7,2.98,1.55,82.54599999999999
Nifty Next 50,2016-07-18,27.51,2.96,1.56,81.42960000000001
Nifty Next 50,2016-07-19,27.6,2.97,1.55,81.97200000000001
Nifty Next 50,2016-07-20,27.82,3.0,1.54,83.46000000000001
Nifty Next 50,2016-07-21,27.86,3.0,1.54,83.58
Nifty Next 50,2016-07-22,28.22,3.04,1.52,85.7888
Nifty Next 50,2016-07-25,28.52,3.06,1.50,87.2712
Nifty Next 50,2016-07-26,28.5,3.04,1.52,86.64
Nifty Next 50,2016-07-27,28.67,3.09,1.50,88.5903
Nifty Next 50,2016-07-28,28.73,3.06,1.54,87.91380000000001
Nifty Next 50,2016-07-29,28.78,3.07,1.54,88.3546
Nifty Next 50,2016-08-01,28.86,3.07,1.53,88.60019999999999
Nifty Next 50,2016-08-02,28.67,3.05,1.54,87.4435
Nifty Next 50,2016-08-03,28.16,3.0,1.57,84.48
Nifty Next 50,2016-08-04,28.33,3.02,1.56,85.55659999999999
Nifty Next 50,2016-08-05,28.87,3.08,1.53,88.9196
Nifty Next 50,2016-08-08,29.18,3.11,1.52,90.7498
Nifty Next 50,2016-08-09,28.99,3.09,1.52,89.5791
Nifty Next 50,2016-08-10,28.51,3.04,1.55,86.6704
Nifty Next 50,2016-08-11,28.59,3.01,1.58,86.0559
Nifty Next 50,2016-08-12,28.85,3.02,1.57,87.12700000000001
Nifty Next 50,2016-08-16,29.0,3.04,1.56,88.16
Nifty Next 50,2016-08-17,29.19,3.06,1.55,89.32140000000001
Nifty Next 50,2016-08-18,29.31,3.07,1.54,89.98169999999999
Nifty Next 50,2016-08-19,29.38,3.07,1.54,90.19659999999999
Nifty Next 50,2016-08-22,29.21,3.05,1.55,89.09049999999999
Nifty Next 50,2016-08-23,29.13,3.03,1.56,88.26389999999999
Nifty Next 50,2016-08-24,29.4,3.06,1.55,89.964
Nifty Next 50,2016-08-25,29.23,3.04,1.56,88.8592
Nifty Next 50,2016-08-26,29.29,3.06,1.39,89.6274
Nifty Next 50,2016-08-29,29.32,3.02,1.49,88.5464
Nifty Next 50,2016-08-30,29.52,3.04,1.48,89.7408
Nifty Next 50,2016-08-31,29.56,3.05,1.47,90.15799999999999
Nifty Next 50,2016-09-01,29.5,3.04,1.48,89.68
Nifty Next 50,2016-09-02,29.59,3.05,1.47,90.2495
Nifty Next 50,2016-09-06,30.07,3.1,1.45,93.217
Nifty Next 50,2016-09-07,30.14,3.07,1.54,92.5298
Nifty Next 50,2016-09-08,30.26,3.08,1.54,93.2008
Nifty Next 50,2016-09-09,29.99,3.05,1.55,91.4695
Nifty Next 50,2016-09-12,29.13,2.96,1.60,86.2248
Nifty Next 50,2016-09-14,29.45,2.99,1.58,88.05550000000001
Nifty Next 50,2016-09-15,29.32,2.98,1.59,87.3736
Nifty Next 50,2016-09-16,29.39,3.0,1.58,88.17
Nifty Next 50,2016-09-19,29.48,3.01,1.58,88.73479999999999
Nifty Next 50,2016-09-20,29.48,3.01,1.58,88.73479999999999
Nifty Next 50,2016-09-21,29.47,3.01,1.58,88.70469999999999
Nifty Next 50,2016-09-22,30.42,3.05,1.56,92.781
Nifty Next 50,2016-09-23,29.65,3.05,1.56,90.43249999999999
Nifty Next 50,2016-09-26,29.43,3.04,1.56,89.4672
Nifty Next 50,2016-09-27,29.4,3.04,1.57,89.37599999999999
Nifty Next 50,2016-09-28,29.61,3.06,1.56,90.6066
Nifty Next 50,2016-09-29,28.21,2.95,1.62,83.21950000000001
Nifty Next 50,2016-09-30,30.52,3.33,1.52,101.6316
Nifty Next 50,2016-10-03,31.3,3.42,1.48,107.046
Nifty Next 50,2016-10-04,31.49,3.44,1.47,108.3256
Nifty Next 50,2016-10-05,30.56,3.45,1.46,105.432
Nifty Next 50,2016-10-06,30.67,3.44,1.47,105.5048
Nifty Next 50,2016-10-07,30.6,3.44,1.49,105.26400000000001
Nifty Next 50,2016-10-10,30.8,3.43,1.50,105.644
Nifty Next 50,2016-10-13,30.31,3.38,1.52,102.44779999999999
Nifty Next 50,2016-10-14,30.18,3.4,1.51,102.612
Nifty Next 50,2016-10-17,30.14,3.38,1.52,101.8732
Nifty Next 50,2016-10-18,30.67,3.44,1.50,105.5048
Nifty Next 50,2016-10-19,30.88,3.45,1.49,106.536
Nifty Next 50,2016-10-20,30.67,3.45,1.49,105.81150000000001
Nifty Next 50,2016-10-21,30.6,3.46,1.49,105.876
Nifty Next 50,2016-10-24,30.19,3.45,1.49,104.1555
Nifty Next 50,2016-10-25,30.25,3.45,1.49,104.36250000000001
Nifty Next 50,2016-10-26,30.06,3.42,1.50,102.8052
Nifty Next 50,2016-10-27,29.71,3.38,1.52,100.4198
Nifty Next 50,2016-10-28,30.12,3.42,1.50,103.0104
Nifty Next 50,2016-10-30,30.22,3.43,1.50,103.6546
Nifty Next 50,2016-11-01,30.29,3.44,1.49,104.1976
Nifty Next 50,2016-11-02,29.75,3.38,1.52,100.55499999999999
Nifty Next 50,2016-11-03,29.35,3.33,1.54,97.7355
Nifty Next 50,2016-11-04,28.96,3.29,1.56,95.2784
Nifty Next 50,2016-11-07,29.3,3.32,1.55,97.276
Nifty Next 50,2016-11-08,29.05,3.33,1.54,96.7365
Nifty Next 50,2016-11-09,28.37,3.26,1.57,92.4862
Nifty Next 50,2016-11-10,28.4,3.32,1.55,94.288
Nifty Next 50,2016-11-11,27.46,3.21,1.60,88.1466
Nifty Next 50,2016-11-15,25.91,3.21,1.69,83.1711
Nifty Next 50,2016-11-16,26.11,3.24,1.67,84.5964
Nifty Next 50,2016-11-17,26.01,3.24,1.67,84.2724
Nifty Next 50,2016-11-18,26.12,3.25,1.67,84.89
Nifty Next 50,2016-11-21,24.97,3.17,1.71,79.1549
Nifty Next 50,2016-11-22,25.37,3.22,1.68,81.6914
Nifty Next 50,2016-11-23,25.63,3.26,1.66,83.5538
Nifty Next 50,2016-11-24,24.99,3.26,1.66,81.46739999999998
Nifty Next 50,2016-11-25,25.48,3.38,1.62,86.1224
Nifty Next 50,2016-11-28,25.66,3.4,1.61,87.244
Nifty Next 50,2016-11-29,25.71,3.4,1.61,87.414
Nifty Next 50,2016-11-30,25.9,3.44,1.59,89.09599999999999
Nifty Next 50,2016-12-01,25.76,3.41,1.61,87.84160000000001
Nifty Next 50,2016-12-02,25.45,3.37,1.63,85.7665
Nifty Next 50,2016-12-05,25.57,3.4,1.61,86.938
Nifty Next 50,2016-12-06,25.72,3.4,1.61,87.448
Nifty Next 50,2016-12-07,25.61,3.4,1.61,87.074
Nifty Next 50,2016-12-08,26.16,3.46,1.58,90.5136
Nifty Next 50,2016-12-09,26.11,3.45,1.59,90.0795
Nifty Next 50,2016-12-12,25.7,3.41,1.61,87.637
Nifty Next 50,2016-12-13,25.58,3.39,1.62,86.7162
Nifty Next 50,2016-12-14,25.35,3.36,1.63,85.176
Nifty Next 50,2016-12-15,25.3,3.36,1.63,85.008
Nifty Next 50,2016-12-16,25.45,3.35,1.64,85.2575
Nifty Next 50,2016-12-19,25.27,3.33,1.65,84.1491
Nifty Next 50,2016-12-20,25.07,3.3,1.66,82.731
Nifty Next 50,2016-12-21,25.06,3.3,1.66,82.698
Nifty Next 50,2016-12-22,24.73,3.24,1.69,80.1252
Nifty Next 50,2016-12-23,24.62,3.23,1.70,79.5226
Nifty Next 50,2016-12-26,24.18,3.17,1.73,76.6506
Nifty Next 50,2016-12-27,24.64,3.23,1.70,79.5872
Nifty Next 50,2016-12-28,24.74,3.24,1.69,80.1576
Nifty Next 50,2016-12-29,25.04,3.28,1.67,82.13119999999999
Nifty Next 50,2016-12-30,25.14,3.29,1.69,82.7106
Nifty Next 50,2017-01-02,25.27,3.32,1.68,83.8964
Nifty Next 50,2017-01-03,25.47,3.34,1.66,85.06979999999999
Nifty Next 50,2017-01-04,25.54,3.34,1.67,85.30359999999999
Nifty Next 50,2017-01-05,25.95,3.39,1.64,87.9705
Nifty Next 50,2017-01-06,25.89,3.38,1.64,87.5082
Nifty Next 50,2017-01-09,25.9,3.39,1.64,87.801
Nifty Next 50,2017-01-10,26.05,3.42,1.63,89.091
Nifty Next 50,2017-01-11,26.38,3.46,1.60,91.2748
Nifty Next 50,2017-01-12,26.47,3.48,1.60,92.1156
Nifty Next 50,2017-01-13,26.5,3.48,1.60,92.22
Nifty Next 50,2017-01-16,26.66,3.5,1.59,93.31
Nifty Next 50,2017-01-17,26.6,3.5,1.59,93.10000000000001
Nifty Next 50,2017-01-18,26.75,3.52,1.58,94.16
Nifty Next 50,2017-01-19,26.82,3.53,1.57,94.6746
Nifty Next 50,2017-01-20,26.43,3.48,1.60,91.9764
Nifty Next 50,2017-01-23,26.45,3.51,1.58,92.83949999999999
Nifty Next 50,2017-01-24,26.74,3.55,1.57,94.92699999999999
Nifty Next 50,2017-01-25,27.09,3.6,1.55,97.524
Nifty Next 50,2017-01-27,27.24,3.61,1.54,98.3364
Nifty Next 50,2017-01-30,27.47,3.63,1.53,99.7161
Nifty Next 50,2017-01-31,27.02,3.58,1.55,96.7316
Nifty Next 50,2017-02-01,27.56,3.65,1.52,100.594
Nifty Next 50,2017-02-02,25.36,3.68,1.51,93.3248
Nifty Next 50,2017-02-03,25.13,3.68,1.51,92.4784
Nifty Next 50,2017-02-06,25.43,3.72,1.49,94.59960000000001
Nifty Next 50,2017-02-07,25.21,3.71,1.50,93.5291
Nifty Next 50,2017-02-08,25.34,3.73,1.49,94.5182
Nifty Next 50,2017-02-09,25.38,3.73,1.49,94.6674
Nifty Next 50,2017-02-10,25.14,3.72,1.49,93.52080000000001
Nifty Next 50,2017-02-13,25.14,3.72,1.49,93.52080000000001
Nifty Next 50,2017-02-14,24.91,3.68,1.51,91.6688
Nifty Next 50,2017-02-15,24.5,3.64,1.53,89.18
Nifty Next 50,2017-02-16,24.93,3.7,1.50,92.241
Nifty Next 50,2017-02-17,25.12,3.73,1.49,93.69760000000001
Nifty Next 50,2017-02-20,25.46,3.75,1.48,95.47500000000001
Nifty Next 50,2017-02-21,25.68,3.78,1.47,97.07039999999999
Nifty Next 50,2017-02-22,25.14,3.76,1.48,94.5264
Nifty Next 50,2017-02-23,25.05,3.75,1.48,93.9375
Nifty Next 50,2017-02-27,24.94,3.74,1.50,93.27560000000001
Nifty Next 50,2017-02-28,25.02,3.75,1.49,93.825
Nifty Next 50,2017-03-01,25.04,3.75,1.49,93.89999999999999
Nifty Next 50,2017-03-02,24.68,3.7,1.51,91.316
Nifty Next 50,2017-03-03,24.67,3.7,1.51,91.27900000000001
Nifty Next 50,2017-03-06,24.81,3.72,1.51,92.2932
Nifty Next 50,2017-03-07,24.79,3.72,1.51,92.2188
Nifty Next 50,2017-03-08,24.7,3.7,1.51,91.39
Nifty Next 50,2017-03-09,24.67,3.7,1.51,91.27900000000001
Nifty Next 50,2017-03-10,24.62,3.69,1.52,90.8478
Nifty Next 50,2017-03-14,25.01,3.75,1.49,93.78750000000001
Nifty Next 50,2017-03-15,25.17,3.77,1.51,94.8909
Nifty Next 50,2017-03-16,25.52,3.82,1.49,97.48639999999999
Nifty Next 50,2017-03-17,25.51,3.82,1.49,97.4482
Nifty Next 50,2017-03-20,25.51,3.82,1.49,97.4482
Nifty Next 50,2017-03-21,25.37,3.8,1.50,96.406
Nifty Next 50,2017-03-22,25.13,3.76,1.52,94.4888
Nifty Next 50,2017-03-23,25.39,3.8,1.50,96.482
Nifty Next 50,2017-03-24,25.4,3.8,1.50,96.52
Nifty Next 50,2017-03-27,25.29,3.78,1.51,95.5962
Nifty Next 50,2017-03-28,25.48,3.81,1.49,97.0788
Nifty Next 50,2017-03-29,25.5,3.82,1.49,97.41
Nifty Next 50,2017-03-30,25.61,3.83,1.49,98.0863
Nifty Next 50,2017-03-31,27.19,3.47,1.34,94.34930000000001
Nifty Next 50,2017-04-03,27.29,3.48,1.34,94.9692
Nifty Next 50,2017-04-05,27.58,3.52,1.32,97.0816
Nifty Next 50,2017-04-06,27.67,3.53,1.32,97.6751
Nifty Next 50,2017-04-07,27.66,3.53,1.32,97.6398
Nifty Next 50,2017-04-10,27.85,3.56,1.31,99.146
Nifty Next 50,2017-04-11,28.0,3.57,1.30,99.96
Nifty Next 50,2017-04-12,28.05,3.58,1.30,100.41900000000001
Nifty Next 50,2017-04-13,28.0,3.57,1.30,99.96
Nifty Next 50,2017-04-17,27.94,3.57,1.31,99.7458
Nifty Next 50,2017-04-18,27.64,3.53,1.32,97.5692
Nifty Next 50,2017-04-19,27.81,3.55,1.31,98.7255
Nifty Next 50,2017-04-20,27.91,3.56,1.31,99.3596
Nifty Next 50,2017-04-21,27.97,3.57,1.30,99.85289999999999
Nifty Next 50,2017-04-24,28.19,3.6,1.29,101.48400000000001
Nifty Next 50,2017-04-25,28.62,3.65,1.27,104.46300000000001
Nifty Next 50,2017-04-26,28.5,3.64,1.28,103.74000000000001
Nifty Next 50,2017-04-27,28.36,3.63,1.28,102.9468
Nifty Next 50,2017-04-28,28.41,3.63,1.28,103.1283
Nifty Next 50,2017-05-02,28.55,3.65,1.27,104.2075
Nifty Next 50,2017-05-03,28.54,3.65,1.28,104.17099999999999
Nifty Next 50,2017-05-04,28.62,3.66,1.27,104.7492
Nifty Next 50,2017-05-05,28.21,3.61,1.29,101.8381
Nifty Next 50,2017-05-08,28.34,3.62,1.28,102.5908
Nifty Next 50,2017-05-09,28.56,3.65,1.27,104.244
Nifty Next 50,2017-05-10,28.93,3.7,1.26,107.04100000000001
Nifty Next 50,2017-05-11,28.98,3.7,1.26,107.22600000000001
Nifty Next 50,2017-05-12,28.85,3.69,1.26,106.4565
Nifty Next 50,2017-05-15,29.08,3.72,1.25,108.1776
Nifty Next 50,2017-05-16,29.18,3.72,1.25,108.5496
Nifty Next 50,2017-05-17,29.01,3.7,1.26,107.33700000000002
Nifty Next 50,2017-05-18,28.79,3.62,1.28,104.2198
Nifty Next 50,2017-05-19,28.61,3.6,1.29,102.996
Nifty Next 50,2017-05-22,25.2,3.57,1.30,89.964
Nifty Next 50,2017-05-23,24.86,3.52,1.32,87.5072
Nifty Next 50,2017-05-24,24.47,3.47,1.34,84.9109
Nifty Next 50,2017-05-25,24.72,3.51,1.33,86.76719999999999
Nifty Next 50,2017-05-26,29.19,3.74,1.30,109.17060000000001
Nifty Next 50,2017-05-29,29.04,3.7,1.31,107.44800000000001
Nifty Next 50,2017-05-30,29.26,3.73,1.30,109.13980000000001
Nifty Next 50,2017-05-31,29.38,3.74,1.30,109.8812
Nifty Next 50,2017-06-01,29.29,3.75,1.29,109.83749999999999
Nifty Next 50,2017-06-02,29.47,3.78,1.29,111.39659999999999
Nifty Next 50,2017-06-05,29.69,3.81,1.28,113.11890000000001
Nifty Next 50,2017-06-06,29.22,3.78,1.29,110.45159999999998
Nifty Next 50,2017-06-07,29.35,3.8,1.28,111.53
Nifty Next 50,2017-06-08,29.37,3.81,1.27,111.89970000000001
Nifty Next 50,2017-06-09,29.48,3.83,1.27,112.9084
Nifty Next 50,2017-06-12,29.07,3.82,1.27,111.0474
Nifty Next 50,2017-06-13,31.26,3.82,1.27,119.4132
Nifty Next 50,2017-06-14,31.17,3.81,1.27,118.75770000000001
Nifty Next 50,2017-06-15,31.14,3.81,1.27,118.6434
Nifty Next 50,2017-06-16,28.55,3.78,1.26,107.919
Nifty Next 50,2017-06-19,29.27,3.8,1.25,111.226
Nifty Next 50,2017-06-20,29.33,3.8,1.25,111.454
Nifty Next 50,2017-06-21,27.94,3.8,1.25,106.172
Nifty Next 50,2017-06-22,27.74,3.78,1.26,104.85719999999999
Nifty Next 50,2017-06-23,27.38,3.73,1.28,102.1274
Nifty Next 50,2017-06-27,27.18,3.7,1.29,100.566
Nifty Next 50,2017-06-28,27.26,3.71,1.28,101.1346
Nifty Next 50,2017-06-29,27.27,3.71,1.28,101.1717
Nifty Next 50,2017-06-30,27.48,3.74,1.27,102.77520000000001
Nifty Next 50,2017-07-03,27.83,3.79,1.25,105.47569999999999
Nifty Next 50,2017-07-04,27.79,3.78,1.26,105.04619999999998
Nifty Next 50,2017-07-05,28.0,3.81,1.25,106.68
Nifty Next 50,2017-07-06,28.12,3.83,1.24,107.6996
Nifty Next 50,2017-07-07,28.13,3.83,1.24,107.7379
Nifty Next 50,2017-07-10,28.37,3.86,1.23,109.5082
Nifty Next 50,2017-07-11,28.19,3.84,1.24,108.2496
Nifty Next 50,2017-07-12,28.44,3.87,1.23,110.06280000000001
Nifty Next 50,2017-07-13,28.68,3.91,1.22,112.1388
Nifty Next 50,2017-07-14,28.69,3.91,1.22,112.17790000000001
Nifty Next 50,2017-07-17,28.73,3.91,1.21,112.3343
Nifty Next 50,2017-07-18,28.55,3.87,1.21,110.4885
Nifty Next 50,2017-07-19,28.93,3.92,1.20,113.40559999999999
Nifty Next 50,2017-07-20,28.82,3.91,1.20,112.6862
Nifty Next 50,2017-07-21,28.89,3.89,1.20,112.38210000000001
Nifty Next 50,2017-07-24,28.92,3.89,1.20,112.49880000000002
Nifty Next 50,2017-07-25,29.0,3.9,1.20,113.1
Nifty Next 50,2017-07-26,29.03,3.91,1.19,113.50730000000001
Nifty Next 50,2017-07-27,28.88,3.88,1.20,112.05439999999999
Nifty Next 50,2017-07-28,28.98,3.85,1.19,111.57300000000001
Nifty Next 50,2017-07-31,29.15,3.88,1.19,113.10199999999999
Nifty Next 50,2017-08-01,29.61,3.87,1.19,114.5907
Nifty Next 50,2017-08-02,29.56,3.85,1.19,113.806
Nifty Next 50,2017-08-03,29.81,3.86,1.19,115.0666
Nifty Next 50,2017-08-04,30.07,3.9,1.18,117.273
Nifty Next 50,2017-08-07,30.64,3.96,1.16,121.3344
Nifty Next 50,2017-08-08,30.26,3.91,1.18,118.31660000000001
Nifty Next 50,2017-08-09,29.73,3.84,1.20,114.1632
Nifty Next 50,2017-08-10,28.82,3.73,1.23,107.4986
Nifty Next 50,2017-08-11,28.8,3.73,1.22,107.424
Nifty Next 50,2017-08-14,29.44,3.81,1.20,112.16640000000001
Nifty Next 50,2017-08-16,29.73,3.84,1.18,114.1632
Nifty Next 50,2017-08-17,29.71,3.84,1.19,114.0864
Nifty Next 50,2017-08-18,30.1,3.83,1.19,115.283
Nifty Next 50,2017-08-21,30.48,3.77,1.21,114.9096
Nifty Next 50,2017-08-22,30.38,3.75,1.21,113.925
Nifty Next 50,2017-08-23,30.8,3.8,1.20,117.03999999999999
Nifty Next 50,2017-08-24,31.06,3.84,1.19,119.2704
Nifty Next 50,2017-08-28,31.37,3.87,1.18,121.40190000000001
Nifty Next 50,2017-08-29,31.02,3.83,1.19,118.8066
Nifty Next 50,2017-08-30,31.5,3.89,1.17,122.53500000000001
Nifty Next 50,2017-08-31,31.48,3.89,1.17,122.4572
Nifty Next 50,2017-09-01,31.8,3.93,1.16,124.974
Nifty Next 50,2017-09-04,31.63,3.91,1.17,123.6733
Nifty Next 50,2017-09-05,31.84,3.93,1.16,125.1312
Nifty Next 50,2017-09-06,31.88,3.93,1.16,125.2884
Nifty Next 50,2017-09-07,32.11,3.96,1.15,127.15559999999999
Nifty Next 50,2017-09-08,31.88,3.92,1.15,124.9696
Nifty Next 50,2017-09-11,32.12,3.95,1.15,126.874
Nifty Next 50,2017-09-12,32.42,3.99,1.14,129.35580000000002
Nifty Next 50,2017-09-13,32.31,3.97,1.14,128.2707
Nifty Next 50,2017-09-14,32.42,3.99,1.14,129.35580000000002
Nifty Next 50,2017-09-15,32.34,3.98,1.14,128.7132
Nifty Next 50,2017-09-18,32.46,3.99,1.13,129.5154
Nifty Next 50,2017-09-19,32.55,4.0,1.13,130.2
Nifty Next 50,2017-09-20,32.46,3.99,1.13,129.5154
Nifty Next 50,2017-09-21,32.24,3.96,1.14,127.6704
Nifty Next 50,2017-09-22,31.4,3.86,1.17,121.204
Nifty Next 50,2017-09-25,30.99,3.81,1.19,118.0719
Nifty Next 50,2017-09-26,31.06,3.82,1.18,118.6492
Nifty Next 50,2017-09-27,30.48,3.75,1.21,114.3
Nifty Next 50,2017-09-28,30.58,3.76,1.20,114.98079999999999
Nifty Next 50,2017-09-29,31.62,3.23,1.18,102.1326
Nifty Next 50,2017-10-03,31.92,3.26,1.17,104.0592
Nifty Next 50,2017-10-04,31.98,3.27,1.17,104.5746
Nifty Next 50,2017-10-05,32.07,3.28,1.17,105.1896
Nifty Next 50,2017-10-06,32.33,3.3,1.16,106.689
Nifty Next 50,2017-10-09,32.33,3.31,1.16,107.0123
Nifty Next 50,2017-10-10,32.53,3.33,1.15,108.3249
Nifty Next 50,2017-10-11,32.33,3.31,1.16,107.0123
Nifty Next 50,2017-10-12,32.69,3.34,1.14,109.18459999999999
Nifty Next 50,2017-10-13,32.74,3.35,1.14,109.67900000000002
Nifty Next 50,2017-10-16,32.82,3.35,1.12,109.947
Nifty Next 50,2017-10-17,32.97,3.37,1.11,111.1089
Nifty Next 50,2017-10-18,32.92,3.36,1.12,110.6112
Nifty Next 50,2017-10-19,32.75,3.35,1.12,109.7125
Nifty Next 50,2017-10-23,32.8,3.36,1.12,110.20799999999998
Nifty Next 50,2017-10-24,32.74,3.36,1.12,110.0064
Nifty Next 50,2017-10-25,33.07,3.4,1.10,112.438
Nifty Next 50,2017-10-26,33.2,3.41,1.10,113.21200000000002
Nifty Next 50,2017-10-27,33.43,3.44,1.09,114.9992
Nifty Next 50,2017-10-30,33.99,3.49,1.07,118.62510000000002
Nifty Next 50,2017-10-31,33.9,3.45,1.07,116.955
Nifty Next 50,2017-11-01,34.0,3.48,1.06,118.32
Nifty Next 50,2017-11-02,34.13,3.49,1.05,119.11370000000002
Nifty Next 50,2017-11-03,34.08,3.5,1.05,119.28
Nifty Next 50,2017-11-06,34.65,3.52,1.05,121.96799999999999
Nifty Next 50,2017-11-07,34.31,3.47,1.06,119.05570000000002
Nifty Next 50,2017-11-08,34.05,3.44,1.07,117.13199999999999
Nifty Next 50,2017-11-09,34.52,3.46,1.06,119.43920000000001
Nifty Next 50,2017-11-10,34.65,3.45,1.07,119.5425
Nifty Next 50,2017-11-13,34.41,3.43,1.07,118.02629999999999
Nifty Next 50,2017-11-14,34.3,3.42,1.08,117.30599999999998
Nifty Next 50,2017-11-15,33.9,3.38,1.09,114.582
Nifty Next 50,2017-11-16,34.3,3.42,1.08,117.30599999999998
Nifty Next 50,2017-11-17,34.85,3.47,1.05,120.92950000000002
Nifty Next 50,2017-11-20,34.89,3.48,1.05,121.41720000000001
Nifty Next 50,2017-11-21,34.78,3.48,1.05,121.0344
Nifty Next 50,2017-11-22,35.88,3.48,1.05,124.86240000000001
Nifty Next 50,2017-11-23,35.57,3.48,1.05,123.7836
Nifty Next 50,2017-11-24,35.82,3.49,1.04,125.01180000000001
Nifty Next 50,2017-11-27,35.92,3.5,1.04,125.72
Nifty Next 50,2017-11-28,36.84,3.51,1.04,129.3084
Nifty Next 50,2017-11-29,36.82,3.5,1.04,128.87
Nifty Next 50,2017-11-30,36.5,3.48,1.04,127.02
Nifty Next 50,2017-12-01,36.14,3.45,1.05,124.683
Nifty Next 50,2017-12-04,36.16,3.45,1.05,124.752
Nifty Next 50,2017-12-05,36.19,3.45,1.05,124.85549999999999
Nifty Next 50,2017-12-06,35.83,3.42,1.06,122.53859999999999
Nifty Next 50,2017-12-07,36.43,3.48,1.04,126.7764
Nifty Next 50,2017-12-08,36.79,3.51,1.03,129.13289999999998
Nifty Next 50,2017-12-11,36.89,3.52,1.03,129.8528
Nifty Next 50,2017-12-12,36.53,3.49,1.04,127.48970000000001
Nifty Next 50,2017-12-13,36.17,3.45,1.05,124.78650000000002
Nifty Next 50,2017-12-14,36.18,3.45,1.05,124.82100000000001
Nifty Next 50,2017-12-15,36.49,3.48,1.04,126.9852
Nifty Next 50,2017-12-18,36.84,3.52,1.03,129.67680000000001
Nifty Next 50,2017-12-19,37.37,3.57,1.01,133.4109
Nifty Next 50,2017-12-20,37.38,3.57,1.01,133.4466
Nifty Next 50,2017-12-21,37.55,3.58,1.01,134.429
Nifty Next 50,2017-12-22,37.73,3.6,1.00,135.828
Nifty Next 50,2017-12-26,37.89,3.62,1.00,137.1618
Nifty Next 50,2017-12-27,37.71,3.6,1.00,135.756
Nifty Next 50,2017-12-28,37.73,3.6,1.00,135.828
Nifty Next 50,2017-12-29,37.82,3.61,0.99,136.5302
Nifty Next 50,2018-01-01,37.74,3.61,0.99,136.2414
Nifty Next 50,2018-01-02,37.61,3.6,0.99,135.39600000000002
Nifty Next 50,2018-01-03,37.83,3.62,0.99,136.9446
Nifty Next 50,2018-01-04,38.32,3.65,0.98,139.868
Nifty Next 50,2018-01-05,38.8,3.7,0.97,143.56
Nifty Next 50,2018-01-08,39.08,3.73,0.96,145.76839999999999
Nifty Next 50,2018-01-09,38.91,3.71,0.96,144.3561
Nifty Next 50,2018-01-10,38.84,3.7,0.97,143.70800000000003
Nifty Next 50,2018-01-11,38.8,3.7,0.97,143.56
Nifty Next 50,2018-01-12,38.81,3.7,0.97,143.597
Nifty Next 50,2018-01-15,38.84,3.7,0.97,143.70800000000003
Nifty Next 50,2018-01-16,38.21,3.64,0.98,139.08440000000002
Nifty Next 50,2018-01-17,38.48,3.67,0.97,141.2216
Nifty Next 50,2018-01-18,37.91,3.62,0.99,137.2342
Nifty Next 50,2018-01-19,38.19,3.65,0.98,139.3935
Nifty Next 50,2018-01-22,38.49,3.68,0.97,141.6432
Nifty Next 50,2018-01-23,38.76,3.7,0.97,143.412
Nifty Next 50,2018-01-24,38.51,3.68,0.97,141.7168
Nifty Next 50,2018-01-25,37.99,3.63,0.99,137.90370000000001
Nifty Next 50,2018-01-29,38.3,3.61,0.99,138.26299999999998
Nifty Next 50,2018-01-30,38.09,3.59,1.00,136.7431
Nifty Next 50,2018-01-31,37.74,3.57,1.01,134.7318
Nifty Next 50,2018-02-01,37.75,3.57,1.00,134.76749999999998
Nifty Next 50,2018-02-02,36.63,3.47,1.03,127.10610000000001
Nifty Next 50,2018-02-05,36.45,3.46,1.04,126.117
Nifty Next 50,2018-02-06,35.94,3.41,1.05,122.55539999999999
Nifty Next 50,2018-02-07,36.2,3.43,1.04,124.16600000000001
Nifty Next 50,2018-02-08,36.78,3.49,1.03,128.3622
Nifty Next 50,2018-02-09,36.83,3.48,1.03,128.1684
Nifty Next 50,2018-02-12,37.32,3.53,1.02,131.7396
Nifty Next 50,2018-02-14,37.13,3.52,1.02,130.69760000000002
Nifty Next 50,2018-02-15,37.18,3.49,1.03,129.75820000000002
Nifty Next 50,2018-02-16,36.89,3.45,1.04,127.27050000000001
Nifty Next 50,2018-02-19,36.49,3.41,1.02,124.43090000000001
Nifty Next 50,2018-02-20,36.65,3.43,1.01,125.7095
Nifty Next 50,2018-02-21,36.49,3.41,1.02,124.43090000000001
Nifty Next 50,2018-02-22,35.98,3.38,1.03,121.61239999999998
Nifty Next 50,2018-02-23,36.54,3.43,1.09,125.3322
Nifty Next 50,2018-02-26,36.88,3.46,1.08,127.60480000000001
Nifty Next 50,2018-02-27,36.15,3.45,1.09,124.7175
Nifty Next 50,2018-02-28,35.76,3.44,1.09,123.0144
Nifty Next 50,2018-03-01,35.5,3.41,1.12,121.055
Nifty Next 50,2018-03-05,35.12,3.38,1.13,118.70559999999999
Nifty Next 50,2018-03-06,35.18,3.35,1.14,117.85300000000001
Nifty Next 50,2018-03-07,34.78,3.31,1.15,115.12180000000001
Nifty Next 50,2018-03-08,34.75,3.31,1.15,115.02250000000001
Nifty Next 50,2018-03-09,34.77,3.31,1.17,115.08870000000002
Nifty Next 50,2018-03-12,35.03,3.34,1.16,117.00019999999999
Nifty Next 50,2018-03-13,35.32,3.38,1.15,119.38159999999999
Nifty Next 50,2018-03-14,35.35,3.38,1.15,119.483
Nifty Next 50,2018-03-15,35.39,3.38,1.14,119.6182
Nifty Next 50,2018-03-16,34.85,3.35,1.16,116.7475
Nifty Next 50,2018-03-19,34.29,3.3,1.17,113.157
Nifty Next 50,2018-03-20,34.54,3.32,1.17,114.6728
Nifty Next 50,2018-03-21,34.69,3.33,1.16,115.51769999999999
Nifty Next 50,2018-03-22,34.43,3.32,1.17,114.3076
Nifty Next 50,2018-03-23,34.21,3.3,1.17,112.893
Nifty Next 50,2018-03-26,34.73,3.35,1.16,116.34549999999999
Nifty Next 50,2018-03-27,35.0,3.37,1.15,117.95
Nifty Next 50,2018-03-28,34.65,3.34,1.16,115.731
Nifty Next 50,2018-04-02,33.45,3.37,1.16,112.72650000000002
Nifty Next 50,2018-04-03,33.84,3.4,1.15,115.05600000000001
Nifty Next 50,2018-04-04,33.45,3.37,1.16,112.72650000000002
Nifty Next 50,2018-04-05,34.06,3.43,1.14,116.82580000000002
Nifty Next 50,2018-04-06,34.45,3.47,1.13,119.54150000000001
Nifty Next 50,2018-04-09,34.47,3.47,1.13,119.6109
Nifty Next 50,2018-04-10,34.42,3.46,1.13,119.09320000000001
Nifty Next 50,2018-04-11,34.47,3.47,1.13,119.6109
Nifty Next 50,2018-04-12,34.41,3.46,1.13,119.05859999999998
Nifty Next 50,2018-04-13,34.4,3.46,1.13,119.024
Nifty Next 50,2018-04-16,34.58,3.48,1.12,120.3384
Nifty Next 50,2018-04-17,34.65,3.49,1.12,120.9285
Nifty Next 50,2018-04-18,34.62,3.48,1.12,120.4776
Nifty Next 50,2018-04-19,34.87,3.51,1.11,122.39369999999998
Nifty Next 50,2018-04-20,34.73,3.49,1.12,121.2077
Nifty Next 50,2018-04-23,35.12,3.58,1.11,125.72959999999999
Nifty Next 50,2018-04-24,35.18,3.59,1.11,126.2962
Nifty Next 50,2018-04-25,35.12,3.58,1.11,125.72959999999999
Nifty Next 50,2018-04-26,35.05,3.57,1.11,125.12849999999999
Nifty Next 50,2018-04-27,35.26,3.59,1.11,126.58339999999998
Nifty Next 50,2018-04-30,35.46,3.61,1.10,128.0106
Nifty Next 50,2018-05-02,35.0,3.57,1.11,124.94999999999999
Nifty Next 50,2018-05-03,34.55,3.52,1.13,121.61599999999999
Nifty Next 50,2018-05-04,34.33,3.5,1.14,120.155
Nifty Next 50,2018-05-07,34.6,3.53,1.13,122.138
Nifty Next 50,2018-05-08,34.49,3.51,1.13,121.0599
Nifty Next 50,2018-05-09,34.29,3.49,1.14,119.6721
Nifty Next 50,2018-05-10,33.84,3.45,1.15,116.74800000000002
Nifty Next 50,2018-05-11,33.85,3.45,1.15,116.78250000000001
Nifty Next 50,2018-05-14,33.69,3.43,1.16,115.55669999999999
Nifty Next 50,2018-05-15,33.58,3.42,1.16,114.8436
Nifty Next 50,2018-05-16,33.54,3.42,1.16,114.7068
Nifty Next 50,2018-05-17,33.53,3.42,1.16,114.6726
Nifty Next 50,2018-05-18,33.05,3.37,1.18,111.37849999999999
Nifty Next 50,2018-05-21,32.57,3.32,1.20,108.13239999999999
Nifty Next 50,2018-05-22,33.01,3.36,1.18,110.91359999999999
Nifty Next 50,2018-05-23,32.83,3.35,1.19,109.98049999999999
Nifty Next 50,2018-05-24,32.92,3.35,1.18,110.28200000000001
Nifty Next 50,2018-05-25,33.47,3.41,1.16,114.1327
Nifty Next 50,2018-05-28,33.99,3.47,1.15,117.94530000000002
Nifty Next 50,2018-05-29,33.97,3.47,1.15,117.8759
Nifty Next 50,2018-05-30,33.87,3.46,1.15,117.19019999999999
Nifty Next 50,2018-05-31,33.75,3.44,1.15,116.1
Nifty Next 50,2018-06-01,33.41,3.41,1.16,113.92809999999999
Nifty Next 50,2018-06-04,33.11,3.38,1.18,111.9118
Nifty Next 50,2018-06-05,32.77,3.34,1.19,109.4518
Nifty Next 50,2018-06-06,33.27,3.39,1.17,112.78530000000002
Nifty Next 50,2018-06-07,33.68,3.44,1.15,115.8592
Nifty Next 50,2018-06-08,34.32,3.45,1.15,118.40400000000001
Nifty Next 50,2018-06-11,33.46,3.46,1.15,115.7716
Nifty Next 50,2018-06-12,33.7,3.48,1.14,117.27600000000001
Nifty Next 50,2018-06-13,33.63,3.47,1.14,116.69610000000002
Nifty Next 50,2018-06-14,33.57,3.47,1.15,116.48790000000001
Nifty Next 50,2018-06-15,33.32,3.44,1.15,114.6208
Nifty Next 50,2018-06-18,33.03,3.42,1.16,112.9626
Nifty Next 50,2018-06-19,32.78,3.4,1.17,111.452
Nifty Next 50,2018-06-20,32.81,3.4,1.17,111.554
Nifty Next 50,2018-06-21,32.56,3.38,1.18,110.0528
Nifty Next 50,2018-06-22,32.73,3.4,1.17,111.28199999999998
Nifty Next 50,2018-06-25,32.3,3.35,1.19,108.205
Nifty Next 50,2018-06-26,41.36,3.36,1.18,138.96959999999999
Nifty Next 50,2018-06-27,40.46,3.31,1.20,133.92260000000002
Nifty Next 50,2018-06-28,39.96,3.27,1.21,130.6692
Nifty Next 50,2018-06-29,40.93,3.32,1.16,135.8876
Nifty Next 50,2018-07-02,40.58,3.3,1.17,133.914
Nifty Next 50,2018-07-03,44.04,3.31,1.17,145.7724
Nifty Next 50,2018-07-04,43.95,3.3,1.17,145.035
Nifty Next 50,2018-07-05,43.78,3.29,1.17,144.0362
Nifty Next 50,2018-07-06,44.01,3.31,1.17,145.6731
Nifty Next 50,2018-07-09,44.33,3.33,1.16,147.6189
Nifty Next 50,2018-07-10,44.81,3.37,1.15,151.0097
Nifty Next 50,2018-07-11,44.44,3.34,1.16,148.4296
Nifty Next 50,2018-07-12,44.36,3.33,1.16,147.7188
Nifty Next 50,2018-07-13,44.15,3.32,1.16,146.57799999999997
Nifty Next 50,2018-07-16,43.14,3.24,1.19,139.77360000000002
Nifty Next 50,2018-07-17,43.63,3.28,1.18,143.1064
Nifty Next 50,2018-07-18,43.14,3.24,1.19,139.77360000000002
Nifty Next 50,2018-07-19,42.9,3.22,1.20,138.138
Nifty Next 50,2018-07-20,43.15,3.22,1.23,138.943
Nifty Next 50,2018-07-23,43.88,3.27,1.21,143.48760000000001
Nifty Next 50,2018-07-24,45.01,3.36,1.18,151.2336
Nifty Next 50,2018-07-25,44.97,3.35,1.18,150.6495
Nifty Next 50,2018-07-26,45.39,3.38,1.17,153.41819999999998
Nifty Next 50,2018-07-27,45.75,3.38,1.22,154.635
Nifty Next 50,2018-07-30,46.23,3.42,1.21,158.1066
Nifty Next 50,2018-07-31,46.46,3.43,1.20,159.3578
Nifty Next 50,2018-08-01,46.61,3.44,1.20,160.3384
Nifty Next 50,2018-08-02,46.48,3.43,1.20,159.4264
Nifty Next 50,2018-08-03,46.03,3.46,1.19,159.2638
Nifty Next 50,2018-08-06,44.2,3.46,1.19,152.93200000000002
Nifty Next 50,2018-08-07,44.18,3.46,1.19,152.8628
Nifty Next 50,2018-08-08,43.8,3.46,1.19,151.548
Nifty Next 50,2018-08-09,43.9,3.48,1.19,152.772
Nifty Next 50,2018-08-10,43.57,3.45,1.20,150.31650000000002
Nifty Next 50,2018-08-13,43.86,3.41,1.21,149.5626
Nifty Next 50,2018-08-14,44.1,3.43,1.20,151.263
Nifty Next 50,2018-08-16,43.78,3.41,1.21,149.2898
Nifty Next 50,2018-08-17,44.44,3.46,1.19,153.76239999999999
Nifty Next 50,2018-08-20,44.96,3.5,1.18,157.36
Nifty Next 50,2018-08-21,45.15,3.51,1.17,158.4765
Nifty Next 50,2018-08-23,45.41,3.54,1.17,160.7514
Nifty Next 50,2018-08-24,44.09,3.53,1.17,155.6377
Nifty Next 50,2018-08-27,44.2,3.56,1.16,157.352
Nifty Next 50,2018-08-28,44.22,3.56,1.16,157.4232
Nifty Next 50,2018-08-29,44.53,3.48,1.13,154.9644
Nifty Next 50,2018-08-30,44.7,3.49,1.13,156.00300000000001
Nifty Next 50,2018-08-31,43.99,3.51,1.12,154.4049
Nifty Next 50,2018-09-03,43.66,3.48,1.13,151.93679999999998
Nifty Next 50,2018-09-04,42.33,3.38,1.17,143.0754
Nifty Next 50,2018-09-05,42.1,3.36,1.17,141.456
Nifty Next 50,2018-09-06,42.4,3.38,1.16,143.31199999999998
Nifty Next 50,2018-09-07,42.87,3.42,1.15,146.6154
Nifty Next 50,2018-09-10,42.12,3.36,1.17,141.52319999999997
Nifty Next 50,2018-09-11,41.35,3.3,1.19,136.45499999999998
Nifty Next 50,2018-09-12,41.54,3.31,1.19,137.4974
Nifty Next 50,2018-09-14,42.33,3.37,1.17,142.6521
Nifty Next 50,2018-09-17,41.97,3.34,1.18,140.1798
Nifty Next 50,2018-09-18,39.68,3.37,1.19,133.7216
Nifty Next 50,2018-09-19,39.51,3.36,1.19,132.75359999999998
Nifty Next 50,2018-09-21,38.71,3.29,1.22,127.3559
Nifty Next 50,2018-09-24,37.54,3.19,1.26,119.7526
Nifty Next 50,2018-09-25,37.89,3.22,1.24,122.00580000000001
Nifty Next 50,2018-09-26,38.0,3.18,1.23,120.84
Nifty Next 50,2018-09-27,37.37,3.13,1.25,116.96809999999999
Nifty Next 50,2018-09-28,38.72,3.89,1.01,150.6208
Nifty Next 50,2018-10-01,38.75,3.89,1.00,150.7375
Nifty Next 50,2018-10-03,38.25,3.84,1.02,146.88
Nifty Next 50,2018-10-04,37.66,3.78,1.03,142.35479999999998
Nifty Next 50,2018-10-05,36.75,3.69,1.06,135.6075
Nifty Next 50,2018-10-08,36.37,3.66,1.07,133.11419999999998
Nifty Next 50,2018-10-09,36.18,3.64,1.08,131.6952
Nifty Next 50,2018-10-10,37.35,3.75,1.04,140.0625
Nifty Next 50,2018-10-11,36.65,3.68,1.06,134.872
Nifty Next 50,2018-10-12,37.43,3.76,1.04,140.7368
Nifty Next 50,2018-10-15,37.58,3.78,1.04,142.05239999999998
Nifty Next 50,2018-10-16,38.11,3.83,1.02,145.9613
Nifty Next 50,2018-10-17,37.27,3.75,1.04,139.76250000000002
Nifty Next 50,2018-10-19,36.95,3.72,1.05,137.454
Nifty Next 50,2018-10-22,36.79,3.7,1.06,136.123
Nifty Next 50,2018-10-23,36.32,3.65,1.07,132.56799999999998
Nifty Next 50,2018-10-24,36.45,3.66,1.07,133.407
Nifty Next 50,2018-10-25,36.6,3.61,1.08,132.126
Nifty Next 50,2018-10-26,36.73,3.62,1.08,132.96259999999998
Nifty Next 50,2018-10-29,37.59,3.7,1.06,139.08300000000003
Nifty Next 50,2018-10-30,37.6,3.72,1.05,139.872
Nifty Next 50,2018-10-31,38.23,3.77,1.04,144.12709999999998
Nifty Next 50,2018-11-01,38.47,3.79,1.03,145.8013
Nifty Next 50,2018-11-02,39.05,3.85,1.02,150.3425
Nifty Next 50,2018-11-05,39.17,3.86,1.01,151.1962
Nifty Next 50,2018-11-06,38.93,3.84,1.02,149.4912
Nifty Next 50,2018-11-07,39.19,3.87,1.01,151.6653
Nifty Next 50,2018-11-09,39.24,3.89,1.01,152.64360000000002
Nifty Next 50,2018-11-12,38.79,3.84,1.02,148.9536
Nifty Next 50,2018-11-13,38.89,3.85,1.02,149.72650000000002
Nifty Next 50,2018-11-14,38.93,3.85,1.02,149.8805
Nifty Next 50,2018-11-15,39.08,3.87,1.01,151.2396
Nifty Next 50,2018-11-16,39.23,3.88,1.01,152.21239999999997
Nifty Next 50,2018-11-19,39.44,3.91,1.00,154.2104
Nifty Next 50,2018-11-20,38.85,3.85,0.98,149.57250000000002
Nifty Next 50,2018-11-21,39.19,3.88,0.97,152.0572
Nifty Next 50,2018-11-22,38.62,3.85,0.98,148.68699999999998
Nifty Next 50,2018-11-26,38.97,3.87,0.97,150.8139
Nifty Next 50,2018-11-27,40.91,3.87,0.97,158.3217
Nifty Next 50,2018-11-28,40.68,3.85,0.98,156.618
Nifty Next 50,2018-11-29,40.99,3.88,0.97,159.0412
Nifty Next 50,2018-11-30,41.29,3.91,0.96,161.4439
Nifty Next 50,2018-12-03,41.42,3.92,0.96,162.3664
Nifty Next 50,2018-12-04,41.3,3.91,0.96,161.483
Nifty Next 50,2018-12-05,40.72,3.86,0.98,157.17919999999998
Nifty Next 50,2018-12-06,40.08,3.8,0.99,152.30399999999997
Nifty Next 50,2018-12-07,40.25,3.82,0.99,153.755
Nifty Next 50,2018-12-10,39.52,3.75,1.01,148.20000000000002
Nifty Next 50,2018-12-11,40.14,3.8,0.98,152.53199999999998
Nifty Next 50,2018-12-12,41.04,3.88,0.96,159.2352
Nifty Next 50,2018-12-13,41.46,3.92,0.95,162.5232
Nifty Next 50,2018-12-14,41.6,3.94,0.94,163.904
Nifty Next 50,2018-12-17,41.92,3.97,0.94,166.4224
Nifty Next 50,2018-12-18,42.13,3.99,0.93,168.0987
Nifty Next 50,2018-12-19,42.72,4.04,0.92,172.5888
Nifty Next 50,2018-12-20,42.48,4.02,0.92,170.76959999999997
Nifty Next 50,2018-12-21,41.9,3.97,0.94,166.343
Nifty Next 50,2018-12-24,41.31,3.91,0.95,161.52210000000002
Nifty Next 50,2018-12-26,41.46,3.92,0.95,162.5232
Nifty Next 50,2018-12-27,41.55,3.93,0.94,163.29149999999998
Nifty Next 50,2018-12-28,42.25,4.01,0.93,169.42249999999999
Nifty Next 50,2018-12-31,42.42,3.97,0.87,168.40740000000002
Nifty Next 50,2019-01-01,42.32,3.96,0.87,167.5872
Nifty Next 50,2019-01-02,41.96,3.93,0.88,164.9028
Nifty Next 50,2019-01-03,41.66,3.9,0.88,162.474
Nifty Next 50,2019-01-04,41.73,3.91,0.88,163.1643
Nifty Next 50,2019-01-07,41.71,3.91,0.88,163.08610000000002
Nifty Next 50,2019-01-08,41.68,3.9,0.88,162.552
Nifty Next 50,2019-01-09,41.67,3.9,0.88,162.513
Nifty Next 50,2019-01-10,41.85,3.92,0.88,164.052
Nifty Next 50,2019-01-11,41.71,3.91,0.88,163.08610000000002
Nifty Next 50,2019-01-14,41.42,3.88,0.89,160.7096
Nifty Next 50,2019-01-15,41.72,3.91,0.88,163.1252
Nifty Next 50,2019-01-16,41.74,3.91,0.88,163.20340000000002
Nifty Next 50,2019-01-17,41.51,3.91,0.88,162.3041
Nifty Next 50,2019-01-18,41.06,3.87,0.89,158.90220000000002
Nifty Next 50,2019-01-21,40.93,3.85,0.89,157.5805
Nifty Next 50,2019-01-22,41.09,3.87,0.89,159.0183
Nifty Next 50,2019-01-23,40.85,3.85,0.90,157.2725
Nifty Next 50,2019-01-24,41.17,3.84,0.90,158.0928
Nifty Next 50,2019-01-25,40.56,3.79,0.91,153.72240000000002
Nifty Next 50,2019-01-28,39.81,3.72,0.93,148.09320000000002
Nifty Next 50,2019-01-29,39.75,3.72,0.93,147.87
Nifty Next 50,2019-01-30,39.74,3.72,0.93,147.83280000000002
Nifty Next 50,2019-01-31,39.76,3.74,0.92,148.7024
Nifty Next 50,2019-02-01,40.14,3.78,0.91,151.7292
Nifty Next 50,2019-02-04,39.73,3.75,0.92,148.98749999999998
Nifty Next 50,2019-02-05,39.45,3.72,0.93,146.75400000000002
Nifty Next 50,2019-02-06,39.65,3.75,0.92,148.6875
Nifty Next 50,2019-02-07,40.12,3.8,0.91,152.456
Nifty Next 50,2019-02-08,39.5,3.74,0.92,147.73000000000002
Nifty Next 50,2019-02-11,39.06,3.7,0.93,144.52200000000002
Nifty Next 50,2019-02-12,38.84,3.68,0.94,142.93120000000002
Nifty Next 50,2019-02-13,40.46,3.64,0.95,147.2744
Nifty Next 50,2019-02-14,40.65,3.66,0.94,148.779
Nifty Next 50,2019-02-15,39.95,3.59,0.96,143.4205
Nifty Next 50,2019-02-18,39.6,3.56,0.97,140.976
Nifty Next 50,2019-02-19,39.67,3.57,0.97,141.6219
Nifty Next 50,2019-02-20,40.55,3.62,0.95,146.791
Nifty Next 50,2019-02-21,40.68,3.64,0.95,148.0752
Nifty Next 50,2019-02-22,41.0,3.71,0.94,152.10999999999999
Nifty Next 50,2019-02-25,41.18,3.73,0.93,153.6014
Nifty Next 50,2019-02-26,41.25,3.72,0.94,153.45000000000002
Nifty Next 50,2019-02-27,41.42,3.74,0.93,154.91080000000002
Nifty Next 50,2019-02-28,41.74,3.77,0.92,157.3598
Nifty Next 50,2019-03-01,42.27,3.82,0.91,161.47140000000002
Nifty Next 50,2019-03-05,43.13,3.89,0.90,167.77570000000003
Nifty Next 50,2019-03-06,43.46,3.92,0.89,170.3632
Nifty Next 50,2019-03-07,43.26,3.9,0.89,168.714
Nifty Next 50,2019-03-08,43.45,3.9,0.89,169.455
Nifty Next 50,2019-03-11,44.45,3.99,0.87,177.35550000000003
Nifty Next 50,2019-03-12,44.64,4.01,0.87,179.00639999999999
Nifty Next 50,2019-03-13,44.39,3.99,0.87,177.11610000000002
Nifty Next 50,2019-03-14,44.22,3.97,0.88,175.5534
Nifty Next 50,2019-03-15,44.16,3.95,0.87,174.432
Nifty Next 50,2019-03-18,44.26,3.95,0.86,174.827
Nifty Next 50,2019-03-19,44.4,3.97,0.86,176.268
Nifty Next 50,2019-03-20,44.25,3.95,0.86,174.7875
Nifty Next 50,2019-03-22,43.93,3.92,0.87,172.2056
Nifty Next 50,2019-03-25,43.4,3.88,0.88,168.392
Nifty Next 50,2019-03-26,43.81,3.91,0.87,171.29710000000003
Nifty Next 50,2019-03-27,43.71,3.91,0.88,170.9061
Nifty Next 50,2019-03-28,44.11,3.94,0.87,173.7934
Nifty Next 50,2019-03-29,45.45,4.17,0.90,189.5265
Nifty Next 50,2019-04-01,45.33,4.18,0.90,189.47939999999997
Nifty Next 50,2019-04-02,45.02,4.15,0.90,186.83300000000003
Nifty Next 50,2019-04-03,44.85,4.13,0.91,185.2305
Nifty Next 50,2019-04-04,44.83,4.13,0.91,185.1479
Nifty Next 50,2019-04-05,45.18,4.15,0.90,187.497
Nifty Next 50,2019-04-08,45.02,4.13,0.91,185.9326
Nifty Next 50,2019-04-09,45.19,4.15,0.90,187.5385
Nifty Next 50,2019-04-10,45.05,4.14,0.90,186.50699999999998
Nifty Next 50,2019-04-11,45.19,4.15,0.90,187.5385
Nifty Next 50,2019-04-12,45.39,4.17,0.90,189.2763
Nifty Next 50,2019-04-15,45.73,4.21,0.89,192.52329999999998
Nifty Next 50,2019-04-16,45.97,4.24,0.89,194.9128
Nifty Next 50,2019-04-18,45.77,4.22,0.89,193.1494
Nifty Next 50,2019-04-22,44.95,4.14,0.91,186.093
Nifty Next 50,2019-04-23,44.9,4.14,0.91,185.88599999999997
Nifty Next 50,2019-04-24,45.03,4.16,0.90,187.3248
Nifty Next 50,2019-04-25,44.8,4.14,0.91,185.47199999999998
Nifty Next 50,2019-04-26,44.81,4.14,0.90,185.5134
Nifty Next 50,2019-04-30,44.62,4.12,0.91,183.8344
Nifty Next 50,2019-05-02,44.54,4.11,0.91,183.0594
Nifty Next 50,2019-05-03,44.34,4.09,0.92,181.35060000000001
Nifty Next 50,2019-05-06,43.8,4.04,0.93,176.952
Nifty Next 50,2019-05-07,43.51,4.01,0.93,174.47509999999997
Nifty Next 50,2019-05-08,42.85,3.97,0.94,170.11450000000002
Nifty Next 50,2019-05-09,42.73,3.96,0.95,169.21079999999998
Nifty Next 50,2019-05-10,42.06,3.95,0.95,166.13700000000003
Nifty Next 50,2019-05-13,41.28,3.87,0.97,159.7536
Nifty Next 50,2019-05-14,43.52,3.88,0.96,168.85760000000002
Nifty Next 50,2019-05-15,43.33,3.87,0.97,167.6871
Nifty Next 50,2019-05-16,42.94,3.86,0.97,165.74839999999998
Nifty Next 50,2019-05-17,43.42,3.9,0.96,169.338
Nifty Next 50,2019-05-20,44.84,4.02,0.93,180.2568
Nifty Next 50,2019-05-21,42.77,3.99,0.94,170.65230000000003
Nifty Next 50,2019-05-22,42.76,3.99,0.94,170.6124
Nifty Next 50,2019-05-23,43.19,4.01,0.93,173.19189999999998
Nifty Next 50,2019-05-24,44.19,4.1,0.91,181.17899999999997
Nifty Next 50,2019-05-27,44.08,4.13,0.91,182.0504
Nifty Next 50,2019-05-28,44.23,4.14,0.90,183.11219999999997
Nifty Next 50,2019-05-29,43.41,4.11,0.91,178.4151
Nifty Next 50,2019-05-30,43.43,4.12,0.91,178.9316
Nifty Next 50,2019-05-31,43.86,4.14,0.90,181.5804
Nifty Next 50,2019-06-03,44.34,4.19,0.89,185.78460000000004
Nifty Next 50,2019-06-04,44.07,4.16,0.90,183.3312
Nifty Next 50,2019-06-06,43.13,4.07,0.92,175.53910000000002
Nifty Next 50,2019-06-07,43.14,4.08,0.92,176.0112
Nifty Next 50,2019-06-10,43.26,4.09,0.92,176.93339999999998
Nifty Next 50,2019-06-11,43.5,4.11,0.91,178.78500000000003
Nifty Next 50,2019-06-12,43.16,4.08,0.92,176.09279999999998
Nifty Next 50,2019-06-13,43.13,4.08,0.92,175.9704
Nifty Next 50,2019-06-14,42.68,3.98,0.93,169.8664
Nifty Next 50,2019-06-17,42.16,3.92,0.94,165.26719999999997
Nifty Next 50,2019-06-18,42.22,3.92,0.94,165.5024
Nifty Next 50,2019-06-19,41.97,3.9,0.95,163.683
Nifty Next 50,2019-06-20,42.49,3.96,0.93,168.2604
Nifty Next 50,2019-06-21,42.37,3.95,0.94,167.3615
Nifty Next 50,2019-06-24,42.44,3.96,0.93,168.0624
Nifty Next 50,2019-06-25,42.55,3.97,0.93,168.9235
Nifty Next 50,2019-06-26,42.89,4.0,0.93,171.56
Nifty Next 50,2019-06-27,43.11,4.02,0.92,173.30219999999997
Nifty Next 50,2019-06-28,46.0,4.07,0.91,187.22000000000003
Nifty Next 50,2019-07-01,46.24,4.09,0.90,189.1216
Nifty Next 50,2019-07-02,46.39,4.1,0.90,190.19899999999998
Nifty Next 50,2019-07-03,46.63,4.13,0.89,192.58190000000002
Nifty Next 50,2019-07-04,46.73,4.13,0.89,192.99489999999997
Nifty Next 50,2019-07-05,46.08,4.08,0.90,188.00639999999999
Nifty Next 50,2019-07-08,45.12,3.99,0.92,180.0288
Nifty Next 50,2019-07-09,45.36,4.01,0.92,181.8936
Nifty Next 50,2019-07-10,45.0,3.98,0.93,179.1
Nifty Next 50,2019-07-11,45.33,4.01,0.92,181.77329999999998
Nifty Next 50,2019-07-12,45.42,4.0,0.98,181.68
Nifty Next 50,2019-07-15,45.31,4.06,0.98,183.9586
Nifty Next 50,2019-07-16,45.76,4.1,0.97,187.61599999999999
Nifty Next 50,2019-07-17,45.86,4.11,0.97,188.4846
Nifty Next 50,2019-07-18,45.35,4.07,0.98,184.57450000000003
Nifty Next 50,2019-07-19,44.6,4.0,1.00,178.4
Nifty Next 50,2019-07-22,43.81,4.01,1.00,175.6781
Nifty Next 50,2019-07-23,43.49,3.99,1.00,173.5251
Nifty Next 50,2019-07-24,42.79,3.92,1.02,167.7368
Nifty Next 50,2019-07-25,41.94,3.95,1.01,165.663
Nifty Next 50,2019-07-26,42.53,3.99,1.00,169.6947
Nifty Next 50,2019-07-29,46.16,3.93,1.01,181.40879999999999
Nifty Next 50,2019-07-30,45.53,3.88,1.03,176.6564
Nifty Next 50,2019-07-31,44.12,3.86,1.12,170.30319999999998
Nifty Next 50,2019-08-01,43.55,3.81,1.14,165.9255
Nifty Next 50,2019-08-02,43.62,3.82,1.14,166.62839999999997
Nifty Next 50,2019-08-05,43.46,3.79,1.15,164.7134
Nifty Next 50,2019-08-06,43.88,3.83,1.13,168.06040000000002
Nifty Next 50,2019-08-07,43.68,3.81,1.14,166.4208
Nifty Next 50,2019-08-08,45.42,3.86,1.13,175.3212
Nifty Next 50,2019-08-09,45.77,3.89,1.12,178.04530000000003
Nifty Next 50,2019-08-13,44.8,3.8,1.14,170.23999999999998
Nifty Next 50,2019-08-14,45.29,3.84,1.13,173.9136
Nifty Next 50,2019-08-16,45.44,3.85,1.13,174.944
Nifty Next 50,2019-08-19,45.41,3.85,1.13,174.8285
Nifty Next 50,2019-08-20,45.06,3.82,1.14,172.1292
Nifty Next 50,2019-08-21,44.53,3.77,1.15,167.87810000000002
Nifty Next 50,2019-08-22,43.92,3.72,1.17,163.38240000000002
Nifty Next 50,2019-08-23,44.28,3.75,1.16,166.05
Nifty Next 50,2019-08-26,45.1,3.82,1.14,172.282
Nifty Next 50,2019-08-27,45.7,3.87,1.12,176.859
Nifty Next 50,2019-08-28,45.63,3.86,1.13,176.1318
Nifty Next 50,2019-08-29,45.65,3.86,1.13,176.20899999999997
Nifty Next 50,2019-08-30,46.28,3.57,1.13,165.21959999999999
Nifty Next 50,2019-09-03,45.28,3.49,1.15,158.02720000000002
Nifty Next 50,2019-09-04,45.34,3.49,1.16,158.2366
Nifty Next 50,2019-09-05,45.61,3.51,1.15,160.09109999999998
Nifty Next 50,2019-09-06,45.82,3.52,1.14,161.28640000000001
Nifty Next 50,2019-09-09,45.94,3.54,1.14,162.6276
Nifty Next 50,2019-09-11,46.28,3.56,1.13,164.7568
Nifty Next 50,2019-09-12,46.23,3.55,1.13,164.11649999999997
Nifty Next 50,2019-09-13,45.86,3.58,1.13,164.1788
Nifty Next 50,2019-09-16,45.81,3.57,1.13,163.5417
Nifty Next 50,2019-09-17,45.04,3.51,1.15,158.0904
Nifty Next 50,2019-09-18,45.32,3.54,1.14,160.43280000000001
Nifty Next 50,2019-09-19,44.93,3.51,1.15,157.7043
Nifty Next 50,2019-09-20,47.5,3.71,1.09,176.225
Nifty Next 50,2019-09-23,48.38,3.77,1.07,182.39260000000002
Nifty Next 50,2019-09-24,48.43,3.78,1.07,183.06539999999998
Nifty Next 50,2019-09-25,43.17,3.72,1.08,160.59240000000003
Nifty Next 50,2019-09-26,43.68,3.76,1.07,164.2368
Nifty Next 50,2019-09-27,38.7,3.61,1.21,139.707
Nifty Next 50,2019-09-30,38.28,3.57,1.22,136.6596
Nifty Next 50,2019-10-01,37.91,3.54,1.24,134.20139999999998
Nifty Next 50,2019-10-03,37.59,3.51,1.25,131.9409
Nifty Next 50,2019-10-04,37.12,3.46,1.26,128.43519999999998
Nifty Next 50,2019-10-07,36.58,3.41,1.28,124.7378
Nifty Next 50,2019-10-09,37.09,3.46,1.26,128.3314
Nifty Next 50,2019-10-10,36.85,3.44,1.27,126.76400000000001
Nifty Next 50,2019-10-11,37.0,3.45,1.27,127.65
Nifty Next 50,2019-10-14,37.27,3.48,1.26,129.6996
Nifty Next 50,2019-10-15,37.57,3.51,1.25,131.8707
Nifty Next 50,2019-10-16,37.89,3.54,1.24,134.13060000000002
Nifty Next 50,2019-10-17,38.43,3.59,1.22,137.9637
Nifty Next 50,2019-10-18,38.97,3.64,1.20,141.8508
Nifty Next 50,2019-10-22,39.14,3.66,1.20,143.2524
Nifty Next 50,2019-10-23,39.11,3.65,1.20,142.7515
Nifty Next 50,2019-10-24,38.98,3.64,1.20,141.8872
Nifty Next 50,2019-10-25,38.86,3.63,1.21,141.0618
Nifty Next 50,2019-10-27,39.08,3.65,1.20,142.642
Nifty Next 50,2019-10-29,39.54,3.69,1.18,145.9026
Nifty Next 50,2019-10-30,39.8,3.72,1.18,148.05599999999998
Nifty Next 50,2019-10-31,39.92,3.73,1.17,148.9016
Nifty Next 50,2019-11-01,39.9,3.73,1.17,148.827
Nifty Next 50,2019-11-04,39.82,3.72,1.18,148.1304
Nifty Next 50,2019-11-05,38.32,3.69,1.18,141.4008
Nifty Next 50,2019-11-06,38.44,3.7,1.18,142.228
Nifty Next 50,2019-11-07,39.24,3.72,1.17,145.9728
Nifty Next 50,2019-11-08,38.83,3.68,1.19,142.8944
Nifty Next 50,2019-11-11,38.92,3.69,1.18,143.6148
Nifty Next 50,2019-11-13,38.38,3.72,1.17,142.77360000000002
Nifty Next 50,2019-11-14,38.21,3.7,1.18,141.377
Nifty Next 50,2019-11-15,38.24,3.7,1.17,141.48800000000003
Nifty Next 50,2019-11-18,38.18,3.7,1.18,141.26600000000002
Nifty Next 50,2019-11-19,38.07,3.69,1.19,140.4783
Nifty Next 50,2019-11-20,38.31,3.71,1.18,142.1301
Nifty Next 50,2019-11-21,36.05,3.7,1.18,133.385
Nifty Next 50,2019-11-22,35.96,3.69,1.19,132.6924
Nifty Next 50,2019-11-25,36.45,3.74,1.17,136.323
Nifty Next 50,2019-11-26,36.22,3.71,1.18,134.37619999999998
Nifty Next 50,2019-11-27,36.48,3.74,1.17,136.4352
Nifty Next 50,2019-11-28,36.86,3.78,1.16,139.33079999999998
Nifty Next 50,2019-11-29,36.58,3.75,1.17,137.17499999999998
Nifty Next 50,2019-12-02,36.15,3.81,1.17,137.73149999999998
Nifty Next 50,2019-12-03,35.89,3.78,1.18,135.6642
Nifty Next 50,2019-12-04,35.93,3.78,1.18,135.81539999999998
Nifty Next 50,2019-12-05,35.65,3.76,1.18,134.04399999999998
Nifty Next 50,2019-12-06,35.28,3.72,1.20,131.2416
Nifty Next 50,2019-12-09,35.16,3.7,1.20,130.09199999999998
Nifty Next 50,2019-12-10,34.79,3.66,1.21,127.3314
Nifty Next 50,2019-12-11,34.95,3.68,1.21,128.616
Nifty Next 50,2019-12-12,35.2,3.71,1.20,130.592
Nifty Next 50,2019-12-13,35.56,3.75,1.19,133.35000000000002
Nifty Next 50,2019-12-16,69.15,3.72,1.19,257.23800000000006
Nifty Next 50,2019-12-17,69.44,3.74,1.19,259.7056
Nifty Next 50,2019-12-18,69.71,3.75,1.18,261.41249999999997
Nifty Next 50,2019-12-19,69.97,3.77,1.18,263.7869
Nifty Next 50,2019-12-20,70.37,3.79,1.17,266.70230000000004
Nifty Next 50,2019-12-23,70.34,3.79,1.17,266.58860000000004
Nifty Next 50,2019-12-24,70.31,3.79,1.17,266.4749
Nifty Next 50,2019-12-26,70.06,3.77,1.18,264.1262
Nifty Next 50,2019-12-27,65.71,3.87,1.15,254.2977
Nifty Next 50,2019-12-30,65.84,3.88,1.14,255.4592
Nifty Next 50,2019-12-31,65.43,3.86,1.15,252.55980000000002
Nifty Next 50,2020-01-01,65.4,3.85,1.15,251.79000000000002
Nifty Next 50,2020-01-02,65.96,3.89,1.14,256.58439999999996
Nifty Next 50,2020-01-03,65.83,3.88,1.14,255.42039999999997
Nifty Next 50,2020-01-06,64.7,3.84,1.17,248.448
Nifty Next 50,2020-01-07,65.18,3.87,1.16,252.24660000000003
Nifty Next 50,2020-01-08,65.21,3.87,1.16,252.3627
Nifty Next 50,2020-01-09,66.07,3.92,1.14,258.9944
Nifty Next 50,2020-01-10,66.24,3.93,1.14,260.3232
Nifty Next 50,2020-01-13,66.76,3.96,1.13,264.3696
Nifty Next 50,2020-01-14,66.77,3.97,1.13,265.0769
Nifty Next 50,2020-01-15,67.03,3.99,1.13,267.4497
Nifty Next 50,2020-01-16,67.08,3.99,1.12,267.6492
Nifty Next 50,2020-01-17,67.21,4.0,1.12,268.84
Nifty Next 50,2020-01-20,66.6,3.96,1.13,263.736
Nifty Next 50,2020-01-21,65.9,3.94,1.14,259.646
Nifty Next 50,2020-01-22,65.83,3.9,1.13,256.73699999999997
Nifty Next 50,2020-01-23,66.41,3.93,1.12,260.9913
Nifty Next 50,2020-01-24,66.9,3.97,1.11,265.593
Nifty Next 50,2020-01-27,66.46,3.94,1.12,261.8524
Nifty Next 50,2020-01-28,68.49,3.91,1.13,267.7959
Nifty Next 50,2020-01-29,68.86,3.93,1.12,270.6198
Nifty Next 50,2020-01-30,67.38,3.86,1.14,260.0868
Nifty Next 50,2020-01-31,66.82,3.83,1.15,255.92059999999998
Nifty Next 50,2020-02-01,64.56,3.7,1.19,238.872
Nifty Next 50,2020-02-03,64.9,3.73,1.19,242.07700000000003
Nifty Next 50,2020-02-04,66.0,3.81,1.16,251.46
Nifty Next 50,2020-02-05,66.17,3.86,1.14,255.4162
Nifty Next 50,2020-02-06,68.04,3.91,1.13,266.0364
Nifty Next 50,2020-02-07,69.21,3.93,1.12,271.9953
Nifty Next 50,2020-02-10,70.04,3.92,1.13,274.5568
Nifty Next 50,2020-02-11,70.62,3.91,1.13,276.12420000000003
Nifty Next 50,2020-02-12,70.57,3.9,1.13,275.22299999999996
Nifty Next 50,2020-02-13,71.53,3.9,1.13,278.967
Nifty Next 50,2020-02-14,71.89,3.86,1.15,277.4954
Nifty Next 50,2020-02-17,73.45,3.81,1.16,279.84450000000004
Nifty Next 50,2020-02-18,73.17,3.8,1.16,278.046
Nifty Next 50,2020-02-19,74.65,3.87,1.14,288.8955
Nifty Next 50,2020-02-20,74.76,3.88,1.14,290.0688
Nifty Next 50,2020-02-24,73.41,3.8,1.16,278.95799999999997
Nifty Next 50,2020-02-25,72.86,3.77,1.17,274.6822
Nifty Next 50,2020-02-26,71.83,3.72,1.19,267.2076
Nifty Next 50,2020-02-27,71.66,3.71,1.19,265.85859999999997
Nifty Next 50,2020-02-28,69.15,3.58,1.23,247.55700000000002
Nifty Next 50,2020-03-02,69.32,3.6,1.22,249.552
Nifty Next 50,2020-03-03,70.69,3.67,1.20,259.4323
Nifty Next 50,2020-03-04,70.15,3.65,1.21,256.0475
Nifty Next 50,2020-03-05,70.57,3.67,1.20,258.9919
Nifty Next 50,2020-03-06,69.03,3.59,1.23,247.8177
Nifty Next 50,2020-03-09,66.0,3.43,1.29,226.38000000000002
Nifty Next 50,2020-03-11,65.52,3.4,1.30,222.76799999999997
Nifty Next 50,2020-03-12,59.8,3.11,1.42,185.97799999999998
Nifty Next 50,2020-03-13,61.5,3.2,1.38,196.8
Nifty Next 50,2020-03-16,58.24,3.03,1.46,176.4672
Nifty Next 50,2020-03-17,57.77,3.0,1.47,173.31
Nifty Next 50,2020-03-18,54.94,2.85,1.54,156.579
Nifty Next 50,2020-03-19,54.18,2.69,1.64,145.7442
Nifty Next 50,2020-03-20,56.12,2.78,1.58,156.01359999999997
Nifty Next 50,2020-03-23,49.59,2.46,1.79,121.99140000000001
Nifty Next 50,2020-03-24,50.12,2.48,1.77,124.29759999999999
Nifty Next 50,2020-03-25,51.92,2.57,1.71,133.43439999999998
Nifty Next 50,2020-03-26,54.77,2.71,1.62,148.4267
Nifty Next 50,2020-03-27,54.7,2.71,1.63,148.237
Nifty Next 50,2020-03-30,54.25,2.69,1.64,145.9325
Nifty Next 50,2020-03-31,56.53,2.79,1.56,157.7187
Nifty Next 50,2020-04-01,55.32,2.73,1.60,151.0236
Nifty Next 50,2020-04-03,54.61,2.7,1.62,147.447
Nifty Next 50,2020-04-07,58.1,2.87,1.52,166.747
Nifty Next 50,2020-04-08,59.27,2.92,1.49,173.0684
Nifty Next 50,2020-04-09,61.3,3.03,1.44,185.73899999999998
Nifty Next 50,2020-04-13,61.21,3.02,1.44,184.8542
Nifty Next 50,2020-04-15,61.71,3.05,1.43,188.2155
Nifty Next 50,2020-04-16,62.17,3.07,1.42,190.8619
Nifty Next 50,2020-04-17,62.95,3.11,1.41,195.7745
Nifty Next 50,2020-04-20,62.63,3.09,1.41,193.5267
Nifty Next 50,2020-04-21,61.64,3.04,1.44,187.3856
Nifty Next 50,2020-04-22,62.46,3.08,1.42,192.3768
Nifty Next 50,2020-04-23,62.62,3.09,1.41,193.49579999999997
Nifty Next 50,2020-04-24,61.53,3.03,1.44,186.4359
Nifty Next 50,2020-04-27,62.78,3.1,1.41,194.618
Nifty Next 50,2020-04-28,62.71,3.09,1.41,193.7739
Nifty Next 50,2020-04-29,63.59,3.12,1.40,198.4008
Nifty Next 50,2020-04-30,64.88,3.18,1.37,206.3184
Nifty Next 50,2020-05-04,62.05,3.05,1.43,189.25249999999997
Nifty Next 50,2020-05-05,61.7,3.01,1.45,185.71699999999998
Nifty Next 50,2020-05-06,62.12,3.04,1.44,188.8448
Nifty Next 50,2020-05-07,61.45,3.01,1.45,184.9645
Nifty Next 50,2020-05-08,61.99,3.01,1.44,186.5899
Nifty Next 50,2020-05-11,62.63,3.04,1.43,190.39520000000002
Nifty Next 50,2020-05-12,63.96,3.04,1.43,194.4384
Nifty Next 50,2020-05-13,65.08,3.07,1.41,199.79559999999998
Nifty Next 50,2020-05-14,66.54,3.05,1.42,202.947
Nifty Next 50,2020-05-15,66.17,3.04,1.43,201.1568
Nifty Next 50,2020-05-18,63.42,2.94,1.47,186.4548
Nifty Next 50,2020-05-19,63.67,2.92,1.49,185.9164
Nifty Next 50,2020-05-20,64.9,2.98,1.46,193.40200000000002
Nifty Next 50,2020-05-21,65.69,2.99,1.44,196.41310000000001
Nifty Next 50,2020-05-22,61.99,2.96,1.45,183.4904
Nifty Next 50,2020-05-26,62.55,2.92,1.46,182.646
Nifty Next 50,2020-05-27,62.62,2.92,1.46,182.85039999999998
Nifty Next 50,2020-05-28,64.05,2.94,1.44,188.307
Nifty Next 50,2020-05-29,65.88,3.01,1.41,198.29879999999997
Nifty Next 50,2020-06-01,68.08,3.02,1.41,205.6016
Nifty Next 50,2020-06-02,68.52,3.04,1.40,208.30079999999998
Nifty Next 50,2020-06-03,68.92,3.05,1.39,210.206
Nifty Next 50,2020-06-04,71.44,3.07,1.39,219.3208
Nifty Next 50,2020-06-05,71.82,3.12,1.36,224.0784
Nifty Next 50,2020-06-08,74.44,3.13,1.36,232.9972
Nifty Next 50,2020-06-09,73.56,3.1,1.37,228.036
Nifty Next 50,2020-06-10,73.53,3.1,1.37,227.943
Nifty Next 50,2020-06-11,72.41,3.06,1.39,221.5746
Nifty Next 50,2020-06-12,76.34,3.09,1.38,235.8906
Nifty Next 50,2020-06-15,75.66,3.06,1.39,231.5196
Nifty Next 50,2020-06-16,75.87,3.07,1.39,232.9209
Nifty Next 50,2020-06-17,75.93,3.07,1.39,233.10510000000002
Nifty Next 50,2020-06-18,91.04,3.08,1.38,280.4032
Nifty Next 50,2020-06-19,96.4,3.11,1.37,299.80400000000003
Nifty Next 50,2020-06-22,97.11,3.17,1.34,307.8387
Nifty Next 50,2020-06-23,90.15,3.23,1.32,291.1845
Nifty Next 50,2020-06-24,89.2,3.2,1.33,285.44
Nifty Next 50,2020-06-25,84.99,3.2,1.33,271.968
Nifty Next 50,2020-06-26,30.59,3.94,1.05,120.52459999999999
Nifty Next 50,2020-06-29,30.75,3.91,1.06,120.2325
Nifty Next 50,2020-06-30,30.76,3.9,1.06,119.964
Nifty Next 50,2020-07-01,30.78,3.91,1.06,120.3498
Nifty Next 50,2020-07-02,31.06,3.93,1.05,122.0658
Nifty Next 50,2020-07-03,31.3,3.96,1.04,123.94800000000001
Nifty Next 50,2020-07-06,31.44,3.98,1.04,125.1312
Nifty Next 50,2020-07-07,31.59,4.0,1.03,126.36
Nifty Next 50,2020-07-08,31.48,3.99,1.04,125.60520000000001
Nifty Next 50,2020-07-09,31.49,3.99,1.04,125.6451
Nifty Next 50,2020-07-10,31.42,3.98,1.04,125.05160000000001
Nifty Next 50,2020-07-13,31.5,3.99,1.04,125.685
Nifty Next 50,2020-07-14,31.27,3.95,1.05,123.51650000000001
Nifty Next 50,2020-07-15,31.1,3.93,1.05,122.22300000000001
Nifty Next 50,2020-07-16,31.19,3.94,1.05,122.8886
Nifty Next 50,2020-07-17,31.75,4.01,1.03,127.3175
Nifty Next 50,2020-07-20,31.97,4.04,1.02,129.15879999999999
Nifty Next 50,2020-07-21,31.97,4.05,1.02,129.4785
Nifty Next 50,2020-07-22,31.91,4.03,1.03,128.59730000000002
Nifty Next 50,2020-07-23,32.17,4.06,1.02,130.6102
Nifty Next 50,2020-07-24,31.8,4.01,1.03,127.518
Nifty Next 50,2020-07-27,31.55,3.98,1.04,125.569
Nifty Next 50,2020-07-28,31.75,4.0,1.02,127.0
Nifty Next 50,2020-07-29,32.19,3.92,1.02,126.1848
Nifty Next 50,2020-07-30,32.35,3.94,1.01,127.459
Nifty Next 50,2020-07-31,32.91,3.82,1.04,125.71619999999999
Nifty Next 50,2020-08-03,32.66,3.8,1.05,124.10799999999998
Nifty Next 50,2020-08-04,32.87,3.82,1.04,125.56339999999999
Nifty Next 50,2020-08-05,32.84,3.82,1.04,125.4488
Nifty Next 50,2020-08-06,32.94,3.85,1.03,126.81899999999999
Nifty Next 50,2020-08-07,33.32,3.85,1.03,128.282
Nifty Next 50,2020-08-10,33.91,3.91,1.02,132.5881
Nifty Next 50,2020-08-11,32.4,3.89,1.02,126.036
Nifty Next 50,2020-08-12,32.39,3.89,1.02,125.9971
Nifty Next 50,2020-08-13,32.83,3.91,1.02,128.3653
Nifty Next 50,2020-08-14,32.27,3.87,1.03,124.88490000000002
Nifty Next 50,2020-08-17,32.42,3.89,1.02,126.11380000000001
Nifty Next 50,2020-08-18,32.79,3.93,1.01,128.8647
Nifty Next 50,2020-08-19,32.84,3.94,1.01,129.3896
Nifty Next 50,2020-08-20,32.84,3.92,1.02,128.7328
Nifty Next 50,2020-08-21,32.94,3.74,0.98,123.1956
Nifty Next 50,2020-08-24,32.95,3.74,0.98,123.23300000000002
Nifty Next 50,2020-08-25,33.91,3.75,0.98,127.1625
Nifty Next 50,2020-08-26,33.93,3.75,0.97,127.2375
Nifty Next 50,2020-08-27,34.07,3.77,0.97,128.4439
Nifty Next 50,2020-08-28,34.31,3.78,0.97,129.6918
Nifty Next 50,2020-08-31,33.14,3.62,1.01,119.9668
Nifty Next 50,2020-09-01,33.53,3.66,1.00,122.7198
Nifty Next 50,2020-09-02,33.97,3.7,0.99,125.68900000000001
Nifty Next 50,2020-09-03,34.17,3.68,0.94,125.74560000000001
Nifty Next 50,2020-09-04,33.54,3.61,0.96,121.07939999999999
Nifty Next 50,2020-09-07,33.23,3.6,0.96,119.62799999999999
Nifty Next 50,2020-09-08,33.01,3.57,0.97,117.8457
Nifty Next 50,2020-09-09,32.94,3.57,0.97,117.59579999999998
Nifty Next 50,2020-09-10,33.26,3.6,0.96,119.73599999999999
Nifty Next 50,2020-09-11,33.55,3.64,0.95,122.122
Nifty Next 50,2020-09-14,33.51,3.63,0.95,121.64129999999999
Nifty Next 50,2020-09-15,33.83,3.61,1.07,122.12629999999999
Nifty Next 50,2020-09-16,33.99,3.58,1.27,121.6842
Nifty Next 50,2020-09-17,33.8,3.56,1.27,120.32799999999999
Nifty Next 50,2020-09-18,34.02,3.57,1.27,121.4514
Nifty Next 50,2020-09-21,32.93,3.45,1.31,113.6085
Nifty Next 50,2020-09-22,32.54,3.41,1.33,110.9614
Nifty Next 50,2020-09-23,32.46,3.41,1.33,110.68860000000001
Nifty Next 50,2020-09-24,31.73,3.33,1.36,105.6609
Nifty Next 50,2020-09-25,34.8,3.59,1.36,124.93199999999999
Nifty Next 50,2020-09-28,35.58,3.67,1.33,130.5786
Nifty Next 50,2020-09-29,35.42,3.65,1.34,129.28300000000002
Nifty Next 50,2020-09-30,35.64,3.67,1.33,130.7988
Nifty Next 50,2020-10-01,35.93,3.7,1.32,132.941
Nifty Next 50,2020-10-05,36.02,3.71,1.31,133.63420000000002
Nifty Next 50,2020-10-06,36.15,3.73,1.31,134.8395
Nifty Next 50,2020-10-07,36.06,3.72,1.31,134.1432
Nifty Next 50,2020-10-08,36.24,3.74,1.31,135.53760000000003
Nifty Next 50,2020-10-09,36.14,3.73,1.31,134.8022
Nifty Next 50,2020-10-12,35.99,3.71,1.32,133.5229
Nifty Next 50,2020-10-13,35.84,3.69,1.32,132.24960000000002
Nifty Next 50,2020-10-14,36.1,3.72,1.31,134.292
Nifty Next 50,2020-10-15,35.49,3.66,1.33,129.8934
Nifty Next 50,2020-10-16,35.8,3.69,1.32,132.10199999999998
Nifty Next 50,2020-10-19,36.1,3.72,1.31,134.292
Nifty Next 50,2020-10-20,36.22,3.73,1.31,135.1006
Nifty Next 50,2020-10-21,36.09,3.72,1.31,134.25480000000002
Nifty Next 50,2020-10-22,36.06,3.72,1.31,134.1432
Nifty Next 50,2020-10-23,36.14,3.73,1.31,134.8022
Nifty Next 50,2020-10-26,36.06,3.68,1.33,132.70080000000002
Nifty Next 50,2020-10-27,36.57,3.73,1.31,136.4061
Nifty Next 50,2020-10-28,36.29,3.7,1.32,134.273
Nifty Next 50,2020-10-29,36.46,3.72,1.31,135.6312
Nifty Next 50,2020-10-30,36.4,3.71,1.31,135.04399999999998
Nifty Next 50,2020-11-02,36.53,3.73,1.31,136.2569
Nifty Next 50,2020-11-03,37.44,3.75,1.30,140.39999999999998
Nifty Next 50,2020-11-04,37.76,3.77,1.29,142.3552
Nifty Next 50,2020-11-05,38.25,3.83,1.28,146.4975
Nifty Next 50,2020-11-06,37.19,3.84,1.27,142.8096
Nifty Next 50,2020-11-09,37.09,3.9,1.25,144.651
Nifty Next 50,2020-11-10,36.89,3.87,1.26,142.76430000000002
Nifty Next 50,2020-11-11,37.32,3.92,1.25,146.2944
Nifty Next 50,2020-11-12,37.42,3.94,1.24,147.4348
Nifty Next 50,2020-11-13,37.44,3.97,1.23,148.6368
Nifty Next 50,2020-11-14,37.61,3.99,1.22,150.06390000000002
Nifty Next 50,2020-11-17,37.37,4.03,1.21,150.6011
Nifty Next 50,2020-11-18,37.31,4.04,1.21,150.7324
Nifty Next 50,2020-11-19,37.04,4.01,1.22,148.5304
Nifty Next 50,2020-11-20,37.51,4.06,1.20,152.29059999999998
Nifty Next 50,2020-11-23,37.84,4.1,1.19,155.144
Nifty Next 50,2020-11-24,38.04,4.12,1.19,156.7248
Nifty Next 50,2020-11-25,37.46,4.05,1.20,151.713
Nifty Next 50,2020-11-26,37.8,4.09,1.19,154.60199999999998
Nifty Next 50,2020-11-27,37.98,4.11,1.18,156.0978
Nifty Next 50,2020-12-01,38.49,4.17,1.17,160.5033
Nifty Next 50,2020-12-02,38.81,4.2,1.16,163.002
Nifty Next 50,2020-12-03,39.22,4.24,1.15,166.2928
Nifty Next 50,2020-12-04,39.37,4.26,1.14,167.7162
Nifty Next 50,2020-12-07,39.73,4.3,1.13,170.83899999999997
Nifty Next 50,2020-12-08,40.23,4.34,1.10,174.5982
Nifty Next 50,2020-12-09,40.24,4.34,1.10,174.6416
Nifty Next 50,2020-12-10,40.41,4.36,1.09,176.1876
Nifty Next 50,2020-12-11,40.5,4.37,1.09,176.985
Nifty Next 50,2020-12-14,40.65,4.39,1.09,178.4535
Nifty Next 50,2020-12-15,40.56,4.38,1.09,177.6528
Nifty Next 50,2020-12-16,40.78,4.4,1.08,179.43200000000002
Nifty Next 50,2020-12-17,40.63,4.39,1.09,178.3657
Nifty Next 50,2020-12-18,40.7,4.39,1.08,178.673
Nifty Next 50,2020-12-21,39.29,4.24,1.12,166.58960000000002
Nifty Next 50,2020-12-22,39.86,4.3,1.11,171.398
Nifty Next 50,2020-12-23,40.53,4.37,1.09,177.11610000000002
Nifty Next 50,2020-12-24,40.68,4.39,1.08,178.5852
Nifty Next 50,2020-12-28,41.04,4.43,1.08,181.8072
Nifty Next 50,2020-12-29,41.02,4.43,1.08,181.7186
Nifty Next 50,2020-12-30,41.18,4.44,1.07,182.8392
Nifty Next 50,2020-12-31,41.24,4.45,1.07,183.51800000000003
Nifty Next 50,2021-01-01,41.82,4.39,1.06,183.5898
Nifty Next 50,2021-01-04,42.48,4.46,1.04,189.46079999999998
Nifty Next 50,2021-01-05,43.17,4.53,1.02,195.5601
Nifty Next 50,2021-01-06,43.09,4.52,1.03,194.7668
Nifty Next 50,2021-01-07,43.26,4.54,1.02,196.4004
Nifty Next 50,2021-01-08,43.82,4.6,1.01,201.57199999999997
Nifty Next 50,2021-01-11,43.95,4.61,1.01,202.60950000000003
Nifty Next 50,2021-01-12,43.83,4.6,1.01,201.61799999999997
Nifty Next 50,2021-01-13,43.56,4.57,1.01,199.06920000000002
Nifty Next 50,2021-01-14,43.77,4.6,1.01,201.342
Nifty Next 50,2021-01-15,43.08,4.52,1.03,194.72159999999997
Nifty Next 50,2021-01-18,42.29,4.44,1.05,187.76760000000002
Nifty Next 50,2021-01-19,43.01,4.52,1.03,194.40519999999998
Nifty Next 50,2021-01-20,43.26,4.54,1.02,196.4004
Nifty Next 50,2021-01-21,42.81,4.5,1.03,192.645
Nifty Next 50,2021-01-22,42.27,4.46,1.04,188.5242
Nifty Next 50,2021-01-25,42.06,4.43,1.05,186.3258
Nifty Next 50,2021-01-27,41.57,4.37,1.06,181.6609
Nifty Next 50,2021-01-28,41.4,4.35,1.07,180.08999999999997
Nifty Next 50,2021-01-29,39.28,4.25,1.09,166.94
Nifty Next 50,2021-02-01,40.64,4.37,1.06,177.5968
Nifty Next 50,2021-02-02,41.26,4.46,1.04,184.0196
Nifty Next 50,2021-02-03,41.45,4.48,1.03,185.69600000000003
Nifty Next 50,2021-02-04,42.07,4.55,1.02,191.4185
Nifty Next 50,2021-02-05,41.7,4.52,1.03,188.484
Nifty Next 50,2021-02-08,40.62,4.56,1.02,185.22719999999998
Nifty Next 50,2021-02-09,40.24,4.56,1.02,183.49439999999998
Nifty Next 50,2021-02-10,40.0,4.58,1.01,183.2
Nifty Next 50,2021-02-11,40.19,4.61,1.01,185.2759
Nifty Next 50,2021-02-12,39.99,4.63,1.00,185.15370000000001
Nifty Next 50,2021-02-15,39.77,4.67,0.99,185.72590000000002
Nifty Next 50,2021-02-16,39.98,4.69,0.99,187.5062
Nifty Next 50,2021-02-17,40.07,4.7,0.99,188.329
Nifty Next 50,2021-02-18,39.78,4.73,0.98,188.15940000000003
Nifty Next 50,2021-02-19,39.25,4.66,0.99,182.905
Nifty Next 50,2021-02-22,38.61,4.59,1.01,177.2199
Nifty Next 50,2021-02-23,38.86,4.62,1.00,179.5332
Nifty Next 50,2021-02-24,39.07,4.64,1.00,181.2848
Nifty Next 50,2021-02-25,39.33,4.68,0.99,184.06439999999998
Nifty Next 50,2021-02-26,38.46,4.57,1.01,175.7622
Nifty Next 50,2021-03-01,38.83,4.62,1.00,179.3946
Nifty Next 50,2021-03-02,39.5,4.7,0.99,185.65
Nifty Next 50,2021-03-03,40.13,4.77,0.97,191.4201
Nifty Next 50,2021-03-04,40.2,4.78,0.97,192.15600000000003
Nifty Next 50,2021-03-05,39.62,4.71,0.98,186.6102
Nifty Next 50,2021-03-08,39.55,4.7,0.99,185.885
Nifty Next 50,2021-03-09,39.25,4.67,0.99,183.29749999999999
Nifty Next 50,2021-03-10,39.49,4.69,0.99,185.20810000000003
Nifty Next 50,2021-03-12,39.12,4.65,1.00,181.90800000000002
Nifty Next 50,2021-03-15,38.91,4.63,1.00,180.15329999999997
Nifty Next 50,2021-03-16,39.09,4.65,1.00,181.76850000000002
Nifty Next 50,2021-03-17,38.32,4.54,1.02,173.9728
Nifty Next 50,2021-03-18,37.86,4.49,1.03,169.9914
Nifty Next 50,2021-03-19,38.25,4.54,1.02,173.655
Nifty Next 50,2021-03-22,38.6,4.58,1.01,176.788
Nifty Next 50,2021-03-23,39.07,4.63,1.00,180.8941
Nifty Next 50,2021-03-24,38.49,4.56,1.01,175.5144
Nifty Next 50,2021-03-25,37.64,4.46,1.04,167.8744
Nifty Next 50,2021-03-26,38.1,4.52,1.02,172.212
Nifty Next 50,2021-03-30,38.23,4.53,1.02,173.18189999999998
Nifty Next 50,2021-03-31,42.54,4.55,1.14,193.557
Nifty Next 50,2021-04-01,43.18,4.63,1.13,199.9234
Nifty Next 50,2021-04-05,42.78,4.59,1.13,196.3602
Nifty Next 50,2021-04-06,43.21,4.64,1.12,200.49439999999998
Nifty Next 50,2021-04-07,43.64,4.68,1.10,204.2352
Nifty Next 50,2021-04-08,43.96,4.72,1.10,207.4912
Nifty Next 50,2021-04-09,44.01,4.72,1.10,207.72719999999998
Nifty Next 50,2021-04-12,41.96,4.5,1.15,188.82
Nifty Next 50,2021-04-13,42.4,4.55,1.14,192.92
Nifty Next 50,2021-04-15,42.66,4.58,1.13,195.38279999999997
Nifty Next 50,2021-04-16,43.12,4.63,1.12,199.64559999999997
Nifty Next 50,2021-04-19,42.38,4.55,1.14,192.829
Nifty Next 50,2021-04-20,42.37,4.57,1.13,193.6309
Nifty Next 50,2021-04-22,42.43,4.57,1.15,193.9051
Nifty Next 50,2021-04-23,42.48,4.58,1.15,194.55839999999998
Nifty Next 50,2021-04-26,42.31,4.6,1.15,194.626
Nifty Next 50,2021-04-27,42.64,4.64,1.14,197.84959999999998
Nifty Next 50,2021-04-28,42.88,4.67,1.13,200.24960000000002
Nifty Next 50,2021-04-29,42.87,4.67,1.13,200.20289999999997
Nifty Next 50,2021-04-30,42.66,4.64,1.14,197.94239999999996
Nifty Next 50,2021-05-03,42.2,4.68,1.13,197.496
Nifty Next 50,2021-05-04,42.13,4.67,1.13,196.74710000000002
Nifty Next 50,2021-05-05,42.83,4.74,1.09,203.0142
Nifty Next 50,2021-05-06,43.01,4.77,1.08,205.15769999999998
Nifty Next 50,2021-05-07,43.03,4.78,1.08,205.6834
Nifty Next 50,2021-05-10,42.22,4.97,1.04,209.83339999999998
Nifty Next 50,2021-05-11,42.5,4.98,1.05,211.65
Nifty Next 50,2021-05-12,42.56,4.98,1.05,211.94880000000003
Nifty Next 50,2021-05-14,41.8,4.91,1.08,205.238
Nifty Next 50,2021-05-17,32.29,4.97,1.07,160.48129999999998
Nifty Next 50,2021-05-18,32.72,5.04,1.06,164.90879999999999
Nifty Next 50,2021-05-19,32.88,5.07,1.03,166.7016
Nifty Next 50,2021-05-20,32.85,5.07,1.03,166.54950000000002
Nifty Next 50,2021-05-21,32.99,5.09,1.02,167.91910000000001
Nifty Next 50,2021-05-24,31.64,5.13,1.02,162.3132
Nifty Next 50,2021-05-25,31.47,5.11,1.02,160.8117
Nifty Next 50,2021-05-26,31.43,5.1,1.02,160.29299999999998
Nifty Next 50,2021-05-27,31.56,5.13,1.02,161.90279999999998
Nifty Next 50,2021-05-28,31.56,5.13,1.02,161.90279999999998
Nifty Next 50,2021-05-31,31.51,5.11,1.01,161.01610000000002
Nifty Next 50,2021-06-01,31.48,5.1,0.99,160.548
Nifty Next 50,2021-06-02,32.07,5.2,0.98,166.764
Nifty Next 50,2021-06-03,32.37,5.24,0.97,169.6188
Nifty Next 50,2021-06-04,32.22,5.27,0.96,169.7994
Nifty Next 50,2021-06-07,32.25,5.27,0.96,169.95749999999998
Nifty Next 50,2021-06-08,32.0,5.29,0.96,169.28
Nifty Next 50,2021-06-09,31.92,5.24,0.97,167.26080000000002
Nifty Next 50,2021-06-10,32.19,5.31,0.96,170.92889999999997
Nifty Next 50,2021-06-11,33.12,5.32,0.95,176.1984
Nifty Next 50,2021-06-14,32.97,5.3,0.96,174.74099999999999
Nifty Next 50,2021-06-15,32.52,5.31,0.95,172.6812
Nifty Next 50,2021-06-16,32.22,5.26,0.97,169.47719999999998
Nifty Next 50,2021-06-17,31.88,5.22,0.99,166.41359999999997
Nifty Next 50,2021-06-18,31.71,5.18,1.00,164.2578
Nifty Next 50,2021-06-21,31.99,5.22,1.00,166.9878
Nifty Next 50,2021-06-22,32.14,5.25,0.99,168.735
Nifty Next 50,2021-06-23,31.78,5.21,1.00,165.5738
Nifty Next 50,2021-06-24,30.92,5.18,1.00,160.1656
Nifty Next 50,2021-06-25,31.16,5.22,1.00,162.65519999999998
Nifty Next 50,2021-06-28,31.28,5.24,0.99,163.90720000000002
Nifty Next 50,2021-06-29,31.18,5.23,1.01,163.0714
Nifty Next 50,2021-06-30,30.75,5.17,1.04,158.9775
Nifty Next 50,2021-07-01,30.86,5.18,1.07,159.85479999999998
Nifty Next 50,2021-07-02,30.77,5.17,1.01,159.08089999999999
Nifty Next 50,2021-07-05,30.96,5.2,1.00,160.99200000000002
Nifty Next 50,2021-07-06,30.96,5.2,1.04,160.99200000000002
Nifty Next 50,2021-07-07,31.09,5.22,1.03,162.28979999999999
Nifty Next 50,2021-07-08,30.99,5.2,1.18,161.148
Nifty Next 50,2021-07-09,31.04,5.21,1.16,161.7184
Nifty Next 50,2021-07-12,31.06,5.22,1.17,162.1332
Nifty Next 50,2021-07-13,30.99,5.21,1.17,161.4579
Nifty Next 50,2021-07-14,30.99,5.21,1.17,161.4579
Nifty Next 50,2021-07-15,31.09,5.22,1.12,162.28979999999999
Nifty Next 50,2021-07-16,31.24,5.25,1.10,164.01
Nifty Next 50,2021-07-19,31.04,5.22,1.12,162.0288
Nifty Next 50,2021-07-20,30.82,5.18,1.13,159.64759999999998
Nifty Next 50,2021-07-22,31.25,5.27,1.11,164.6875
Nifty Next 50,2021-07-23,31.05,5.16,1.11,160.21800000000002
Nifty Next 50,2021-07-26,31.05,5.11,1.11,158.6655
Nifty Next 50,2021-07-27,30.55,4.92,1.14,150.306
Nifty Next 50,2021-07-28,29.49,4.93,1.15,145.38569999999999
Nifty Next 50,2021-07-29,29.57,4.93,1.17,145.7801
Nifty Next 50,2021-07-30,29.67,4.95,1.17,146.8665
Nifty Next 50,2021-08-02,29.95,5.0,1.16,149.75
Nifty Next 50,2021-08-03,30.27,5.04,1.13,152.5608
Nifty Next 50,2021-08-04,29.92,5.01,1.14,149.8992
Nifty Next 50,2021-08-05,29.77,4.99,1.14,148.5523
Nifty Next 50,2021-08-06,29.79,5.0,1.14,148.95
Nifty Next 50,2021-08-09,29.18,4.98,1.14,145.31640000000002
Nifty Next 50,2021-08-10,28.98,4.81,1.15,139.3938
Nifty Next 50,2021-08-11,28.86,4.8,1.15,138.528
Nifty Next 50,2021-08-12,28.95,4.82,1.15,139.53900000000002
Nifty Next 50,2021-08-13,28.72,4.82,1.14,138.4304
Nifty Next 50,2021-08-16,28.02,4.83,1.14,135.3366
Nifty Next 50,2021-08-17,27.73,4.81,1.13,133.38129999999998
Nifty Next 50,2021-08-18,27.8,4.84,1.13,134.552
Nifty Next 50,2021-08-20,27.39,4.76,1.15,130.3764
Nifty Next 50,2021-08-23,27.28,4.75,1.16,129.58
Nifty Next 50,2021-08-24,27.54,4.79,1.15,131.9166
Nifty Next 50,2021-08-25,27.67,4.81,1.14,133.0927
Nifty Next 50,2021-08-26,27.75,4.83,1.14,134.0325
Nifty Next 50,2021-08-27,28.11,4.89,1.13,137.4579
Nifty Next 50,2021-08-30,28.54,4.96,1.10,141.5584
Nifty Next 50,2021-08-31,28.93,5.06,1.09,146.3858
Nifty Next 50,2021-09-01,29.14,5.1,1.08,148.614
Nifty Next 50,2021-09-02,29.44,5.15,1.07,151.616
Nifty Next 50,2021-09-03,29.6,5.18,1.06,153.328
Nifty Next 50,2021-09-06,29.57,5.17,1.07,152.8769
Nifty Next 50,2021-09-07,29.46,5.15,1.07,151.71900000000002
Nifty Next 50,2021-09-08,29.57,5.17,1.26,152.8769
Nifty Next 50,2021-09-09,29.7,5.19,1.25,154.143
Nifty Next 50,2021-09-13,29.79,5.21,1.25,155.20589999999999
Nifty Next 50,2021-09-14,29.88,5.23,1.24,156.2724
Nifty Next 50,2021-09-15,30.0,5.25,1.23,157.5
Nifty Next 50,2021-09-16,30.21,5.28,1.24,159.5088
Nifty Next 50,2021-09-17,29.96,5.24,1.24,156.99040000000002
Nifty Next 50,2021-09-20,29.41,5.14,1.26,151.1674
Nifty Next 50,2021-09-21,29.66,5.19,1.25,153.93540000000002
Nifty Next 50,2021-09-22,29.82,5.22,1.24,155.66039999999998
Nifty Next 50,2021-09-23,30.16,5.27,1.23,158.9432
Nifty Next 50,2021-09-24,29.9,5.2,1.24,155.48
Nifty Next 50,2021-09-27,29.82,5.19,1.24,154.7658
Nifty Next 50,2021-09-28,29.6,5.07,1.28,150.072
Nifty Next 50,2021-09-29,29.44,5.04,1.29,148.3776
Nifty Next 50,2021-09-30,26.25,4.37,1.22,114.7125
Nifty Next 50,2021-10-01,26.33,4.39,1.22,115.58869999999999
Nifty Next 50,2021-10-04,26.73,4.45,1.20,118.94850000000001
Nifty Next 50,2021-10-05,26.84,4.47,1.19,119.97479999999999
Nifty Next 50,2021-10-06,26.59,4.43,1.21,117.79369999999999
Nifty Next 50,2021-10-07,26.87,4.48,1.19,120.37760000000002
Nifty Next 50,2021-10-08,26.8,4.47,1.20,119.79599999999999
Nifty Next 50,2021-10-11,26.92,4.49,1.19,120.87080000000002
Nifty Next 50,2021-10-12,27.13,4.52,1.18,122.62759999999999
Nifty Next 50,2021-10-13,27.39,4.56,1.17,124.8984
Nifty Next 50,2021-10-14,27.62,4.6,1.16,127.05199999999999
Nifty Next 50,2021-10-18,27.69,4.61,1.16,127.65090000000002
Nifty Next 50,2021-10-19,27.29,4.48,1.17,122.2592
Nifty Next 50,2021-10-20,26.8,4.4,1.19,117.92000000000002
Nifty Next 50,2021-10-21,26.58,4.37,1.20,116.1546
Nifty Next 50,2021-10-22,26.2,4.31,1.22,112.92199999999998
Nifty Next 50,2021-10-25,25.97,4.27,1.24,110.89189999999998
Nifty Next 50,2021-10-26,26.26,4.32,1.22,113.44320000000002
Nifty Next 50,2021-10-27,26.26,4.34,1.22,113.9684
Nifty Next 50,2021-10-28,25.68,4.25,1.14,109.14
Nifty Next 50,2021-10-29,25.76,4.28,1.12,110.25280000000001
Nifty Next 50,2021-11-01,26.69,4.33,1.13,115.5677
Nifty Next 50,2021-11-02,25.58,4.33,1.13,110.7614
Nifty Next 50,2021-11-03,25.72,4.36,1.12,112.1392
Nifty Next 50,2021-11-04,25.86,4.38,1.12,113.26679999999999
Nifty Next 50,2021-11-08,26.09,4.44,1.00,115.8396
Nifty Next 50,2021-11-09,26.17,4.45,1.05,116.4565
Nifty Next 50,2021-11-10,26.25,4.46,1.05,117.075
Nifty Next 50,2021-11-11,26.13,4.44,1.06,116.0172
Nifty Next 50,2021-11-12,26.29,4.5,1.04,118.30499999999999
Nifty Next 50,2021-11-15,26.06,4.51,1.04,117.53059999999999
Nifty Next 50,2021-11-16,25.94,4.5,1.04,116.73
Nifty Next 50,2021-11-17,23.88,4.5,1.04,107.46
Nifty Next 50,2021-11-18,23.54,4.43,1.06,104.28219999999999
Nifty Next 50,2021-11-22,23.1,4.35,1.08,100.485
Nifty Next 50,2021-11-23,23.45,4.42,1.06,103.649
Nifty Next 50,2021-11-24,23.33,4.39,1.06,102.41869999999999
Nifty Next 50,2021-11-25,23.53,4.43,1.05,104.2379
Nifty Next 50,2021-11-26,22.82,4.3,1.09,98.12599999999999
Nifty Next 50,2021-11-29,22.61,4.26,1.10,96.31859999999999
Nifty Next 50,2021-11-30,22.55,4.25,1.10,95.8375
Nifty Next 50,2021-12-01,22.68,4.27,1.09,96.8436
Nifty Next 50,2021-12-02,22.91,4.31,1.08,98.7421
Nifty Next 50,2021-12-03,22.86,4.31,1.09,98.52659999999999
Nifty Next 50,2021-12-06,22.42,4.22,1.11,94.61240000000001
Nifty Next 50,2021-12-07,22.76,4.29,1.09,97.64040000000001
Nifty Next 50,2021-12-08,23.06,4.34,1.08,100.0804
Nifty Next 50,2021-12-09,23.1,4.35,1.07,100.485
Nifty Next 50,2021-12-10,23.19,4.37,1.07,101.34030000000001
Nifty Next 50,2021-12-13,23.08,4.35,1.07,100.39799999999998
Nifty Next 50,2021-12-14,23.14,4.36,1.15,100.89040000000001
Nifty Next 50,2021-12-15,22.95,4.32,1.16,99.144
Nifty Next 50,2021-12-16,22.87,4.31,1.17,98.5697
Nifty Next 50,2021-12-17,22.3,4.2,1.34,93.66000000000001
Nifty Next 50,2021-12-20,21.67,4.08,1.38,88.4136
Nifty Next 50,2021-12-21,22.08,4.16,1.36,91.8528
Nifty Next 50,2021-12-22,22.39,4.22,1.34,94.4858
Nifty Next 50,2021-12-23,22.62,4.26,1.32,96.3612
Nifty Next 50,2021-12-24,22.39,4.22,1.34,94.4858
Nifty Next 50,2021-12-27,22.45,4.23,1.34,94.96350000000001
Nifty Next 50,2021-12-28,22.65,4.27,1.32,96.71549999999998
Nifty Next 50,2021-12-29,22.6,4.26,1.33,96.276
Nifty Next 50,2021-12-30,22.43,4.22,1.40,94.65459999999999
Nifty Next 50,2021-12-31,22.94,4.3,1.37,98.642
Nifty Next 50,2022-01-03,23.12,4.34,1.36,100.3408
Nifty Next 50,2022-01-04,23.12,4.34,1.36,100.3408
Nifty Next 50,2022-01-05,23.23,4.36,1.35,101.28280000000001
Nifty Next 50,2022-01-06,23.17,4.35,1.35,100.7895
Nifty Next 50,2022-01-07,23.27,4.37,1.35,101.6899
Nifty Next 50,2022-01-10,23.36,4.38,1.34,102.3168
Nifty Next 50,2022-01-11,23.34,4.38,1.34,102.22919999999999
Nifty Next 50,2022-01-12,23.51,4.41,1.33,103.6791
Nifty Next 50,2022-01-13,23.62,4.43,1.33,104.6366
Nifty Next 50,2022-01-14,23.65,4.44,1.32,105.006
Nifty Next 50,2022-01-17,23.74,4.46,1.32,105.8804
Nifty Next 50,2022-01-18,23.33,4.38,1.35,102.18539999999999
Nifty Next 50,2022-01-19,23.31,4.38,1.35,102.09779999999999
Nifty Next 50,2022-01-20,23.3,4.37,1.36,101.82100000000001
Nifty Next 50,2022-01-21,22.9,4.3,1.38,98.46999999999998
Nifty Next 50,2022-01-24,22.07,4.14,1.43,91.3698
Nifty Next 50,2022-01-25,22.21,4.18,1.42,92.8378
Nifty Next 50,2022-01-27,21.81,4.11,1.40,89.6391
Nifty Next 50,2022-01-28,22.01,4.14,1.38,91.1214
Nifty Next 50,2022-01-31,22.13,4.19,1.36,92.7247
Nifty Next 50,2022-02-01,21.43,4.26,1.34,91.2918
Nifty Next 50,2022-02-02,21.84,4.31,1.34,94.1304
Nifty Next 50,2022-02-03,21.71,4.29,1.34,93.1359
Nifty Next 50,2022-02-04,21.69,4.28,1.36,92.8332
Nifty Next 50,2022-02-07,21.26,4.25,1.37,90.355
Nifty Next 50,2022-02-08,20.91,4.23,1.26,88.44930000000001
Nifty Next 50,2022-02-09,21.14,4.28,1.24,90.4792
Nifty Next 50,2022-02-10,21.36,4.3,1.24,91.848
Nifty Next 50,2022-02-11,21.49,4.24,1.26,91.1176
Nifty Next 50,2022-02-14,20.75,4.1,1.30,85.07499999999999
Nifty Next 50,2022-02-15,21.22,4.19,1.26,88.9118
Nifty Next 50,2022-02-16,21.21,4.19,1.26,88.86990000000002
Nifty Next 50,2022-02-17,21.26,4.2,1.32,89.29200000000002
Nifty Next 50,2022-02-18,21.03,4.15,1.33,87.27450000000002
Nifty Next 50,2022-02-21,20.76,4.1,1.35,85.116
Nifty Next 50,2022-02-22,20.79,4.09,1.35,85.0311
Nifty Next 50,2022-02-23,20.96,4.12,1.34,86.35520000000001
Nifty Next 50,2022-02-24,19.79,3.89,1.42,76.9831
Nifty Next 50,2022-02-25,20.54,4.04,1.37,82.9816
Nifty Next 50,2022-02-28,20.77,4.07,1.35,84.5339
Nifty Next 50,2022-03-02,20.77,4.07,1.35,84.5339
Nifty Next 50,2022-03-03,20.74,4.07,1.35,84.4118
Nifty Next 50,2022-03-04,20.24,3.97,1.39,80.3528
Nifty Next 50,2022-03-07,19.71,3.86,1.42,76.0806
Nifty Next 50,2022-03-08,20.01,3.92,1.40,78.4392
Nifty Next 50,2022-03-09,20.29,3.98,1.53,80.7542
Nifty Next 50,2022-03-10,20.68,4.06,1.48,83.96079999999999
Nifty Next 50,2022-03-11,20.78,4.08,1.47,84.78240000000001
Nifty Next 50,2022-03-14,20.71,4.06,1.48,84.0826
Nifty Next 50,2022-03-15,20.51,4.02,1.49,82.4502
Nifty Next 50,2022-03-16,20.98,4.11,1.46,86.2278
Nifty Next 50,2022-03-17,21.29,4.17,1.44,88.77929999999999
Nifty Next 50,2022-03-21,21.0,4.12,1.52,86.52
Nifty Next 50,2022-03-22,21.04,4.12,1.41,86.6848
Nifty Next 50,2022-03-23,21.08,4.13,1.40,87.06039999999999
Nifty Next 50,2022-03-24,21.12,4.14,1.40,87.43679999999999
Nifty Next 50,2022-03-25,21.13,4.14,1.40,87.47819999999999
Nifty Next 50,2022-03-28,21.06,4.13,1.43,86.97779999999999
Nifty Next 50,2022-03-29,21.16,4.15,1.43,87.81400000000001
Nifty Next 50,2022-03-30,21.29,4.17,1.43,88.77929999999999
Nifty Next 50,2022-03-31,21.02,4.41,1.52,92.6982
Nifty Next 50,2022-04-01,21.35,4.47,1.50,95.4345
Nifty Next 50,2022-04-04,21.68,4.54,1.51,98.4272
Nifty Next 50,2022-04-05,21.86,4.58,1.50,100.1188
Nifty Next 50,2022-04-06,21.94,4.6,1.50,100.92399999999999
Nifty Next 50,2022-04-07,21.88,4.58,1.50,100.21039999999999
Nifty Next 50,2022-04-08,22.21,4.65,1.48,103.27650000000001
Nifty Next 50,2022-04-11,22.44,4.7,1.46,105.468
Nifty Next 50,2022-04-12,22.18,4.65,1.48,103.137
Nifty Next 50,2022-04-13,22.21,4.65,1.48,103.27650000000001
Nifty Next 50,2022-04-18,22.13,4.64,1.48,102.68319999999999
Nifty Next 50,2022-04-19,21.73,4.55,1.51,98.8715
Nifty Next 50,2022-04-20,21.82,4.58,1.50,99.93560000000001
Nifty Next 50,2022-04-21,22.11,4.63,1.48,102.3693
Nifty Next 50,2022-04-22,21.95,4.6,1.48,100.96999999999998
Nifty Next 50,2022-04-25,21.51,4.51,1.53,97.01010000000001
Nifty Next 50,2022-04-26,22.02,4.61,1.49,101.5122
Nifty Next 50,2022-04-27,21.73,4.54,1.51,98.6542
Nifty Next 50,2022-04-28,22.03,4.6,1.49,101.338
Nifty Next 50,2022-04-29,21.74,4.54,1.51,98.69959999999999
Nifty Next 50,2022-05-02,21.7,4.52,1.51,98.08399999999999
Nifty Next 50,2022-05-04,21.08,4.39,1.56,92.54119999999999
Nifty Next 50,2022-05-05,21.11,4.4,1.58,92.884
Nifty Next 50,2022-05-06,20.6,4.3,1.93,88.58
Nifty Next 50,2022-05-09,20.2,4.21,1.97,85.042
Nifty Next 50,2022-05-10,19.62,4.12,2.01,80.8344
Nifty Next 50,2022-05-11,19.56,4.11,2.01,80.3916
Nifty Next 50,2022-05-12,19.07,4.01,2.06,76.4707
Nifty Next 50,2022-05-13,18.97,3.99,2.16,75.6903
Nifty Next 50,2022-05-16,19.29,4.05,2.12,78.1245
Nifty Next 50,2022-05-17,19.17,4.15,2.07,79.55550000000001
Nifty Next 50,2022-05-18,19.18,4.16,2.07,79.7888
Nifty Next 50,2022-05-19,18.84,4.04,2.13,76.1136
Nifty Next 50,2022-05-20,19.3,4.1,2.10,79.13
Nifty Next 50,2022-05-23,19.15,4.07,2.12,77.9405
Nifty Next 50,2022-05-24,19.02,4.03,2.13,76.6506
Nifty Next 50,2022-05-25,18.69,3.96,2.17,74.0124
Nifty Next 50,2022-05-26,19.08,4.02,2.14,76.70159999999998
Nifty Next 50,2022-05-27,19.3,4.05,2.13,78.165
Nifty Next 50,2022-05-30,19.77,4.14,2.08,81.84779999999999
Nifty Next 50,2022-05-31,19.65,4.15,2.08,81.5475
Nifty Next 50,2022-06-01,19.47,4.11,2.09,80.0217
Nifty Next 50,2022-06-02,19.57,4.13,2.08,80.8241
Nifty Next 50,2022-06-03,19.2,4.07,2.13,78.144
Nifty Next 50,2022-06-06,19.15,4.06,2.13,77.74899999999998
Nifty Next 50,2022-06-07,18.99,4.02,2.15,76.33979999999998
Nifty Next 50,2022-06-08,18.93,4.01,2.16,75.9093
Nifty Next 50,2022-06-09,19.08,4.04,2.17,77.08319999999999
Nifty Next 50,2022-06-10,18.9,4.0,2.19,75.6
Nifty Next 50,2022-06-13,18.49,3.92,2.23,72.48079999999999
Nifty Next 50,2022-06-14,18.55,3.93,2.24,72.90150000000001
Nifty Next 50,2022-06-15,18.59,3.94,2.23,73.2446
Nifty Next 50,2022-06-16,18.2,3.86,2.27,70.252
Nifty Next 50,2022-06-17,17.9,3.79,2.35,67.841
Nifty Next 50,2022-06-20,17.77,3.77,2.37,66.99289999999999
Nifty Next 50,2022-06-21,18.26,3.87,2.30,70.6662
Nifty Next 50,2022-06-22,17.93,3.8,2.36,68.134
Nifty Next 50,2022-06-23,18.14,3.84,2.33,69.6576
Nifty Next 50,2022-06-24,18.38,3.89,2.30,71.4982
Nifty Next 50,2022-06-27,18.51,3.92,2.29,72.5592
Nifty Next 50,2022-06-28,18.54,3.93,2.28,72.8622
Nifty Next 50,2022-06-29,18.41,3.9,2.28,71.79899999999999
Nifty Next 50,2022-06-30,18.32,3.88,2.31,71.0816
Nifty Next 50,2022-07-01,18.52,3.92,2.27,72.5984
Nifty Next 50,2022-07-04,18.71,3.96,2.25,74.0916
Nifty Next 50,2022-07-05,18.72,3.97,2.25,74.3184
Nifty Next 50,2022-07-06,19.04,4.03,2.18,76.7312
Nifty Next 50,2022-07-07,19.2,4.07,2.16,78.144
Nifty Next 50,2022-07-08,19.26,4.05,2.15,78.003
Nifty Next 50,2022-07-11,19.54,4.05,2.11,79.13699999999999
Nifty Next 50,2022-07-12,19.47,4.04,2.11,78.6588
Nifty Next 50,2022-07-13,19.46,4.04,2.11,78.61840000000001
Nifty Next 50,2022-07-14,19.42,4.03,2.18,78.2626
Nifty Next 50,2022-07-15,19.54,4.05,2.17,79.13699999999999
Nifty Next 50,2022-07-18,19.8,4.1,2.15,81.17999999999999
Nifty Next 50,2022-07-19,19.9,4.12,2.13,81.988
Nifty Next 50,2022-07-20,19.94,4.13,2.13,82.3522
Nifty Next 50,2022-07-21,20.27,4.19,2.12,84.93130000000001
Nifty Next 50,2022-07-22,20.16,4.17,2.12,84.0672
Nifty Next 50,2022-07-25,20.11,4.17,2.12,83.8587
Nifty Next 50,2022-07-26,19.7,4.09,2.37,80.573
Nifty Next 50,2022-07-27,19.87,4.13,2.32,82.0631
Nifty Next 50,2022-07-28,20.06,4.17,2.34,83.6502
Nifty Next 50,2022-07-29,20.31,4.23,2.29,85.9113
Nifty Next 50,2022-08-01,20.6,4.29,2.27,88.37400000000001
Nifty Next 50,2022-08-02,21.08,4.31,2.26,90.85479999999998
Nifty Next 50,2022-08-03,20.99,4.29,2.27,90.0471
Nifty Next 50,2022-08-04,21.09,4.31,2.26,90.89789999999999
Nifty Next 50,2022-08-05,20.99,4.31,2.23,90.46689999999998
Nifty Next 50,2022-08-08,22.04,4.6,2.08,101.38399999999999
Nifty Next 50,2022-08-10,21.97,4.58,2.09,100.62259999999999
Nifty Next 50,2022-08-11,22.16,4.53,2.15,100.38480000000001
Nifty Next 50,2022-08-12,22.2,4.34,2.14,96.348
Nifty Next 50,2022-08-16,22.99,4.41,2.11,101.38589999999999
Nifty Next 50,2022-08-17,23.2,4.48,2.09,103.936
Nifty Next 50,2022-08-18,23.34,4.48,2.08,104.56320000000001
Nifty Next 50,2022-08-19,23.11,4.44,2.10,102.6084
Nifty Next 50,2022-08-22,22.68,4.35,2.14,98.65799999999999
Nifty Next 50,2022-08-23,22.79,4.37,2.12,99.5923
Nifty Next 50,2022-08-24,22.93,4.4,2.11,100.89200000000001
Nifty Next 50,2022-08-25,22.93,4.4,2.11,100.89200000000001
Nifty Next 50,2022-08-26,23.05,4.42,2.10,101.881
Nifty Next 50,2022-08-29,22.91,4.4,2.11,100.804
Nifty Next 50,2022-08-30,23.42,4.47,2.07,104.6874
Nifty Next 50,2022-09-01,23.42,4.47,2.07,104.6874
Nifty Next 50,2022-09-02,23.38,4.46,2.07,104.2748
Nifty Next 50,2022-09-05,23.35,4.46,2.07,104.141
Nifty Next 50,2022-09-06,23.5,4.49,2.06,105.515
Nifty Next 50,2022-09-07,23.58,4.5,2.05,106.10999999999999
Nifty Next 50,2022-09-08,23.65,4.51,1.88,106.66149999999999
Nifty Next 50,2022-09-09,23.63,4.51,1.88,106.5713
Nifty Next 50,2022-09-12,23.91,4.57,1.86,109.26870000000001
Nifty Next 50,2022-09-13,24.07,4.6,1.84,110.722
Nifty Next 50,2022-09-14,24.18,4.62,1.83,111.7116
Nifty Next 50,2022-09-15,24.33,4.65,1.82,113.1345
Nifty Next 50,2022-09-16,23.62,4.51,1.88,106.5262
Nifty Next 50,2022-09-19,23.7,4.52,1.87,107.12399999999998
Nifty Next 50,2022-09-20,23.97,4.58,1.83,109.7826
Nifty Next 50,2022-09-21,23.58,4.5,1.86,106.10999999999999
Nifty Next 50,2022-09-22,23.68,4.52,1.87,107.03359999999999
Nifty Next 50,2022-09-23,23.26,4.44,1.91,103.27440000000001
Nifty Next 50,2022-09-26,22.63,4.32,1.96,97.7616
Nifty Next 50,2022-09-27,22.69,4.33,1.96,98.24770000000001
Nifty Next 50,2022-09-28,22.55,4.3,1.95,96.965
Nifty Next 50,2022-09-29,22.47,4.29,1.96,96.3963
Nifty Next 50,2022-09-30,21.82,4.63,1.99,101.0266
Nifty Next 50,2022-10-03,21.32,4.53,2.04,96.57960000000001
Nifty Next 50,2022-10-04,21.82,4.63,1.99,101.0266
Nifty Next 50,2022-10-06,21.99,4.67,1.98,102.6933
Nifty Next 50,2022-10-07,21.95,4.66,1.98,102.287
Nifty Next 50,2022-10-10,21.77,4.62,2.00,100.5774
Nifty Next 50,2022-10-11,21.37,4.54,2.03,97.0198
Nifty Next 50,2022-10-12,21.54,4.57,2.02,98.4378
Nifty Next 50,2022-10-13,21.33,4.53,2.04,96.6249
Nifty Next 50,2022-10-14,21.25,4.51,2.04,95.83749999999999
Nifty Next 50,2022-10-17,21.39,4.54,2.03,97.1106
Nifty Next 50,2022-10-18,21.65,4.59,2.01,99.37349999999999
Nifty Next 50,2022-10-19,21.72,4.58,2.01,99.4776
Nifty Next 50,2022-10-20,21.96,4.63,1.99,101.6748
Nifty Next 50,2022-10-21,21.66,4.57,2.02,98.98620000000001
Nifty Next 50,2022-10-24,21.73,4.58,2.01,99.52340000000001
Nifty Next 50,2022-10-25,21.8,4.58,2.01,99.84400000000001
Nifty Next 50,2022-10-27,22.05,4.63,1.99,102.0915
Nifty Next 50,2022-10-28,21.95,4.61,2.00,101.18950000000001
Nifty Next 50,2022-10-31,22.25,4.66,1.99,103.685
Nifty Next 50,2022-11-01,22.97,4.71,1.95,108.1887
Nifty Next 50,2022-11-02,22.93,4.7,1.95,107.771
Nifty Next 50,2022-11-03,22.97,4.7,1.96,107.959
Nifty Next 50,2022-11-04,22.98,4.71,1.96,108.2358
Nifty Next 50,2022-11-07,23.2,4.73,1.95,109.736
Nifty Next 50,2022-11-09,23.16,4.72,1.94,109.31519999999999
Nifty Next 50,2022-11-10,22.93,4.68,1.96,107.3124
Nifty Next 50,2022-11-11,23.15,4.72,1.81,109.26799999999999
Nifty Next 50,2022-11-14,23.25,4.75,1.81,110.4375
Nifty Next 50,2022-11-15,25.52,4.75,1.80,121.22
Nifty Next 50,2022-11-16,25.32,4.72,1.82,119.51039999999999
Nifty Next 50,2022-11-17,25.13,4.68,1.83,117.60839999999999
Nifty Next 50,2022-11-18,25.0,4.66,1.86,116.5
Nifty Next 50,2022-11-21,24.86,4.63,1.87,115.1018
Nifty Next 50,2022-11-22,24.92,4.64,1.87,115.6288
Nifty Next 50,2022-11-23,24.97,4.65,1.85,116.1105
Nifty Next 50,2022-11-24,25.06,4.67,1.85,117.0302
Nifty Next 50,2022-11-25,25.13,4.68,1.84,117.60839999999999
Nifty Next 50,2022-11-28,25.18,4.69,1.84,118.09420000000001
Nifty Next 50,2022-11-29,25.1,4.71,2.00,118.221
Nifty Next 50,2022-11-30,25.42,4.77,1.98,121.2534
Nifty Next 50,2022-12-01,25.52,4.79,1.97,122.2408
Nifty Next 50,2022-12-02,25.55,4.79,1.97,122.3845
Nifty Next 50,2022-12-05,25.51,4.78,1.97,121.93780000000001
Nifty Next 50,2022-12-06,25.49,4.78,1.97,121.8422
Nifty Next 50,2022-12-07,25.54,4.79,1.97,122.33659999999999
Nifty Next 50,2022-12-08,25.64,4.81,1.96,123.32839999999999
Nifty Next 50,2022-12-09,25.48,4.78,1.97,121.79440000000001
Nifty Next 50,2022-12-12,25.49,4.78,1.97,121.8422
Nifty Next 50,2022-12-13,25.44,4.77,1.98,121.3488
Nifty Next 50,2022-12-14,25.56,4.79,1.97,122.4324
Nifty Next 50,2022-12-15,25.33,4.75,1.99,120.3175
Nifty Next 50,2022-12-16,25.01,4.69,2.01,117.29690000000002
Nifty Next 50,2022-12-19,25.26,4.74,1.86,119.73240000000001
Nifty Next 50,2022-12-20,25.21,4.73,1.86,119.24330000000002
Nifty Next 50,2022-12-21,24.81,4.65,1.89,115.3665
Nifty Next 50,2022-12-22,24.63,4.62,1.91,113.7906
Nifty Next 50,2022-12-23,23.71,4.45,1.98,105.5095
Nifty Next 50,2022-12-26,24.27,4.55,1.94,110.4285
Nifty Next 50,2022-12-27,24.52,4.6,1.92,112.79199999999999
Nifty Next 50,2022-12-28,24.59,4.61,1.91,113.35990000000001
Nifty Next 50,2022-12-29,24.58,4.61,1.91,113.3138
Nifty Next 50,2022-12-30,25.63,4.79,1.77,122.76769999999999
Nifty Next 50,2023-01-02,25.67,4.79,1.76,122.95930000000001
Nifty Next 50,2023-01-03,25.78,4.81,1.76,124.00179999999999
Nifty Next 50,2023-01-04,25.43,4.75,1.78,120.7925
Nifty Next 50,2023-01-05,25.61,4.78,1.77,122.4158
Nifty Next 50,2023-01-06,25.42,4.75,1.78,120.745
Nifty Next 50,2023-01-09,25.63,4.78,1.77,122.5114
Nifty Next 50,2023-01-10,25.53,4.77,1.77,121.7781
Nifty Next 50,2023-01-11,25.45,4.75,1.78,120.8875
Nifty Next 50,2023-01-12,25.5,4.76,1.78,121.38
Nifty Next 50,2023-01-13,25.61,4.78,1.77,122.4158
Nifty Next 50,2023-01-16,25.59,4.78,1.77,122.3202
Nifty Next 50,2023-01-17,25.61,4.78,1.76,122.4158
Nifty Next 50,2023-01-18,25.61,4.78,1.76,122.4158
Nifty Next 50,2023-01-19,25.53,4.77,1.77,121.7781
Nifty Next 50,2023-01-20,25.44,4.75,1.77,120.84
Nifty Next 50,2023-01-23,25.54,4.76,1.77,121.57039999999999
Nifty Next 50,2023-01-24,25.48,4.74,1.77,120.77520000000001
Nifty Next 50,2023-01-25,25.24,4.62,1.82,116.6088
Nifty Next 50,2023-01-27,24.27,4.45,1.89,108.00150000000001
Nifty Next 50,2023-01-30,24.37,4.4,1.92,107.22800000000001
Nifty Next 50,2023-01-31,25.4,4.44,1.92,112.77600000000001
Nifty Next 50,2023-02-01,24.99,4.37,1.95,109.2063
Nifty Next 50,2023-02-02,25.81,4.36,1.95,112.5316
Nifty Next 50,2023-02-03,25.77,4.35,2.09,112.09949999999999
Nifty Next 50,2023-02-06,25.92,4.38,2.05,113.5296
Nifty Next 50,2023-02-07,25.07,4.37,2.05,109.55590000000001
Nifty Next 50,2023-02-08,25.3,4.41,2.03,111.57300000000001
Nifty Next 50,2023-02-09,25.17,4.39,1.93,110.4963
Nifty Next 50,2023-02-10,25.14,4.38,1.95,110.1132
Nifty Next 50,2023-02-13,24.77,4.32,1.98,107.0064
Nifty Next 50,2023-02-14,26.46,4.31,1.98,114.0426
Nifty Next 50,2023-02-15,26.65,4.34,1.96,115.66099999999999
Nifty Next 50,2023-02-16,26.8,4.38,1.95,117.384
Nifty Next 50,2023-02-17,26.64,4.35,1.94,115.88399999999999
Nifty Next 50,2023-02-20,26.53,4.34,1.95,115.14020000000001
Nifty Next 50,2023-02-21,26.48,4.33,1.95,114.6584
Nifty Next 50,2023-02-22,26.09,4.26,2.01,111.1434
Nifty Next 50,2023-02-23,25.98,4.25,2.01,110.415
Nifty Next 50,2023-02-24,25.96,4.24,2.02,110.0704
Nifty Next 50,2023-02-27,25.71,4.2,2.04,107.98200000000001
Nifty Next 50,2023-02-28,25.78,4.21,2.03,108.5338
Nifty Next 50,2023-03-01,26.08,4.26,2.01,111.10079999999999
Nifty Next 50,2023-03-02,26.07,4.26,2.01,111.0582
Nifty Next 50,2023-03-03,26.3,4.3,1.99,113.09
Nifty Next 50,2023-03-06,26.51,4.33,1.98,114.7883
Nifty Next 50,2023-03-08,26.61,4.35,1.99,115.75349999999999
Nifty Next 50,2023-03-09,26.42,4.32,1.87,114.13440000000001
Nifty Next 50,2023-03-10,26.36,4.31,1.87,113.61159999999998
Nifty Next 50,2023-03-13,26.02,4.25,1.90,110.585
Nifty Next 50,2023-03-14,25.87,4.23,1.91,109.43010000000001
Nifty Next 50,2023-03-15,25.85,4.23,1.91,109.34550000000002
Nifty Next 50,2023-03-16,26.01,4.25,1.90,110.5425
Nifty Next 50,2023-03-17,26.15,4.27,1.89,111.66049999999998
Nifty Next 50,2023-03-20,25.96,4.24,1.92,110.0704
Nifty Next 50,2023-03-21,26.08,4.26,1.92,111.10079999999999
Nifty Next 50,2023-03-22,26.25,4.29,1.91,112.6125
Nifty Next 50,2023-03-23,26.15,4.27,1.92,111.66049999999998
Nifty Next 50,2023-03-24,25.94,4.24,1.94,109.9856
Nifty Next 50,2023-03-27,25.81,4.22,1.95,108.91819999999998
Nifty Next 50,2023-03-28,25.57,4.18,1.97,106.8826
Nifty Next 50,2023-03-29,25.77,4.21,1.96,108.4917
Nifty Next 50,2023-03-31,25.7,4.22,1.86,108.454
Nifty Next 50,2023-04-03,25.76,4.23,1.86,108.96480000000001
Nifty Next 50,2023-04-05,25.9,4.25,1.80,110.07499999999999
Nifty Next 50,2023-04-06,25.91,4.25,2.02,110.1175
Nifty Next 50,2023-04-10,25.98,4.26,2.01,110.67479999999999
Nifty Next 50,2023-04-11,26.04,4.27,2.01,111.19079999999998
Nifty Next 50,2023-04-12,26.16,4.29,2.00,112.2264
Nifty Next 50,2023-04-13,26.12,4.28,2.00,111.79360000000001
Nifty Next 50,2023-04-17,26.23,4.3,1.99,112.789
Nifty Next 50,2023-04-18,26.32,4.32,2.01,113.70240000000001
Nifty Next 50,2023-04-19,26.09,4.28,2.03,111.66520000000001
Nifty Next 50,2023-04-20,26.1,4.28,2.03,111.70800000000001
Nifty Next 50,2023-04-21,26.07,4.28,2.03,111.57960000000001
Nifty Next 50,2023-04-24,26.17,4.29,2.02,112.2693
Nifty Next 50,2023-04-25,26.28,4.31,1.99,113.26679999999999
Nifty Next 50,2023-04-26,26.38,4.33,1.98,114.2254
Nifty Next 50,2023-04-27,26.44,4.34,1.98,114.7496
Nifty Next 50,2023-04-28,26.8,4.4,1.95,117.92000000000002
Nifty Next 50,2023-05-02,26.98,4.43,1.94,119.5214
Nifty Next 50,2023-05-03,27.03,4.43,1.94,119.74289999999999
Nifty Next 50,2023-05-04,27.19,4.46,1.93,121.26740000000001
Nifty Next 50,2023-05-05,27.13,4.46,1.90,120.9998
Nifty Next 50,2023-05-08,27.37,4.49,1.57,122.89130000000002
Nifty Next 50,2023-05-09,27.33,4.49,1.58,122.7117
Nifty Next 50,2023-05-10,27.47,4.51,1.57,123.88969999999999
Nifty Next 50,2023-05-11,27.38,4.55,1.55,124.579
Nifty Next 50,2023-05-12,27.31,4.54,1.56,123.9874
Nifty Next 50,2023-05-15,27.43,4.56,1.47,125.08079999999998
Nifty Next 50,2023-05-16,28.3,4.57,1.47,129.33100000000002
Nifty Next 50,2023-05-17,28.15,4.54,1.48,127.80099999999999
Nifty Next 50,2023-05-18,26.46,4.5,1.49,119.07000000000001
Nifty Next 50,2023-05-19,26.54,4.51,1.51,119.69539999999999
Nifty Next 50,2023-05-22,27.06,4.55,1.50,123.12299999999999
Nifty Next 50,2023-05-23,27.02,4.56,1.49,123.21119999999999
Nifty Next 50,2023-05-24,27.04,4.56,1.49,123.30239999999999
Nifty Next 50,2023-05-25,27.19,4.59,1.49,124.8021
Nifty Next 50,2023-05-26,27.5,4.64,1.47,127.6
Nifty Next 50,2023-05-29,27.7,4.67,1.46,129.359
Nifty Next 50,2023-05-30,28.04,4.66,1.64,130.6664
Nifty Next 50,2023-05-31,28.11,4.67,1.64,131.2737
Nifty Next 50,2023-06-01,28.15,4.68,1.64,131.742
Nifty Next 50,2023-06-02,28.27,4.7,1.64,132.869
Nifty Next 50,2023-06-05,28.11,4.71,1.63,132.3981
Nifty Next 50,2023-06-06,28.24,4.73,1.62,133.5752
Nifty Next 50,2023-06-07,28.5,4.78,1.63,136.23000000000002
Nifty Next 50,2023-06-08,28.31,4.74,1.64,134.1894
Nifty Next 50,2023-06-09,28.28,4.73,1.65,133.76440000000002
Nifty Next 50,2023-06-12,28.41,4.75,1.65,134.9475
Nifty Next 50,2023-06-13,28.68,4.8,1.64,137.664
Nifty Next 50,2023-06-14,28.73,4.81,1.69,138.19129999999998
Nifty Next 50,2023-06-15,28.74,4.81,1.63,138.2394
Nifty Next 50,2023-06-16,29.03,4.86,1.61,141.0858
Nifty Next 50,2023-06-19,28.98,4.85,1.57,140.553
Nifty Next 50,2023-06-20,29.09,4.87,1.57,141.66830000000002
Nifty Next 50,2023-06-21,29.07,4.86,1.57,141.2802
Nifty Next 50,2023-06-22,28.73,4.81,1.59,138.19129999999998
Nifty Next 50,2023-06-23,28.36,4.75,1.61,134.71
Nifty Next 50,2023-06-26,28.48,4.77,1.61,135.84959999999998
Nifty Next 50,2023-06-27,28.6,4.79,1.60,136.994
Nifty Next 50,2023-06-28,28.78,4.82,1.59,138.7196
Nifty Next 50,2023-06-30,29.09,4.88,1.68,141.9592
Nifty Next 50,2023-07-03,29.21,4.9,1.68,143.12900000000002
Nifty Next 50,2023-07-04,29.1,4.88,1.68,142.008
Nifty Next 50,2023-07-05,29.33,4.92,1.67,144.3036
Nifty Next 50,2023-07-06,29.51,4.95,1.66,146.0745
Nifty Next 50,2023-07-07,29.26,4.9,1.69,143.37400000000002
Nifty Next 50,2023-07-10,29.1,4.88,1.73,142.008
Nifty Next 50,2023-07-11,29.32,4.91,1.72,143.96120000000002
Nifty Next 50,2023-07-12,29.4,4.93,1.72,144.94199999999998
Nifty Next 50,2023-07-13,28.65,4.6,1.71,131.79
Nifty Next 50,2023-07-14,28.87,4.63,1.71,133.6681
Nifty Next 50,2023-07-17,28.95,4.64,1.70,134.32799999999997
Nifty Next 50,2023-07-18,28.83,4.62,1.71,133.1946
Nifty Next 50,2023-07-19,28.98,4.65,1.70,134.757
Nifty Next 50,2023-07-20,28.91,4.64,1.70,134.14239999999998
Nifty Next 50,2023-07-21,28.8,4.62,1.71,133.056
Nifty Next 50,2023-07-24,28.73,4.62,1.71,132.73260000000002
Nifty Next 50,2023-07-25,29.37,4.6,1.70,135.102
Nifty Next 50,2023-07-26,29.12,4.62,1.50,134.5344
Nifty Next 50,2023-07-27,29.2,4.63,1.51,135.196
Nifty Next 50,2023-07-28,29.39,4.67,1.59,137.25130000000001
Nifty Next 50,2023-07-31,29.14,4.69,1.59,136.66660000000002
Nifty Next 50,2023-08-01,26.87,4.68,1.58,125.7516
Nifty Next 50,2023-08-02,26.84,4.55,1.58,122.122
Nifty Next 50,2023-08-03,26.69,4.53,1.59,120.90570000000001
Nifty Next 50,2023-08-04,26.09,4.57,1.58,119.2313
Nifty Next 50,2023-08-07,26.09,4.5,1.58,117.405
Nifty Next 50,2023-08-08,25.6,4.5,1.57,115.2
Nifty Next 50,2023-08-09,25.66,4.51,1.56,115.72659999999999
Nifty Next 50,2023-08-10,25.49,4.49,1.57,114.45009999999999
Nifty Next 50,2023-08-11,25.36,4.48,1.52,113.61280000000001
Nifty Next 50,2023-08-14,25.04,4.42,1.53,110.6768
Nifty Next 50,2023-08-16,24.99,4.42,1.53,110.4558
Nifty Next 50,2023-08-17,24.92,4.41,1.55,109.89720000000001
Nifty Next 50,2023-08-18,24.8,4.39,1.56,108.872
Nifty Next 50,2023-08-21,25.0,4.42,1.54,110.5
Nifty Next 50,2023-08-22,25.11,4.41,1.53,110.7351
Nifty Next 50,2023-08-23,25.12,4.41,1.53,110.7792
Nifty Next 50,2023-08-24,25.21,4.42,1.54,111.4282
Nifty Next 50,2023-08-25,24.92,4.37,1.55,108.9004
Nifty Next 50,2023-08-28,25.05,4.36,1.54,109.21800000000002
Nifty Next 50,2023-08-29,25.2,4.36,1.53,109.872
Nifty Next 50,2023-08-30,25.29,4.38,1.53,110.77019999999999
Nifty Next 50,2023-08-31,25.1,4.35,1.54,109.185
Nifty Next 50,2023-09-01,25.32,4.37,1.53,110.64840000000001
Nifty Next 50,2023-09-04,25.54,4.41,1.51,112.6314
Nifty Next 50,2023-09-05,25.59,4.41,1.51,112.8519
Nifty Next 50,2023-09-06,25.71,4.45,1.50,114.40950000000001
Nifty Next 50,2023-09-07,25.84,4.47,1.49,115.50479999999999
Nifty Next 50,2023-09-08,26.05,4.5,1.48,117.22500000000001
Nifty Next 50,2023-09-11,26.32,4.55,1.47,119.756
Nifty Next 50,2023-09-12,25.71,4.45,1.50,114.40950000000001
Nifty Next 50,2023-09-13,25.79,4.46,1.50,115.0234
Nifty Next 50,2023-09-14,25.97,4.49,1.49,116.6053
Nifty Next 50,2023-09-15,26.02,4.5,1.48,117.09
Nifty Next 50,2023-09-18,26.0,4.5,1.48,117.0
Nifty Next 50,2023-09-20,25.77,4.46,1.49,114.9342
Nifty Next 50,2023-09-21,25.55,4.42,1.50,112.931
Nifty Next 50,2023-09-22,25.52,4.41,1.49,112.5432
Nifty Next 50,2023-09-25,25.46,4.4,1.49,112.02400000000002
Nifty Next 50,2023-09-26,25.51,4.41,1.49,112.49910000000001
Nifty Next 50,2023-09-27,25.55,4.42,1.49,112.931
Nifty Next 50,2023-09-28,25.17,4.35,1.53,109.48949999999999
Nifty Next 50,2023-09-29,24.72,3.69,1.45,91.21679999999999
Nifty Next 50,2023-10-03,24.8,3.7,1.45,91.76
Nifty Next 50,2023-10-04,24.45,3.65,1.47,89.24249999999999
Nifty Next 50,2023-10-05,24.51,3.66,1.46,89.70660000000001
Nifty Next 50,2023-10-06,24.67,3.68,1.46,90.78560000000002
Nifty Next 50,2023-10-09,24.37,3.64,1.47,88.7068
Nifty Next 50,2023-10-10,24.7,3.69,1.45,91.143
Nifty Next 50,2023-10-11,24.83,3.7,1.45,91.871
Nifty Next 50,2023-10-12,24.88,3.71,1.44,92.3048
Nifty Next 50,2023-10-13,24.86,3.71,1.44,92.2306
Nifty Next 50,2023-10-16,24.93,3.72,1.44,92.73960000000001
Nifty Next 50,2023-10-17,25.02,3.73,1.43,93.3246
Nifty Next 50,2023-10-18,24.76,3.69,1.45,91.3644
Nifty Next 50,2023-10-19,24.68,3.68,1.45,90.8224
Nifty Next 50,2023-10-20,24.45,3.65,1.47,89.24249999999999
Nifty Next 50,2023-10-23,23.96,3.58,1.50,85.77680000000001
Nifty Next 50,2023-10-25,23.82,3.56,1.51,84.7992
Nifty Next 50,2023-10-26,23.58,3.52,1.52,83.0016
Nifty Next 50,2023-10-27,24.04,3.59,1.49,86.30359999999999
Nifty Next 50,2023-10-30,23.49,3.6,1.49,84.564
Nifty Next 50,2023-10-31,23.52,3.6,1.47,84.672
Nifty Next 50,2023-11-01,23.35,3.59,1.48,83.8265
Nifty Next 50,2023-11-02,21.75,3.64,1.45,79.17
Nifty Next 50,2023-11-03,21.96,3.72,1.43,81.69120000000001
Nifty Next 50,2023-11-06,22.08,3.75,1.48,82.8
Nifty Next 50,2023-11-07,22.32,3.78,1.48,84.36959999999999
Nifty Next 50,2023-11-08,22.45,3.8,1.47,85.30999999999999
Nifty Next 50,2023-11-09,22.2,3.79,1.49,84.13799999999999
Nifty Next 50,2023-11-10,22.21,3.79,1.64,84.1759
Nifty Next 50,2023-11-12,22.31,3.8,1.63,84.77799999999999
Nifty Next 50,2023-11-13,22.24,3.81,1.63,84.7344
Nifty Next 50,2023-11-15,22.43,3.84,1.61,86.13119999999999
Nifty Next 50,2023-11-16,22.51,3.86,1.61,86.8886
Nifty Next 50,2023-11-17,22.68,3.88,1.62,87.99839999999999
Nifty Next 50,2023-11-20,22.63,3.87,1.60,87.57809999999999
Nifty Next 50,2023-11-21,22.63,3.87,1.60,87.57809999999999
Nifty Next 50,2023-11-22,22.54,3.85,1.61,86.779
Nifty Next 50,2023-11-23,22.61,3.86,1.61,87.27459999999999
Nifty Next 50,2023-11-24,22.57,3.86,1.61,87.1202
Nifty Next 50,2023-11-28,22.84,3.9,1.59,89.076
Nifty Next 50,2023-11-29,23.0,3.93,1.43,90.39
Nifty Next 50,2023-11-30,23.24,3.98,1.42,92.4952
Nifty Next 50,2023-12-01,23.46,4.01,1.40,94.0746
Nifty Next 50,2023-12-04,23.92,4.09,1.38,97.8328
Nifty Next 50,2023-12-05,24.17,4.13,1.36,99.8221
Nifty Next 50,2023-12-06,24.45,4.18,1.35,102.201
Nifty Next 50,2023-12-07,24.64,4.22,1.34,103.9808
Nifty Next 50,2023-12-08,24.49,4.19,1.34,102.6131
Nifty Next 50,2023-12-11,24.75,4.23,1.33,104.69250000000001
Nifty Next 50,2023-12-12,24.59,4.21,1.34,103.5239
Nifty Next 50,2023-12-13,24.81,4.24,1.33,105.1944
Nifty Next 50,2023-12-14,25.13,4.3,1.31,108.059
Nifty Next 50,2023-12-15,25.14,4.3,1.31,108.102
Nifty Next 50,2023-12-18,25.31,4.33,1.30,109.5923
Nifty Next 50,2023-12-19,25.35,4.34,1.30,110.019
Nifty Next 50,2023-12-20,24.61,4.21,1.34,103.6081
Nifty Next 50,2023-12-21,24.93,4.27,1.32,106.45109999999998
Nifty Next 50,2023-12-22,25.14,4.3,1.31,108.102
Nifty Next 50,2023-12-26,25.37,4.34,1.30,110.1058
Nifty Next 50,2023-12-27,25.47,4.36,1.38,111.0492
Nifty Next 50,2023-12-28,25.61,4.38,1.37,112.17179999999999
Nifty Next 50,2023-12-29,25.65,4.39,1.41,112.60349999999998
Nifty Next 50,2024-01-01,25.68,4.4,1.41,112.992
Nifty Next 50,2024-01-02,25.62,4.39,1.41,112.4718
Nifty Next 50,2024-01-03,25.81,4.42,1.38,114.08019999999999
Nifty Next 50,2024-01-04,26.14,4.48,1.36,117.10720000000002
Nifty Next 50,2024-01-05,26.11,4.47,1.37,116.7117
Nifty Next 50,2024-01-08,25.84,4.43,1.38,114.4712
Nifty Next 50,2024-01-09,25.95,4.45,1.37,115.4775
Nifty Next 50,2024-01-10,26.0,4.45,1.37,115.7
Nifty Next 50,2024-01-11,26.25,4.5,1.36,118.125
Nifty Next 50,2024-01-12,26.32,4.51,1.36,118.7032
Nifty Next 50,2024-01-15,26.41,4.53,1.35,119.63730000000001
Nifty Next 50,2024-01-16,26.36,4.52,1.35,119.14719999999998
Nifty Next 50,2024-01-17,26.06,4.47,1.37,116.48819999999999
Nifty Next 50,2024-01-18,25.94,4.44,1.37,115.17360000000002
Nifty Next 50,2024-01-19,26.3,4.51,1.36,118.613
Nifty Next 50,2024-01-20,26.31,4.51,1.36,118.65809999999999
Nifty Next 50,2024-01-23,25.62,4.39,1.39,112.4718
Nifty Next 50,2024-01-24,26.05,4.47,1.37,116.4435
Nifty Next 50,2024-01-25,26.04,4.47,1.36,116.3988
Nifty Next 50,2024-01-29,25.34,4.53,1.34,114.7902
Nifty Next 50,2024-01-30,25.05,4.52,1.35,113.226
Nifty Next 50,2024-01-31,24.78,4.56,1.34,112.9968
Nifty Next 50,2024-02-01,24.89,4.57,1.34,113.74730000000001
Nifty Next 50,2024-02-02,24.69,4.61,1.32,113.82090000000001
Nifty Next 50,2024-02-05,24.57,4.59,1.22,112.77629999999999
Nifty Next 50,2024-02-06,24.68,4.65,1.31,114.762
Nifty Next 50,2024-02-07,25.08,4.72,1.29,118.37759999999999
Nifty Next 50,2024-02-08,25.19,4.75,1.28,119.6525
Nifty Next 50,2024-02-09,25.04,4.73,1.31,118.4392
Nifty Next 50,2024-02-12,24.51,4.64,1.33,113.7264
Nifty Next 50,2024-02-13,24.72,4.68,1.32,115.68959999999998
Nifty Next 50,2024-02-14,25.04,4.75,1.30,118.94
Nifty Next 50,2024-02-15,25.22,4.79,1.29,120.8038
Nifty Next 50,2024-02-16,25.36,4.82,1.27,122.2352
Nifty Next 50,2024-02-19,25.39,4.83,1.27,122.6337
Nifty Next 50,2024-02-20,25.39,4.83,1.29,122.6337
Nifty Next 50,2024-02-21,25.26,4.81,1.31,121.50059999999999
Nifty Next 50,2024-02-22,25.52,4.86,1.28,124.02720000000001
Nifty Next 50,2024-02-23,25.59,4.87,1.28,124.6233
Nifty Next 50,2024-02-26,25.61,4.87,1.28,124.7207
Nifty Next 50,2024-02-27,25.59,4.87,1.28,124.6233
Nifty Next 50,2024-02-28,25.26,4.81,1.30,121.50059999999999
Nifty Next 50,2024-02-29,25.52,4.86,1.29,124.02720000000001
Nifty Next 50,2024-03-01,25.74,4.9,1.27,126.126
Nifty Next 50,2024-03-02,25.86,4.92,1.27,127.2312
Nifty Next 50,2024-03-04,25.93,4.93,1.27,127.83489999999999
Nifty Next 50,2024-03-05,25.95,4.94,1.26,128.193
Nifty Next 50,2024-03-06,25.87,4.92,1.29,127.2804
Nifty Next 50,2024-03-07,26.09,4.97,1.28,129.66729999999998
Nifty Next 50,2024-03-11,26.09,4.96,1.26,129.4064
Nifty Next 50,2024-03-12,25.68,4.89,1.28,125.5752
Nifty Next 50,2024-03-13,24.72,4.7,1.33,116.184
Nifty Next 50,2024-03-14,25.31,4.82,1.30,121.9942
Nifty Next 50,2024-03-15,25.11,4.78,1.31,120.0258
Nifty Next 50,2024-03-18,25.27,4.81,1.30,121.54869999999998
Nifty Next 50,2024-03-19,24.83,4.72,1.34,117.19759999999998
Nifty Next 50,2024-03-20,24.91,4.74,1.32,118.0734
Nifty Next 50,2024-03-21,25.49,4.85,1.23,123.62649999999998
Nifty Next 50,2024-03-22,25.6,4.87,1.24,124.67200000000001
Nifty Next 50,2024-03-26,25.87,4.92,1.22,127.2804
Nifty Next 50,2024-03-27,25.92,4.93,1.21,127.7856
Nifty Next 50,2024-03-28,22.43,4.42,1.33,99.14059999999999
Nifty Next 50,2024-04-01,22.8,4.49,1.30,102.37200000000001
Nifty Next 50,2024-04-02,23.03,4.54,1.29,104.5562
Nifty Next 50,2024-04-03,23.1,4.55,1.29,105.105
Nifty Next 50,2024-04-04,23.0,4.53,1.29,104.19000000000001
Nifty Next 50,2024-04-05,23.2,4.57,1.28,106.024
Nifty Next 50,2024-04-08,23.31,4.59,1.13,106.99289999999999
Nifty Next 50,2024-04-09,23.23,4.58,1.13,106.3934
Nifty Next 50,2024-04-10,23.43,4.62,1.12,108.2466
Nifty Next 50,2024-04-12,23.34,4.48,1.13,104.56320000000001
Nifty Next 50,2024-04-15,22.94,4.4,1.15,100.936
Nifty Next 50,2024-04-16,22.96,4.41,1.15,101.2536
Nifty Next 50,2024-04-18,22.94,4.4,1.15,100.936
Nifty Next 50,2024-04-19,22.9,4.4,1.15,100.76
Nifty Next 50,2024-04-22,23.19,4.45,1.14,103.19550000000001
Nifty Next 50,2024-04-23,23.24,4.46,1.13,103.65039999999999
Nifty Next 50,2024-04-24,23.42,4.49,1.12,105.15580000000001
Nifty Next 50,2024-04-25,23.58,4.52,1.12,106.58159999999998
Nifty Next 50,2024-04-26,23.74,4.55,1.11,108.01699999999998
Nifty Next 50,2024-04-29,23.96,4.58,1.1,109.7368
Nifty Next 50,2024-04-30,24.06,4.61,1.1,110.9166
Nifty Next 50,2024-05-02,24.56,4.69,1.08,115.1864
Nifty Next 50,2024-05-03,24.47,4.67,1.09,114.27489999999999
Nifty Next 50,2024-05-06,24.16,4.61,1.1,111.37760000000002
Nifty Next 50,2024-05-07,23.79,4.54,1.12,108.00659999999999
Nifty Next 50,2024-05-08,24.37,4.6,1.1,112.10199999999999
Nifty Next 50,2024-05-09,23.87,4.5,1.13,107.415
Nifty Next 50,2024-05-10,23.97,4.54,1.12,108.82379999999999
Nifty Next 50,2024-05-13,24.0,4.57,1.11,109.68
Nifty Next 50,2024-05-14,24.38,4.64,1.11,113.12319999999998
Nifty Next 50,2024-05-15,24.4,4.66,1.11,113.704
Nifty Next 50,2024-05-16,24.6,4.71,1.1,115.866
Nifty Next 50,2024-05-17,24.69,4.76,1.08,117.5244
Nifty Next 50,2024-05-18,24.9,4.8,1.08,119.51999999999998
Nifty Next 50,2024-05-21,24.65,4.84,1.05,119.30599999999998
Nifty Next 50,2024-05-22,24.55,4.85,1.08,119.0675
Nifty Next 50,2024-05-23,24.73,4.89,1.07,120.9297
Nifty Next 50,2024-05-24,24.79,4.9,1.14,121.471
Nifty Next 50,2024-05-27,24.72,4.9,1.14,121.128
Nifty Next 50,2024-05-28,24.46,4.86,1.14,118.8756
Nifty Next 50,2024-05-29,24.29,4.83,1.15,117.3207
Nifty Next 50,2024-05-30,24.04,4.78,1.04,114.91120000000001
Nifty Next 50,2024-05-31,24.1,4.82,1.05,116.16200000000002
Nifty Next 50,2024-06-03,25.21,5.04,.99,127.0584
Nifty Next 50,2024-06-04,22.85,4.57,1.09,104.42450000000001
Nifty Next 50,2024-06-05,23.85,4.77,1.05,113.7645
Nifty Next 50,2024-06-06,24.35,4.87,1.03,118.5845
Nifty Next 50,2024-06-07,24.7,4.94,1,122.018
Nifty Next 50,2024-06-10,24.89,4.97,.99,123.7033
Nifty Next 50,2024-06-11,24.86,4.97,1,123.5542
Nifty Next 50,2024-06-12,25.05,5.01,.98,125.5005
Nifty Next 50,2024-06-13,25.27,5.04,.97,127.3608
Nifty Next 50,2024-06-14,25.63,5.11,.98,130.9693
Nifty Next 50,2024-06-18,25.79,5.08,.95,131.01319999999998
Nifty Next 50,2024-06-19,25.5,5.02,.96,128.01
Nifty Next 50,2024-06-20,25.54,4.99,.96,127.4446
Nifty Next 50,2024-06-21,25.35,4.95,.99,125.48250000000002
Nifty Next 50,2024-06-24,25.54,4.98,.97,127.1892
Nifty Next 50,2024-06-25,25.44,4.96,.97,126.1824
Nifty Next 50,2024-06-26,25.4,4.95,.97,125.73
Nifty Next 50,2024-06-27,25.43,4.96,.97,126.1328
Nifty Next 50,2024-06-28,25.63,5.0,1.06,128.15
Nifty Next 50,2024-07-01,25.87,5.04,1,130.3848
Nifty Next 50,2024-07-02,25.73,5.02,1,129.16459999999998
Nifty Next 50,2024-07-03,26.01,5.07,.99,131.87070000000003
Nifty Next 50,2024-07-04,26.14,5.1,1,133.314
Nifty Next 50,2024-07-05,26.31,5.13,1,134.97029999999998
Nifty Next 50,2024-07-08,26.34,5.14,.99,135.3876
Nifty Next 50,2024-07-09,26.47,5.16,.99,136.5852
Nifty Next 50,2024-07-10,26.48,5.16,.99,136.6368
Nifty Next 50,2024-07-11,26.54,5.17,.98,137.21179999999998
Nifty Next 50,2024-07-12,26.39,5.15,1.11,135.9085
Nifty Next 50,2024-07-15,26.62,5.07,1.07,134.9634
Nifty Next 50,2024-07-16,26.46,5.03,1.07,133.09380000000002
Nifty Next 50,2024-07-18,26.17,4.97,1.08,130.0649
Nifty Next 50,2024-07-19,25.54,4.85,1.13,123.86899999999999
Nifty Next 50,2024-07-22,25.85,4.91,1.11,126.9235
Nifty Next 50,2024-07-23,25.6,4.87,1.12,124.67200000000001
Nifty Next 50,2024-07-24,25.67,4.88,1.13,125.26960000000001
Nifty Next 50,2024-07-25,25.81,4.91,1.12,126.7271
Nifty Next 50,2024-07-26,26.27,4.99,1.12,131.0873
Nifty Next 50,2024-07-29,26.57,5.05,1.03,134.17849999999999
Nifty Next 50,2024-07-30,26.21,5.04,1.04,132.0984
Nifty Next 50,2024-07-31,26.44,5.09,1.06,134.5796
Nifty Next 50,2024-08-01,26.97,5.05,1.06,136.1985
Nifty Next 50,2024-08-02,26.73,4.99,1.1,133.3827
Nifty Next 50,2024-08-05,25.84,4.83,1.14,124.8072
Nifty Next 50,2024-08-06,25.6,4.78,1.15,122.36800000000001
Nifty Next 50,2024-08-07,26.37,4.92,1.12,129.7404
Nifty Next 50,2024-08-08,25.77,4.89,1.13,126.0153
Nifty Next 50,2024-08-09,26.07,4.95,1.14,129.0465
Nifty Next 50,2024-08-12,25.97,4.93,1.13,128.03209999999999
Nifty Next 50,2024-08-13,25.58,4.87,1.14,124.57459999999999
Nifty Next 50,2024-08-14,25.59,4.87,1.15,124.6233
Nifty Next 50,2024-08-16,25.94,4.96,1.14,128.66240000000002
Nifty Next 50,2024-08-19,26.09,4.99,1.12,130.1891
Nifty Next 50,2024-08-20,26.3,5.03,1.11,132.28900000000002
Nifty Next 50,2024-08-21,26.38,5.05,1.11,133.219
Nifty Next 50,2024-08-22,26.55,5.08,1.11,134.874
Nifty Next 50,2024-08-23,26.46,5.06,1.12,133.8876
Nifty Next 50,2024-08-26,26.59,5.09,1.11,135.3431
Nifty Next 50,2024-08-27,26.61,5.09,1.11,135.4449
Nifty Next 50,2024-08-28,26.7,5.11,1.11,136.437
Nifty Next 50,2024-08-29,26.63,5.09,1.11,135.5467
Nifty Next 50,2024-08-30,26.79,5.12,1.12,137.16479999999999
Nifty Next 50,2024-09-02,26.81,5.13,1.12,137.53529999999998
Nifty Next 50,2024-09-03,26.84,5.13,1.12,137.6892
Nifty Next 50,2024-09-04,26.85,5.13,1.12,137.7405
Nifty Next 50,2024-09-05,26.86,5.14,1.12,138.0604
Nifty Next 50,2024-09-06,26.5,5.07,1.13,134.35500000000002
Nifty Next 50,2024-09-09,26.54,5.08,1.13,134.82319999999999
Nifty Next 50,2024-09-10,26.56,4.88,1.28,129.6128
Nifty Next 50,2024-09-11,26.42,4.76,1.29,125.7592
Nifty Next 50,2024-09-12,26.81,4.8,1.27,128.688
Nifty Next 50,2024-09-13,26.8,4.73,1.27,126.76400000000001
Nifty Next 50,2024-09-16,26.82,4.73,1.27,126.85860000000001
Nifty Next 50,2024-09-17,26.74,4.72,1.27,126.21279999999999
Nifty Next 50,2024-09-18,26.63,4.7,1.27,125.161
Nifty Next 50,2024-09-19,26.45,4.67,1.28,123.52149999999999
Nifty Next 50,2024-09-20,26.82,4.64,1.27,124.44479999999999
Nifty Next 50,2024-09-23,27.26,4.7,1.25,128.122
Nifty Next 50,2024-09-24,27.29,4.71,1.24,128.5359
Nifty Next 50,2024-09-25,27.19,4.69,1.25,127.52110000000002
Nifty Next 50,2024-09-26,27.39,4.73,1.24,129.55470000000003
Nifty Next 50,2024-09-27,27.65,4.77,1.23,131.89049999999997
Nifty Next 50,2024-09-30,24.8,4.13,1.37,102.424
Nifty Next 50,2024-10-01,24.86,4.14,1.37,102.92039999999999
Nifty Next 50,2024-10-03,24.27,4.05,1.4,98.2935
Nifty Next 50,2024-10-04,24.0,4.0,1.42,96.0
Nifty Next 50,2024-10-07,23.45,3.91,1.45,91.6895
Nifty Next 50,2024-10-08,24.0,4.0,1.42,96.0
Nifty Next 50,2024-10-09,24.26,4.04,1.4,98.0104
Nifty Next 50,2024-10-10,24.22,4.04,1.4,97.8488
Nifty Next 50,2024-10-11,24.25,4.04,1.4,97.97
Nifty Next 50,2024-10-14,24.34,4.06,1.4,98.82039999999999
Nifty Next 50,2024-10-15,24.4,4.07,1.39,99.308
Nifty Next 50,2024-10-16,24.35,4.06,1.4,98.86099999999999
Nifty Next 50,2024-10-17,23.81,3.97,1.43,94.5257
Nifty Next 50,2024-10-18,23.9,3.98,1.42,95.122
Nifty Next 50,2024-10-21,23.55,3.93,1.44,92.5515
Nifty Next 50,2024-10-22,22.86,3.82,1.49,87.3252
Nifty Next 50,2024-10-23,22.76,3.8,1.49,86.488
Nifty Next 50,2024-10-24,22.72,3.8,1.49,86.336
Nifty Next 50,2024-10-25,22.33,3.74,1.53,83.5142
Nifty Next 50,2024-10-28,22.43,3.76,1.51,84.3368
Nifty Next 50,2024-10-29,22.64,3.78,1.5,85.5792
Nifty Next 50,2024-10-30,22.56,3.77,1.5,85.0512
Nifty Next 50,2024-10-31,23.2,3.75,1.52,87.0
Nifty Next 50,2024-11-01,23.37,3.78,1.51,88.3386
Nifty Next 50,2024-11-04,23.0,3.72,1.53,85.56
Nifty Next 50,2024-11-05,23.12,3.74,1.52,86.4688
Nifty Next 50,2024-11-06,23.65,3.83,1.49,90.5795
Nifty Next 50,2024-11-07,23.37,3.79,1.51,88.5723
Nifty Next 50,2024-11-08,23.14,3.74,1.56,86.54360000000001
Nifty Next 50,2024-11-11,23.22,3.75,1.44,87.07499999999999
Nifty Next 50,2024-11-12,21.88,3.67,1.47,80.2996
Nifty Next 50,2024-11-13,21.48,3.6,1.47,77.328
Nifty Next 50,2024-11-14,21.54,3.61,1.47,77.7594
Nifty Next 50,2024-11-18,21.56,3.62,1.46,78.0472
Nifty Next 50,2024-11-19,21.64,3.63,1.46,78.5532
Nifty Next 50,2024-11-21,21.32,3.58,1.48,76.32560000000001
Nifty Next 50,2024-11-22,21.72,3.65,1.45,79.27799999999999
Nifty Next 50,2024-11-25,22.14,3.72,1.42,82.36080000000001
Nifty Next 50,2024-11-26,22.2,3.73,1.41,82.806
Nifty Next 50,2024-11-27,22.41,3.76,1.4,84.2616
Nifty Next 50,2024-11-28,22.43,3.77,1.4,84.5611
Nifty Next 50,2024-11-29,22.58,3.79,1.39,85.5782
Nifty Next 50,2024-12-02,22.72,3.81,1.38,86.5632
Nifty Next 50,2024-12-03,22.93,3.85,1.37,88.2805
Nifty Next 50,2024-12-04,23.05,3.87,1.36,89.2035
Nifty Next 50,2024-12-05,23.12,3.88,1.35,89.7056
Nifty Next 50,2024-12-06,23.3,3.91,1.34,91.10300000000001
Nifty Next 50,2024-12-09,23.2,3.9,1.35,90.47999999999999
Nifty Next 50,2024-12-10,23.32,3.92,1.34,91.4144
Nifty Next 50,2024-12-11,23.38,3.93,1.34,91.8834
Nifty Next 50,2024-12-12,23.31,3.92,1.34,91.37519999999999
Nifty Next 50,2024-12-13,23.28,3.91,1.35,91.02480000000001
Nifty Next 50,2024-12-16,23.34,3.92,1.34,91.4928
Nifty Next 50,2024-12-17,23.03,3.87,1.36,89.12610000000001
Nifty Next 50,2024-12-18,22.73,3.82,1.38,86.8286
Nifty Next 50,2024-12-19,22.53,3.79,1.39,85.3887
Nifty Next 50,2024-12-20,21.92,3.68,1.43,80.66560000000001
Nifty Next 50,2024-12-23,21.98,3.69,1.43,81.1062
Nifty Next 50,2024-12-24,21.97,3.69,1.5,81.0693
Nifty Next 50,2024-12-26,22.06,3.71,1.5,81.84259999999999
Nifty Next 50,2024-12-27,21.87,3.67,1.41,80.2629
Nifty Next 50,2024-12-30,21.71,3.65,1.42,79.2415
Nifty Next 50,2024-12-31,24.9,3.78,1.14,94.12199999999999
Nifty Next 50,2025-01-01,24.99,3.8,1.14,94.96199999999999
Nifty Next 50,2025-01-02,25.31,3.85,1.12,97.4435
Nifty Next 50,2025-01-03,25.34,3.85,1.12,97.559
Nifty Next 50,2025-01-06,24.54,3.73,1.16,91.5342
Nifty Next 50,2025-01-07,24.52,3.72,1.16,91.2144
Nifty Next 50,2025-01-08,24.32,3.7,1.17,89.98400000000001
Nifty Next 50,2025-01-09,24.01,3.65,1.18,87.6365
Nifty Next 50,2025-01-10,23.53,3.58,1.21,84.23740000000001
Nifty Next 50,2025-01-13,22.52,3.42,1.26,77.0184
Nifty Next 50,2025-01-14,23.1,3.51,1.23,81.081
Nifty Next 50,2025-01-15,23.31,3.54,1.22,82.5174
Nifty Next 50,2025-01-16,23.64,3.59,1.2,84.8676
Nifty Next 50,2025-01-17,23.82,3.62,1.19,86.22840000000001
Nifty Next 50,2025-01-20,23.85,3.62,1.19,86.337
Nifty Next 50,2025-01-21,23.23,3.53,1.22,82.00189999999999
Nifty Next 50,2025-01-22,23.04,3.5,1.24,80.64
Nifty Next 50,2025-01-23,23.27,3.53,1.22,82.14309999999999
Nifty Next 50,2025-01-24,22.9,3.47,1.24,79.463
Nifty Next 50,2025-01-27,22.23,3.38,1.28,75.1374
Nifty Next 50,2025-01-28,22.31,3.39,1.28,75.6309
Nifty Next 50,2025-01-29,23.11,3.45,1.25,79.7295
Nifty Next 50,2025-01-30,23.1,3.46,1.25,79.926
Nifty Next 50,2025-01-31,23.34,3.51,1.24,81.9234
Nifty Next 50,2025-02-01,23.47,3.53,1.23,82.84909999999999
Nifty Next 50,2025-02-03,22.75,3.48,1.26,79.17
Nifty Next 50,2025-02-04,23.07,3.54,1.24,81.6678
Nifty Next 50,2025-02-05,23.19,3.56,1.23,82.55640000000001
Nifty Next 50,2025-02-06,23.0,3.53,1.18,81.19
Nifty Next 50,2025-02-07,22.95,3.53,1.26,81.0135
Nifty Next 50,2025-02-10,22.53,3.47,1.28,78.1791
Nifty Next 50,2025-02-11,21.99,3.38,1.31,74.32619999999999
Nifty Next 50,2025-02-12,21.99,3.38,1.3,74.32619999999999
Nifty Next 50,2025-02-13,22.03,3.39,1.32,74.6817
Nifty Next 50,2025-02-14,21.38,3.31,1.37,70.7678
Nifty Next 50,2025-02-17,21.34,3.3,1.38,70.422
Nifty Next 50,2025-02-18,21.31,3.3,1.4,70.323
Nifty Next 50,2025-02-19,21.49,3.34,1.38,71.77659999999999
Nifty Next 50,2025-02-20,21.8,3.39,1.32,73.902
Nifty Next 50,2025-02-21,21.6,3.36,1.33,72.57600000000001
Nifty Next 50,2025-02-24,21.34,3.32,1.32,70.8488
Nifty Next 50,2025-02-25,21.18,3.3,1.33,69.89399999999999
Nifty Next 50,2025-02-27,20.98,3.26,1.34,68.3948
Nifty Next 50,2025-02-28,20.37,3.17,1.41,64.5729
Nifty Next 50,2025-03-03,20.58,3.2,1.39,65.856
Nifty Next 50,2025-03-04,20.69,3.22,1.38,66.62180000000001
Nifty Next 50,2025-03-05,21.22,3.3,1.35,70.026
Nifty Next 50,2025-03-06,21.46,3.34,1.33,71.6764
Nifty Next 50,2025-03-07,21.37,3.33,1.34,71.16210000000001
Nifty Next 50,2025-03-10,21.05,3.28,1.36,69.044
Nifty Next 50,2025-03-11,21.16,3.29,1.35,69.6164
Nifty Next 50,2025-03-12,21.16,3.29,1.35,69.6164
Nifty Next 50,2025-03-13,21.05,3.28,1.36,69.044
Nifty Next 50,2025-03-17,21.21,3.3,1.35,69.993
Nifty Next 50,2025-03-18,21.77,3.39,1.32,73.80030000000001
Nifty Next 50,2025-03-19,22.12,3.44,1.31,76.0928
Nifty Next 50,2025-03-20,22.24,3.44,1.3,76.50559999999999
Nifty Next 50,2025-03-21,22.44,3.47,1.3,77.86680000000001
Nifty Next 50,2025-03-24,22.72,3.51,1.26,79.74719999999999
Nifty Next 50,2025-03-25,22.38,3.46,1.28,77.4348
Nifty Next 50,2025-03-26,22.3,3.45,1.32,76.935
Nifty Next 50,2025-03-27,22.65,3.5,1.3,79.27499999999999
Nifty Next 50,2025-03-28,21.48,3.94,1.44,84.6312
Nifty Next 50,2025-04-01,21.26,3.9,1.46,82.914
Nifty Next 50,2025-04-02,21.5,3.95,1.44,84.925
Nifty Next 50,2025-04-03,21.5,3.95,1.44,84.925
Nifty Next 50,2025-04-04,20.95,3.84,1.48,80.448
Nifty Next 50,2025-04-07,20.29,3.72,1.53,75.4788
Nifty Next 50,2025-04-08,20.72,3.8,1.5,78.73599999999999
Nifty Next 50,2025-04-09,20.67,3.79,1.5,78.33930000000001
Nifty Next 50,2025-04-11,20.95,3.84,1.48,80.448
Nifty Next 50,2025-04-15,21.6,3.96,1.44,85.536
Nifty Next 50,2025-04-16,21.74,3.99,1.43,86.7426
Nifty Next 50,2025-04-17,21.9,4.02,1.42,88.03799999999998
Nifty Next 50,2025-04-21,22.29,4.09,1.39,91.1661
Nifty Next 50,2025-04-22,22.34,4.1,1.39,91.594
Nifty Next 50,2025-04-23,22.49,4.13,1.38,92.88369999999999
Nifty Next 50,2025-04-24,22.45,4.12,1.38,92.494
Nifty Next 50,2025-04-25,21.9,4.02,1.42,88.03799999999998
Nifty Next 50,2025-04-28,22.13,4.07,1.4,90.0691
Nifty Next 50,2025-04-29,22.04,4.06,1.41,89.48239999999998
Nifty Next 50,2025-04-30,21.91,4.03,1.41,88.2973
Nifty Next 50,2025-05-02,21.91,4.03,1.42,88.2973
Nifty Next 50,2025-05-05,21.92,4.09,1.4,89.6528
Nifty Next 50,2025-05-06,21.39,3.99,1.43,85.3461
Nifty Next 50,2025-05-07,21.47,4.01,1.43,86.09469999999999
Nifty Next 50,2025-05-08,20.99,3.93,1.46,82.4907
Nifty Next 50,2025-05-09,20.82,3.91,1.46,81.4062
Nifty Next 50,2025-05-12,21.67,4.07,1.41,88.19690000000001
Nifty Next 50,2025-05-13,21.55,4.07,1.42,87.70850000000002
Nifty Next 50,2025-05-14,21.71,4.1,1.39,89.011
Nifty Next 50,2025-05-15,21.94,4.14,1.37,90.8316
Nifty Next 50,2025-05-16,22.21,4.19,1.35,93.05990000000001
Nifty Next 50,2025-05-19,22.32,4.21,1.35,93.9672
Nifty Next 50,2025-05-20,21.91,4.13,1.37,90.4883
Nifty Next 50,2025-05-21,22.16,4.18,1.36,92.6288
Nifty Next 50,2025-05-22,22.04,4.17,1.36,91.90679999999999
Nifty Next 50,2025-05-23,21.97,4.19,1.38,92.0543
Nifty Next 50,2025-05-26,22.06,4.21,1.3,92.87259999999999
Nifty Next 50,2025-05-27,22.0,4.2,1.3,92.4
Nifty Next 50,2025-05-28,21.94,4.18,1.3,91.7092
Nifty Next 50,2025-05-29,21.9,4.19,1.3,91.761
Nifty Next 50,2025-05-30,21.85,4.18,1.31,91.333
Nifty Next 50,2025-06-02,21.96,4.19,1.29,92.01240000000001
Nifty Next 50,2025-06-03,21.72,4.17,1.3,90.57239999999999
Nifty Next 50,2025-06-04,21.73,4.18,1.29,90.8314
Nifty Next 50,2025-06-05,21.83,4.2,1.29,91.68599999999999
Nifty Next 50,2025-06-06,22.09,4.21,1.35,92.99889999999999
Nifty Next 50,2025-06-09,22.36,4.26,1.32,95.25359999999999
Nifty Next 50,2025-06-10,22.39,4.18,1.32,93.5902
Nifty Next 50,2025-06-11,22.34,4.17,1.32,93.1578
Nifty Next 50,2025-06-12,21.94,4.09,1.35,89.7346
Nifty Next 50,2025-06-13,21.74,4.06,1.43,88.26439999999998
Nifty Next 50,2025-06-16,21.9,4.07,1.37,89.133
Nifty Next 50,2025-06-17,21.75,4.04,1.38,87.87
Nifty Next 50,2025-06-18,21.68,4.01,1.39,86.93679999999999
Nifty Next 50,2025-06-19,21.38,3.95,1.39,84.451
Nifty Next 50,2025-06-20,21.65,3.99,1.43,86.3835
Nifty Next 50,2025-06-23,21.67,3.98,1.41,86.2466
Nifty Next 50,2025-06-24,21.85,4.0,1.45,87.4
Nifty Next 50,2025-06-25,21.96,3.96,1.44,86.9616
Nifty Next 50,2025-06-26,22.16,4.0,1.43,88.64
Nifty Next 50,2025-06-27,22.06,3.98,1.44,87.7988
Nifty Next 50,2025-06-30,22.11,3.97,1.35,87.7767
Nifty Next 50,2025-07-01,22.09,3.96,1.35,87.4764
Nifty Next 50,2025-07-02,22.03,3.95,1.36,87.0185
Nifty Next 50,2025-07-03,21.91,3.93,1.36,86.1063
Nifty Next 50,2025-07-04,21.99,3.94,1.34,86.64059999999999
Nifty Next 50,2025-07-07,22.03,3.95,1.34,87.0185
Nifty Next 50,2025-07-08,22.02,3.95,1.34,86.979
Nifty Next 50,2025-07-09,22.01,3.95,1.34,86.93950000000001
Nifty Next 50,2025-07-10,21.96,3.94,1.35,86.5224
Nifty Next 50,2025-07-11,21.78,3.91,1.36,85.1598
Nifty Next 50,2025-07-14,21.89,3.92,1.23,85.8088
Nifty Next 50,2025-07-15,22.03,3.94,1.23,86.79820000000001
Nifty Next 50,2025-07-16,22.07,3.94,1.22,86.9558
Nifty Next 50,2025-07-17,22.02,3.93,1.23,86.5386
Nifty Next 50,2025-07-18,21.87,3.9,1.25,85.293
Nifty Next 50,2025-07-21,21.94,3.9,1.23,85.566
Nifty Next 50,2025-07-22,21.86,3.89,1.23,85.0354
Nifty Next 50,2025-07-23,21.9,3.88,1.24,84.972
Nifty Next 50,2025-07-24,21.84,3.85,1.23,84.084
Nifty Next 50,2025-07-25,21.5,3.79,1.3,81.485
Nifty Next 50,2025-07-28,21.25,3.76,1.3,79.89999999999999
Nifty Next 50,2025-07-29,21.52,3.8,1.31,81.776
Nifty Next 50,2025-07-30,21.52,3.8,1.31,81.776
Nifty Next 50,2025-07-31,21.47,3.75,1.34,80.51249999999999
Nifty Next 50,2025-08-01,21.35,3.7,1.4,78.995
Nifty Next 50,2025-08-04,21.62,3.74,1.39,80.8588
Nifty Next 50,2025-08-05,21.56,3.72,1.36,80.2032
Nifty Next 50,2025-08-06,21.31,3.69,1.38,78.6339
Nifty Next 50,2025-08-07,21.35,3.65,1.37,77.92750000000001
Nifty Next 50,2025-08-08,20.77,3.6,1.44,74.772
Nifty Next 50,2025-08-11,21.01,3.65,1.31,76.68650000000001
Nifty Next 50,2025-08-12,20.99,3.64,1.32,76.4036
Nifty Next 50,2025-08-13,21.12,3.66,1.33,77.29920000000001
Nifty Next 50,2025-08-14,21.08,3.65,1.34,76.942
Nifty Next 50,2025-08-18,21.05,3.67,1.33,77.2535
Nifty Next 50,2025-08-19,21.05,3.68,1.32,77.46400000000001
Nifty Next 50,2025-08-20,21.11,3.69,1.32,77.8959
Nifty Next 50,2025-08-21,21.05,3.61,1.32,75.9905
Nifty Next 50,2025-08-22,20.92,3.58,1.33,74.8936
Nifty Next 50,2025-08-25,20.97,3.59,1.37,75.28229999999999
Nifty Next 50,2025-08-26,20.67,3.54,1.5,73.1718
Nifty Next 50,2025-08-28,20.4,3.49,1.52,71.196
Nifty Next 50,2025-08-29,20.34,3.48,1.53,70.7832
Nifty Next 50,2025-09-01,20.63,3.53,1.49,72.8239
Nifty Next 50,2025-09-02,20.73,3.55,1.48,73.5915
Nifty Next 50,2025-09-03,20.87,3.57,1.47,74.5059
Nifty Next 50,2025-09-04,20.77,3.56,1.48,73.9412
Nifty Next 50,2025-09-05,20.76,3.55,1.48,73.69800000000001
Nifty Next 50,2025-09-08,20.84,3.57,1.47,74.3988
Nifty Next 50,2025-09-09,20.87,3.57,1.47,74.5059
Nifty Next 50,2025-09-10,20.96,3.59,1.32,75.2464
Nifty Next 50,2025-09-11,21.03,3.6,1.31,75.70800000000001
Nifty Next 50,2025-09-12,21.1,3.61,1.31,76.171
Nifty Next 50,2025-09-15,21.22,3.63,1.3,77.0286
Nifty Next 50,2025-09-16,21.35,3.65,1.29,77.92750000000001
Nifty Next 50,2025-09-17,21.39,3.66,1.29,78.2874
Nifty Next 50,2025-09-18,21.45,3.67,1.29,78.72149999999999
Nifty Next 50,2025-09-19,21.57,3.69,1.28,79.5933
Nifty Next 50,2025-09-22,21.64,3.7,1.29,80.06800000000001
Nifty Next 50,2025-09-23,21.55,3.69,1.29,79.51950000000001
Nifty Next 50,2025-09-24,21.29,3.64,1.31,77.4956
Nifty Next 50,2025-09-25,21.13,3.62,1.31,76.4906
Nifty Next 50,2025-09-26,20.77,3.56,1.33,73.9412
Nifty Next 50,2025-09-29,20.99,3.59,1.32,75.35409999999999
Nifty Next 50,2025-09-30,20.66,3.53,1.35,72.9298
Nifty Next 50,2025-10-01,20.73,3.54,1.35,73.3842
Nifty Next 50,2025-10-03,20.81,3.56,1.34,74.08359999999999
Nifty Next 50,2025-10-06,20.89,3.57,1.34,74.5773
Nifty Next 50,2025-10-07,20.91,3.58,1.34,74.8578
Nifty Next 50,2025-10-08,20.75,3.55,1.35,73.6625
Nifty Next 50,2025-10-09,20.86,3.57,1.34,74.47019999999999
Nifty Next 50,2025-10-10,20.92,3.58,1.34,74.8936
Nifty Next 50,2025-10-13,20.88,3.57,1.34,74.54159999999999
Nifty Next 50,2025-10-14,20.77,3.55,1.35,73.73349999999999
Nifty Next 50,2025-10-15,21.04,3.6,1.33,75.744
Nifty Next 50,2025-10-16,21.15,3.62,1.32,76.563
Nifty Next 50,2025-10-17,21.11,3.61,1.32,76.2071
Nifty Next 50,2025-10-20,21.1,3.62,1.32,76.382
Nifty Next 50,2025-10-21,21.12,3.62,1.32,76.4544
Nifty Next 50,2025-10-23,21.07,3.62,1.33,76.27340000000001
Nifty Next 50,2025-10-24,21.05,3.61,1.35,75.9905
Nifty Next 50,2025-10-27,21.12,3.62,1.36,76.4544
Nifty Next 50,2025-10-28,20.6,3.61,1.36,74.366
Nifty Next 50,2025-10-29,20.86,3.66,1.34,76.3476
Nifty Next 50,2025-10-30,20.82,3.65,1.34,75.993
Nifty Next 50,2025-10-31,20.66,3.64,1.34,75.2024
Nifty Next 50,2025-11-03,20.86,3.67,1.33,76.55619999999999
Nifty Next 50,2025-11-04,20.68,3.65,1.34,75.482
Nifty Next 50,2025-11-06,20.37,3.61,1.35,73.5357
Nifty Next 50,2025-11-07,20.33,3.61,1.42,73.39129999999999
Nifty Next 50,2025-11-10,20.35,3.62,1.4,73.667
Nifty Next 50,2025-11-11,20.37,3.63,1.4,73.9431
Nifty Next 50,2025-11-12,20.39,3.63,1.39,74.0157
Nifty Next 50,2025-11-13,20.4,3.63,1.39,74.05199999999999
Nifty Next 50,2025-11-14,20.35,3.63,1.39,73.8705
Nifty Next 50,2025-11-17,20.43,3.65,1.38,74.56949999999999
Nifty Next 50,2025-11-18,20.29,3.62,1.39,73.4498
Nifty Next 50,2025-11-19,20.28,3.62,1.39,73.4136
Nifty Next 50,2025-11-20,20.28,3.62,1.39,73.4136
Nifty Next 50,2025-11-21,20.02,3.57,1.41,71.47139999999999
Nifty Next 50,2025-11-24,19.82,3.54,1.42,70.1628
Nifty Next 50,2025-11-25,19.87,3.55,1.4,70.5385
Nifty Next 50,2025-11-26,20.15,3.6,1.4,72.53999999999999
Nifty Next 50,2025-11-27,20.11,3.59,1.4,72.19489999999999
Nifty Next 50,2025-11-28,20.12,3.6,1.4,72.432
Nifty Next 50,2025-12-01,20.15,3.6,1.4,72.53999999999999
Nifty Next 50,2025-12-02,20.13,3.6,1.4,72.468
Nifty Next 50,2025-12-03,19.91,3.56,1.42,70.8796
Nifty Next 50,2025-12-04,19.95,3.57,1.41,71.22149999999999
Nifty Next 50,2025-12-05,20.0,3.58,1.41,71.6
Nifty Next 50,2025-12-08,19.59,3.5,1.44,68.565
Nifty Next 50,2025-12-09,19.7,3.52,1.43,69.344
Nifty Next 50,2025-12-10,19.67,3.52,1.43,69.23840000000001
Nifty Next 50,2025-12-11,19.77,3.54,1.43,69.9858
Nifty Next 50,2025-12-12,19.94,3.56,1.41,70.9864
Nifty Next 50,2025-12-15,19.97,3.57,1.41,71.29289999999999
Nifty Next 50,2025-12-16,19.89,3.56,1.42,70.8084
Nifty Next 50,2025-12-17,19.81,3.54,1.42,70.1274
Nifty Next 50,2025-12-18,19.73,3.53,1.51,69.6469
Nifty Next 50,2025-12-19,19.88,3.56,1.5,70.7728
Nifty Next 50,2025-12-22,20.02,3.58,1.49,71.6716
Nifty Next 50,2025-12-23,20.09,3.59,1.49,72.1231
Nifty Next 50,2025-12-24,20.05,3.59,1.43,71.9795
Nifty Next 50,2025-12-26,20.05,3.59,1.43,71.9795
Nifty Next 50,2025-12-29,19.96,3.57,1.43,71.2572
Nifty Next 50,2025-12-30,19.97,3.57,1.43,71.29289999999999
Nifty Next 50,2025-12-31,20.18,3.61,1.42,72.8498
Nifty Next 50,2026-01-01,20.27,3.62,1.41,73.3774
Nifty Next 50,2026-01-02,20.48,3.66,1.4,74.9568
Nifty Next 50,2026-01-05,20.48,3.66,1.4,74.9568
Nifty Next 50,2026-01-06,20.54,3.67,1.39,75.3818
Nifty Next 50,2026-01-07,20.56,3.68,1.39,75.6608
Nifty Next 50,2026-01-08,20.13,3.6,1.42,72.468
Nifty Next 50,2026-01-09,19.92,3.56,1.43,70.91520000000001
Nifty Next 50,2026-01-12,19.98,3.57,1.43,71.3286
Nifty Next 50,2026-01-13,19.93,3.56,1.43,70.9508
Nifty Next 50,2026-01-14,20.0,3.58,1.43,71.6
Nifty Next 50,2026-01-16,20.02,3.58,1.43,71.6716
Nifty Next 50,2026-01-19,19.98,3.57,1.43,71.3286
Nifty Next 50,2026-01-20,19.52,3.49,1.46,68.12480000000001
Nifty Next 50,2026-01-21,19.39,3.48,1.47,67.4772
Nifty Next 50,2026-01-22,19.59,3.52,1.45,68.9568
Nifty Next 50,2026-01-23,19.21,3.45,1.48,66.2745
Nifty Next 50,2026-01-27,19.33,3.46,1.48,66.8818
Nifty Next 50,2026-01-28,19.5,3.54,1.45,69.03
Nifty Next 50,2026-01-29,19.56,3.55,1.4,69.43799999999999
Nifty Next 50,2026-01-30,19.37,3.52,1.42,68.1824
Nifty Next 50,2026-02-01,19.26,3.45,1.44,66.447
Nifty Next 50,2026-02-02,19.45,3.48,1.43,67.68599999999999
Nifty Next 50,2026-02-03,19.97,3.57,1.38,71.29289999999999
Nifty Next 50,2026-02-04,20.09,3.6,1.37,72.324
Nifty Next 50,2026-02-05,19.97,3.58,1.38,71.4926
Nifty Next 50,2026-02-06,19.98,3.58,1.4,71.5284
Nifty Next 50,2026-02-09,19.63,3.62,1.31,71.0606
Nifty Next 50,2026-02-10,19.65,3.62,1.31,71.133
Nifty Next 50,2026-02-11,19.76,3.64,1.3,71.92640000000002
Nifty Next 50,2026-02-12,19.66,3.63,1.31,71.3658
Nifty Next 50,2026-02-13,19.35,3.57,1.33,69.0795
Nifty Next 50,2026-02-16,19.49,3.6,1.3,70.164
Nifty Next 50,2026-02-17,19.58,3.62,1.29,70.8796
Nifty Next 50,2026-02-18,19.71,3.65,1.3,71.9415
Nifty Next 50,2026-02-19,19.35,3.58,1.33,69.27300000000001
Nifty Next 50,2026-02-20,19.47,3.6,1.35,70.092
Nifty Next 50,2026-02-23,19.49,3.62,1.34,70.5538
Nifty Next 50,2026-02-24,19.51,3.62,1.34,70.62620000000001
Nifty Next 50,2026-02-25,19.68,3.65,1.33,71.832
Nifty Next 50,2026-02-26,19.74,3.66,1.33,72.2484
Nifty Next 50,2026-02-27,19.49,3.61,1.34,70.35889999999999
Nifty Next 50,2026-03-02,19.19,3.56,1.34,68.3164
Nifty Next 50,2026-03-04,18.67,3.46,1.38,64.5982
Nifty Next 50,2026-03-05,18.93,3.51,1.36,66.4443
Nifty Next 50,2026-03-06,18.86,3.5,1.36,66.00999999999999
Nifty Next 50,2026-03-09,18.46,3.43,1.39,63.317800000000005
Nifty Next 50,2026-03-10,18.79,3.49,1.37,65.5771
Nifty Next 50,2026-03-11,18.58,3.45,1.38,64.101
Nifty Next 50,2026-03-12,18.56,3.44,1.42,63.846399999999996
Nifty Next 50,2026-03-13,18.08,3.35,1.47,60.568
Nifty Next 50,2026-03-16,18.02,3.34,1.47,60.1868
Nifty Next 50,2026-03-17,18.17,3.37,1.46,61.23290000000001
Nifty Next 50,2026-03-18,18.35,3.4,1.45,62.39
Nifty Next 50,2026-03-19,17.77,3.29,1.47,58.4633
Nifty Next 50,2026-03-20,17.85,3.31,1.48,59.08350000000001
Nifty Next 50,2026-03-23,17.16,3.18,1.55,54.5688
Nifty Next 50,2026-03-24,17.43,3.23,1.53,56.298899999999996
Nifty Next 50,2026-03-25,17.78,3.29,1.5,58.4962
Nifty Next 50,2026-03-27,17.34,3.21,1.6,55.6614
Nifty Next 50,2026-03-30,17.09,3.22,1.63,55.0298
Nifty Next 50,2026-04-01,17.53,3.31,1.59,58.024300000000004
Nifty Next 50,2026-04-02,17.54,3.31,1.59,58.0574
Nifty Next 50,2026-04-06,17.8,3.36,1.56,59.808
Nifty Next 50,2026-04-07,17.88,3.37,1.55,60.2556
Nifty Next 50,2026-04-08,18.73,3.53,1.49,66.1169
Nifty Next 50,2026-04-09,18.76,3.54,1.48,66.41040000000001
Nifty Next 50,2026-04-10,19.15,3.61,1.45,69.13149999999999
Nifty Next 50,2026-04-13,19.0,3.59,1.47,68.21
Nifty Next 50,2026-04-15,19.41,3.66,1.43,71.0406
Nifty Next 50,2026-04-16,19.62,3.7,1.42,72.59400000000001
Nifty Next 50,2026-04-17,19.9,3.75,1.41,74.625
Nifty Next 50,2026-04-20,19.92,3.75,1.41,74.7
Nifty Next 50,2026-04-21,20.05,3.78,1.4,75.789
